Comment;clean_text;normalized_text;processed_text;tokens;aktor;isu;sentiment;pre_label;manual_label
banyak program penting belum terlaksana, kenapa harus MBG yang dikejar+anti kritik;banyak program penting belum terlaksana kenapa harus MBG yang dikejar anti kritik;banyak program penting belum terlaksana kenapa harus mbg yang dikejar anti kritik;banyak program penting belum terlaksana kenapa harus mbg yang dikejar anti kritik;['banyak', 'program', 'penting', 'belum', 'terlaksana', 'kenapa', 'harus', 'mbg', 'yang', 'dikejar', 'anti', 'kritik'];Tidak Terdeteksi;Kebijakan;Netral;Netral;Menolak
ADA NANTI ISTILAH,,,, MAU GANTENG PAKAI GENTENG,,,????????MAU JRENG DATANG KE MENTENG????????;ADA NANTI ISTILAH MAU GANTENG PAKAI GENTENG MAU JRENG DATANG KE MENTENG;ada nanti istilah mau ganteng pakai genteng mau jreng datang ke menteng;ada nanti istilah mau ganteng pakai genteng mau jreng datang ke menteng;['ada', 'nanti', 'istilah', 'mau', 'ganteng', 'pakai', 'genteng', 'mau', 'jreng', 'datang', 'ke', 'menteng'];Tidak Terdeteksi;Lainnya;Netral;Netral;Netral
Mending keliatan ada wujudnya, dr pd dn ds buat bancaan perangkat2 nya;Mending keliatan ada wujudnya dr pd dn ds buat bancaan perangkat2 nya;mending keliatan ada wujudnya dari pd dn ds untuk bancaan perangkat2 nya;mending keliatan ada wujudnya dari pd dn ds untuk bancaan perangkat2 nya;['mending', 'keliatan', 'ada', 'wujudnya', 'dari', 'pd', 'dn', 'ds', 'untuk', 'bancaan', 'perangkat2', 'nya'];Tidak Terdeteksi;Lainnya;Netral;Netral;Menolak
50 trilyun dari desa, buat rebutan padahal pendapatan negara 5000 t ????;50 trilyun dari desa buat rebutan padahal pendapatan negara 5000 t;50 trilyun dari desa untuk rebutan padahal pendapatan negara 5000 tidak;50 trilyun dari desa untuk rebutan padahal pendapatan negara 5000 tidak;['50', 'trilyun', 'dari', 'desa', 'untuk', 'rebutan', 'padahal', 'pendapatan', 'negara', '5000', 'tidak'];Tidak Terdeteksi;Lainnya;Netral;Netral;Menolak
Gak yakin koperasi akan berhasil berkaca BUMDES toko yg di kelola desa akhirnya tutup;Gak yakin koperasi akan berhasil berkaca BUMDES toko yg di kelola desa akhirnya tutup;tidak yakin koperasi akan berhasil berkaca badan usaha milik desa toko yang di kelola desa akhirnya tutup;tidak yakin koperasi akan berhasil berkaca badan usaha milik desa toko yang di kelola desa akhirnya tutup;['tidak', 'yakin', 'koperasi', 'akan', 'berhasil', 'berkaca', 'badan', 'usaha', 'milik', 'desa', 'toko', 'yang', 'di', 'kelola', 'desa', 'akhirnya', 'tutup'];Tidak Terdeteksi;Lainnya;Mendukung;Mendukung;Menolak
AdAkah sangsi hukumnya?;AdAkah sangsi hukumnya;adakah sangsi hukumnya;adakah sangsi hukumnya;['adakah', 'sangsi', 'hukumnya'];Tidak Terdeteksi;Lainnya;Netral;Netral;Diskusi
Dan peluit tanda program bermasalah di bunyikan. Nafsu menggerogoti anggaran lebih terasa dibanding mensejahterakan rakyat kebanyakan. Skeptis sekaligus apatis.;Dan peluit tanda program bermasalah di bunyikan Nafsu menggerogoti anggaran lebih terasa dibanding mensejahterakan rakyat kebanyakan Skeptis sekaligus apatis;dan peluit tanda program bermasalah di bunyikan nafsu menggerogoti anggaran lebih terasa dibanding mensejahterakan rakyat kebanyakan skeptis sekaligus apatis;dan peluit tanda program bermasalah di bunyikan nafsu menggerogoti anggaran lebih terasa dibanding mensejahterakan rakyat kebanyakan skeptis sekaligus apatis;['dan', 'peluit', 'tanda', 'program', 'bermasalah', 'di', 'bunyikan', 'nafsu', 'menggerogoti', 'anggaran', 'lebih', 'terasa', 'dibanding', 'mensejahterakan', 'rakyat', 'kebanyakan', 'skeptis', 'sekaligus', 'apatis'];Tidak Terdeteksi;Kebijakan;Netral;Netral;Menolak
Purbaya mulai melemah APBN ikut menanggulangi whuus, berarti hanya omon omon, takut dengan omongan nya Jkw dan bosnya, mulai kelihatan sensasinya.;Purbaya mulai melemah APBN ikut menanggulangi whuus berarti hanya omon omon takut dengan omongan nya Jkw dan bosnya mulai kelihatan sensasinya;purbaya mulai melemah anggaran pendapatan dan belanja negara ikut menanggulangi whuus berarti hanya omon omon takut dengan omongan nya jkw dan bosnya mulai kelihatan sensasinya;purbaya mulai melemah anggaran pendapatan dan belanja negara ikut menanggulangi whuus berarti hanya omon omon takut dengan omongan nya jkw dan bosnya mulai kelihatan sensasinya;['purbaya', 'mulai', 'melemah', 'anggaran', 'pendapatan', 'dan', 'belanja', 'negara', 'ikut', 'menanggulangi', 'whuus', 'berarti', 'hanya', 'omon', 'omon', 'takut', 'dengan', 'omongan', 'nya', 'jkw', 'dan', 'bosnya', 'mulai', 'kelihatan', 'sensasinya'];Tidak Terdeteksi;Lainnya;Netral;Netral;Menolak
"kebijakan nya SDH ngga ada pro rakyat kebijakan pemerintahan sekarang.
Dulu teriak teriak no asing Aseng.
Hey antek antek asing...
Bulsittttr.
Jago gebrrakk2 meja doang.";kebijakan nya SDH ngga ada pro rakyat kebijakan pemerintahan sekarang Dulu teriak teriak no asing Aseng Hey antek antek asing Bulsittttr Jago gebrrakk2 meja doang;kebijakan nya sudah tidak ada pro rakyat kebijakan pemerintahan sekarang dulu teriak teriak no asing aseng hey antek antek asing bulsittttr jago gebrrakk2 meja doang;kebijakan nya sudah tidak ada pro rakyat kebijakan pemerintahan sekarang dulu teriak teriak no asing aseng hey antek antek asing bulsittttr jago gebrrakk2 meja doang;['kebijakan', 'nya', 'sudah', 'tidak', 'ada', 'pro', 'rakyat', 'kebijakan', 'pemerintahan', 'sekarang', 'dulu', 'teriak', 'teriak', 'no', 'asing', 'aseng', 'hey', 'antek', 'antek', 'asing', 'bulsittttr', 'jago', 'gebrrakk2', 'meja', 'doang'];Tidak Terdeteksi;Kebijakan;Diskusi;Diskusi;Menolak
Selama UU perampasan aset bagi koruptor belum disahkan maka korupsi akan merajalela termasuk Koperasi merah putih akan menjadi bancaan;Selama UU perampasan aset bagi koruptor belum disahkan maka korupsi akan merajalela termasuk Koperasi merah putih akan menjadi bancaan;selama uu perampasan aset bagi koruptor belum disahkan maka korupsi akan merajalela termasuk koperasi desa merah putih akan menjadi bancaan;selama uu perampasan aset bagi koruptor belum disahkan maka korupsi akan merajalela termasuk koperasi desa merah putih akan menjadi bancaan;['selama', 'uu', 'perampasan', 'aset', 'bagi', 'koruptor', 'belum', 'disahkan', 'maka', 'korupsi', 'akan', 'merajalela', 'termasuk', 'koperasi', 'desa', 'merah', 'putih', 'akan', 'menjadi', 'bancaan'];KDMP;Korupsi;Menolak;Menolak;Menolak
selama mindset masy tdk berubah, masy menganggap pinj yg sumber dananya dr pemerintah adlh hibah jd tdk perlu dikembalikan toh nanti diputihkan. di perbankan dulu ada program pendanaan utk rakyat namanya kkp dgn skema pakai agunan, hasil akhirnya tetap aja gagal.;selama mindset masy tdk berubah masy menganggap pinj yg sumber dananya dr pemerintah adlh hibah jd tdk perlu dikembalikan toh nanti diputihkan di perbankan dulu ada program pendanaan utk rakyat namanya kkp dgn skema pakai agunan hasil akhirnya tetap aja gagal;selama mindset masy tidak berubah masy menganggap pinj yang sumber dananya dari pemerintah adlh hibah jadi tidak perlu dikembalikan toh nanti diputihkan di perbankan dulu ada program pendanaan untuk rakyat namanya kkp dengan skema pakai agunan hasil akhirnya tetap saja gagal;selama mindset masy tidak berubah masy menganggap pinj yang sumber dananya dari pemerintah adlh hibah jadi tidak perlu dikembalikan toh nanti diputihkan di perbankan dulu ada program pendanaan untuk rakyat namanya kkp dengan skema pakai agunan hasil akhirnya tetap saja gagal;['selama', 'mindset', 'masy', 'tidak', 'berubah', 'masy', 'menganggap', 'pinj', 'yang', 'sumber', 'dananya', 'dari', 'pemerintah', 'adlh', 'hibah', 'jadi', 'tidak', 'perlu', 'dikembalikan', 'toh', 'nanti', 'diputihkan', 'di', 'perbankan', 'dulu', 'ada', 'program', 'pendanaan', 'untuk', 'rakyat', 'namanya', 'kkp', 'dengan', 'skema', 'pakai', 'agunan', 'hasil', 'akhirnya', 'tetap', 'saja', 'gagal'];Tidak Terdeteksi;Kebijakan;Diskusi;Diskusi;Diskusi
Negara banyak koruptornya dibikinin beginian... ??;Negara banyak koruptornya dibikinin beginian;negara banyak koruptornya dibikinin beginian;negara banyak koruptornya dibikinin beginian;['negara', 'banyak', 'koruptornya', 'dibikinin', 'beginian'];Tidak Terdeteksi;Korupsi;Menolak;Menolak;Menolak
Desa yg punya uang malah yg ngatur uangnya org2 penerintah...;Desa yg punya uang malah yg ngatur uangnya org2 penerintah;desa yang punya uang malah yang ngatur uangnya orang penerintah;desa yang punya uang malah yang ngatur uangnya orang penerintah;['desa', 'yang', 'punya', 'uang', 'malah', 'yang', 'ngatur', 'uangnya', 'orang', 'penerintah'];Tidak Terdeteksi;Lainnya;Netral;Netral;Menolak
Keanehan pertama ada ditahap pertama, dimana setelah CAT BKN dengan Passing Grade 110 tiba-tiba diturunkan. Orang-orang dengan nilai Kognitif dibawah 110 akhirnya jadi bisa masuk. Sementara tujuan seleksi tentu mengeliminasi ratusan ribu yang lain yang gagal. Kondisi seleksi tahap lanjutan juga banyak yang benar-benar harus di koreksi. Dalam 1 hari itu ada 2 panitia untuk 2 seleksi berbeda di 1 hari yang sama. Ada Kemenhan dan ada dari Pihak Militer. Betul-betul banyak yang harus dikoreksi. Belum lagi lulusan manager ini juga harus menjalani program Komcad, Sarjana dilatih militer. Dan berbagai hal yg perlu diperbaiki kedepannya.;Keanehan pertama ada ditahap pertama dimana setelah CAT BKN dengan Passing Grade 110 tiba tiba diturunkan Orang orang dengan nilai Kognitif dibawah 110 akhirnya jadi bisa masuk Sementara tujuan seleksi tentu mengeliminasi ratusan ribu yang lain yang gagal Kondisi seleksi tahap lanjutan juga banyak yang benar benar harus di koreksi Dalam 1 hari itu ada 2 panitia untuk 2 seleksi berbeda di 1 hari yang sama Ada Kemenhan dan ada dari Pihak Militer Betul betul banyak yang harus dikoreksi Belum lagi lulusan manager ini juga harus menjalani program Komcad Sarjana dilatih militer Dan berbagai hal yg perlu diperbaiki kedepannya;keanehan pertama ada ditahap pertama dimana setelah cat bukan dengan passing grade 110 tiba tiba diturunkan orang orang dengan nilai kognitif dibawah 110 akhirnya jadi bisa masuk sementara tujuan seleksi tentu mengeliminasi ratusan ribu yang lain yang gagal kondisi seleksi tahap lanjutan juga banyak yang benar benar harus di koreksi dalam 1 hari itu ada 2 panitia untuk 2 seleksi berbeda di 1 hari yang sama ada kemenhan dan ada dari pihak tni betul betul banyak yang harus dikoreksi belum lagi lulusan manager ini juga harus menjalani program komcad sarjana dilatih tni dan berbagai hal yang perlu diperbaiki kedepannya;keanehan pertama ada ditahap pertama dimana setelah cat bukan dengan passing grade 110 tiba tiba diturunkan orang orang dengan nilai kognitif dibawah 110 akhirnya jadi bisa masuk sementara tujuan seleksi tentu mengeliminasi ratusan ribu yang lain yang gagal kondisi seleksi tahap lanjutan juga banyak yang benar benar harus di koreksi dalam hari itu ada panitia untuk seleksi berbeda di hari yang sama ada kemenhan dan ada dari pihak tni betul betul banyak yang harus dikoreksi belum lagi lulusan manager ini juga harus menjalani program komcad sarjana dilatih tni dan berbagai hal yang perlu diperbaiki kedepannya;['keanehan', 'pertama', 'ada', 'ditahap', 'pertama', 'dimana', 'setelah', 'cat', 'bukan', 'dengan', 'passing', 'grade', '110', 'tiba', 'tiba', 'diturunkan', 'orang', 'orang', 'dengan', 'nilai', 'kognitif', 'dibawah', '110', 'akhirnya', 'jadi', 'bisa', 'masuk', 'sementara', 'tujuan', 'seleksi', 'tentu', 'mengeliminasi', 'ratusan', 'ribu', 'yang', 'lain', 'yang', 'gagal', 'kondisi', 'seleksi', 'tahap', 'lanjutan', 'juga', 'banyak', 'yang', 'benar', 'benar', 'harus', 'di', 'koreksi', 'dalam', 'hari', 'itu', 'ada', 'panitia', 'untuk', 'seleksi', 'berbeda', 'di', 'hari', 'yang', 'sama', 'ada', 'kemenhan', 'dan', 'ada', 'dari', 'pihak', 'tni', 'betul', 'betul', 'banyak', 'yang', 'harus', 'dikoreksi', 'belum', 'lagi', 'lulusan', 'manager', 'ini', 'juga', 'harus', 'menjalani', 'program', 'komcad', 'sarjana', 'dilatih', 'tni', 'dan', 'berbagai', 'hal', 'yang', 'perlu', 'diperbaiki', 'kedepannya'];TNI;Militerisasi, Kebijakan;Out_of_Topic;Out_of_Topic;Diskusi
Percayalah 1000 % , uang yg di kelola desa apapun namanya dari jaman dulu sampai skrg ,hilang musnah gak ada pertanggung jawaban...;Percayalah 1000 uang yg di kelola desa apapun namanya dari jaman dulu sampai skrg hilang musnah gak ada pertanggung jawaban;percayalah 1000 uang yang di kelola desa apapun namanya dari zaman dulu sampai sekarang hilang musnah tidak ada pertanggung jawaban;percayalah 1000 uang yang di kelola desa apapun namanya dari zaman dulu sampai sekarang hilang musnah tidak ada pertanggung jawaban;['percayalah', '1000', 'uang', 'yang', 'di', 'kelola', 'desa', 'apapun', 'namanya', 'dari', 'zaman', 'dulu', 'sampai', 'sekarang', 'hilang', 'musnah', 'tidak', 'ada', 'pertanggung', 'jawaban'];Tidak Terdeteksi;Lainnya;Diskusi;Diskusi;Menolak
Dulu ada Koperasi Unit Desa, kenapa ga itu aja yg diaktifkan ?;Dulu ada Koperasi Unit Desa kenapa ga itu aja yg diaktifkan;dulu ada koperasi unit desa kenapa tidak itu saja yang diaktifkan;dulu ada koperasi unit desa kenapa tidak itu saja yang diaktifkan;['dulu', 'ada', 'koperasi', 'unit', 'desa', 'kenapa', 'tidak', 'itu', 'saja', 'yang', 'diaktifkan'];Tidak Terdeteksi;KUD;Diskusi;Diskusi;Diskusi
Lebih baik percaya omon2 hantu dari pada percaya omon2 si Wowo ??????;Lebih baik percaya omon2 hantu dari pada percaya omon2 si Wowo;lebih baik percaya omon2 hantu dari pada percaya omon2 si prabowo;lebih baik percaya omon2 hantu dari pada percaya omon2 si prabowo;['lebih', 'baik', 'percaya', 'omon2', 'hantu', 'dari', 'pada', 'percaya', 'omon2', 'si', 'prabowo'];Prabowo;Lainnya;Mendukung;Mendukung;Menolak
"Proyek dapat cuan dan merekrut keluarga dan kroni kenalan.
Kolusi dan nepotisme di negri ini sangat menjijikan";Proyek dapat cuan dan merekrut keluarga dan kroni kenalan Kolusi dan nepotisme di negri ini sangat menjijikan;proyek dapat keuntungan dan merekrut keluarga dan kroni kenalan kolusi dan nepotisme di negeri ini sangat menjijikan;proyek dapat keuntungan dan merekrut keluarga dan kroni kenalan kolusi dan nepotisme di negeri ini sangat menjijikan;['proyek', 'dapat', 'keuntungan', 'dan', 'merekrut', 'keluarga', 'dan', 'kroni', 'kenalan', 'kolusi', 'dan', 'nepotisme', 'di', 'negeri', 'ini', 'sangat', 'menjijikan'];Tidak Terdeteksi;Lainnya;Diskusi;Diskusi;Menolak
Tar pelesrtannya apa ya klu dulu kud jd ketua umtung duluan kut keur urang tiluan tas istilah apa lagi yg baru;Tar pelesrtannya apa ya klu dulu kud jd ketua umtung duluan kut keur urang tiluan tas istilah apa lagi yg baru;tar pelesrtannya apa ya kalau dulu koperasi unit desa jadi ketua umtung duluan kut keur urang tiluan tas istilah apa lagi yang baru;tar pelesrtannya apa kalau dulu koperasi unit desa jadi ketua umtung duluan kut keur urang tiluan tas istilah apa lagi yang baru;['tar', 'pelesrtannya', 'apa', 'kalau', 'dulu', 'koperasi', 'unit', 'desa', 'jadi', 'ketua', 'umtung', 'duluan', 'kut', 'keur', 'urang', 'tiluan', 'tas', 'istilah', 'apa', 'lagi', 'yang', 'baru'];Tidak Terdeteksi;KUD;Diskusi;Diskusi;Menolak
"selama ini desa2 dapat dana 1M/th? kl iya, kenapa desa2 di pelosok2 itu tidak ada infrastruktur sama sekali : akses2 warga ke fasum & lokasi yg lebih maju = nol.
Kemana uangnya selama ini???


Akankah Kop Merah Putih hanya menjadi jalan lain utk ko***si itu sementara infrastruktur desa akan sama saja?
Tapi ""jalan baru"" ini ada nilai plus : si pemberi kue dapat jasa di mata yg terima kue";selama ini desa2 dapat dana 1M th kl iya kenapa desa2 di pelosok2 itu tidak ada infrastruktur sama sekali akses2 warga ke fasum lokasi yg lebih maju nol Kemana uangnya selama ini Akankah Kop Merah Putih hanya menjadi jalan lain utk ko si itu sementara infrastruktur desa akan sama saja Tapi jalan baru ini ada nilai plus si pemberi kue dapat jasa di mata yg terima kue;selama ini desa2 dapat dana 1m th kalau iya kenapa desa2 di pelosok2 itu tidak ada infrastruktur sama sekali akses2 warga ke fasum lokasi yang lebih maju nol kemana uangnya selama ini akankah kop merah putih hanya menjadi jalan lain untuk ko si itu sementara infrastruktur desa akan sama saja tapi jalan baru ini ada nilai plus si pemberi kue dapat jasa di mata yang terima kue;selama ini desa2 dapat dana 1m th kalau iya kenapa desa2 di pelosok2 itu tidak ada infrastruktur sama sekali akses2 warga ke fasum lokasi yang lebih maju nol kemana uangnya selama ini akankah kop merah putih hanya menjadi jalan lain untuk ko si itu sementara infrastruktur desa akan sama saja tapi jalan baru ini ada nilai plus si pemberi kue dapat jasa di mata yang terima kue;['selama', 'ini', 'desa2', 'dapat', 'dana', '1m', 'th', 'kalau', 'iya', 'kenapa', 'desa2', 'di', 'pelosok2', 'itu', 'tidak', 'ada', 'infrastruktur', 'sama', 'sekali', 'akses2', 'warga', 'ke', 'fasum', 'lokasi', 'yang', 'lebih', 'maju', 'nol', 'kemana', 'uangnya', 'selama', 'ini', 'akankah', 'kop', 'merah', 'putih', 'hanya', 'menjadi', 'jalan', 'lain', 'untuk', 'ko', 'si', 'itu', 'sementara', 'infrastruktur', 'desa', 'akan', 'sama', 'saja', 'tapi', 'jalan', 'baru', 'ini', 'ada', 'nilai', 'plus', 'si', 'pemberi', 'kue', 'dapat', 'jasa', 'di', 'mata', 'yang', 'terima', 'kue'];Tidak Terdeteksi;Lainnya;Mendukung;Mendukung;Menolak
rezim gila, KKN mau dilanggenggkan. emang mengarah ke bubar ini negara.;rezim gila KKN mau dilanggenggkan emang mengarah ke bubar ini negara;pemerintah gila kkn mau dilanggenggkan emang mengarah ke bubar ini negara;pemerintah gila kkn mau dilanggenggkan emang mengarah ke bubar ini negara;['pemerintah', 'gila', 'kkn', 'mau', 'dilanggenggkan', 'emang', 'mengarah', 'ke', 'bubar', 'ini', 'negara'];Tidak Terdeteksi;Kebijakan;Netral;Netral;Menolak
"Indonesia gelap......
Indonesia korup......
Maling berdasi di mana mana.. 
Tidak memikirkan rakyat secara nyata.....
Tapi cuma rakyat di jadikan obyek untuk mendapatkan proyek....     
Indonesia gelap.....
Terang bagi yang mengandalkan korupsi......";Indonesia gelap Indonesia korup Maling berdasi di mana mana Tidak memikirkan rakyat secara nyata Tapi cuma rakyat di jadikan obyek untuk mendapatkan proyek Indonesia gelap Terang bagi yang mengandalkan korupsi;indonesia gelap indonesia korup maling berdasi di mana mana tidak memikirkan rakyat secara nyata tapi hanya rakyat di jadikan obyek untuk mendapatkan proyek indonesia gelap terang bagi yang mengandalkan korupsi;indonesia gelap indonesia korup maling berdasi di mana mana tidak memikirkan rakyat secara nyata tapi hanya rakyat di jadikan obyek untuk mendapatkan proyek indonesia gelap terang bagi yang mengandalkan korupsi;['indonesia', 'gelap', 'indonesia', 'korup', 'maling', 'berdasi', 'di', 'mana', 'mana', 'tidak', 'memikirkan', 'rakyat', 'secara', 'nyata', 'tapi', 'hanya', 'rakyat', 'di', 'jadikan', 'obyek', 'untuk', 'mendapatkan', 'proyek', 'indonesia', 'gelap', 'terang', 'bagi', 'yang', 'mengandalkan', 'korupsi'];Tidak Terdeteksi;Korupsi;Menolak;Menolak;Menolak
Lebih baik tentara drpd orang desa atau lurah yg selama ini korup dan inkompeten.;Lebih baik tentara drpd orang desa atau lurah yg selama ini korup dan inkompeten;lebih baik tni drpd orang desa atau lurah yang selama ini korup dan inkompeten;lebih baik tni drpd orang desa atau lurah yang selama ini korup dan inkompeten;['lebih', 'baik', 'tni', 'drpd', 'orang', 'desa', 'atau', 'lurah', 'yang', 'selama', 'ini', 'korup', 'dan', 'inkompeten'];TNI;Militerisasi;Mendukung;Mendukung;Mendukung
Remek wowo klo bikin program...;Remek wowo klo bikin program;remek prabowo kalau membuat program;remek prabowo kalau membuat program;['remek', 'prabowo', 'kalau', 'membuat', 'program'];Prabowo;Kebijakan;Netral;Netral;Menolak
"Koperasi merah putih program pemerintah akan gagal total seperti  program MBG
Koperasi mendidik orang berhutang dg bunga
Sedang koperasi yg lama pada tutup , banyak yg hutang gk bisa bayarrt ??????";Koperasi merah putih program pemerintah akan gagal total seperti program MBG Koperasi mendidik orang berhutang dg bunga Sedang koperasi yg lama pada tutup banyak yg hutang gk bisa bayarrt;koperasi desa merah putih program pemerintah akan gagal total seperti program mbg koperasi mendidik orang berhutang dengan bunga sedang koperasi yang lama pada tutup banyak yang hutang tidak bisa bayarrt;koperasi desa merah putih program pemerintah akan gagal total seperti program mbg koperasi mendidik orang berhutang dengan bunga sedang koperasi yang lama pada tutup banyak yang hutang tidak bisa bayarrt;['koperasi', 'desa', 'merah', 'putih', 'program', 'pemerintah', 'akan', 'gagal', 'total', 'seperti', 'program', 'mbg', 'koperasi', 'mendidik', 'orang', 'berhutang', 'dengan', 'bunga', 'sedang', 'koperasi', 'yang', 'lama', 'pada', 'tutup', 'banyak', 'yang', 'hutang', 'tidak', 'bisa', 'bayarrt'];KDMP;Kebijakan;Menolak;Menolak;Menolak
Orde baru jilid 2 ini...;Orde baru jilid 2 ini;orde baru jilid 2 ini;orde baru jilid ini;['orde', 'baru', 'jilid', 'ini'];Tidak Terdeteksi;Militerisasi;Menolak;Menolak;Menolak
PEJABAT INDONESIA PASTI KORUPTOR 1000 PERSEN SAMPAI MEREKA SEMUA DI BINASAKAN OLEH  ALLAH SWT TAMPA SISA 1 PUN HIDUP;PEJABAT INDONESIA PASTI KORUPTOR 1000 PERSEN SAMPAI MEREKA SEMUA DI BINASAKAN OLEH ALLAH SWT TAMPA SISA 1 PUN HIDUP;pejabat indonesia pasti koruptor 1000 persen sampai mereka semua di binasakan oleh allah swt tampa sisa 1 pun hidup;pejabat indonesia pasti koruptor 1000 persen sampai mereka semua di binasakan oleh allah swt tampa sisa pun hidup;['pejabat', 'indonesia', 'pasti', 'koruptor', '1000', 'persen', 'sampai', 'mereka', 'semua', 'di', 'binasakan', 'oleh', 'allah', 'swt', 'tampa', 'sisa', 'pun', 'hidup'];Tidak Terdeteksi;Korupsi;Menolak;Menolak;Menolak
"Maaf dari awal saya merasa host dan narasumber tdk menguasai dg baik persoalan KDMP ini. Jadi alur dr KDMP yg sebenarnya adalah :

1. Bank Himbara kucurkan dana ke Agrinas.

2. Agrinas memberikan jatah 3 M per KDMP. Dimana 1,4 atau 1,6 M (saya lupa yg mana angka persisnya) peruntukamnya utk kantor dam sarana pendukung KDMP. 

3. Sisa dari 3 M setelah dikurangi angka pembangunan kantor dan sarana pendukung itulah yg dinamakan modal kerja. Modal kerja ini simpang siur masih apakah diberikan dalam bentuk uang tunai atau barang2 yg akan dijual oleh KDMP.

4. Agrinas langsung memotong  dana desa sebesar 640 juta per tahun selama 5 tahun (jadi dana 3 M yg diberikan Agrinas akan kembali ke Agrinas sebesar 3,2 M) sbg sumber pemgembalian dana dari desa. Mereka tahu kalau sumber pemgembalian dari KDMP ada resiko gagal bayar (jika KDMPnya gak produktif).

Yg harus dikritisi dg sistem seperti ini adalah :

1. Kebijakan ini bertentangan dg visi Prabowo, dimana seharusnya dg KDMP maka ekonomi desa akan bergerak. Faktanya pembangunan KDMP tdk melibatkan desa melainkan dihandle langsung oleh Kodim.

2. Kebijakan pembangunan KDMP spt skrg sangat rawan thd isu korupsi. Rumor yg beredar dana pembangunan terindikasi disunat.

3. Ketidaksiapan SDM di desa menyebabkan  banyak koperasi yg bingung mau bisnis apa.

4. Seharusnya KDMP berfungsi sebagai supplier utama dari MBG. Hal ini bertujuan agar jgn sampai produk KDMP justru bersaing dengan pengusaha lokal di desa.";Maaf dari awal saya merasa host dan narasumber tdk menguasai dg baik persoalan KDMP ini Jadi alur dr KDMP yg sebenarnya adalah 1 Bank Himbara kucurkan dana ke Agrinas 2 Agrinas memberikan jatah 3 M per KDMP Dimana 1 4 atau 1 6 M saya lupa yg mana angka persisnya peruntukamnya utk kantor dam sarana pendukung KDMP 3 Sisa dari 3 M setelah dikurangi angka pembangunan kantor dan sarana pendukung itulah yg dinamakan modal kerja Modal kerja ini simpang siur masih apakah diberikan dalam bentuk uang tunai atau barang2 yg akan dijual oleh KDMP 4 Agrinas langsung memotong dana desa sebesar 640 juta per tahun selama 5 tahun jadi dana 3 M yg diberikan Agrinas akan kembali ke Agrinas sebesar 3 2 M sbg sumber pemgembalian dana dari desa Mereka tahu kalau sumber pemgembalian dari KDMP ada resiko gagal bayar jika KDMPnya gak produktif Yg harus dikritisi dg sistem seperti ini adalah 1 Kebijakan ini bertentangan dg visi Prabowo dimana seharusnya dg KDMP maka ekonomi desa akan bergerak Faktanya pembangunan KDMP tdk melibatkan desa melainkan dihandle langsung oleh Kodim 2 Kebijakan pembangunan KDMP spt skrg sangat rawan thd isu korupsi Rumor yg beredar dana pembangunan terindikasi disunat 3 Ketidaksiapan SDM di desa menyebabkan banyak koperasi yg bingung mau bisnis apa 4 Seharusnya KDMP berfungsi sebagai supplier utama dari MBG Hal ini bertujuan agar jgn sampai produk KDMP justru bersaing dengan pengusaha lokal di desa;maaf dari awal saya merasa host dan narasumber tidak menguasai dengan baik persoalan koperasi desa merah putih ini jadi alur dari koperasi desa merah putih yang sebenarnya adalah 1 bank himbara kucurkan dana ke agrinas 2 agrinas memberikan jatah 3 m per koperasi desa merah putih dimana 1 4 atau 1 6 m saya lupa yang mana angka persisnya peruntukamnya untuk kantor dam sarana pendukung koperasi desa merah putih 3 sisa dari 3 m setelah dikurangi angka pembangunan kantor dan sarana pendukung itulah yang dinamakan modal kerja modal kerja ini simpang siur masih apakah diberikan dalam bentuk uang tunai atau barang2 yang akan dijual oleh koperasi desa merah putih 4 agrinas langsung memotong dana desa sebesar 640 juta per tahun selama 5 tahun jadi dana 3 m yang diberikan agrinas akan kembali ke agrinas sebesar 3 2 m sbg sumber pemgembalian dana dari desa mereka tahu kalau sumber pemgembalian dari koperasi desa merah putih ada risiko gagal bayar jika kdmpnya tidak produktif yang harus dikritisi dengan sistem seperti ini adalah 1 kebijakan ini bertentangan dengan visi prabowo dimana seharusnya dengan koperasi desa merah putih maka ekonomi desa akan bergerak faktanya pembangunan koperasi desa merah putih tidak melibatkan desa melainkan dihandle langsung oleh tni 2 kebijakan pembangunan koperasi desa merah putih seperti sekarang sangat rawan thd isu korupsi rumor yang beredar dana pembangunan terindikasi disunat 3 ketidaksiapan sdm di desa menyebabkan banyak koperasi yang bingung mau bisnis apa 4 seharusnya koperasi desa merah putih berfungsi sebagai supplier utama dari mbg hal ini bertujuan agar jgn sampai produk koperasi desa merah putih justru bersaing dengan pengusaha lokal di desa;maaf dari awal saya merasa host dan narasumber tidak menguasai dengan baik persoalan koperasi desa merah putih ini jadi alur dari koperasi desa merah putih yang sebenarnya adalah bank himbara kucurkan dana ke agrinas agrinas memberikan jatah per koperasi desa merah putih dimana atau saya lupa yang mana angka persisnya peruntukamnya untuk kantor dam sarana pendukung koperasi desa merah putih sisa dari setelah dikurangi angka pembangunan kantor dan sarana pendukung itulah yang dinamakan modal kerja modal kerja ini simpang siur masih apakah diberikan dalam bentuk uang tunai atau barang2 yang akan dijual oleh koperasi desa merah putih agrinas langsung memotong dana desa sebesar 640 juta per tahun selama tahun jadi dana yang diberikan agrinas akan kembali ke agrinas sebesar sbg sumber pemgembalian dana dari desa mereka tahu kalau sumber pemgembalian dari koperasi desa merah putih ada risiko gagal bayar jika kdmpnya tidak produktif yang harus dikritisi dengan sistem seperti ini adalah kebijakan ini bertentangan dengan visi prabowo dimana seharusnya dengan koperasi desa merah putih maka ekonomi desa akan bergerak faktanya pembangunan koperasi desa merah putih tidak melibatkan desa melainkan dihandle langsung oleh tni kebijakan pembangunan koperasi desa merah putih seperti sekarang sangat rawan thd isu korupsi rumor yang beredar dana pembangunan terindikasi disunat ketidaksiapan sdm di desa menyebabkan banyak koperasi yang bingung mau bisnis apa seharusnya koperasi desa merah putih berfungsi sebagai supplier utama dari mbg hal ini bertujuan agar jgn sampai produk koperasi desa merah putih justru bersaing dengan pengusaha lokal di desa;['maaf', 'dari', 'awal', 'saya', 'merasa', 'host', 'dan', 'narasumber', 'tidak', 'menguasai', 'dengan', 'baik', 'persoalan', 'koperasi', 'desa', 'merah', 'putih', 'ini', 'jadi', 'alur', 'dari', 'koperasi', 'desa', 'merah', 'putih', 'yang', 'sebenarnya', 'adalah', 'bank', 'himbara', 'kucurkan', 'dana', 'ke', 'agrinas', 'agrinas', 'memberikan', 'jatah', 'per', 'koperasi', 'desa', 'merah', 'putih', 'dimana', 'atau', 'saya', 'lupa', 'yang', 'mana', 'angka', 'persisnya', 'peruntukamnya', 'untuk', 'kantor', 'dam', 'sarana', 'pendukung', 'koperasi', 'desa', 'merah', 'putih', 'sisa', 'dari', 'setelah', 'dikurangi', 'angka', 'pembangunan', 'kantor', 'dan', 'sarana', 'pendukung', 'itulah', 'yang', 'dinamakan', 'modal', 'kerja', 'modal', 'kerja', 'ini', 'simpang', 'siur', 'masih', 'apakah', 'diberikan', 'dalam', 'bentuk', 'uang', 'tunai', 'atau', 'barang2', 'yang', 'akan', 'dijual', 'oleh', 'koperasi', 'desa', 'merah', 'putih', 'agrinas', 'langsung', 'memotong', 'dana', 'desa', 'sebesar', '640', 'juta', 'per', 'tahun', 'selama', 'tahun', 'jadi', 'dana', 'yang', 'diberikan', 'agrinas', 'akan', 'kembali', 'ke', 'agrinas', 'sebesar', 'sbg', 'sumber', 'pemgembalian', 'dana', 'dari', 'desa', 'mereka', 'tahu', 'kalau', 'sumber', 'pemgembalian', 'dari', 'koperasi', 'desa', 'merah', 'putih', 'ada', 'risiko', 'gagal', 'bayar', 'jika', 'kdmpnya', 'tidak', 'produktif', 'yang', 'harus', 'dikritisi', 'dengan', 'sistem', 'seperti', 'ini', 'adalah', 'kebijakan', 'ini', 'bertentangan', 'dengan', 'visi', 'prabowo', 'dimana', 'seharusnya', 'dengan', 'koperasi', 'desa', 'merah', 'putih', 'maka', 'ekonomi', 'desa', 'akan', 'bergerak', 'faktanya', 'pembangunan', 'koperasi', 'desa', 'merah', 'putih', 'tidak', 'melibatkan', 'desa', 'melainkan', 'dihandle', 'langsung', 'oleh', 'tni', 'kebijakan', 'pembangunan', 'koperasi', 'desa', 'merah', 'putih', 'seperti', 'sekarang', 'sangat', 'rawan', 'thd', 'isu', 'korupsi', 'rumor', 'yang', 'beredar', 'dana', 'pembangunan', 'terindikasi', 'disunat', 'ketidaksiapan', 'sdm', 'di', 'desa', 'menyebabkan', 'banyak', 'koperasi', 'yang', 'bingung', 'mau', 'bisnis', 'apa', 'seharusnya', 'koperasi', 'desa', 'merah', 'putih', 'berfungsi', 'sebagai', 'supplier', 'utama', 'dari', 'mbg', 'hal', 'ini', 'bertujuan', 'agar', 'jgn', 'sampai', 'produk', 'koperasi', 'desa', 'merah', 'putih', 'justru', 'bersaing', 'dengan', 'pengusaha', 'lokal', 'di', 'desa'];TNI, Prabowo, KDMP;Korupsi, Militerisasi, Dana Desa, Kebijakan;Out_of_Topic;Out_of_Topic;Diskusi
Di KDMP ITU KAN SUDAH ADA STRUKTUR PENANGGUNG JAWAB..KETUA PENGURUS,BENDAHARA,SEKERTARIS..trus manfaat mereka apa..buat pajangan?kasian juga karena wacana gaji mereka masih blm ada tapi pusat memprioritaskan rekrutmen managernya..;Di KDMP ITU KAN SUDAH ADA STRUKTUR PENANGGUNG JAWAB KETUA PENGURUS BENDAHARA SEKERTARIS trus manfaat mereka apa buat pajangan kasian juga karena wacana gaji mereka masih blm ada tapi pusat memprioritaskan rekrutmen managernya;di koperasi desa merah putih itu sudah ada struktur penanggung jawab ketua pengurus bendahara sekertaris terus manfaat mereka apa untuk pajangan kasian juga karena wacana gaji mereka masih belum ada tapi pusat memprioritaskan rekrutmen managernya;di koperasi desa merah putih itu sudah ada struktur penanggung jawab ketua pengurus bendahara sekertaris terus manfaat mereka apa untuk pajangan kasian juga karena wacana gaji mereka masih belum ada tapi pusat memprioritaskan rekrutmen managernya;['di', 'koperasi', 'desa', 'merah', 'putih', 'itu', 'sudah', 'ada', 'struktur', 'penanggung', 'jawab', 'ketua', 'pengurus', 'bendahara', 'sekertaris', 'terus', 'manfaat', 'mereka', 'apa', 'untuk', 'pajangan', 'kasian', 'juga', 'karena', 'wacana', 'gaji', 'mereka', 'masih', 'belum', 'ada', 'tapi', 'pusat', 'memprioritaskan', 'rekrutmen', 'managernya'];KDMP;Pengelolaan;Diskusi;Diskusi;Diskusi
"Pemerintah tolong berikan jabatan ke 4 orang ini,bisaga jalankan fungsinya yg baik dan bener,biasanya modelan gini omon omon doang.
Belum tau hasilnya gimana udah di nyinyirin dulu tempe tempe";Pemerintah tolong berikan jabatan ke 4 orang ini bisaga jalankan fungsinya yg baik dan bener biasanya modelan gini omon omon doang Belum tau hasilnya gimana udah di nyinyirin dulu tempe tempe;pemerintah tolong berikan jabatan ke 4 orang ini bisaga jalankan fungsinya yang baik dan benar biasanya modelan gini omon omon doang belum tahu hasilnya bagaimana sudah di nyinyirin dulu tempe tempe;pemerintah tolong berikan jabatan ke orang ini bisaga jalankan fungsinya yang baik dan benar biasanya modelan gini omon omon doang belum tahu hasilnya bagaimana sudah di nyinyirin dulu tempe tempe;['pemerintah', 'tolong', 'berikan', 'jabatan', 'ke', 'orang', 'ini', 'bisaga', 'jalankan', 'fungsinya', 'yang', 'baik', 'dan', 'benar', 'biasanya', 'modelan', 'gini', 'omon', 'omon', 'doang', 'belum', 'tahu', 'hasilnya', 'bagaimana', 'sudah', 'di', 'nyinyirin', 'dulu', 'tempe', 'tempe'];Tidak Terdeteksi;Kebijakan;Diskusi;Diskusi;Mendukung
"Koperasi Desa Merah Putih (kdmp) dibangun atas INPRES.
Desa wajib siapkan lahan, TNI yg bangun, brp % potongan anggaran yg DI TILEP? Setelah selesai desa bingung mau buat apa?
Dana bangun dan modal usaha dari pemerintah, yg ternyata DANA DESA yg dipotong 58%, utk kredit bank 6 thn, tersisa hanya utk gaji staf kantor desa.
6 Thn kedepan, DESA  tdk ada dana utk bangun jalan, perbaikan rumah dan bantuan orang miskin.
Akhirnya KDMP jadi semak belukar. Ditipu lagi rakyat. Itulah Konoha.";Koperasi Desa Merah Putih kdmp dibangun atas INPRES Desa wajib siapkan lahan TNI yg bangun brp potongan anggaran yg DI TILEP Setelah selesai desa bingung mau buat apa Dana bangun dan modal usaha dari pemerintah yg ternyata DANA DESA yg dipotong 58 utk kredit bank 6 thn tersisa hanya utk gaji staf kantor desa 6 Thn kedepan DESA tdk ada dana utk bangun jalan perbaikan rumah dan bantuan orang miskin Akhirnya KDMP jadi semak belukar Ditipu lagi rakyat Itulah Konoha;koperasi desa merah putih koperasi desa merah putih dibangun atas inpres desa wajib siapkan lahan tni yang bangun brp potongan anggaran yang di tilep setelah selesai desa bingung mau untuk apa dana bangun dan modal usaha dari pemerintah yang ternyata dana desa yang dipotong 58 untuk kredit bank 6 thn tersisa hanya untuk gaji staf kantor desa 6 thn kedepan desa tidak ada dana untuk bangun jalan perbaikan rumah dan bantuan orang miskin akhirnya koperasi desa merah putih jadi semak belukar ditipu lagi rakyat itulah konoha;koperasi desa merah putih koperasi desa merah putih dibangun atas inpres desa wajib siapkan lahan tni yang bangun brp potongan anggaran yang di tilep setelah selesai desa bingung mau untuk apa dana bangun dan modal usaha dari pemerintah yang ternyata dana desa yang dipotong 58 untuk kredit bank thn tersisa hanya untuk gaji staf kantor desa thn kedepan desa tidak ada dana untuk bangun jalan perbaikan rumah dan bantuan orang miskin akhirnya koperasi desa merah putih jadi semak belukar ditipu lagi rakyat itulah konoha;['koperasi', 'desa', 'merah', 'putih', 'koperasi', 'desa', 'merah', 'putih', 'dibangun', 'atas', 'inpres', 'desa', 'wajib', 'siapkan', 'lahan', 'tni', 'yang', 'bangun', 'brp', 'potongan', 'anggaran', 'yang', 'di', 'tilep', 'setelah', 'selesai', 'desa', 'bingung', 'mau', 'untuk', 'apa', 'dana', 'bangun', 'dan', 'modal', 'usaha', 'dari', 'pemerintah', 'yang', 'ternyata', 'dana', 'desa', 'yang', 'dipotong', '58', 'untuk', 'kredit', 'bank', 'thn', 'tersisa', 'hanya', 'untuk', 'gaji', 'staf', 'kantor', 'desa', 'thn', 'kedepan', 'desa', 'tidak', 'ada', 'dana', 'untuk', 'bangun', 'jalan', 'perbaikan', 'rumah', 'dan', 'bantuan', 'orang', 'miskin', 'akhirnya', 'koperasi', 'desa', 'merah', 'putih', 'jadi', 'semak', 'belukar', 'ditipu', 'lagi', 'rakyat', 'itulah', 'konoha'];TNI, KDMP;Militerisasi, Dana Desa, Kebijakan;Mendukung;Mendukung;Menolak
"Dia mau ngasih uang ,,ke rakyat dalam bentuk koperasi 

Yang sakit hati itu para elit koruptor ??";Dia mau ngasih uang ke rakyat dalam bentuk koperasi Yang sakit hati itu para elit koruptor;dia mau memberi uang ke rakyat dalam bentuk koperasi yang sakit hati itu para elit koruptor;dia mau memberi uang ke rakyat dalam bentuk koperasi yang sakit hati itu para elit koruptor;['dia', 'mau', 'memberi', 'uang', 'ke', 'rakyat', 'dalam', 'bentuk', 'koperasi', 'yang', 'sakit', 'hati', 'itu', 'para', 'elit', 'koruptor'];Tidak Terdeteksi;Korupsi;Menolak;Menolak;Mendukung
Sppg polisi, koperasi mp tentara.... rakyat sipil????;Sppg polisi koperasi mp tentara rakyat sipil;sppg polisi koperasi mp tni rakyat sipil;sppg polisi koperasi mp tni rakyat sipil;['sppg', 'polisi', 'koperasi', 'mp', 'tni', 'rakyat', 'sipil'];TNI;Militerisasi;Netral;Netral;Diskusi
saya setuju kalo pengelolaan koprasi diserahkan pada tni;saya setuju kalo pengelolaan koprasi diserahkan pada tni;saya setuju kalau pengelolaan koperasi diserahkan pada tni;saya setuju kalau pengelolaan koperasi diserahkan pada tni;['saya', 'setuju', 'kalau', 'pengelolaan', 'koperasi', 'diserahkan', 'pada', 'tni'];TNI;Militerisasi;Mendukung;Mendukung;Mendukung
Mantap tattonya ..;Mantap tattonya;mantap tattonya;mantap tattonya;['mantap', 'tattonya'];Tidak Terdeteksi;Lainnya;Mendukung;Mendukung;Out_of_Topic
Biar saja yg jadi manager orang dari desa lain nanti kan akan pusing sendiri, awal pembentukan KDMP adalah simpanan wajib dari para pendirri dan pengurus di desa setempat, kok managernya dari orang lain, negara memang cuma menjadikan program dengan mengacak acak rakyat, mbok jangan mengada ada, di desa sarjana ekonomi yo banyak bisa jadi manager, negara dah seenaknya saja tanpa mikir resikonya;Biar saja yg jadi manager orang dari desa lain nanti kan akan pusing sendiri awal pembentukan KDMP adalah simpanan wajib dari para pendirri dan pengurus di desa setempat kok managernya dari orang lain negara memang cuma menjadikan program dengan mengacak acak rakyat mbok jangan mengada ada di desa sarjana ekonomi yo banyak bisa jadi manager negara dah seenaknya saja tanpa mikir resikonya;biar saja yang jadi manager orang dari desa lain nanti akan pusing sendiri awal pembentukan koperasi desa merah putih adalah simpanan wajib dari para pendirri dan pengurus di desa setempat managernya dari orang lain negara memang hanya menjadikan program dengan mengacak acak rakyat mbok jangan mengada ada di desa sarjana ekonomi yo banyak bisa jadi manager negara dah seenaknya saja tanpa mikir resikonya;biar saja yang jadi manager orang dari desa lain nanti akan pusing sendiri awal pembentukan koperasi desa merah putih adalah simpanan wajib dari para pendirri dan pengurus di desa setempat managernya dari orang lain negara memang hanya menjadikan program dengan mengacak acak rakyat mbok jangan mengada ada di desa sarjana ekonomi yo banyak bisa jadi manager negara dah seenaknya saja tanpa mikir resikonya;['biar', 'saja', 'yang', 'jadi', 'manager', 'orang', 'dari', 'desa', 'lain', 'nanti', 'akan', 'pusing', 'sendiri', 'awal', 'pembentukan', 'koperasi', 'desa', 'merah', 'putih', 'adalah', 'simpanan', 'wajib', 'dari', 'para', 'pendirri', 'dan', 'pengurus', 'di', 'desa', 'setempat', 'managernya', 'dari', 'orang', 'lain', 'negara', 'memang', 'hanya', 'menjadikan', 'program', 'dengan', 'mengacak', 'acak', 'rakyat', 'mbok', 'jangan', 'mengada', 'ada', 'di', 'desa', 'sarjana', 'ekonomi', 'yo', 'banyak', 'bisa', 'jadi', 'manager', 'negara', 'dah', 'seenaknya', 'saja', 'tanpa', 'mikir', 'resikonya'];KDMP;Pengelolaan, Kebijakan;Menolak;Menolak;Menolak
Cuan cuan gede lo.;Cuan cuan gede lo;keuntungan keuntungan gede kamu;keuntungan keuntungan gede kamu;['keuntungan', 'keuntungan', 'gede', 'kamu'];Tidak Terdeteksi;Lainnya;Netral;Netral;Menolak
Sotoy lagi ni tempo;Sotoy lagi ni tempo;sotoy lagi ni tempo;sotoy lagi ni tempo;['sotoy', 'lagi', 'ni', 'tempo'];Tempo;Media;Netral;Netral;Menolak
Saya masih sulit memahami koperasi merah putih yang dibentuk oleh pemerintah karena   setau saya koperasi itu ada karena adanya anggota yang menghimpun dana melalui simpanan pokok, simpanan wajib dan sukarela dari masing-anggota untuk dikelola menjadi usaha bersama . Kalau koperasi dibentuk atau dimodali pemerintah lalu siapa anggotanya ? .;Saya masih sulit memahami koperasi merah putih yang dibentuk oleh pemerintah karena setau saya koperasi itu ada karena adanya anggota yang menghimpun dana melalui simpanan pokok simpanan wajib dan sukarela dari masing anggota untuk dikelola menjadi usaha bersama Kalau koperasi dibentuk atau dimodali pemerintah lalu siapa anggotanya;saya masih sulit memahami koperasi desa merah putih yang dibentuk oleh pemerintah karena setau saya koperasi itu ada karena adanya anggota yang menghimpun dana melalui simpanan pokok simpanan wajib dan sukarela dari masing anggota untuk dikelola menjadi usaha bersama kalau koperasi dibentuk atau dimodali pemerintah lalu siapa anggotanya;saya masih sulit memahami koperasi desa merah putih yang dibentuk oleh pemerintah karena setau saya koperasi itu ada karena adanya anggota yang menghimpun dana melalui simpanan pokok simpanan wajib dan sukarela dari masing anggota untuk dikelola menjadi usaha bersama kalau koperasi dibentuk atau dimodali pemerintah lalu siapa anggotanya;['saya', 'masih', 'sulit', 'memahami', 'koperasi', 'desa', 'merah', 'putih', 'yang', 'dibentuk', 'oleh', 'pemerintah', 'karena', 'setau', 'saya', 'koperasi', 'itu', 'ada', 'karena', 'adanya', 'anggota', 'yang', 'menghimpun', 'dana', 'melalui', 'simpanan', 'pokok', 'simpanan', 'wajib', 'dan', 'sukarela', 'dari', 'masing', 'anggota', 'untuk', 'dikelola', 'menjadi', 'usaha', 'bersama', 'kalau', 'koperasi', 'dibentuk', 'atau', 'dimodali', 'pemerintah', 'lalu', 'siapa', 'anggotanya'];KDMP;Pengelolaan, Kebijakan;Diskusi;Diskusi;Diskusi
Hanya untuk sarang korupsi aja percuma ada koperasi desa untuk memperkaya pribadi;Hanya untuk sarang korupsi aja percuma ada koperasi desa untuk memperkaya pribadi;hanya untuk sarang korupsi saja percuma ada koperasi desa untuk memperkaya pribadi;hanya untuk sarang korupsi saja percuma ada koperasi desa untuk memperkaya pribadi;['hanya', 'untuk', 'sarang', 'korupsi', 'saja', 'percuma', 'ada', 'koperasi', 'desa', 'untuk', 'memperkaya', 'pribadi'];KDMP;Korupsi;Menolak;Menolak;Menolak
Sebaiknua di urus oleh orang profesional, biarkanlah TNI dibidangnya sendiri;Sebaiknua di urus oleh orang profesional biarkanlah TNI dibidangnya sendiri;sebaiknua di urus oleh orang profesional biarkanlah tni dibidangnya sendiri;sebaiknua di urus oleh orang profesional biarkanlah tni dibidangnya sendiri;['sebaiknua', 'di', 'urus', 'oleh', 'orang', 'profesional', 'biarkanlah', 'tni', 'dibidangnya', 'sendiri'];TNI;Militerisasi;Mendukung;Mendukung;Menolak
KUD   BANGKRUT...DIKORUPSI PE GURUS NYA.....;KUD BANGKRUT DIKORUPSI PE GURUS NYA;koperasi unit desa bangkrut dikorupsi pe gurus nya;koperasi unit desa bangkrut dikorupsi pe gurus nya;['koperasi', 'unit', 'desa', 'bangkrut', 'dikorupsi', 'pe', 'gurus', 'nya'];Tidak Terdeteksi;Korupsi, KUD;Menolak;Menolak;Menolak
Yg membuat keputusan import harus dihukum sebagai pengkhianat negara, siapapun itu, industri lagi lesu malah import barang yg sebenarnya bisa dibuat sendiri dg lebih baik;Yg membuat keputusan import harus dihukum sebagai pengkhianat negara siapapun itu industri lagi lesu malah import barang yg sebenarnya bisa dibuat sendiri dg lebih baik;yang membuat keputusan import harus dihukum sebagai pengkhianat negara siapapun itu industri lagi lesu malah import barang yang sebenarnya bisa dibuat sendiri dengan lebih baik;yang membuat keputusan import harus dihukum sebagai pengkhianat negara siapapun itu industri lagi lesu malah import barang yang sebenarnya bisa dibuat sendiri dengan lebih baik;['yang', 'membuat', 'keputusan', 'import', 'harus', 'dihukum', 'sebagai', 'pengkhianat', 'negara', 'siapapun', 'itu', 'industri', 'lagi', 'lesu', 'malah', 'import', 'barang', 'yang', 'sebenarnya', 'bisa', 'dibuat', 'sendiri', 'dengan', 'lebih', 'baik'];Tidak Terdeteksi;Lainnya;Mendukung;Mendukung;Menolak
Koperasi Nusantara donk di colek atau di investigasi donk orang orang tempo kerena tu, karena itu triki juga tu ?????? pemiliknya cuma 1 orang aja tu, isunya ada orang kuat juga tu;Koperasi Nusantara donk di colek atau di investigasi donk orang orang tempo kerena tu karena itu triki juga tu pemiliknya cuma 1 orang aja tu isunya ada orang kuat juga tu;koperasi nusantara donk di colek atau di investigasi donk orang orang tempo kerena tu karena itu triki juga tu pemiliknya hanya 1 orang saja tu isunya ada orang kuat juga tu;koperasi nusantara donk di colek atau di investigasi donk orang orang tempo kerena tu karena itu triki juga tu pemiliknya hanya orang saja tu isunya ada orang kuat juga tu;['koperasi', 'nusantara', 'donk', 'di', 'colek', 'atau', 'di', 'investigasi', 'donk', 'orang', 'orang', 'tempo', 'kerena', 'tu', 'karena', 'itu', 'triki', 'juga', 'tu', 'pemiliknya', 'hanya', 'orang', 'saja', 'tu', 'isunya', 'ada', 'orang', 'kuat', 'juga', 'tu'];Tempo;Media;Out_of_Topic;Out_of_Topic;
Barangkali lebih baik pemerintah membantu pengembangan koperasi yg sudah ada dengan memberikan ide pengembangan produk ( usaha ) dan menampung produk yg dihasilkan dan pemerinrahlah yg mengeksport produk dari yg disediakan koperasi;Barangkali lebih baik pemerintah membantu pengembangan koperasi yg sudah ada dengan memberikan ide pengembangan produk usaha dan menampung produk yg dihasilkan dan pemerinrahlah yg mengeksport produk dari yg disediakan koperasi;barangkali lebih baik pemerintah membantu pengembangan koperasi yang sudah ada dengan memberikan ide pengembangan produk usaha dan menampung produk yang dihasilkan dan pemerinrahlah yang mengeksport produk dari yang disediakan koperasi;barangkali lebih baik pemerintah membantu pengembangan koperasi yang sudah ada dengan memberikan ide pengembangan produk usaha dan menampung produk yang dihasilkan dan pemerinrahlah yang mengeksport produk dari yang disediakan koperasi;['barangkali', 'lebih', 'baik', 'pemerintah', 'membantu', 'pengembangan', 'koperasi', 'yang', 'sudah', 'ada', 'dengan', 'memberikan', 'ide', 'pengembangan', 'produk', 'usaha', 'dan', 'menampung', 'produk', 'yang', 'dihasilkan', 'dan', 'pemerinrahlah', 'yang', 'mengeksport', 'produk', 'dari', 'yang', 'disediakan', 'koperasi'];Tidak Terdeteksi;Kebijakan;Mendukung;Mendukung;Mendukung
Gila bisa menentukan pembelian tanpa persetujuan presiden dpr dan mentri terkait bener2 kacau cara pemerintah indonesia;Gila bisa menentukan pembelian tanpa persetujuan presiden dpr dan mentri terkait bener2 kacau cara pemerintah indonesia;gila bisa menentukan pembelian tanpa persetujuan presiden dpr dan mentri terkait benar-benar kacau cara pemerintah indonesia;gila bisa menentukan pembelian tanpa persetujuan presiden dpr dan mentri terkait benar-benar kacau cara pemerintah indonesia;['gila', 'bisa', 'menentukan', 'pembelian', 'tanpa', 'persetujuan', 'presiden', 'dpr', 'dan', 'mentri', 'terkait', 'benar-benar', 'kacau', 'cara', 'pemerintah', 'indonesia'];Prabowo;Kebijakan;Mendukung;Mendukung;Menolak
"Pokoknya bikin gedung dulu, rekrut karyawan dulu, beli kendaraan operasional dulu.
Masalah kelak bisa jalan ato tidak urusan belakangan.";Pokoknya bikin gedung dulu rekrut karyawan dulu beli kendaraan operasional dulu Masalah kelak bisa jalan ato tidak urusan belakangan;pokoknya membuat gedung dulu rekrut karyawan dulu beli kendaraan operasional dulu masalah kelak bisa jalan ato tidak urusan belakangan;pokoknya membuat gedung dulu rekrut karyawan dulu beli kendaraan operasional dulu masalah kelak bisa jalan ato tidak urusan belakangan;['pokoknya', 'membuat', 'gedung', 'dulu', 'rekrut', 'karyawan', 'dulu', 'beli', 'kendaraan', 'operasional', 'dulu', 'masalah', 'kelak', 'bisa', 'jalan', 'ato', 'tidak', 'urusan', 'belakangan'];Tidak Terdeteksi;Lainnya;Diskusi;Diskusi;Menolak
ada sesuatu hehehe;ada sesuatu hehehe;ada sesuatu hehehe;ada sesuatu hehehe;['ada', 'sesuatu', 'hehehe'];Tidak Terdeteksi;Lainnya;Netral;Netral;Diskusi
Pt. Agrinas sebagai relles untuk mencari cuan dan dukungan pada tahun politik;Pt Agrinas sebagai relles untuk mencari cuan dan dukungan pada tahun politik;pt agrinas sebagai relles untuk mencari keuntungan dan dukungan pada tahun politik;pt agrinas sebagai relles untuk mencari keuntungan dan dukungan pada tahun politik;['pt', 'agrinas', 'sebagai', 'relles', 'untuk', 'mencari', 'keuntungan', 'dan', 'dukungan', 'pada', 'tahun', 'politik'];Tidak Terdeteksi;Lainnya;Mendukung;Mendukung;Menolak
anggotanya HARUS semua anggota2 poktan di desanya. Pengurus koperasi HARUS pengurus Gapoktan 2 + pengurus semua poktan2 (bila 5 poktan ya minimal 5), untuk pengawas baru dari desa, bisa Kades/Lurah 1 org +PPL 1 org=> sebagai pejabat (bukan a.n pribadi)+ pengurus gapoktan & poktan2 atau dari anggota poktannya. TIDAK BOLEH rangkap jabatan dari perangkat desa/kelurahan maupun yang berhubungan dengan desa (bumdes/kud/hippa dll) terutama pengurus dari partai2 DILARANG KERAS menjadi pengurus+pengawasnya, kalau anggota boleh saja. ini untuk mencegah KKN karena dananya besar.;anggotanya HARUS semua anggota2 poktan di desanya Pengurus koperasi HARUS pengurus Gapoktan 2 pengurus semua poktan2 bila 5 poktan ya minimal 5 untuk pengawas baru dari desa bisa Kades Lurah 1 org PPL 1 org sebagai pejabat bukan a n pribadi pengurus gapoktan poktan2 atau dari anggota poktannya TIDAK BOLEH rangkap jabatan dari perangkat desa kelurahan maupun yang berhubungan dengan desa bumdes kud hippa dll terutama pengurus dari partai2 DILARANG KERAS menjadi pengurus pengawasnya kalau anggota boleh saja ini untuk mencegah KKN karena dananya besar;anggotanya harus semua anggota2 poktan di desanya pengurus koperasi harus pengurus gapoktan 2 pengurus semua poktan2 bila 5 poktan ya minimal 5 untuk pengawas baru dari desa bisa kepala desa lurah 1 orang ppl 1 orang sebagai pejabat bukan a n pribadi pengurus gapoktan poktan2 atau dari anggota poktannya tidak boleh rangkap jabatan dari perangkat desa kelurahan maupun yang berhubungan dengan desa badan usaha milik desa koperasi unit desa hippa dan lain-lain terutama pengurus dari partai2 dilarang keras menjadi pengurus pengawasnya kalau anggota boleh saja ini untuk mencegah kkn karena dananya besar;anggotanya harus semua anggota2 poktan di desanya pengurus koperasi harus pengurus gapoktan pengurus semua poktan2 bila poktan minimal untuk pengawas baru dari desa bisa kepala desa lurah orang ppl orang sebagai pejabat bukan pribadi pengurus gapoktan poktan2 atau dari anggota poktannya tidak boleh rangkap jabatan dari perangkat desa kelurahan maupun yang berhubungan dengan desa badan usaha milik desa koperasi unit desa hippa dan lain-lain terutama pengurus dari partai2 dilarang keras menjadi pengurus pengawasnya kalau anggota boleh saja ini untuk mencegah kkn karena dananya besar;['anggotanya', 'harus', 'semua', 'anggota2', 'poktan', 'di', 'desanya', 'pengurus', 'koperasi', 'harus', 'pengurus', 'gapoktan', 'pengurus', 'semua', 'poktan2', 'bila', 'poktan', 'minimal', 'untuk', 'pengawas', 'baru', 'dari', 'desa', 'bisa', 'kepala', 'desa', 'lurah', 'orang', 'ppl', 'orang', 'sebagai', 'pejabat', 'bukan', 'pribadi', 'pengurus', 'gapoktan', 'poktan2', 'atau', 'dari', 'anggota', 'poktannya', 'tidak', 'boleh', 'rangkap', 'jabatan', 'dari', 'perangkat', 'desa', 'kelurahan', 'maupun', 'yang', 'berhubungan', 'dengan', 'desa', 'badan', 'usaha', 'milik', 'desa', 'koperasi', 'unit', 'desa', 'hippa', 'dan', 'lain-lain', 'terutama', 'pengurus', 'dari', 'partai2', 'dilarang', 'keras', 'menjadi', 'pengurus', 'pengawasnya', 'kalau', 'anggota', 'boleh', 'saja', 'ini', 'untuk', 'mencegah', 'kkn', 'karena', 'dananya', 'besar'];Kades;Pengelolaan, KUD;Diskusi;Diskusi;Diskusi
"Yg pasti untung ya menterinya n pejabat terkait. 
Kalau rakyat nya sih embuh, gak tau, sepertinya sih rakyat hidupnya akan sama saja, merangkak hasil banting tulang sendiri.";Yg pasti untung ya menterinya n pejabat terkait Kalau rakyat nya sih embuh gak tau sepertinya sih rakyat hidupnya akan sama saja merangkak hasil banting tulang sendiri;yang pasti untung ya menterinya n pejabat terkait kalau rakyat nya embuh tidak tahu sepertinya rakyat hidupnya akan sama saja merangkak hasil banting tulang sendiri;yang pasti untung menterinya pejabat terkait kalau rakyat nya embuh tidak tahu sepertinya rakyat hidupnya akan sama saja merangkak hasil banting tulang sendiri;['yang', 'pasti', 'untung', 'menterinya', 'pejabat', 'terkait', 'kalau', 'rakyat', 'nya', 'embuh', 'tidak', 'tahu', 'sepertinya', 'rakyat', 'hidupnya', 'akan', 'sama', 'saja', 'merangkak', 'hasil', 'banting', 'tulang', 'sendiri'];Tidak Terdeteksi;Lainnya;Netral;Netral;Menolak
(saya bukan Tentara) sejauh yg saya tahu, TNI itu HANYA MENDORONG PERCEPATAN & KONSISTENSI, spt halnya MBG dulu. saya justru kasihan & empati thd TNI yg kerja krn perintah saja utk mensukseskan Program..;saya bukan Tentara sejauh yg saya tahu TNI itu HANYA MENDORONG PERCEPATAN KONSISTENSI spt halnya MBG dulu saya justru kasihan empati thd TNI yg kerja krn perintah saja utk mensukseskan Program;saya bukan tni sejauh yang saya tahu tni itu hanya mendorong percepatan konsistensi seperti halnya mbg dulu saya justru kasihan empati thd tni yang kerja karena perintah saja untuk mensukseskan program;saya bukan tni sejauh yang saya tahu tni itu hanya mendorong percepatan konsistensi seperti halnya mbg dulu saya justru kasihan empati thd tni yang kerja karena perintah saja untuk mensukseskan program;['saya', 'bukan', 'tni', 'sejauh', 'yang', 'saya', 'tahu', 'tni', 'itu', 'hanya', 'mendorong', 'percepatan', 'konsistensi', 'seperti', 'halnya', 'mbg', 'dulu', 'saya', 'justru', 'kasihan', 'empati', 'thd', 'tni', 'yang', 'kerja', 'karena', 'perintah', 'saja', 'untuk', 'mensukseskan', 'program'];TNI;Militerisasi, Kebijakan;Diskusi;Diskusi;Mendukung
Si gemoy ngurus duit mulu, hasilnya mana nih buat rakyat, pengangguran makin merajalela. Rakyat Rela berjibaku dengan banyak orang cuman mau numpuk cv yg cuman jadi bungkus gorengan hanya untuk sebuah lowongan kerja;Si gemoy ngurus duit mulu hasilnya mana nih buat rakyat pengangguran makin merajalela Rakyat Rela berjibaku dengan banyak orang cuman mau numpuk cv yg cuman jadi bungkus gorengan hanya untuk sebuah lowongan kerja;si gemoy ngurus uang mulu hasilnya mana untuk rakyat pengangguran makin merajalela rakyat rela berjibaku dengan banyak orang cuman mau numpuk cv yang cuman jadi bungkus gorengan hanya untuk sebuah lowongan kerja;si gemoy ngurus uang mulu hasilnya mana untuk rakyat pengangguran makin merajalela rakyat rela berjibaku dengan banyak orang cuman mau numpuk cv yang cuman jadi bungkus gorengan hanya untuk sebuah lowongan kerja;['si', 'gemoy', 'ngurus', 'uang', 'mulu', 'hasilnya', 'mana', 'untuk', 'rakyat', 'pengangguran', 'makin', 'merajalela', 'rakyat', 'rela', 'berjibaku', 'dengan', 'banyak', 'orang', 'cuman', 'mau', 'numpuk', 'cv', 'yang', 'cuman', 'jadi', 'bungkus', 'gorengan', 'hanya', 'untuk', 'sebuah', 'lowongan', 'kerja'];Tidak Terdeteksi;Lainnya;Mendukung;Mendukung;Menolak
Masak koperasi karyawan nya kok yg gaji agrinas , bukan dari hasil keuntungan dari koperasi itu sendiri;Masak koperasi karyawan nya kok yg gaji agrinas bukan dari hasil keuntungan dari koperasi itu sendiri;masak koperasi karyawan nya yang gaji agrinas bukan dari hasil keuntungan dari koperasi itu sendiri;masak koperasi karyawan nya yang gaji agrinas bukan dari hasil keuntungan dari koperasi itu sendiri;['masak', 'koperasi', 'karyawan', 'nya', 'yang', 'gaji', 'agrinas', 'bukan', 'dari', 'hasil', 'keuntungan', 'dari', 'koperasi', 'itu', 'sendiri'];Tidak Terdeteksi;Lainnya;Netral;Netral;Menolak
Ngaco aja lu. ??;Ngaco aja lu;ngaco saja kamu;ngaco saja kamu;['ngaco', 'saja', 'kamu'];Tidak Terdeteksi;Lainnya;Menolak;Menolak;Menolak
Maling Maling Maling proyek baru;Maling Maling Maling proyek baru;maling maling maling proyek baru;maling maling maling proyek baru;['maling', 'maling', 'maling', 'proyek', 'baru'];Tidak Terdeteksi;Korupsi;Menolak;Menolak;Menolak
Tentara harusnya focus mengasah skil perang, sbb dunia saat ini dibawah tekanan Amerika, agar benar² siap tempur saat terjadi serangan militer.;Tentara harusnya focus mengasah skil perang sbb dunia saat ini dibawah tekanan Amerika agar benar2 siap tempur saat terjadi serangan militer;tni harusnya focus mengasah skil perang sbb dunia saat ini dibawah tekanan amerika agar benar2 siap tempur saat terjadi serangan tni;tni harusnya focus mengasah skil perang sbb dunia saat ini dibawah tekanan amerika agar benar2 siap tempur saat terjadi serangan tni;['tni', 'harusnya', 'focus', 'mengasah', 'skil', 'perang', 'sbb', 'dunia', 'saat', 'ini', 'dibawah', 'tekanan', 'amerika', 'agar', 'benar2', 'siap', 'tempur', 'saat', 'terjadi', 'serangan', 'tni'];TNI;Militerisasi;Netral;Netral;Menolak
Orde Baru versi abad 21. Mirip banget kek suharto;Orde Baru versi abad 21 Mirip banget kek suharto;orde baru versi abad 21 mirip sekali kek suharto;orde baru versi abad 21 mirip sekali kek suharto;['orde', 'baru', 'versi', 'abad', '21', 'mirip', 'sekali', 'kek', 'suharto'];Tidak Terdeteksi;Militerisasi;Menolak;Menolak;Menolak
TENANG2..PRESIDEN KITA BARU KELILING DUNIA....KAUL BISA JADI PRESIDEN SSDH.3X GAGAL...LUPA SAMA RAKYATNYG MEMILIHNYA....HALLO PAK PRESIDEN..RAKYAT MENUNGGU GEBRAKAN TANGAN MU ITU LHO..!!!;TENANG2 PRESIDEN KITA BARU KELILING DUNIA KAUL BISA JADI PRESIDEN SSDH 3X GAGAL LUPA SAMA RAKYATNYG MEMILIHNYA HALLO PAK PRESIDEN RAKYAT MENUNGGU GEBRAKAN TANGAN MU ITU LHO;tenang2 presiden kita baru keliling dunia kaul bisa jadi presiden ssdh 3x gagal lupa sama rakyatnyg memilihnya hallo pak presiden rakyat menunggu gebrakan tangan mu itu lho;tenang2 presiden kita baru keliling dunia kaul bisa jadi presiden ssdh 3x gagal lupa sama rakyatnyg memilihnya hallo pak presiden rakyat menunggu gebrakan tangan mu itu lho;['tenang2', 'presiden', 'kita', 'baru', 'keliling', 'dunia', 'kaul', 'bisa', 'jadi', 'presiden', 'ssdh', '3x', 'gagal', 'lupa', 'sama', 'rakyatnyg', 'memilihnya', 'hallo', 'pak', 'presiden', 'rakyat', 'menunggu', 'gebrakan', 'tangan', 'mu', 'itu', 'lho'];Prabowo;Lainnya;Menolak;Menolak;Menolak
Banyak Koperasi yg Mandeg dan punah karena  PERENCANAAN, PEMBINAAN, PENGELOLAAN, dan PENGAWASAN  yang TIDAK mengikuti  standar operasi kerja yg BENAR , DISIPLIN  TEGAS , OBYEKTIF, JUJUR , TRANSPARAN !!!, belum lagi rekruitmen SDM pengurusnya , termasuk  kepala daerah yg dapat mandat pemerintah  ( belajar  dari kasus dana desa yg nggak benar penggunaannya)  hal tsb HARUS jadi perhatian kontrol PEMERNTAH dan MASYARAKAT agar Koperasi MAJU  !!!;Banyak Koperasi yg Mandeg dan punah karena PERENCANAAN PEMBINAAN PENGELOLAAN dan PENGAWASAN yang TIDAK mengikuti standar operasi kerja yg BENAR DISIPLIN TEGAS OBYEKTIF JUJUR TRANSPARAN belum lagi rekruitmen SDM pengurusnya termasuk kepala daerah yg dapat mandat pemerintah belajar dari kasus dana desa yg nggak benar penggunaannya hal tsb HARUS jadi perhatian kontrol PEMERNTAH dan MASYARAKAT agar Koperasi MAJU;banyak koperasi yang mandeg dan punah karena perencanaan pembinaan pengelolaan dan pengawasan yang tidak mengikuti standar operasi kerja yang benar disiplin tegas obyektif jujur transparan belum lagi rekruitmen sdm pengurusnya termasuk kepala daerah yang dapat mandat pemerintah belajar dari kasus dana desa yang tidak benar penggunaannya hal tsb harus jadi perhatian kontrol pemerntah dan masyarakat agar koperasi maju;banyak koperasi yang mandeg dan punah karena perencanaan pembinaan pengelolaan dan pengawasan yang tidak mengikuti standar operasi kerja yang benar disiplin tegas obyektif jujur transparan belum lagi rekruitmen sdm pengurusnya termasuk kepala daerah yang dapat mandat pemerintah belajar dari kasus dana desa yang tidak benar penggunaannya hal tsb harus jadi perhatian kontrol pemerntah dan masyarakat agar koperasi maju;['banyak', 'koperasi', 'yang', 'mandeg', 'dan', 'punah', 'karena', 'perencanaan', 'pembinaan', 'pengelolaan', 'dan', 'pengawasan', 'yang', 'tidak', 'mengikuti', 'standar', 'operasi', 'kerja', 'yang', 'benar', 'disiplin', 'tegas', 'obyektif', 'jujur', 'transparan', 'belum', 'lagi', 'rekruitmen', 'sdm', 'pengurusnya', 'termasuk', 'kepala', 'daerah', 'yang', 'dapat', 'mandat', 'pemerintah', 'belajar', 'dari', 'kasus', 'dana', 'desa', 'yang', 'tidak', 'benar', 'penggunaannya', 'hal', 'tsb', 'harus', 'jadi', 'perhatian', 'kontrol', 'pemerntah', 'dan', 'masyarakat', 'agar', 'koperasi', 'maju'];Tidak Terdeteksi;Dana Desa, Pengelolaan, Kebijakan;Diskusi;Diskusi;Diskusi
Presiden ini baikNya d turun kn saja.;Presiden ini baikNya d turun kn saja;presiden ini baiknya d turun kn saja;presiden ini baiknya turun kn saja;['presiden', 'ini', 'baiknya', 'turun', 'kn', 'saja'];Prabowo;Lainnya;Mendukung;Mendukung;Menolak
Koperasi merah putih 99% bakal jadi lahan korupsi;Koperasi merah putih 99 bakal jadi lahan korupsi;koperasi desa merah putih 99 bakal jadi lahan korupsi;koperasi desa merah putih 99 bakal jadi lahan korupsi;['koperasi', 'desa', 'merah', 'putih', '99', 'bakal', 'jadi', 'lahan', 'korupsi'];KDMP;Korupsi;Menolak;Menolak;Menolak
Grup tukang bahas   yng koruptor di bahas orang buat rakyat di perhitungkan duit yng di koruptor blum ada separonya  yng akan di  modalkan buat rakyat kmu rakyat bisanya BHS doang;Grup tukang bahas yng koruptor di bahas orang buat rakyat di perhitungkan duit yng di koruptor blum ada separonya yng akan di modalkan buat rakyat kmu rakyat bisanya BHS doang;grup tukang bahas yng koruptor di bahas orang untuk rakyat di perhitungkan uang yng di koruptor blum ada separonya yng akan di modalkan untuk rakyat kamu rakyat bisanya bhs doang;grup tukang bahas yng koruptor di bahas orang untuk rakyat di perhitungkan uang yng di koruptor blum ada separonya yng akan di modalkan untuk rakyat kamu rakyat bisanya bhs doang;['grup', 'tukang', 'bahas', 'yng', 'koruptor', 'di', 'bahas', 'orang', 'untuk', 'rakyat', 'di', 'perhitungkan', 'uang', 'yng', 'di', 'koruptor', 'blum', 'ada', 'separonya', 'yng', 'akan', 'di', 'modalkan', 'untuk', 'rakyat', 'kamu', 'rakyat', 'bisanya', 'bhs', 'doang'];Tidak Terdeteksi;Korupsi;Netral;Netral;Menolak
Jangan cuman kepala desa yg jd narasumber,coba tanyakan ke rakyat setuju gk kalau dana desa cumna jd bancakan kepala desa dan perangkatnya;Jangan cuman kepala desa yg jd narasumber coba tanyakan ke rakyat setuju gk kalau dana desa cumna jd bancakan kepala desa dan perangkatnya;jangan cuman kepala desa yang jadi narasumber coba tanyakan ke rakyat setuju tidak kalau dana desa cumna jadi bancakan kepala desa dan perangkatnya;jangan cuman kepala desa yang jadi narasumber coba tanyakan ke rakyat setuju tidak kalau dana desa cumna jadi bancakan kepala desa dan perangkatnya;['jangan', 'cuman', 'kepala', 'desa', 'yang', 'jadi', 'narasumber', 'coba', 'tanyakan', 'ke', 'rakyat', 'setuju', 'tidak', 'kalau', 'dana', 'desa', 'cumna', 'jadi', 'bancakan', 'kepala', 'desa', 'dan', 'perangkatnya'];Kades;Korupsi, Dana Desa;Menolak;Menolak;Menolak
hanya opini. tempo sangat menyesatkan;hanya opini tempo sangat menyesatkan;hanya opini tempo sangat menyesatkan;hanya opini tempo sangat menyesatkan;['hanya', 'opini', 'tempo', 'sangat', 'menyesatkan'];Tempo;Media;Netral;Netral;Menolak
Presiden terbodoh kata ketua BEM UGM??;Presiden terbodoh kata ketua BEM UGM;presiden terbodoh kata ketua bem ugm;presiden terbodoh kata ketua bem ugm;['presiden', 'terbodoh', 'kata', 'ketua', 'bem', 'ugm'];Prabowo;Lainnya;Netral;Netral;Menolak
Menejer koperasi yang di angkat oleh pemerintah pusat ini punya kepentingan politik tahun 2030;Menejer koperasi yang di angkat oleh pemerintah pusat ini punya kepentingan politik tahun 2030;menejer koperasi yang di angkat oleh pemerintah pusat ini punya kepentingan politik tahun 2030;menejer koperasi yang di angkat oleh pemerintah pusat ini punya kepentingan politik tahun 2030;['menejer', 'koperasi', 'yang', 'di', 'angkat', 'oleh', 'pemerintah', 'pusat', 'ini', 'punya', 'kepentingan', 'politik', 'tahun', '2030'];Tidak Terdeteksi;Kebijakan;Netral;Netral;Menolak
"*PRABOWO BUKAN MENERUSKAN PROGRAM JOKOWI , TAPI MALAH MENYEMPURNAKAN PRAKTEK KKN PARA REZIM MERTUANYA DULU ??*
*REZIM SUHARTO ADA ABRI MASUK DESA, REZIM PRABOWO: SELURUH TNI, PURNAWIRAWAN, DAN PREMAN MASUK KOPERASI DESA??*";PRABOWO BUKAN MENERUSKAN PROGRAM JOKOWI TAPI MALAH MENYEMPURNAKAN PRAKTEK KKN PARA REZIM MERTUANYA DULU REZIM SUHARTO ADA ABRI MASUK DESA REZIM PRABOWO SELURUH TNI PURNAWIRAWAN DAN PREMAN MASUK KOPERASI DESA;prabowo bukan meneruskan program jokowi tapi malah menyempurnakan praktik kkn para pemerintah mertuanya dulu pemerintah suharto ada abri masuk desa pemerintah prabowo seluruh tni purnawirawan dan preman masuk koperasi desa;prabowo bukan meneruskan program jokowi tapi malah menyempurnakan praktik kkn para pemerintah mertuanya dulu pemerintah suharto ada abri masuk desa pemerintah prabowo seluruh tni purnawirawan dan preman masuk koperasi desa;['prabowo', 'bukan', 'meneruskan', 'program', 'jokowi', 'tapi', 'malah', 'menyempurnakan', 'praktik', 'kkn', 'para', 'pemerintah', 'mertuanya', 'dulu', 'pemerintah', 'suharto', 'ada', 'abri', 'masuk', 'desa', 'pemerintah', 'prabowo', 'seluruh', 'tni', 'purnawirawan', 'dan', 'preman', 'masuk', 'koperasi', 'desa'];TNI, Prabowo, KDMP;Militerisasi, Kebijakan;Diskusi;Diskusi;Menolak
Kader parpol: otw bancakan nich.;Kader parpol otw bancakan nich;kader parpol otw bancakan nich;kader parpol otw bancakan nich;['kader', 'parpol', 'otw', 'bancakan', 'nich'];Tidak Terdeteksi;Korupsi;Menolak;Menolak;Menolak
Bosnya Dapat Berapa Persen ya?????????;Bosnya Dapat Berapa Persen ya;bosnya dapat berapa persen ya;bosnya dapat berapa persen;['bosnya', 'dapat', 'berapa', 'persen'];Tidak Terdeteksi;Lainnya;Netral;Netral;Menolak
apa betul utk efisiensi...???atau jgn2 banyak komisi n spy gmpang utk dikorupsi *hei...rakyat tdk bodoh bos *;apa betul utk efisiensi atau jgn2 banyak komisi n spy gmpang utk dikorupsi hei rakyat tdk bodoh bos;apa betul untuk efisiensi atau jgn2 banyak komisi n spy gmpang untuk dikorupsi hei rakyat tidak bodoh bos;apa betul untuk efisiensi atau jgn2 banyak komisi spy gmpang untuk dikorupsi hei rakyat tidak bodoh bos;['apa', 'betul', 'untuk', 'efisiensi', 'atau', 'jgn2', 'banyak', 'komisi', 'spy', 'gmpang', 'untuk', 'dikorupsi', 'hei', 'rakyat', 'tidak', 'bodoh', 'bos'];Tidak Terdeteksi;Korupsi;Menolak;Menolak;Menolak
Cita cita ambisius pemerintah tidak di barengin dengan daya dukung dalam negri ini justru membuat gaduh;Cita cita ambisius pemerintah tidak di barengin dengan daya dukung dalam negri ini justru membuat gaduh;cita cita ambisius pemerintah tidak di barengin dengan daya dukung dalam negeri ini justru membuat gaduh;cita cita ambisius pemerintah tidak di barengin dengan daya dukung dalam negeri ini justru membuat gaduh;['cita', 'cita', 'ambisius', 'pemerintah', 'tidak', 'di', 'barengin', 'dengan', 'daya', 'dukung', 'dalam', 'negeri', 'ini', 'justru', 'membuat', 'gaduh'];Tidak Terdeteksi;Kebijakan;Mendukung;Mendukung;Menolak
Kalo saya sih g bakal mau belanja di koperasi itu biar bangkrut sekalian, bukannya membuka 19 juta lapangan pekerjaan malah mau ngerampok kerjaan yang sudah susah payah dibangun oleh orang lain.;Kalo saya sih g bakal mau belanja di koperasi itu biar bangkrut sekalian bukannya membuka 19 juta lapangan pekerjaan malah mau ngerampok kerjaan yang sudah susah payah dibangun oleh orang lain;kalau saya tidak bakal mau belanja di koperasi itu biar bangkrut sekalian bukannya membuka 19 juta lapangan pekerjaan malah mau ngerampok kerjaan yang sudah susah payah dibangun oleh orang lain;kalau saya tidak bakal mau belanja di koperasi itu biar bangkrut sekalian bukannya membuka 19 juta lapangan pekerjaan malah mau ngerampok kerjaan yang sudah susah payah dibangun oleh orang lain;['kalau', 'saya', 'tidak', 'bakal', 'mau', 'belanja', 'di', 'koperasi', 'itu', 'biar', 'bangkrut', 'sekalian', 'bukannya', 'membuka', '19', 'juta', 'lapangan', 'pekerjaan', 'malah', 'mau', 'ngerampok', 'kerjaan', 'yang', 'sudah', 'susah', 'payah', 'dibangun', 'oleh', 'orang', 'lain'];Tidak Terdeteksi;Lainnya;Netral;Netral;Menolak
pemerintahan kali ini ga ada well nya ngawur semua;pemerintahan kali ini ga ada well nya ngawur semua;pemerintahan kali ini tidak ada well nya ngawur semua;pemerintahan kali ini tidak ada well nya ngawur semua;['pemerintahan', 'kali', 'ini', 'tidak', 'ada', 'well', 'nya', 'ngawur', 'semua'];Tidak Terdeteksi;Kebijakan;Netral;Netral;Menolak
terkait desa desa yg tidak punya tanah untuk gudang dan kantor /bangunan koperasi merah putih ,solusinya apa ?;terkait desa desa yg tidak punya tanah untuk gudang dan kantor bangunan koperasi merah putih solusinya apa;terkait desa desa yang tidak punya tanah untuk gudang dan kantor bangunan koperasi desa merah putih solusinya apa;terkait desa desa yang tidak punya tanah untuk gudang dan kantor bangunan koperasi desa merah putih solusinya apa;['terkait', 'desa', 'desa', 'yang', 'tidak', 'punya', 'tanah', 'untuk', 'gudang', 'dan', 'kantor', 'bangunan', 'koperasi', 'desa', 'merah', 'putih', 'solusinya', 'apa'];KDMP;Lainnya;Mendukung;Mendukung;Diskusi
Dukung pemerintah, udh pasti yajg terbaik;Dukung pemerintah udh pasti yajg terbaik;dukung pemerintah sudah pasti yajg terbaik;dukung pemerintah sudah pasti yajg terbaik;['dukung', 'pemerintah', 'sudah', 'pasti', 'yajg', 'terbaik'];Tidak Terdeteksi;Kebijakan;Mendukung;Mendukung;Mendukung
mitsubishi L300 paling cocok untuk koperasi...harusnya!!!;mitsubishi L300 paling cocok untuk koperasi harusnya;mitsubishi l300 paling cocok untuk koperasi harusnya;mitsubishi l300 paling cocok untuk koperasi harusnya;['mitsubishi', 'l300', 'paling', 'cocok', 'untuk', 'koperasi', 'harusnya'];Tidak Terdeteksi;Lainnya;Netral;Netral;Mendukung
ya beginilah kalo hasil dari joget2 .. buat yg 58% kalo sembako mahal, biaya pendidikan mahal, biaya kesehatan mahal jangan ngeluh lu ya;ya beginilah kalo hasil dari joget2 buat yg 58 kalo sembako mahal biaya pendidikan mahal biaya kesehatan mahal jangan ngeluh lu ya;ya beginilah kalau hasil dari joget2 untuk yang 58 kalau sembako mahal biaya pendidikan mahal biaya kesehatan mahal jangan ngeluh kamu ya;beginilah kalau hasil dari joget2 untuk yang 58 kalau sembako mahal biaya pendidikan mahal biaya kesehatan mahal jangan ngeluh kamu;['beginilah', 'kalau', 'hasil', 'dari', 'joget2', 'untuk', 'yang', '58', 'kalau', 'sembako', 'mahal', 'biaya', 'pendidikan', 'mahal', 'biaya', 'kesehatan', 'mahal', 'jangan', 'ngeluh', 'kamu'];Tidak Terdeteksi;Lainnya;Menolak;Menolak;Menolak
Perintah Presiden?;Perintah Presiden;perintah presiden;perintah presiden;['perintah', 'presiden'];Prabowo;Lainnya;Netral;Netral;Diskusi
Biar tidak di korup para kroni2 desa saya dukung itu mantap;Biar tidak di korup para kroni2 desa saya dukung itu mantap;biar tidak di korup para kroni2 desa saya dukung itu mantap;biar tidak di korup para kroni2 desa saya dukung itu mantap;['biar', 'tidak', 'di', 'korup', 'para', 'kroni2', 'desa', 'saya', 'dukung', 'itu', 'mantap'];Tidak Terdeteksi;Lainnya;Mendukung;Mendukung;Mendukung
"Ada kemungkinan besar bangkrut 
Ini adalah proyek bagi bagi kue gerombolan Prabowo 
Seperti proyek MBG 
Siapa yg menanggung hutang masyarakat juga kan";Ada kemungkinan besar bangkrut Ini adalah proyek bagi bagi kue gerombolan Prabowo Seperti proyek MBG Siapa yg menanggung hutang masyarakat juga kan;ada kemungkinan besar bangkrut ini adalah proyek bagi bagi kue gerombolan prabowo seperti proyek mbg siapa yang menanggung hutang masyarakat juga;ada kemungkinan besar bangkrut ini adalah proyek bagi bagi kue gerombolan prabowo seperti proyek mbg siapa yang menanggung hutang masyarakat juga;['ada', 'kemungkinan', 'besar', 'bangkrut', 'ini', 'adalah', 'proyek', 'bagi', 'bagi', 'kue', 'gerombolan', 'prabowo', 'seperti', 'proyek', 'mbg', 'siapa', 'yang', 'menanggung', 'hutang', 'masyarakat', 'juga'];Prabowo;Lainnya;Netral;Netral;Menolak
Welcome orba part II;Welcome orba part II;welcome orde baru part ii;welcome orde baru part ii;['welcome', 'orde', 'baru', 'part', 'ii'];Tidak Terdeteksi;Militerisasi;Menolak;Menolak;Menolak
Pemimpin saat ini bisa saling mendukung demi kemajuan dan kesejahteraan bersama;Pemimpin saat ini bisa saling mendukung demi kemajuan dan kesejahteraan bersama;pemimpin saat ini bisa saling mendukung demi kemajuan dan kesejahteraan bersama;pemimpin saat ini bisa saling mendukung demi kemajuan dan kesejahteraan bersama;['pemimpin', 'saat', 'ini', 'bisa', 'saling', 'mendukung', 'demi', 'kemajuan', 'dan', 'kesejahteraan', 'bersama'];Tidak Terdeteksi;Lainnya;Mendukung;Mendukung;Mendukung
Otoriter nan Kejam;Otoriter nan Kejam;otoriter nan kejam;otoriter nan kejam;['otoriter', 'nan', 'kejam'];Tidak Terdeteksi;Lainnya;Menolak;Menolak;Menolak
usaha saja belum jalan dan terbukti berhasil kok sudah mencari manajer. Betapa bodohnya pemerintahan Prabowo saat ini.;usaha saja belum jalan dan terbukti berhasil kok sudah mencari manajer Betapa bodohnya pemerintahan Prabowo saat ini;usaha saja belum jalan dan terbukti berhasil sudah mencari manajer betapa bodohnya pemerintahan prabowo saat ini;usaha saja belum jalan dan terbukti berhasil sudah mencari manajer betapa bodohnya pemerintahan prabowo saat ini;['usaha', 'saja', 'belum', 'jalan', 'dan', 'terbukti', 'berhasil', 'sudah', 'mencari', 'manajer', 'betapa', 'bodohnya', 'pemerintahan', 'prabowo', 'saat', 'ini'];Prabowo;Kebijakan;Mendukung;Mendukung;Menolak
I;I;i;;[];Tidak Terdeteksi;Lainnya;Netral;Netral;Out_of_Topic
Tdk ada keinginan negara utk memajukan sdm dan ekonomi rakyatnya.negara ini sdh sngt rusak karena diisi pejabat2 yg hanya mementingkan kepentingan dirinya sendiri.padahal dari proyek ini bisa memberikan byk hal bagi rakyat sendiri sbg berikut..1.menciptakan lapangan kerja dan membangkitkan ekonomi rakyat sdh pasti ,2.memberikan kesempatan berinovasi dan pengalaman teknik bidang otomotif bagi anak2 muda..3.menciptakan pioner mobil nasional pertama yg diproduksi massal..4.jika kualitas dan produk mobil nasional bagus maka akan menjadi pemicu inddustri mobil nasional berkembang pesat..5.dari sebuah mobil terdapat byk ribuan sparepart yg bisa dijadikan pengalaman pembelajaran utk membuatnya mandiri..dan banyak hal lagi keuntungan yg didapat bukan hanya dari segi ekonomi.;Tdk ada keinginan negara utk memajukan sdm dan ekonomi rakyatnya negara ini sdh sngt rusak karena diisi pejabat2 yg hanya mementingkan kepentingan dirinya sendiri padahal dari proyek ini bisa memberikan byk hal bagi rakyat sendiri sbg berikut 1 menciptakan lapangan kerja dan membangkitkan ekonomi rakyat sdh pasti 2 memberikan kesempatan berinovasi dan pengalaman teknik bidang otomotif bagi anak2 muda 3 menciptakan pioner mobil nasional pertama yg diproduksi massal 4 jika kualitas dan produk mobil nasional bagus maka akan menjadi pemicu inddustri mobil nasional berkembang pesat 5 dari sebuah mobil terdapat byk ribuan sparepart yg bisa dijadikan pengalaman pembelajaran utk membuatnya mandiri dan banyak hal lagi keuntungan yg didapat bukan hanya dari segi ekonomi;tidak ada keinginan negara untuk memajukan sdm dan ekonomi rakyatnya negara ini sudah sngt rusak karena diisi pejabat2 yang hanya mementingkan kepentingan dirinya sendiri padahal dari proyek ini bisa memberikan byk hal bagi rakyat sendiri sbg berikut 1 menciptakan lapangan kerja dan membangkitkan ekonomi rakyat sudah pasti 2 memberikan kesempatan berinovasi dan pengalaman teknik bidang otomotif bagi anak2 muda 3 menciptakan pioner mobil nasional pertama yang diproduksi massal 4 jika kualitas dan produk mobil nasional bagus maka akan menjadi pemicu inddustri mobil nasional berkembang pesat 5 dari sebuah mobil terdapat byk ribuan sparepart yang bisa dijadikan pengalaman pembelajaran untuk membuatnya mandiri dan banyak hal lagi keuntungan yang didapat bukan hanya dari segi ekonomi;tidak ada keinginan negara untuk memajukan sdm dan ekonomi rakyatnya negara ini sudah sngt rusak karena diisi pejabat2 yang hanya mementingkan kepentingan dirinya sendiri padahal dari proyek ini bisa memberikan byk hal bagi rakyat sendiri sbg berikut menciptakan lapangan kerja dan membangkitkan ekonomi rakyat sudah pasti memberikan kesempatan berinovasi dan pengalaman teknik bidang otomotif bagi anak2 muda menciptakan pioner mobil nasional pertama yang diproduksi massal jika kualitas dan produk mobil nasional bagus maka akan menjadi pemicu inddustri mobil nasional berkembang pesat dari sebuah mobil terdapat byk ribuan sparepart yang bisa dijadikan pengalaman pembelajaran untuk membuatnya mandiri dan banyak hal lagi keuntungan yang didapat bukan hanya dari segi ekonomi;['tidak', 'ada', 'keinginan', 'negara', 'untuk', 'memajukan', 'sdm', 'dan', 'ekonomi', 'rakyatnya', 'negara', 'ini', 'sudah', 'sngt', 'rusak', 'karena', 'diisi', 'pejabat2', 'yang', 'hanya', 'mementingkan', 'kepentingan', 'dirinya', 'sendiri', 'padahal', 'dari', 'proyek', 'ini', 'bisa', 'memberikan', 'byk', 'hal', 'bagi', 'rakyat', 'sendiri', 'sbg', 'berikut', 'menciptakan', 'lapangan', 'kerja', 'dan', 'membangkitkan', 'ekonomi', 'rakyat', 'sudah', 'pasti', 'memberikan', 'kesempatan', 'berinovasi', 'dan', 'pengalaman', 'teknik', 'bidang', 'otomotif', 'bagi', 'anak2', 'muda', 'menciptakan', 'pioner', 'mobil', 'nasional', 'pertama', 'yang', 'diproduksi', 'massal', 'jika', 'kualitas', 'dan', 'produk', 'mobil', 'nasional', 'bagus', 'maka', 'akan', 'menjadi', 'pemicu', 'inddustri', 'mobil', 'nasional', 'berkembang', 'pesat', 'dari', 'sebuah', 'mobil', 'terdapat', 'byk', 'ribuan', 'sparepart', 'yang', 'bisa', 'dijadikan', 'pengalaman', 'pembelajaran', 'untuk', 'membuatnya', 'mandiri', 'dan', 'banyak', 'hal', 'lagi', 'keuntungan', 'yang', 'didapat', 'bukan', 'hanya', 'dari', 'segi', 'ekonomi'];Tidak Terdeteksi;Lainnya;Out_of_Topic;Out_of_Topic;Diskusi
Tanah air ku Indonesia ... Indonesia merdeka  Karana semua suku agama  rakyat bersatu dan berani  mati demi Indonesia tercinta;Tanah air ku Indonesia Indonesia merdeka Karana semua suku agama rakyat bersatu dan berani mati demi Indonesia tercinta;tanah air ku indonesia indonesia merdeka karana semua suku agama rakyat bersatu dan berani mati demi indonesia tercinta;tanah air ku indonesia indonesia merdeka karana semua suku agama rakyat bersatu dan berani mati demi indonesia tercinta;['tanah', 'air', 'ku', 'indonesia', 'indonesia', 'merdeka', 'karana', 'semua', 'suku', 'agama', 'rakyat', 'bersatu', 'dan', 'berani', 'mati', 'demi', 'indonesia', 'tercinta'];Tidak Terdeteksi;Lainnya;Netral;Netral;Out_of_Topic
Koperasi dikantor saya bisa berjalan karena simpanan wajib dipotong lansung dari gaji. Pengurusnya dikursuskan dan sertifikasi semua. Lha ini kopersi desa? ??????;Koperasi dikantor saya bisa berjalan karena simpanan wajib dipotong lansung dari gaji Pengurusnya dikursuskan dan sertifikasi semua Lha ini kopersi desa;koperasi dikantor saya bisa berjalan karena simpanan wajib dipotong lansung dari gaji pengurusnya dikursuskan dan sertifikasi semua lha ini kopersi desa;koperasi dikantor saya bisa berjalan karena simpanan wajib dipotong lansung dari gaji pengurusnya dikursuskan dan sertifikasi semua lha ini kopersi desa;['koperasi', 'dikantor', 'saya', 'bisa', 'berjalan', 'karena', 'simpanan', 'wajib', 'dipotong', 'lansung', 'dari', 'gaji', 'pengurusnya', 'dikursuskan', 'dan', 'sertifikasi', 'semua', 'lha', 'ini', 'kopersi', 'desa'];Tidak Terdeteksi;Pengelolaan;Diskusi;Diskusi;Menolak
"Kata negara maju, import kereta dari India buat apa? 

Tolong mangsa banjir, lengkapkan infrastruktur hospital, sekolah & lebuhraya, 
Bagi gaji guru-guru sekolah dengan selayaknya... 

Beli jet pejuang boleh, tapi rakyat miskin makin parah...";Kata negara maju import kereta dari India buat apa Tolong mangsa banjir lengkapkan infrastruktur hospital sekolah lebuhraya Bagi gaji guru guru sekolah dengan selayaknya Beli jet pejuang boleh tapi rakyat miskin makin parah;kata negara maju import kereta dari india untuk apa tolong mangsa banjir lengkapkan infrastruktur hospital sekolah lebuhraya bagi gaji guru guru sekolah dengan selayaknya beli jet pejuang boleh tapi rakyat miskin makin parah;kata negara maju import kereta dari india untuk apa tolong mangsa banjir lengkapkan infrastruktur hospital sekolah lebuhraya bagi gaji guru guru sekolah dengan selayaknya beli jet pejuang boleh tapi rakyat miskin makin parah;['kata', 'negara', 'maju', 'import', 'kereta', 'dari', 'india', 'untuk', 'apa', 'tolong', 'mangsa', 'banjir', 'lengkapkan', 'infrastruktur', 'hospital', 'sekolah', 'lebuhraya', 'bagi', 'gaji', 'guru', 'guru', 'sekolah', 'dengan', 'selayaknya', 'beli', 'jet', 'pejuang', 'boleh', 'tapi', 'rakyat', 'miskin', 'makin', 'parah'];Tidak Terdeteksi;Lainnya;Mendukung;Mendukung;Menolak
Ternyata 19 juta lapangan kerja baru tercipta di India. Selamat buat rakyat prindavan.;Ternyata 19 juta lapangan kerja baru tercipta di India Selamat buat rakyat prindavan;ternyata 19 juta lapangan kerja baru tercipta di india selamat untuk rakyat prindavan;ternyata 19 juta lapangan kerja baru tercipta di india selamat untuk rakyat prindavan;['ternyata', '19', 'juta', 'lapangan', 'kerja', 'baru', 'tercipta', 'di', 'india', 'selamat', 'untuk', 'rakyat', 'prindavan'];Tidak Terdeteksi;Lainnya;Mendukung;Mendukung;Menolak
Kan harganya murah 200 jt 4x4, jd gak usa ribut karna presiden sudah punya orogram dan sudah disetujui DapR;Kan harganya murah 200 jt 4x4 jd gak usa ribut karna presiden sudah punya orogram dan sudah disetujui DapR;harganya murah 200 jt 4x4 jadi tidak usa ribut karna presiden sudah punya orogram dan sudah disetujui dapr;harganya murah 200 jt 4x4 jadi tidak usa ribut karna presiden sudah punya orogram dan sudah disetujui dapr;['harganya', 'murah', '200', 'jt', '4x4', 'jadi', 'tidak', 'usa', 'ribut', 'karna', 'presiden', 'sudah', 'punya', 'orogram', 'dan', 'sudah', 'disetujui', 'dapr'];Prabowo;Lainnya;Mendukung;Mendukung;Menolak
Duplikasi dgn yg sudah ada d desa... Spt KUD, Bumdes atau usaha bersama milik warga desa..;Duplikasi dgn yg sudah ada d desa Spt KUD Bumdes atau usaha bersama milik warga desa;duplikasi dengan yang sudah ada d desa seperti koperasi unit desa badan usaha milik desa atau usaha bersama milik warga desa;duplikasi dengan yang sudah ada desa seperti koperasi unit desa badan usaha milik desa atau usaha bersama milik warga desa;['duplikasi', 'dengan', 'yang', 'sudah', 'ada', 'desa', 'seperti', 'koperasi', 'unit', 'desa', 'badan', 'usaha', 'milik', 'desa', 'atau', 'usaha', 'bersama', 'milik', 'warga', 'desa'];Tidak Terdeteksi;KUD;Netral;Netral;Diskusi
Bilang aja sipil mau ambil alih biar bisa korupsi;Bilang aja sipil mau ambil alih biar bisa korupsi;bilang saja sipil mau ambil alih biar bisa korupsi;bilang saja sipil mau ambil alih biar bisa korupsi;['bilang', 'saja', 'sipil', 'mau', 'ambil', 'alih', 'biar', 'bisa', 'korupsi'];Tidak Terdeteksi;Korupsi;Menolak;Menolak;Menolak
"Dalam Kajian Geografi Ekonomi:
Dampak positif ada persaingan sehat antara Koperasi Merah Putih dengan Supermarket modern, antara lain: 
1.Timbulnya evaluasi manajemen operasional Koperasi Merah Putih untuk perbaikan dan pengembangan operasional dan pelayanan konsumen Koperasi Merah Putih.
2.Mengembangkan strategis ke usaha lain sehingga membuka lapangan pekerjaan. 
3.Menimbulkan harga barang murah dan berkualitas untuk meningkatkan kepuasan konsumen. 
Dampak negatif Koperasi Merah Putih tidak mau bersaing dengan supermarket modern dan toko kelontongan, antara lain:
1.Memunculkan dugaan adanya oligarki dan oknum pejabat dalam proyek pelaksanaan Koperasi Merah Putih untuk mengambil untung besar pada dirinya sendiri dan kelompoknya. Bilangnya  untuk masyarakat tetapi untuk dirinya sendiri dan kelompoknya. 
2.Munculnya dugaan adanya korupsi pelaksanaan pembangunan gedung KMP yang mana pencairan dana dilapangan dipotong 30%  dengan alasan administrasi tapi perencanaan dan laporan tidak ditulis adanya potongan administrasi sehingga melakukan penutupan swalayan modern dan toko lainya agar bisa menutupi tindakan korupsinya dan dapat untung besar.
????????????";Dalam Kajian Geografi Ekonomi Dampak positif ada persaingan sehat antara Koperasi Merah Putih dengan Supermarket modern antara lain 1 Timbulnya evaluasi manajemen operasional Koperasi Merah Putih untuk perbaikan dan pengembangan operasional dan pelayanan konsumen Koperasi Merah Putih 2 Mengembangkan strategis ke usaha lain sehingga membuka lapangan pekerjaan 3 Menimbulkan harga barang murah dan berkualitas untuk meningkatkan kepuasan konsumen Dampak negatif Koperasi Merah Putih tidak mau bersaing dengan supermarket modern dan toko kelontongan antara lain 1 Memunculkan dugaan adanya oligarki dan oknum pejabat dalam proyek pelaksanaan Koperasi Merah Putih untuk mengambil untung besar pada dirinya sendiri dan kelompoknya Bilangnya untuk masyarakat tetapi untuk dirinya sendiri dan kelompoknya 2 Munculnya dugaan adanya korupsi pelaksanaan pembangunan gedung KMP yang mana pencairan dana dilapangan dipotong 30 dengan alasan administrasi tapi perencanaan dan laporan tidak ditulis adanya potongan administrasi sehingga melakukan penutupan swalayan modern dan toko lainya agar bisa menutupi tindakan korupsinya dan dapat untung besar;dalam kajian geografi ekonomi dampak positif ada persaingan sehat antara koperasi desa merah putih dengan supermarket modern antara lain 1 timbulnya evaluasi manajemen operasional koperasi desa merah putih untuk perbaikan dan pengembangan operasional dan pelayanan konsumen koperasi desa merah putih 2 mengembangkan strategis ke usaha lain sehingga membuka lapangan pekerjaan 3 menimbulkan harga barang murah dan berkualitas untuk meningkatkan kepuasan konsumen dampak negatif koperasi desa merah putih tidak mau bersaing dengan supermarket modern dan toko kelontongan antara lain 1 memunculkan dugaan adanya oligarki dan oknum pejabat dalam proyek pelaksanaan koperasi desa merah putih untuk mengambil untung besar pada dirinya sendiri dan kelompoknya bilangnya untuk masyarakat tetapi untuk dirinya sendiri dan kelompoknya 2 munculnya dugaan adanya korupsi pelaksanaan pembangunan gedung koperasi desa merah putih yang mana pencairan dana dilapangan dipotong 30 dengan alasan administrasi tapi perencanaan dan laporan tidak ditulis adanya potongan administrasi sehingga melakukan penutupan swalayan modern dan toko lainya agar bisa menutupi tindakan korupsinya dan dapat untung besar;dalam kajian geografi ekonomi dampak positif ada persaingan sehat antara koperasi desa merah putih dengan supermarket modern antara lain timbulnya evaluasi manajemen operasional koperasi desa merah putih untuk perbaikan dan pengembangan operasional dan pelayanan konsumen koperasi desa merah putih mengembangkan strategis ke usaha lain sehingga membuka lapangan pekerjaan menimbulkan harga barang murah dan berkualitas untuk meningkatkan kepuasan konsumen dampak negatif koperasi desa merah putih tidak mau bersaing dengan supermarket modern dan toko kelontongan antara lain memunculkan dugaan adanya oligarki dan oknum pejabat dalam proyek pelaksanaan koperasi desa merah putih untuk mengambil untung besar pada dirinya sendiri dan kelompoknya bilangnya untuk masyarakat tetapi untuk dirinya sendiri dan kelompoknya munculnya dugaan adanya korupsi pelaksanaan pembangunan gedung koperasi desa merah putih yang mana pencairan dana dilapangan dipotong 30 dengan alasan administrasi tapi perencanaan dan laporan tidak ditulis adanya potongan administrasi sehingga melakukan penutupan swalayan modern dan toko lainya agar bisa menutupi tindakan korupsinya dan dapat untung besar;['dalam', 'kajian', 'geografi', 'ekonomi', 'dampak', 'positif', 'ada', 'persaingan', 'sehat', 'antara', 'koperasi', 'desa', 'merah', 'putih', 'dengan', 'supermarket', 'modern', 'antara', 'lain', 'timbulnya', 'evaluasi', 'manajemen', 'operasional', 'koperasi', 'desa', 'merah', 'putih', 'untuk', 'perbaikan', 'dan', 'pengembangan', 'operasional', 'dan', 'pelayanan', 'konsumen', 'koperasi', 'desa', 'merah', 'putih', 'mengembangkan', 'strategis', 'ke', 'usaha', 'lain', 'sehingga', 'membuka', 'lapangan', 'pekerjaan', 'menimbulkan', 'harga', 'barang', 'murah', 'dan', 'berkualitas', 'untuk', 'meningkatkan', 'kepuasan', 'konsumen', 'dampak', 'negatif', 'koperasi', 'desa', 'merah', 'putih', 'tidak', 'mau', 'bersaing', 'dengan', 'supermarket', 'modern', 'dan', 'toko', 'kelontongan', 'antara', 'lain', 'memunculkan', 'dugaan', 'adanya', 'oligarki', 'dan', 'oknum', 'pejabat', 'dalam', 'proyek', 'pelaksanaan', 'koperasi', 'desa', 'merah', 'putih', 'untuk', 'mengambil', 'untung', 'besar', 'pada', 'dirinya', 'sendiri', 'dan', 'kelompoknya', 'bilangnya', 'untuk', 'masyarakat', 'tetapi', 'untuk', 'dirinya', 'sendiri', 'dan', 'kelompoknya', 'munculnya', 'dugaan', 'adanya', 'korupsi', 'pelaksanaan', 'pembangunan', 'gedung', 'koperasi', 'desa', 'merah', 'putih', 'yang', 'mana', 'pencairan', 'dana', 'dilapangan', 'dipotong', '30', 'dengan', 'alasan', 'administrasi', 'tapi', 'perencanaan', 'dan', 'laporan', 'tidak', 'ditulis', 'adanya', 'potongan', 'administrasi', 'sehingga', 'melakukan', 'penutupan', 'swalayan', 'modern', 'dan', 'toko', 'lainya', 'agar', 'bisa', 'menutupi', 'tindakan', 'korupsinya', 'dan', 'dapat', 'untung', 'besar'];KDMP;Korupsi, Pengelolaan;Diskusi;Diskusi;Diskusi
Selamat buat rakyat. Pengangguran makin merajalela. Rakyat ga dapat lapangan kerja, sudah diborong si anu sama si Ani, sekarang bukan dwifungsi lagi tapi multifungsi. Kok mereka ga memikirkan teknologi militer supaya  bisa bersaing dengan negara-negara lain malah mengurusi koperasi MBG.  Payah;Selamat buat rakyat Pengangguran makin merajalela Rakyat ga dapat lapangan kerja sudah diborong si anu sama si Ani sekarang bukan dwifungsi lagi tapi multifungsi Kok mereka ga memikirkan teknologi militer supaya bisa bersaing dengan negara negara lain malah mengurusi koperasi MBG Payah;selamat untuk rakyat pengangguran makin merajalela rakyat tidak dapat lapangan kerja sudah diborong si anu sama si ani sekarang bukan dwifungsi lagi tapi multifungsi mereka tidak memikirkan teknologi tni supaya bisa bersaing dengan negara negara lain malah mengurusi koperasi mbg payah;selamat untuk rakyat pengangguran makin merajalela rakyat tidak dapat lapangan kerja sudah diborong si anu sama si ani sekarang bukan dwifungsi lagi tapi multifungsi mereka tidak memikirkan teknologi tni supaya bisa bersaing dengan negara negara lain malah mengurusi koperasi mbg payah;['selamat', 'untuk', 'rakyat', 'pengangguran', 'makin', 'merajalela', 'rakyat', 'tidak', 'dapat', 'lapangan', 'kerja', 'sudah', 'diborong', 'si', 'anu', 'sama', 'si', 'ani', 'sekarang', 'bukan', 'dwifungsi', 'lagi', 'tapi', 'multifungsi', 'mereka', 'tidak', 'memikirkan', 'teknologi', 'tni', 'supaya', 'bisa', 'bersaing', 'dengan', 'negara', 'negara', 'lain', 'malah', 'mengurusi', 'koperasi', 'mbg', 'payah'];TNI;Militerisasi;Mendukung;Mendukung;Menolak
Pro kontra koperasi merah putih  harus betul betul kita pahami.   Krn kita tdk tau apakah merugikan masyarakat baik itu pedagang kecil atau merugikan semua unsur masyarakat;Pro kontra koperasi merah putih harus betul betul kita pahami Krn kita tdk tau apakah merugikan masyarakat baik itu pedagang kecil atau merugikan semua unsur masyarakat;pro kontra koperasi desa merah putih harus betul betul kita pahami karena kita tidak tahu apakah merugikan masyarakat baik itu pedagang kecil atau merugikan semua unsur masyarakat;pro kontra koperasi desa merah putih harus betul betul kita pahami karena kita tidak tahu apakah merugikan masyarakat baik itu pedagang kecil atau merugikan semua unsur masyarakat;['pro', 'kontra', 'koperasi', 'desa', 'merah', 'putih', 'harus', 'betul', 'betul', 'kita', 'pahami', 'karena', 'kita', 'tidak', 'tahu', 'apakah', 'merugikan', 'masyarakat', 'baik', 'itu', 'pedagang', 'kecil', 'atau', 'merugikan', 'semua', 'unsur', 'masyarakat'];KDMP;Lainnya;Diskusi;Diskusi;Diskusi
Klasik, itu cuman teori diatas kertas. Sy yakin itu proyek pencitraan aja. Demi Tuhan sy yakin tidak akan mengubah nasib rakyat secara adil dan langgeng. Jangan2 hanys untuk nguras uang negara;Klasik itu cuman teori diatas kertas Sy yakin itu proyek pencitraan aja Demi Tuhan sy yakin tidak akan mengubah nasib rakyat secara adil dan langgeng Jangan2 hanys untuk nguras uang negara;klasik itu cuman teori diatas kertas saya yakin itu proyek pencitraan saja demi tuhan saya yakin tidak akan mengubah nasib rakyat secara adil dan langgeng jangan2 hanys untuk nguras uang negara;klasik itu cuman teori diatas kertas saya yakin itu proyek pencitraan saja demi tuhan saya yakin tidak akan mengubah nasib rakyat secara adil dan langgeng jangan2 hanys untuk nguras uang negara;['klasik', 'itu', 'cuman', 'teori', 'diatas', 'kertas', 'saya', 'yakin', 'itu', 'proyek', 'pencitraan', 'saja', 'demi', 'tuhan', 'saya', 'yakin', 'tidak', 'akan', 'mengubah', 'nasib', 'rakyat', 'secara', 'adil', 'dan', 'langgeng', 'jangan2', 'hanys', 'untuk', 'nguras', 'uang', 'negara'];Tidak Terdeteksi;Lainnya;Menolak;Menolak;Menolak
Halah kalau dipegang kelurahan malah dikorupsi ama pala desa dan perangkatnya, malah enak kalau koperasi dikelola TNI NPL pasti rendah;Halah kalau dipegang kelurahan malah dikorupsi ama pala desa dan perangkatnya malah enak kalau koperasi dikelola TNI NPL pasti rendah;halah kalau dipegang kelurahan malah dikorupsi ama pala desa dan perangkatnya malah enak kalau koperasi dikelola tni npl pasti rendah;halah kalau dipegang kelurahan malah dikorupsi ama pala desa dan perangkatnya malah enak kalau koperasi dikelola tni npl pasti rendah;['halah', 'kalau', 'dipegang', 'kelurahan', 'malah', 'dikorupsi', 'ama', 'pala', 'desa', 'dan', 'perangkatnya', 'malah', 'enak', 'kalau', 'koperasi', 'dikelola', 'tni', 'npl', 'pasti', 'rendah'];TNI;Korupsi, Militerisasi;Menolak;Menolak;Mendukung
100% yakin koperasi ini akan jadi beban dikemudian hari karena keterlibatan partai....!!!!;100 yakin koperasi ini akan jadi beban dikemudian hari karena keterlibatan partai;100 yakin koperasi ini akan jadi beban dikemudian hari karena keterlibatan partai;100 yakin koperasi ini akan jadi beban dikemudian hari karena keterlibatan partai;['100', 'yakin', 'koperasi', 'ini', 'akan', 'jadi', 'beban', 'dikemudian', 'hari', 'karena', 'keterlibatan', 'partai'];Tidak Terdeteksi;Lainnya;Diskusi;Diskusi;Menolak
Kenapa orang2 sepeti ahok bu susi bu risma pk mahfud ga direkru jdi mentri atau jdi pejabat yg penting.ini yg di rekrut prampok mafia;Kenapa orang2 sepeti ahok bu susi bu risma pk mahfud ga direkru jdi mentri atau jdi pejabat yg penting ini yg di rekrut prampok mafia;kenapa orang2 sepeti ahok bu susi bu risma pk mahfud tidak direkru jdi mentri atau jdi pejabat yang penting ini yang di rekrut prampok mafia;kenapa orang2 sepeti ahok bu susi bu risma pk mahfud tidak direkru jdi mentri atau jdi pejabat yang penting ini yang di rekrut prampok mafia;['kenapa', 'orang2', 'sepeti', 'ahok', 'bu', 'susi', 'bu', 'risma', 'pk', 'mahfud', 'tidak', 'direkru', 'jdi', 'mentri', 'atau', 'jdi', 'pejabat', 'yang', 'penting', 'ini', 'yang', 'di', 'rekrut', 'prampok', 'mafia'];Tidak Terdeteksi;Lainnya;Netral;Netral;Menolak
"Tambahan informasi :
Ada 2 sumber dana untuk desa :
1. Alokasi Dana Desa (ADD) yg berasal Kabupaten. Sebagian besar digunakan untuk biaya operasional. 
2. Dana Desa (DD) berasal dari Pemerintah Pusat. Dana ini tdk dipakai untuk biaya operasional. Penggunaan dana ini diatur oleh Menteri Desa. 
Mengenai Koperasi Merah Putih, ada harapan baru untuk mengangkat perekonomian rakyat di Desa. Kita lihatlah perkembangannya. Kita berprasangka baik saja. Seandainya nanti disalah gunakan. Baru kita protes.";Tambahan informasi Ada 2 sumber dana untuk desa 1 Alokasi Dana Desa ADD yg berasal Kabupaten Sebagian besar digunakan untuk biaya operasional 2 Dana Desa DD berasal dari Pemerintah Pusat Dana ini tdk dipakai untuk biaya operasional Penggunaan dana ini diatur oleh Menteri Desa Mengenai Koperasi Merah Putih ada harapan baru untuk mengangkat perekonomian rakyat di Desa Kita lihatlah perkembangannya Kita berprasangka baik saja Seandainya nanti disalah gunakan Baru kita protes;tambahan informasi ada 2 sumber dana untuk desa 1 alokasi dana desa add yang berasal kabupaten sebagian besar digunakan untuk biaya operasional 2 dana desa dd berasal dari pemerintah pusat dana ini tidak dipakai untuk biaya operasional penggunaan dana ini diatur oleh menteri desa mengenai koperasi desa merah putih ada harapan baru untuk mengangkat perekonomian rakyat di desa kita lihatlah perkembangannya kita berprasangka baik saja seandainya nanti disalah gunakan baru kita protes;tambahan informasi ada sumber dana untuk desa alokasi dana desa add yang berasal kabupaten sebagian besar digunakan untuk biaya operasional dana desa dd berasal dari pemerintah pusat dana ini tidak dipakai untuk biaya operasional penggunaan dana ini diatur oleh menteri desa mengenai koperasi desa merah putih ada harapan baru untuk mengangkat perekonomian rakyat di desa kita lihatlah perkembangannya kita berprasangka baik saja seandainya nanti disalah gunakan baru kita protes;['tambahan', 'informasi', 'ada', 'sumber', 'dana', 'untuk', 'desa', 'alokasi', 'dana', 'desa', 'add', 'yang', 'berasal', 'kabupaten', 'sebagian', 'besar', 'digunakan', 'untuk', 'biaya', 'operasional', 'dana', 'desa', 'dd', 'berasal', 'dari', 'pemerintah', 'pusat', 'dana', 'ini', 'tidak', 'dipakai', 'untuk', 'biaya', 'operasional', 'penggunaan', 'dana', 'ini', 'diatur', 'oleh', 'menteri', 'desa', 'mengenai', 'koperasi', 'desa', 'merah', 'putih', 'ada', 'harapan', 'baru', 'untuk', 'mengangkat', 'perekonomian', 'rakyat', 'di', 'desa', 'kita', 'lihatlah', 'perkembangannya', 'kita', 'berprasangka', 'baik', 'saja', 'seandainya', 'nanti', 'disalah', 'gunakan', 'baru', 'kita', 'protes'];KDMP;Dana Desa, Kebijakan;Mendukung;Mendukung;Mendukung
"hari ini dari pembicaraan sama ibu"", ada mobilisasi dari desa untuk mengirim foto dan KTP untuk membuat kartu merah putih.. karena takut gak dapet pupuk dimasa depan banyak yang udah ngirim...";hari ini dari pembicaraan sama ibu ada mobilisasi dari desa untuk mengirim foto dan KTP untuk membuat kartu merah putih karena takut gak dapet pupuk dimasa depan banyak yang udah ngirim;hari ini dari pembicaraan sama ibu ada mobilisasi dari desa untuk mengirim foto dan ktp untuk membuat kartu merah putih karena takut tidak dapet pupuk dimasa depan banyak yang sudah ngirim;hari ini dari pembicaraan sama ibu ada mobilisasi dari desa untuk mengirim foto dan ktp untuk membuat kartu merah putih karena takut tidak dapet pupuk dimasa depan banyak yang sudah ngirim;['hari', 'ini', 'dari', 'pembicaraan', 'sama', 'ibu', 'ada', 'mobilisasi', 'dari', 'desa', 'untuk', 'mengirim', 'foto', 'dan', 'ktp', 'untuk', 'membuat', 'kartu', 'merah', 'putih', 'karena', 'takut', 'tidak', 'dapet', 'pupuk', 'dimasa', 'depan', 'banyak', 'yang', 'sudah', 'ngirim'];Tidak Terdeteksi;Lainnya;Diskusi;Diskusi;Diskusi
Makin nyata kebodohannya para pengemban amanah rakyat ini , dan semakin cepatlah menuju kehancurannya negeri ini , ????????;Makin nyata kebodohannya para pengemban amanah rakyat ini dan semakin cepatlah menuju kehancurannya negeri ini;makin nyata kebodohannya para pengemban amanah rakyat ini dan semakin cepatlah menuju kehancurannya negeri ini;makin nyata kebodohannya para pengemban amanah rakyat ini dan semakin cepatlah menuju kehancurannya negeri ini;['makin', 'nyata', 'kebodohannya', 'para', 'pengemban', 'amanah', 'rakyat', 'ini', 'dan', 'semakin', 'cepatlah', 'menuju', 'kehancurannya', 'negeri', 'ini'];Tidak Terdeteksi;Lainnya;Mendukung;Mendukung;Menolak
Ok gas ok gas tamba dua torang gas ??;Ok gas ok gas tamba dua torang gas;ok gas ok gas tamba dua torang gas;ok gas ok gas tamba dua torang gas;['ok', 'gas', 'ok', 'gas', 'tamba', 'dua', 'torang', 'gas'];Tidak Terdeteksi;Lainnya;Netral;Netral;Out_of_Topic
"Mnurut gw sbenernya gk jelas juga kalo ngasih modal tapi berupa barang yang koperasi sendiri gk butuhkan. Harganya sama aja sama warung, bukan grosir. Niat mau memonopoli harga didesa, mengurngi tengkulak tapi malah koperasinya dimonopoli BUMN. Hanya sebagai sales barang barang BUMN. 
Koperasi juga butuh biaya operasional. Bukan cuma barang. Butuh menyerap hasil dari masyarakat. Melihat potensi sendiri di desa.
Pemerintah Desa juga sebagai pemilik dana desa, tidak semuanya menyetujui, terkait pinjaman yang diagunkan 30%. Apalagi ini soal bangunan koperasi yang maksimal 3 Milyar. Harus juga pengaturannya dari dana desa. 
Sekarang banyak diantara kepala desa tidak mau memberikan tanah desanya. 

Sehingga aturan terkait program koperasi ini Masih banyak yang cacat aturan. Mulai hak dan wewenang, mekanisme, tidak melihat unsur sosiologis, psikologis, dan kultur masyarakat. Secara hukum pun, ini terkesan memaksakan.

Tolong TEMPO agar bisa menyampaikan kondisi real dimasyarakat ini.";Mnurut gw sbenernya gk jelas juga kalo ngasih modal tapi berupa barang yang koperasi sendiri gk butuhkan Harganya sama aja sama warung bukan grosir Niat mau memonopoli harga didesa mengurngi tengkulak tapi malah koperasinya dimonopoli BUMN Hanya sebagai sales barang barang BUMN Koperasi juga butuh biaya operasional Bukan cuma barang Butuh menyerap hasil dari masyarakat Melihat potensi sendiri di desa Pemerintah Desa juga sebagai pemilik dana desa tidak semuanya menyetujui terkait pinjaman yang diagunkan 30 Apalagi ini soal bangunan koperasi yang maksimal 3 Milyar Harus juga pengaturannya dari dana desa Sekarang banyak diantara kepala desa tidak mau memberikan tanah desanya Sehingga aturan terkait program koperasi ini Masih banyak yang cacat aturan Mulai hak dan wewenang mekanisme tidak melihat unsur sosiologis psikologis dan kultur masyarakat Secara hukum pun ini terkesan memaksakan Tolong TEMPO agar bisa menyampaikan kondisi real dimasyarakat ini;mnurut saya sbenernya tidak jelas juga kalau memberi modal tapi berupa barang yang koperasi sendiri tidak butuhkan harganya sama saja sama warung bukan grosir niat mau memonopoli harga didesa mengurngi tengkulak tapi malah koperasinya dimonopoli bumn hanya sebagai sales barang barang bumn koperasi juga butuh biaya operasional bukan hanya barang butuh menyerap hasil dari masyarakat melihat potensi sendiri di desa pemerintah desa juga sebagai pemilik dana desa tidak semuanya menyetujui terkait pinjaman yang diagunkan 30 apalagi ini soal bangunan koperasi yang maksimal 3 milyar harus juga pengaturannya dari dana desa sekarang banyak diantara kepala desa tidak mau memberikan tanah desanya sehingga aturan terkait program koperasi ini masih banyak yang cacat aturan mulai hak dan wewenang mekanisme tidak melihat unsur sosiologis psikologis dan kultur masyarakat secara hukum pun ini terkesan memaksakan tolong tempo agar bisa menyampaikan kondisi real dimasyarakat ini;mnurut saya sbenernya tidak jelas juga kalau memberi modal tapi berupa barang yang koperasi sendiri tidak butuhkan harganya sama saja sama warung bukan grosir niat mau memonopoli harga didesa mengurngi tengkulak tapi malah koperasinya dimonopoli bumn hanya sebagai sales barang barang bumn koperasi juga butuh biaya operasional bukan hanya barang butuh menyerap hasil dari masyarakat melihat potensi sendiri di desa pemerintah desa juga sebagai pemilik dana desa tidak semuanya menyetujui terkait pinjaman yang diagunkan 30 apalagi ini soal bangunan koperasi yang maksimal milyar harus juga pengaturannya dari dana desa sekarang banyak diantara kepala desa tidak mau memberikan tanah desanya sehingga aturan terkait program koperasi ini masih banyak yang cacat aturan mulai hak dan wewenang mekanisme tidak melihat unsur sosiologis psikologis dan kultur masyarakat secara hukum pun ini terkesan memaksakan tolong tempo agar bisa menyampaikan kondisi real dimasyarakat ini;['mnurut', 'saya', 'sbenernya', 'tidak', 'jelas', 'juga', 'kalau', 'memberi', 'modal', 'tapi', 'berupa', 'barang', 'yang', 'koperasi', 'sendiri', 'tidak', 'butuhkan', 'harganya', 'sama', 'saja', 'sama', 'warung', 'bukan', 'grosir', 'niat', 'mau', 'memonopoli', 'harga', 'didesa', 'mengurngi', 'tengkulak', 'tapi', 'malah', 'koperasinya', 'dimonopoli', 'bumn', 'hanya', 'sebagai', 'sales', 'barang', 'barang', 'bumn', 'koperasi', 'juga', 'butuh', 'biaya', 'operasional', 'bukan', 'hanya', 'barang', 'butuh', 'menyerap', 'hasil', 'dari', 'masyarakat', 'melihat', 'potensi', 'sendiri', 'di', 'desa', 'pemerintah', 'desa', 'juga', 'sebagai', 'pemilik', 'dana', 'desa', 'tidak', 'semuanya', 'menyetujui', 'terkait', 'pinjaman', 'yang', 'diagunkan', '30', 'apalagi', 'ini', 'soal', 'bangunan', 'koperasi', 'yang', 'maksimal', 'milyar', 'harus', 'juga', 'pengaturannya', 'dari', 'dana', 'desa', 'sekarang', 'banyak', 'diantara', 'kepala', 'desa', 'tidak', 'mau', 'memberikan', 'tanah', 'desanya', 'sehingga', 'aturan', 'terkait', 'program', 'koperasi', 'ini', 'masih', 'banyak', 'yang', 'cacat', 'aturan', 'mulai', 'hak', 'dan', 'wewenang', 'mekanisme', 'tidak', 'melihat', 'unsur', 'sosiologis', 'psikologis', 'dan', 'kultur', 'masyarakat', 'secara', 'hukum', 'pun', 'ini', 'terkesan', 'memaksakan', 'tolong', 'tempo', 'agar', 'bisa', 'menyampaikan', 'kondisi', 'real', 'dimasyarakat', 'ini'];Kades, Tempo;Dana Desa, Kebijakan, Media;Netral;Netral;Diskusi
Koprasi BLN scam;Koprasi BLN scam;koperasi bln scam;koperasi bln scam;['koperasi', 'bln', 'scam'];Tidak Terdeteksi;Lainnya;Netral;Netral;Menolak
"Prabowo pengin meniru orba, tapi dia terlalu jorok dan arogan, mainnya kurang Alus yg menyebabkan terlalu terlihat otoriter
Mestinya ambil dulu hati rakyat, dari yg setuju dia ataupun oposan dia";Prabowo pengin meniru orba tapi dia terlalu jorok dan arogan mainnya kurang Alus yg menyebabkan terlalu terlihat otoriter Mestinya ambil dulu hati rakyat dari yg setuju dia ataupun oposan dia;prabowo pengin meniru orde baru tapi dia terlalu jorok dan arogan mainnya kurang alus yang menyebabkan terlalu terlihat otoriter mestinya ambil dulu hati rakyat dari yang setuju dia ataupun oposan dia;prabowo pengin meniru orde baru tapi dia terlalu jorok dan arogan mainnya kurang alus yang menyebabkan terlalu terlihat otoriter mestinya ambil dulu hati rakyat dari yang setuju dia ataupun oposan dia;['prabowo', 'pengin', 'meniru', 'orde', 'baru', 'tapi', 'dia', 'terlalu', 'jorok', 'dan', 'arogan', 'mainnya', 'kurang', 'alus', 'yang', 'menyebabkan', 'terlalu', 'terlihat', 'otoriter', 'mestinya', 'ambil', 'dulu', 'hati', 'rakyat', 'dari', 'yang', 'setuju', 'dia', 'ataupun', 'oposan', 'dia'];Prabowo;Militerisasi;Diskusi;Diskusi;Menolak
Kembali ke laptop ..eh.. Kembali ke Orba;Kembali ke laptop eh Kembali ke Orba;kembali ke laptop eh kembali ke orde baru;kembali ke laptop kembali ke orde baru;['kembali', 'ke', 'laptop', 'kembali', 'ke', 'orde', 'baru'];Tidak Terdeteksi;Militerisasi;Menolak;Menolak;Menolak
Bisa. Yg diregulasi mulai dari harga jangan sampai terlalu mahal dari harga yg seharusnya, supply barang jangan ditimbun untuk manipulasi harga, dll;Bisa Yg diregulasi mulai dari harga jangan sampai terlalu mahal dari harga yg seharusnya supply barang jangan ditimbun untuk manipulasi harga dll;bisa yang diregulasi mulai dari harga jangan sampai terlalu mahal dari harga yang seharusnya supply barang jangan ditimbun untuk manipulasi harga dan lain-lain;bisa yang diregulasi mulai dari harga jangan sampai terlalu mahal dari harga yang seharusnya supply barang jangan ditimbun untuk manipulasi harga dan lain-lain;['bisa', 'yang', 'diregulasi', 'mulai', 'dari', 'harga', 'jangan', 'sampai', 'terlalu', 'mahal', 'dari', 'harga', 'yang', 'seharusnya', 'supply', 'barang', 'jangan', 'ditimbun', 'untuk', 'manipulasi', 'harga', 'dan', 'lain-lain'];Tidak Terdeteksi;Lainnya;Diskusi;Diskusi;Mendukung
Koperasi dari bawah, kalau dari atas   bukan koperasi namanya,  belajar dari swedia;Koperasi dari bawah kalau dari atas bukan koperasi namanya belajar dari swedia;koperasi dari bawah kalau dari atas bukan koperasi namanya belajar dari swedia;koperasi dari bawah kalau dari atas bukan koperasi namanya belajar dari swedia;['koperasi', 'dari', 'bawah', 'kalau', 'dari', 'atas', 'bukan', 'koperasi', 'namanya', 'belajar', 'dari', 'swedia'];Tidak Terdeteksi;Lainnya;Netral;Netral;Diskusi
Bakal jadi rongsokan beberapa tahun kemudian..karena sparepart zonk...????;Bakal jadi rongsokan beberapa tahun kemudian karena sparepart zonk;bakal jadi rongsokan beberapa tahun kemudian karena sparepart zonk;bakal jadi rongsokan beberapa tahun kemudian karena sparepart zonk;['bakal', 'jadi', 'rongsokan', 'beberapa', 'tahun', 'kemudian', 'karena', 'sparepart', 'zonk'];Tidak Terdeteksi;Lainnya;Diskusi;Diskusi;Menolak
Bocor alus mmg media yg pertama lepas dari kemilau cahaya joko widodo.kwren.lanjutkan dan tetap sebg penyeimbang;Bocor alus mmg media yg pertama lepas dari kemilau cahaya joko widodo kwren lanjutkan dan tetap sebg penyeimbang;bocor alus mmg media yang pertama lepas dari kemilau cahaya joko widodo kwren lanjutkan dan tetap sebg penyeimbang;bocor alus mmg media yang pertama lepas dari kemilau cahaya joko widodo kwren lanjutkan dan tetap sebg penyeimbang;['bocor', 'alus', 'mmg', 'media', 'yang', 'pertama', 'lepas', 'dari', 'kemilau', 'cahaya', 'joko', 'widodo', 'kwren', 'lanjutkan', 'dan', 'tetap', 'sebg', 'penyeimbang'];Tempo;Lainnya;Out_of_Topic;Out_of_Topic;Diskusi
Saya tidak setuju dengan program pemerintah atas mobil india ini. Tapi mereka ribut-ribut karena tidak kebagian kue. Kalau memang mengatasnamakan industri otomotif nasional kenapa tidak ribut karena tidak memakai ESEMKA?;Saya tidak setuju dengan program pemerintah atas mobil india ini Tapi mereka ribut ribut karena tidak kebagian kue Kalau memang mengatasnamakan industri otomotif nasional kenapa tidak ribut karena tidak memakai ESEMKA;saya tidak setuju dengan program pemerintah atas mobil india ini tapi mereka ribut ribut karena tidak kebagian kue kalau memang mengatasnamakan industri otomotif nasional kenapa tidak ribut karena tidak memakai esemka;saya tidak setuju dengan program pemerintah atas mobil india ini tapi mereka ribut ribut karena tidak kebagian kue kalau memang mengatasnamakan industri otomotif nasional kenapa tidak ribut karena tidak memakai esemka;['saya', 'tidak', 'setuju', 'dengan', 'program', 'pemerintah', 'atas', 'mobil', 'india', 'ini', 'tapi', 'mereka', 'ribut', 'ribut', 'karena', 'tidak', 'kebagian', 'kue', 'kalau', 'memang', 'mengatasnamakan', 'industri', 'otomotif', 'nasional', 'kenapa', 'tidak', 'ribut', 'karena', 'tidak', 'memakai', 'esemka'];Tidak Terdeteksi;Kebijakan;Diskusi;Diskusi;Menolak
Ini program KDMP Ngga bener... Masa koperasi DIPAKSA..?  Desa Dikorbankan... Negara apa ini Komunis..? Kerajaan..?? Dimana Titah Penguasa tidak bisa ditolak..? Bisa jadi Kenyataan Perlahan dan Pasti Prabowo akan Menghancurkan Indonesia di 2030;Ini program KDMP Ngga bener Masa koperasi DIPAKSA Desa Dikorbankan Negara apa ini Komunis Kerajaan Dimana Titah Penguasa tidak bisa ditolak Bisa jadi Kenyataan Perlahan dan Pasti Prabowo akan Menghancurkan Indonesia di 2030;ini program koperasi desa merah putih tidak benar masa koperasi dipaksa desa dikorbankan negara apa ini komunis kerajaan dimana titah penguasa tidak bisa ditolak bisa jadi kenyataan perlahan dan pasti prabowo akan menghancurkan indonesia di 2030;ini program koperasi desa merah putih tidak benar masa koperasi dipaksa desa dikorbankan negara apa ini komunis kerajaan dimana titah penguasa tidak bisa ditolak bisa jadi kenyataan perlahan dan pasti prabowo akan menghancurkan indonesia di 2030;['ini', 'program', 'koperasi', 'desa', 'merah', 'putih', 'tidak', 'benar', 'masa', 'koperasi', 'dipaksa', 'desa', 'dikorbankan', 'negara', 'apa', 'ini', 'komunis', 'kerajaan', 'dimana', 'titah', 'penguasa', 'tidak', 'bisa', 'ditolak', 'bisa', 'jadi', 'kenyataan', 'perlahan', 'dan', 'pasti', 'prabowo', 'akan', 'menghancurkan', 'indonesia', 'di', '2030'];Prabowo, KDMP;Kebijakan;Menolak;Menolak;Menolak
Kok gak pakai produksi MAUNG ..sebenarnya kalau memang benar Bapak President ingin mendukung program mobil nasional seperti yang disampaikan pas kampanye,ini adalah moment yang pas, untuk mengenalkan ke masyarakat tentang mobil nasional. Kok malah pakai mobil produk prindavan, mungkin sebagian masyarakat juga merasa kecewa????;Kok gak pakai produksi MAUNG sebenarnya kalau memang benar Bapak President ingin mendukung program mobil nasional seperti yang disampaikan pas kampanye ini adalah moment yang pas untuk mengenalkan ke masyarakat tentang mobil nasional Kok malah pakai mobil produk prindavan mungkin sebagian masyarakat juga merasa kecewa;tidak pakai produksi maung sebenarnya kalau memang benar bapak president ingin mendukung program mobil nasional seperti yang disampaikan pas kampanye ini adalah moment yang pas untuk mengenalkan ke masyarakat tentang mobil nasional malah pakai mobil produk prindavan mungkin sebagian masyarakat juga merasa kecewa;tidak pakai produksi maung sebenarnya kalau memang benar bapak president ingin mendukung program mobil nasional seperti yang disampaikan pas kampanye ini adalah moment yang pas untuk mengenalkan ke masyarakat tentang mobil nasional malah pakai mobil produk prindavan mungkin sebagian masyarakat juga merasa kecewa;['tidak', 'pakai', 'produksi', 'maung', 'sebenarnya', 'kalau', 'memang', 'benar', 'bapak', 'president', 'ingin', 'mendukung', 'program', 'mobil', 'nasional', 'seperti', 'yang', 'disampaikan', 'pas', 'kampanye', 'ini', 'adalah', 'moment', 'yang', 'pas', 'untuk', 'mengenalkan', 'ke', 'masyarakat', 'tentang', 'mobil', 'nasional', 'malah', 'pakai', 'mobil', 'produk', 'prindavan', 'mungkin', 'sebagian', 'masyarakat', 'juga', 'merasa', 'kecewa'];Prabowo;Kebijakan;Mendukung;Mendukung;Menolak
Koperasi itu badan usaha berasas keanggotaan, yg berarti datang dan bergeraknya dari bawah. Ini kok malah dibikinin dari atas? Siapa yg mau jadi anggota dan gerakin klo gtu? Secara fundamental koperasi aja udh salah. Aneh bgt??;Koperasi itu badan usaha berasas keanggotaan yg berarti datang dan bergeraknya dari bawah Ini kok malah dibikinin dari atas Siapa yg mau jadi anggota dan gerakin klo gtu Secara fundamental koperasi aja udh salah Aneh bgt;koperasi itu badan usaha berasas keanggotaan yang berarti datang dan bergeraknya dari bawah ini malah dibikinin dari atas siapa yang mau jadi anggota dan gerakin kalau gtu secara fundamental koperasi saja sudah salah aneh sekali;koperasi itu badan usaha berasas keanggotaan yang berarti datang dan bergeraknya dari bawah ini malah dibikinin dari atas siapa yang mau jadi anggota dan gerakin kalau gtu secara fundamental koperasi saja sudah salah aneh sekali;['koperasi', 'itu', 'badan', 'usaha', 'berasas', 'keanggotaan', 'yang', 'berarti', 'datang', 'dan', 'bergeraknya', 'dari', 'bawah', 'ini', 'malah', 'dibikinin', 'dari', 'atas', 'siapa', 'yang', 'mau', 'jadi', 'anggota', 'dan', 'gerakin', 'kalau', 'gtu', 'secara', 'fundamental', 'koperasi', 'saja', 'sudah', 'salah', 'aneh', 'sekali'];Tidak Terdeteksi;Pengelolaan;Menolak;Menolak;Menolak
TEMPO,tolong kawal Program Koperasi Merah putih ini.Di provinsi Papua,kepala desa dan aparatnya serta masyarakat di desa-desa, belum dan tidak memahami,tentang: Kehadiran Koperasi Merah Putih.Kemudian ada muncul lagi program Koperasi Nelayan Merah Putih.;TEMPO tolong kawal Program Koperasi Merah putih ini Di provinsi Papua kepala desa dan aparatnya serta masyarakat di desa desa belum dan tidak memahami tentang Kehadiran Koperasi Merah Putih Kemudian ada muncul lagi program Koperasi Nelayan Merah Putih;tempo tolong kawal program koperasi desa merah putih ini di provinsi papua kepala desa dan aparatnya serta masyarakat di desa desa belum dan tidak memahami tentang kehadiran koperasi desa merah putih kemudian ada muncul lagi program koperasi nelayan merah putih;tempo tolong kawal program koperasi desa merah putih ini di provinsi papua kepala desa dan aparatnya serta masyarakat di desa desa belum dan tidak memahami tentang kehadiran koperasi desa merah putih kemudian ada muncul lagi program koperasi nelayan merah putih;['tempo', 'tolong', 'kawal', 'program', 'koperasi', 'desa', 'merah', 'putih', 'ini', 'di', 'provinsi', 'papua', 'kepala', 'desa', 'dan', 'aparatnya', 'serta', 'masyarakat', 'di', 'desa', 'desa', 'belum', 'dan', 'tidak', 'memahami', 'tentang', 'kehadiran', 'koperasi', 'desa', 'merah', 'putih', 'kemudian', 'ada', 'muncul', 'lagi', 'program', 'koperasi', 'nelayan', 'merah', 'putih'];Kades, Tempo, KDMP;Kebijakan, Media;Out_of_Topic;Out_of_Topic;Diskusi
Yg untung ormas;Yg untung ormas;yang untung ormas;yang untung ormas;['yang', 'untung', 'ormas'];Tidak Terdeteksi;Lainnya;Netral;Netral;Menolak
Saya shi ngk masalah kalo niatnya baik.;Saya shi ngk masalah kalo niatnya baik;saya shi ngk masalah kalau niatnya baik;saya shi ngk masalah kalau niatnya baik;['saya', 'shi', 'ngk', 'masalah', 'kalau', 'niatnya', 'baik'];Tidak Terdeteksi;Lainnya;Mendukung;Mendukung;Mendukung
"Ini lebih penerapan sistem ekonomi sosialis, negara yg urus, jauh kalau bicara keuntungan dibanding sistem kapitalis.
Anggap saja pos logistik jika pasar sedang kacau.";Ini lebih penerapan sistem ekonomi sosialis negara yg urus jauh kalau bicara keuntungan dibanding sistem kapitalis Anggap saja pos logistik jika pasar sedang kacau;ini lebih penerapan sistem ekonomi sosialis negara yang urus jauh kalau bicara keuntungan dibanding sistem kapitalis anggap saja pos logistik jika pasar sedang kacau;ini lebih penerapan sistem ekonomi sosialis negara yang urus jauh kalau bicara keuntungan dibanding sistem kapitalis anggap saja pos logistik jika pasar sedang kacau;['ini', 'lebih', 'penerapan', 'sistem', 'ekonomi', 'sosialis', 'negara', 'yang', 'urus', 'jauh', 'kalau', 'bicara', 'keuntungan', 'dibanding', 'sistem', 'kapitalis', 'anggap', 'saja', 'pos', 'logistik', 'jika', 'pasar', 'sedang', 'kacau'];Tidak Terdeteksi;Lainnya;Diskusi;Diskusi;Menolak
"Maaf tetap kurang tajam :
1. Harga Gas LPG 3kg harga subsudi dari pemerintah diangka 12.750 (koreksi kalo masih salah)
2. Kalo Program KDMP ini berjualan Retail, sedangkan anggotanya adalah selurah rakyat yg ber KTP Indonesia yg oStosmatis akan berdakpak pada pembelanjaan Retail diwilayah Desa / Kelurahan setempat ... tolong dihitung berapa banyak UKM (warung sembako kampung) yg akan mati usaha .. 
Terima kasih atas ulasan2nya .. 
Lain kali tolong yg lebih detail lagi ..";Maaf tetap kurang tajam 1 Harga Gas LPG 3kg harga subsudi dari pemerintah diangka 12 750 koreksi kalo masih salah 2 Kalo Program KDMP ini berjualan Retail sedangkan anggotanya adalah selurah rakyat yg ber KTP Indonesia yg oStosmatis akan berdakpak pada pembelanjaan Retail diwilayah Desa Kelurahan setempat tolong dihitung berapa banyak UKM warung sembako kampung yg akan mati usaha Terima kasih atas ulasan2nya Lain kali tolong yg lebih detail lagi;maaf tetap kurang tajam 1 harga gas lpg 3kg harga subsudi dari pemerintah diangka 12 750 koreksi kalau masih salah 2 kalau program koperasi desa merah putih ini berjualan retail sedangkan anggotanya adalah selurah rakyat yang ber ktp indonesia yang ostosmatis akan berdakpak pada pembelanjaan retail diwilayah desa kelurahan setempat tolong dihitung berapa banyak ukm warung sembako kampung yang akan mati usaha terima kasih atas ulasan2nya lain kali tolong yang lebih detail lagi;maaf tetap kurang tajam harga gas lpg 3kg harga subsudi dari pemerintah diangka 12 750 koreksi kalau masih salah kalau program koperasi desa merah putih ini berjualan retail sedangkan anggotanya adalah selurah rakyat yang ber ktp indonesia yang ostosmatis akan berdakpak pada pembelanjaan retail diwilayah desa kelurahan setempat tolong dihitung berapa banyak ukm warung sembako kampung yang akan mati usaha terima kasih atas ulasan2nya lain kali tolong yang lebih detail lagi;['maaf', 'tetap', 'kurang', 'tajam', 'harga', 'gas', 'lpg', '3kg', 'harga', 'subsudi', 'dari', 'pemerintah', 'diangka', '12', '750', 'koreksi', 'kalau', 'masih', 'salah', 'kalau', 'program', 'koperasi', 'desa', 'merah', 'putih', 'ini', 'berjualan', 'retail', 'sedangkan', 'anggotanya', 'adalah', 'selurah', 'rakyat', 'yang', 'ber', 'ktp', 'indonesia', 'yang', 'ostosmatis', 'akan', 'berdakpak', 'pada', 'pembelanjaan', 'retail', 'diwilayah', 'desa', 'kelurahan', 'setempat', 'tolong', 'dihitung', 'berapa', 'banyak', 'ukm', 'warung', 'sembako', 'kampung', 'yang', 'akan', 'mati', 'usaha', 'terima', 'kasih', 'atas', 'ulasan2nya', 'lain', 'kali', 'tolong', 'yang', 'lebih', 'detail', 'lagi'];KDMP;Pengelolaan, Kebijakan;Mendukung;Mendukung;Diskusi
ya resiko ada di banknya kalo kreditnya nunggak besar-besaran, maka sistem perbankan di negara ini bisa hancur lebur;ya resiko ada di banknya kalo kreditnya nunggak besar besaran maka sistem perbankan di negara ini bisa hancur lebur;ya risiko ada di banknya kalau kreditnya nunggak besar besaran maka sistem perbankan di negara ini bisa hancur lebur;risiko ada di banknya kalau kreditnya nunggak besar besaran maka sistem perbankan di negara ini bisa hancur lebur;['risiko', 'ada', 'di', 'banknya', 'kalau', 'kreditnya', 'nunggak', 'besar', 'besaran', 'maka', 'sistem', 'perbankan', 'di', 'negara', 'ini', 'bisa', 'hancur', 'lebur'];Tidak Terdeteksi;Lainnya;Netral;Netral;Menolak
Sekarang di setiap desa sudah ada BUMDES, kenapa tidak mengembangkan dan memajukan bumdes saja baik permodalannya maupun manajemen organisasinya.;Sekarang di setiap desa sudah ada BUMDES kenapa tidak mengembangkan dan memajukan bumdes saja baik permodalannya maupun manajemen organisasinya;sekarang di setiap desa sudah ada badan usaha milik desa kenapa tidak mengembangkan dan memajukan badan usaha milik desa saja baik permodalannya maupun manajemen organisasinya;sekarang di setiap desa sudah ada badan usaha milik desa kenapa tidak mengembangkan dan memajukan badan usaha milik desa saja baik permodalannya maupun manajemen organisasinya;['sekarang', 'di', 'setiap', 'desa', 'sudah', 'ada', 'badan', 'usaha', 'milik', 'desa', 'kenapa', 'tidak', 'mengembangkan', 'dan', 'memajukan', 'badan', 'usaha', 'milik', 'desa', 'saja', 'baik', 'permodalannya', 'maupun', 'manajemen', 'organisasinya'];Tidak Terdeteksi;Pengelolaan;Mendukung;Mendukung;Diskusi
Lebih parah dari zaman Orde Baru;Lebih parah dari zaman Orde Baru;lebih parah dari zaman orde baru;lebih parah dari zaman orde baru;['lebih', 'parah', 'dari', 'zaman', 'orde', 'baru'];Tidak Terdeteksi;Militerisasi;Menolak;Menolak;Menolak
Ada lagi koperasi nasional merah putih, ????;Ada lagi koperasi nasional merah putih;ada lagi koperasi nasional merah putih;ada lagi koperasi nasional merah putih;['ada', 'lagi', 'koperasi', 'nasional', 'merah', 'putih'];Tidak Terdeteksi;Lainnya;Netral;Netral;Netral
"Tempo ini penipu.
apa yang dipaparkan tidak sesuai dengan yang terjadi di desa.??
Dana Koperasi Merah Putih tidak diambil dari Dana Desa, hanya pendaftaran di Notaris saja yang menggunakan Dana Desa sebesar Rp. 2.500.000.
Tempo bikin gaduh.";Tempo ini penipu apa yang dipaparkan tidak sesuai dengan yang terjadi di desa Dana Koperasi Merah Putih tidak diambil dari Dana Desa hanya pendaftaran di Notaris saja yang menggunakan Dana Desa sebesar Rp 2 500 000 Tempo bikin gaduh;tempo ini penipu apa yang dipaparkan tidak sesuai dengan yang terjadi di desa dana koperasi desa merah putih tidak diambil dari dana desa hanya pendaftaran di notaris saja yang menggunakan dana desa sebesar rp 2 500 000 tempo membuat gaduh;tempo ini penipu apa yang dipaparkan tidak sesuai dengan yang terjadi di desa dana koperasi desa merah putih tidak diambil dari dana desa hanya pendaftaran di notaris saja yang menggunakan dana desa sebesar rp 500 000 tempo membuat gaduh;['tempo', 'ini', 'penipu', 'apa', 'yang', 'dipaparkan', 'tidak', 'sesuai', 'dengan', 'yang', 'terjadi', 'di', 'desa', 'dana', 'koperasi', 'desa', 'merah', 'putih', 'tidak', 'diambil', 'dari', 'dana', 'desa', 'hanya', 'pendaftaran', 'di', 'notaris', 'saja', 'yang', 'menggunakan', 'dana', 'desa', 'sebesar', 'rp', '500', '000', 'tempo', 'membuat', 'gaduh'];Tempo, KDMP;Dana Desa, Media;Netral;Netral;Menolak
Programe neko2. Gak mikirin ekonomi rakyat tapi yg di pikir bisnisnya para pejabat. Kalau seperti ini bagaimana negara ini mau bisa maju. Ini programnya orang stres.;Programe neko2 Gak mikirin ekonomi rakyat tapi yg di pikir bisnisnya para pejabat Kalau seperti ini bagaimana negara ini mau bisa maju Ini programnya orang stres;programe neko2 tidak mikirin ekonomi rakyat tapi yang di pikir bisnisnya para pejabat kalau seperti ini bagaimana negara ini mau bisa maju ini programnya orang stres;programe neko2 tidak mikirin ekonomi rakyat tapi yang di pikir bisnisnya para pejabat kalau seperti ini bagaimana negara ini mau bisa maju ini programnya orang stres;['programe', 'neko2', 'tidak', 'mikirin', 'ekonomi', 'rakyat', 'tapi', 'yang', 'di', 'pikir', 'bisnisnya', 'para', 'pejabat', 'kalau', 'seperti', 'ini', 'bagaimana', 'negara', 'ini', 'mau', 'bisa', 'maju', 'ini', 'programnya', 'orang', 'stres'];Tidak Terdeteksi;Kebijakan;Mendukung;Mendukung;Menolak
Betapa bijaksananya jika pembangunan fisik KDMP dilaksanakan secara Padat Karya Tunai Desa (PKTD) oleh warganya sehingga menjadi berkah.??;Betapa bijaksananya jika pembangunan fisik KDMP dilaksanakan secara Padat Karya Tunai Desa PKTD oleh warganya sehingga menjadi berkah;betapa bijaksananya jika pembangunan fisik koperasi desa merah putih dilaksanakan secara padat karya tunai desa pktd oleh warganya sehingga menjadi berkah;betapa bijaksananya jika pembangunan fisik koperasi desa merah putih dilaksanakan secara padat karya tunai desa pktd oleh warganya sehingga menjadi berkah;['betapa', 'bijaksananya', 'jika', 'pembangunan', 'fisik', 'koperasi', 'desa', 'merah', 'putih', 'dilaksanakan', 'secara', 'padat', 'karya', 'tunai', 'desa', 'pktd', 'oleh', 'warganya', 'sehingga', 'menjadi', 'berkah'];KDMP;Lainnya;Diskusi;Diskusi;Mendukung
Koperasi dari, oleh & untuk rakyat. Bukannya  profesional, pengalaman selama ini sangat jarang koperasi sukses kecuali koperasi-2an.;Koperasi dari oleh untuk rakyat Bukannya profesional pengalaman selama ini sangat jarang koperasi sukses kecuali koperasi 2an;koperasi dari oleh untuk rakyat bukannya profesional pengalaman selama ini sangat jarang koperasi sukses kecuali koperasi 2an;koperasi dari oleh untuk rakyat bukannya profesional pengalaman selama ini sangat jarang koperasi sukses kecuali koperasi 2an;['koperasi', 'dari', 'oleh', 'untuk', 'rakyat', 'bukannya', 'profesional', 'pengalaman', 'selama', 'ini', 'sangat', 'jarang', 'koperasi', 'sukses', 'kecuali', 'koperasi', '2an'];Tidak Terdeteksi;Lainnya;Diskusi;Diskusi;Menolak
Kelihatan banget perencanaannya kacau bos..., perencanaannya bagus aja masalah ada aja..., kalau organisasi yg perencanaannya kacau hampir pasti hasilnya jauh dari harapan..alias GAGAL...;Kelihatan banget perencanaannya kacau bos perencanaannya bagus aja masalah ada aja kalau organisasi yg perencanaannya kacau hampir pasti hasilnya jauh dari harapan alias GAGAL;kelihatan sekali perencanaannya kacau bos perencanaannya bagus saja masalah ada saja kalau organisasi yang perencanaannya kacau hampir pasti hasilnya jauh dari harapan alias gagal;kelihatan sekali perencanaannya kacau bos perencanaannya bagus saja masalah ada saja kalau organisasi yang perencanaannya kacau hampir pasti hasilnya jauh dari harapan alias gagal;['kelihatan', 'sekali', 'perencanaannya', 'kacau', 'bos', 'perencanaannya', 'bagus', 'saja', 'masalah', 'ada', 'saja', 'kalau', 'organisasi', 'yang', 'perencanaannya', 'kacau', 'hampir', 'pasti', 'hasilnya', 'jauh', 'dari', 'harapan', 'alias', 'gagal'];Tidak Terdeteksi;Lainnya;Netral;Netral;Menolak
Yang dibingunkan itu, kenapa menjalankan proyek, eh program flagship barengan di tengah adanya defisit dan hutang yang jatuh tempo ya? Maksudnya, ga bisa apa kalau satu satu dan dibuat contohnya dulu satu dua tahun biar kelihatan dampaknya? Saya bingung...;Yang dibingunkan itu kenapa menjalankan proyek eh program flagship barengan di tengah adanya defisit dan hutang yang jatuh tempo ya Maksudnya ga bisa apa kalau satu satu dan dibuat contohnya dulu satu dua tahun biar kelihatan dampaknya Saya bingung;yang dibingunkan itu kenapa menjalankan proyek eh program flagship barengan di tengah adanya defisit dan hutang yang jatuh tempo ya maksudnya tidak bisa apa kalau satu satu dan dibuat contohnya dulu satu dua tahun biar kelihatan dampaknya saya bingung;yang dibingunkan itu kenapa menjalankan proyek program flagship barengan di tengah adanya defisit dan hutang yang jatuh tempo maksudnya tidak bisa apa kalau satu satu dan dibuat contohnya dulu satu dua tahun biar kelihatan dampaknya saya bingung;['yang', 'dibingunkan', 'itu', 'kenapa', 'menjalankan', 'proyek', 'program', 'flagship', 'barengan', 'di', 'tengah', 'adanya', 'defisit', 'dan', 'hutang', 'yang', 'jatuh', 'tempo', 'maksudnya', 'tidak', 'bisa', 'apa', 'kalau', 'satu', 'satu', 'dan', 'dibuat', 'contohnya', 'dulu', 'satu', 'dua', 'tahun', 'biar', 'kelihatan', 'dampaknya', 'saya', 'bingung'];Tempo;Kebijakan, Media;Diskusi;Diskusi;Diskusi
Bagus tni dilibatkan koperasi merah putih siap satu komando dari pada sipil;Bagus tni dilibatkan koperasi merah putih siap satu komando dari pada sipil;bagus tni dilibatkan koperasi desa merah putih siap satu komando dari pada sipil;bagus tni dilibatkan koperasi desa merah putih siap satu komando dari pada sipil;['bagus', 'tni', 'dilibatkan', 'koperasi', 'desa', 'merah', 'putih', 'siap', 'satu', 'komando', 'dari', 'pada', 'sipil'];TNI, KDMP;Militerisasi;Mendukung;Mendukung;Mendukung
"Coba bahas BBM pertalit sebelum subsidi 16.000
Pas subsidi 10.000
Pertamak non subsidi 12.300
Di harga pasar 12.600
Ko bisa  pertalit non subsidi  harga.a lebih mahal sama pertamak non subsidi ....?";Coba bahas BBM pertalit sebelum subsidi 16 000 Pas subsidi 10 000 Pertamak non subsidi 12 300 Di harga pasar 12 600 Ko bisa pertalit non subsidi harga a lebih mahal sama pertamak non subsidi;coba bahas bbm pertalit sebelum subsidi 16 000 pas subsidi 10 000 pertamak non subsidi 12 300 di harga pasar 12 600 ko bisa pertalit non subsidi harga a lebih mahal sama pertamak non subsidi;coba bahas bbm pertalit sebelum subsidi 16 000 pas subsidi 10 000 pertamak non subsidi 12 300 di harga pasar 12 600 ko bisa pertalit non subsidi harga lebih mahal sama pertamak non subsidi;['coba', 'bahas', 'bbm', 'pertalit', 'sebelum', 'subsidi', '16', '000', 'pas', 'subsidi', '10', '000', 'pertamak', 'non', 'subsidi', '12', '300', 'di', 'harga', 'pasar', '12', '600', 'ko', 'bisa', 'pertalit', 'non', 'subsidi', 'harga', 'lebih', 'mahal', 'sama', 'pertamak', 'non', 'subsidi'];Tidak Terdeteksi;Lainnya;Out_of_Topic;Out_of_Topic;Out_of_Topic
Ad yg sok tau, BKN g ngoper2 laptop dr pusat k daerah mereka pake vendor, bisa disimpulkan g semua apa yg mereka bicarakan ini valid, tapi yg pasti proses perekrutan memang tidak mulus;Ad yg sok tau BKN g ngoper2 laptop dr pusat k daerah mereka pake vendor bisa disimpulkan g semua apa yg mereka bicarakan ini valid tapi yg pasti proses perekrutan memang tidak mulus;ad yang sok tahu bukan tidak ngoper2 laptop dari pusat k daerah mereka pakai vendor bisa disimpulkan tidak semua apa yang mereka bicarakan ini valid tapi yang pasti proses perekrutan memang tidak mulus;ad yang sok tahu bukan tidak ngoper2 laptop dari pusat daerah mereka pakai vendor bisa disimpulkan tidak semua apa yang mereka bicarakan ini valid tapi yang pasti proses perekrutan memang tidak mulus;['ad', 'yang', 'sok', 'tahu', 'bukan', 'tidak', 'ngoper2', 'laptop', 'dari', 'pusat', 'daerah', 'mereka', 'pakai', 'vendor', 'bisa', 'disimpulkan', 'tidak', 'semua', 'apa', 'yang', 'mereka', 'bicarakan', 'ini', 'valid', 'tapi', 'yang', 'pasti', 'proses', 'perekrutan', 'memang', 'tidak', 'mulus'];Tidak Terdeteksi;Lainnya;Netral;Netral;Diskusi
Program korupsi bancaan;Program korupsi bancaan;program korupsi bancaan;program korupsi bancaan;['program', 'korupsi', 'bancaan'];Tidak Terdeteksi;Korupsi, Kebijakan;Menolak;Menolak;Menolak
Coba sebutin negara mana yang Sudi pakai mobil India di dunia  ?  Negara negara di Afrika ajah mungkin jijik pakai mobil India ????;Coba sebutin negara mana yang Sudi pakai mobil India di dunia Negara negara di Afrika ajah mungkin jijik pakai mobil India;coba sebutin negara mana yang sudi pakai mobil india di dunia negara negara di afrika ajah mungkin jijik pakai mobil india;coba sebutin negara mana yang sudi pakai mobil india di dunia negara negara di afrika ajah mungkin jijik pakai mobil india;['coba', 'sebutin', 'negara', 'mana', 'yang', 'sudi', 'pakai', 'mobil', 'india', 'di', 'dunia', 'negara', 'negara', 'di', 'afrika', 'ajah', 'mungkin', 'jijik', 'pakai', 'mobil', 'india'];Tidak Terdeteksi;Lainnya;Menolak;Menolak;Menolak
Koper merah putih alibi mengumpulkan duit rakyat 11 12 dg danantara untuk biayain kampanye parbwogibrn lagi. Enak kan tidak keluar duit dari kantong sendiri. Yg penting bisa bohongin rakyat yg super bodoh2 untuk memuja mereka.;Koper merah putih alibi mengumpulkan duit rakyat 11 12 dg danantara untuk biayain kampanye parbwogibrn lagi Enak kan tidak keluar duit dari kantong sendiri Yg penting bisa bohongin rakyat yg super bodoh2 untuk memuja mereka;koper merah putih alibi mengumpulkan dana masyarakat 11 12 dengan danantara untuk biayain kampanye parbwogibrn lagi enak tidak keluar uang dari kantong sendiri yang penting bisa bohongin rakyat yang super bodoh2 untuk memuja mereka;koper merah putih alibi mengumpulkan dana masyarakat 11 12 dengan danantara untuk biayain kampanye parbwogibrn lagi enak tidak keluar uang dari kantong sendiri yang penting bisa bohongin rakyat yang super bodoh2 untuk memuja mereka;['koper', 'merah', 'putih', 'alibi', 'mengumpulkan', 'dana', 'masyarakat', '11', '12', 'dengan', 'danantara', 'untuk', 'biayain', 'kampanye', 'parbwogibrn', 'lagi', 'enak', 'tidak', 'keluar', 'uang', 'dari', 'kantong', 'sendiri', 'yang', 'penting', 'bisa', 'bohongin', 'rakyat', 'yang', 'super', 'bodoh2', 'untuk', 'memuja', 'mereka'];Tidak Terdeteksi;Lainnya;Menolak;Menolak;Menolak
Jangan nuruti kepala desa kepala desa itu tidak adil sama rakyatnya adil sama kroni kroninya aja tentara masuk koperasi itu betul sekaligus sebagai pemgawas;Jangan nuruti kepala desa kepala desa itu tidak adil sama rakyatnya adil sama kroni kroninya aja tentara masuk koperasi itu betul sekaligus sebagai pemgawas;jangan nuruti kepala desa kepala desa itu tidak adil sama rakyatnya adil sama kroni kroninya saja tni masuk koperasi itu betul sekaligus sebagai pemgawas;jangan nuruti kepala desa kepala desa itu tidak adil sama rakyatnya adil sama kroni kroninya saja tni masuk koperasi itu betul sekaligus sebagai pemgawas;['jangan', 'nuruti', 'kepala', 'desa', 'kepala', 'desa', 'itu', 'tidak', 'adil', 'sama', 'rakyatnya', 'adil', 'sama', 'kroni', 'kroninya', 'saja', 'tni', 'masuk', 'koperasi', 'itu', 'betul', 'sekaligus', 'sebagai', 'pemgawas'];TNI, Kades;Militerisasi;Menolak;Menolak;Menolak
Banyak jalan menuju korupsi..;Banyak jalan menuju korupsi;banyak jalan menuju korupsi;banyak jalan menuju korupsi;['banyak', 'jalan', 'menuju', 'korupsi'];Tidak Terdeteksi;Korupsi;Menolak;Menolak;Menolak
Negeri Sorganya Para KORUPTOR;Negeri Sorganya Para KORUPTOR;negeri sorganya para koruptor;negeri sorganya para koruptor;['negeri', 'sorganya', 'para', 'koruptor'];Tidak Terdeteksi;Korupsi;Menolak;Menolak;Menolak
Dibuka nggak laku langsung tutup, jangan mau jadi pegawai nya, pasti bakalan mangkrak;Dibuka nggak laku langsung tutup jangan mau jadi pegawai nya pasti bakalan mangkrak;dibuka tidak laku langsung tutup jangan mau jadi pegawai nya pasti bakalan mangkrak;dibuka tidak laku langsung tutup jangan mau jadi pegawai nya pasti bakalan mangkrak;['dibuka', 'tidak', 'laku', 'langsung', 'tutup', 'jangan', 'mau', 'jadi', 'pegawai', 'nya', 'pasti', 'bakalan', 'mangkrak'];Tidak Terdeteksi;Lainnya;Menolak;Menolak;Menolak
"Prabowo orang tidak pernah sengsara,makanya tidak faham & tidak mengerti kondisi desa.
OMON-OMON & pidato meledak-ledak teriak-teriak ANTEK ASING ANTEK ASING,hasilnya NOL besar,rupanya Dia sendiri yang ANTEK ASING.
Giliran dikritik malah diteror.
Berani melawan suara & keluhan mayoritas RAKYAT INDONESIA maka nasib si Wowo akan seperti Bapak mertuanya.
Tidak usah mikir 2 periode,1 periode saja belum tentu sampai tahun 2029(bila tetap ngeyel,bebal & DUNGU).";Prabowo orang tidak pernah sengsara makanya tidak faham tidak mengerti kondisi desa OMON OMON pidato meledak ledak teriak teriak ANTEK ASING ANTEK ASING hasilnya NOL besar rupanya Dia sendiri yang ANTEK ASING Giliran dikritik malah diteror Berani melawan suara keluhan mayoritas RAKYAT INDONESIA maka nasib si Wowo akan seperti Bapak mertuanya Tidak usah mikir 2 periode 1 periode saja belum tentu sampai tahun 2029 bila tetap ngeyel bebal DUNGU;prabowo orang tidak pernah sengsara makanya tidak faham tidak mengerti kondisi desa omon omon pidato meledak ledak teriak teriak antek asing antek asing hasilnya nol besar rupanya dia sendiri yang antek asing giliran dikritik malah diteror berani melawan suara keluhan mayoritas rakyat indonesia maka nasib si prabowo akan seperti bapak mertuanya tidak usah mikir 2 periode 1 periode saja belum tentu sampai tahun 2029 bila tetap ngeyel bebal dungu;prabowo orang tidak pernah sengsara makanya tidak faham tidak mengerti kondisi desa omon omon pidato meledak ledak teriak teriak antek asing antek asing hasilnya nol besar rupanya dia sendiri yang antek asing giliran dikritik malah diteror berani melawan suara keluhan mayoritas rakyat indonesia maka nasib si prabowo akan seperti bapak mertuanya tidak usah mikir periode periode saja belum tentu sampai tahun 2029 bila tetap ngeyel bebal dungu;['prabowo', 'orang', 'tidak', 'pernah', 'sengsara', 'makanya', 'tidak', 'faham', 'tidak', 'mengerti', 'kondisi', 'desa', 'omon', 'omon', 'pidato', 'meledak', 'ledak', 'teriak', 'teriak', 'antek', 'asing', 'antek', 'asing', 'hasilnya', 'nol', 'besar', 'rupanya', 'dia', 'sendiri', 'yang', 'antek', 'asing', 'giliran', 'dikritik', 'malah', 'diteror', 'berani', 'melawan', 'suara', 'keluhan', 'mayoritas', 'rakyat', 'indonesia', 'maka', 'nasib', 'si', 'prabowo', 'akan', 'seperti', 'bapak', 'mertuanya', 'tidak', 'usah', 'mikir', 'periode', 'periode', 'saja', 'belum', 'tentu', 'sampai', 'tahun', '2029', 'bila', 'tetap', 'ngeyel', 'bebal', 'dungu'];Prabowo;Lainnya;Netral;Netral;Menolak
Saya sebagai kaum rakyat jelata hanya bisa berdoa hilangkan keberkahan kebaikan bagi pemrintahan yg tidak memikirkan rakyatnya...;Saya sebagai kaum rakyat jelata hanya bisa berdoa hilangkan keberkahan kebaikan bagi pemrintahan yg tidak memikirkan rakyatnya;saya sebagai kaum rakyat jelata hanya bisa berdoa hilangkan keberkahan kebaikan bagi pemrintahan yang tidak memikirkan rakyatnya;saya sebagai kaum rakyat jelata hanya bisa berdoa hilangkan keberkahan kebaikan bagi pemrintahan yang tidak memikirkan rakyatnya;['saya', 'sebagai', 'kaum', 'rakyat', 'jelata', 'hanya', 'bisa', 'berdoa', 'hilangkan', 'keberkahan', 'kebaikan', 'bagi', 'pemrintahan', 'yang', 'tidak', 'memikirkan', 'rakyatnya'];Tidak Terdeteksi;Lainnya;Mendukung;Mendukung;Menolak
Konsep Koperasi Bung Hatta sangat bermanfaat bagi anggotanya, saya menjadi anggota kop dr 1989 s/d sekarang dan masih merasakan manfaatnya. Banyak koperasi yg kolep itu karena pengurusnya tidak becus dlm menjalankan usahanya serta pengawasnya ikut2an memanfaatkan untuk keuntungan pribadi.  YAK OPO REK.......;Konsep Koperasi Bung Hatta sangat bermanfaat bagi anggotanya saya menjadi anggota kop dr 1989 s d sekarang dan masih merasakan manfaatnya Banyak koperasi yg kolep itu karena pengurusnya tidak becus dlm menjalankan usahanya serta pengawasnya ikut2an memanfaatkan untuk keuntungan pribadi YAK OPO REK;konsep koperasi bung hatta sangat bermanfaat bagi anggotanya saya menjadi anggota kop dari 1989 s d sekarang dan masih merasakan manfaatnya banyak koperasi yang kolep itu karena pengurusnya tidak becus dalam menjalankan usahanya serta pengawasnya ikut2an memanfaatkan untuk keuntungan pribadi yak opo rek;konsep koperasi bung hatta sangat bermanfaat bagi anggotanya saya menjadi anggota kop dari 1989 sekarang dan masih merasakan manfaatnya banyak koperasi yang kolep itu karena pengurusnya tidak becus dalam menjalankan usahanya serta pengawasnya ikut2an memanfaatkan untuk keuntungan pribadi yak opo rek;['konsep', 'koperasi', 'bung', 'hatta', 'sangat', 'bermanfaat', 'bagi', 'anggotanya', 'saya', 'menjadi', 'anggota', 'kop', 'dari', '1989', 'sekarang', 'dan', 'masih', 'merasakan', 'manfaatnya', 'banyak', 'koperasi', 'yang', 'kolep', 'itu', 'karena', 'pengurusnya', 'tidak', 'becus', 'dalam', 'menjalankan', 'usahanya', 'serta', 'pengawasnya', 'ikut2an', 'memanfaatkan', 'untuk', 'keuntungan', 'pribadi', 'yak', 'opo', 'rek'];Tidak Terdeteksi;Pengelolaan;Diskusi;Diskusi;Diskusi
Kenapa kok kebijakannya selalu blunder? Karena presiden mudah dipengaruhi dan tak punya wibawa dihadapan bawahannya, prabowo itu punya perusahaan agrobisnis. Aneh perusahaan nasional untung malah ngak senang kan aneh gitu.;Kenapa kok kebijakannya selalu blunder Karena presiden mudah dipengaruhi dan tak punya wibawa dihadapan bawahannya prabowo itu punya perusahaan agrobisnis Aneh perusahaan nasional untung malah ngak senang kan aneh gitu;kenapa kebijakannya selalu blunder karena presiden mudah dipengaruhi dan tidak punya wibawa dihadapan bawahannya prabowo itu punya perusahaan agrobisnis aneh perusahaan nasional untung malah tidak senang aneh gitu;kenapa kebijakannya selalu blunder karena presiden mudah dipengaruhi dan tidak punya wibawa dihadapan bawahannya prabowo itu punya perusahaan agrobisnis aneh perusahaan nasional untung malah tidak senang aneh gitu;['kenapa', 'kebijakannya', 'selalu', 'blunder', 'karena', 'presiden', 'mudah', 'dipengaruhi', 'dan', 'tidak', 'punya', 'wibawa', 'dihadapan', 'bawahannya', 'prabowo', 'itu', 'punya', 'perusahaan', 'agrobisnis', 'aneh', 'perusahaan', 'nasional', 'untung', 'malah', 'tidak', 'senang', 'aneh', 'gitu'];Prabowo;Kebijakan;Diskusi;Diskusi;Menolak
Saya yakin ini program tergesa2?dan kemungkinan gagal itu besar,dan menjadi celah Bancakan politik?cth IDT ,zaman PK Harto? Cobarekut tenaga mantan PNPM pedesaan mendiri dan  x TPP yg di PHK sepihak Kemendes mereka berpengalaman bid pemberdayaan?;Saya yakin ini program tergesa2 dan kemungkinan gagal itu besar dan menjadi celah Bancakan politik cth IDT zaman PK Harto Cobarekut tenaga mantan PNPM pedesaan mendiri dan x TPP yg di PHK sepihak Kemendes mereka berpengalaman bid pemberdayaan;saya yakin ini program tergesa2 dan kemungkinan gagal itu besar dan menjadi celah bancakan politik cth idt zaman pk harto cobarekut tenaga mantan pnpm pedesaan mendiri dan tidak tpp yang di phk sepihak kemendes mereka berpengalaman bid pemberdayaan;saya yakin ini program tergesa2 dan kemungkinan gagal itu besar dan menjadi celah bancakan politik cth idt zaman pk harto cobarekut tenaga mantan pnpm pedesaan mendiri dan tidak tpp yang di phk sepihak kemendes mereka berpengalaman bid pemberdayaan;['saya', 'yakin', 'ini', 'program', 'tergesa2', 'dan', 'kemungkinan', 'gagal', 'itu', 'besar', 'dan', 'menjadi', 'celah', 'bancakan', 'politik', 'cth', 'idt', 'zaman', 'pk', 'harto', 'cobarekut', 'tenaga', 'mantan', 'pnpm', 'pedesaan', 'mendiri', 'dan', 'tidak', 'tpp', 'yang', 'di', 'phk', 'sepihak', 'kemendes', 'mereka', 'berpengalaman', 'bid', 'pemberdayaan'];Tidak Terdeteksi;Korupsi, Kebijakan;Diskusi;Diskusi;Diskusi
Alamak ladang korupsi nih;Alamak ladang korupsi nih;alamak korupsi;alamak korupsi;['alamak', 'korupsi'];Tidak Terdeteksi;Korupsi;Menolak;Menolak;Menolak
Terbukti negara yg cepat maju adalah negara yg otoriter atau negara monarki , Contohnya china, singapura, vietnam, uea, qatar, saudi. Sedangkan negara yg mengagungkan demokrasi bnyak yg ketinggalan krn bnyak konflik dan gaduh.;Terbukti negara yg cepat maju adalah negara yg otoriter atau negara monarki Contohnya china singapura vietnam uea qatar saudi Sedangkan negara yg mengagungkan demokrasi bnyak yg ketinggalan krn bnyak konflik dan gaduh;terbukti negara yang cepat maju adalah negara yang otoriter atau negara monarki contohnya china singapura vietnam uea qatar saudi sedangkan negara yang mengagungkan demokrasi bnyak yang ketinggalan karena bnyak konflik dan gaduh;terbukti negara yang cepat maju adalah negara yang otoriter atau negara monarki contohnya china singapura vietnam uea qatar saudi sedangkan negara yang mengagungkan demokrasi bnyak yang ketinggalan karena bnyak konflik dan gaduh;['terbukti', 'negara', 'yang', 'cepat', 'maju', 'adalah', 'negara', 'yang', 'otoriter', 'atau', 'negara', 'monarki', 'contohnya', 'china', 'singapura', 'vietnam', 'uea', 'qatar', 'saudi', 'sedangkan', 'negara', 'yang', 'mengagungkan', 'demokrasi', 'bnyak', 'yang', 'ketinggalan', 'karena', 'bnyak', 'konflik', 'dan', 'gaduh'];Tidak Terdeteksi;Lainnya;Diskusi;Diskusi;Diskusi
Gk berbobot kritik tanpa gagasan dan solusi;Gk berbobot kritik tanpa gagasan dan solusi;tidak berbobot kritik tanpa gagasan dan solusi;tidak berbobot kritik tanpa gagasan dan solusi;['tidak', 'berbobot', 'kritik', 'tanpa', 'gagasan', 'dan', 'solusi'];Tidak Terdeteksi;Lainnya;Mendukung;Mendukung;Menolak
Betul sekali kepala desa tdk dilibatkan, omon omon utk keluarga dan golongannya sendiri, ibu Pertiwi akan runtuh di tangan omon-omon;Betul sekali kepala desa tdk dilibatkan omon omon utk keluarga dan golongannya sendiri ibu Pertiwi akan runtuh di tangan omon omon;betul sekali kepala desa tidak dilibatkan omon omon untuk keluarga dan golongannya sendiri ibu pertiwi akan runtuh di tangan omon omon;betul sekali kepala desa tidak dilibatkan omon omon untuk keluarga dan golongannya sendiri ibu pertiwi akan runtuh di tangan omon omon;['betul', 'sekali', 'kepala', 'desa', 'tidak', 'dilibatkan', 'omon', 'omon', 'untuk', 'keluarga', 'dan', 'golongannya', 'sendiri', 'ibu', 'pertiwi', 'akan', 'runtuh', 'di', 'tangan', 'omon', 'omon'];Kades;Lainnya;Netral;Netral;Menolak
Coba tebak kira kira ada yang ketangkep kasus korupsi dana koprasi di masa depan apa tidak..??????;Coba tebak kira kira ada yang ketangkep kasus korupsi dana koprasi di masa depan apa tidak;coba tebak kira kira ada yang ketangkep kasus korupsi dana koperasi di masa depan apa tidak;coba tebak kira kira ada yang ketangkep kasus korupsi dana koperasi di masa depan apa tidak;['coba', 'tebak', 'kira', 'kira', 'ada', 'yang', 'ketangkep', 'kasus', 'korupsi', 'dana', 'koperasi', 'di', 'masa', 'depan', 'apa', 'tidak'];Tidak Terdeteksi;Korupsi;Menolak;Menolak;Menolak
"Anak saya ikut tes di hari ke-5 dari 10 hari tes. Alhamdulillah urutan ke-2 dari 300 peserta di sesinya.
Saya lihat tiap sesi yg memenuhi syarat hanya 3-4% saja. Makanya sampai hari kelima baru 11.000an yg memenuhi ambang nilai.
Sampai akhir pasti gak sampai 35.000 orang.
Harusnya langsung lolos semua tak perlu tes lanjutan (tes lanjutan disetting yg memenuhi nilai total 105.000 orang).
Anak saya tes murni, karena gak ada yang kenal dengan siapa² yg berwenang atau ada jabatan.
Terus masalah jawaban berubah, menurut anak saya jawaban tidak bisa diubah.
Kalaupun diubah akan balik ke jawaban pertama.";Anak saya ikut tes di hari ke 5 dari 10 hari tes Alhamdulillah urutan ke 2 dari 300 peserta di sesinya Saya lihat tiap sesi yg memenuhi syarat hanya 3 4 saja Makanya sampai hari kelima baru 11 000an yg memenuhi ambang nilai Sampai akhir pasti gak sampai 35 000 orang Harusnya langsung lolos semua tak perlu tes lanjutan tes lanjutan disetting yg memenuhi nilai total 105 000 orang Anak saya tes murni karena gak ada yang kenal dengan siapa2 yg berwenang atau ada jabatan Terus masalah jawaban berubah menurut anak saya jawaban tidak bisa diubah Kalaupun diubah akan balik ke jawaban pertama;anak saya ikut tes di hari ke 5 dari 10 hari tes alhamdulillah urutan ke 2 dari 300 peserta di sesinya saya lihat tiap sesi yang memenuhi syarat hanya 3 4 saja makanya sampai hari kelima baru 11 000an yang memenuhi ambang nilai sampai akhir pasti tidak sampai 35 000 orang harusnya langsung lolos semua tidak perlu tes lanjutan tes lanjutan disetting yang memenuhi nilai total 105 000 orang anak saya tes murni karena tidak ada yang kenal dengan siapa2 yang berwenang atau ada jabatan terus masalah jawaban berubah menurut anak saya jawaban tidak bisa diubah kalaupun diubah akan balik ke jawaban pertama;anak saya ikut tes di hari ke dari 10 hari tes alhamdulillah urutan ke dari 300 peserta di sesinya saya lihat tiap sesi yang memenuhi syarat hanya saja makanya sampai hari kelima baru 11 000an yang memenuhi ambang nilai sampai akhir pasti tidak sampai 35 000 orang harusnya langsung lolos semua tidak perlu tes lanjutan tes lanjutan disetting yang memenuhi nilai total 105 000 orang anak saya tes murni karena tidak ada yang kenal dengan siapa2 yang berwenang atau ada jabatan terus masalah jawaban berubah menurut anak saya jawaban tidak bisa diubah kalaupun diubah akan balik ke jawaban pertama;['anak', 'saya', 'ikut', 'tes', 'di', 'hari', 'ke', 'dari', '10', 'hari', 'tes', 'alhamdulillah', 'urutan', 'ke', 'dari', '300', 'peserta', 'di', 'sesinya', 'saya', 'lihat', 'tiap', 'sesi', 'yang', 'memenuhi', 'syarat', 'hanya', 'saja', 'makanya', 'sampai', 'hari', 'kelima', 'baru', '11', '000an', 'yang', 'memenuhi', 'ambang', 'nilai', 'sampai', 'akhir', 'pasti', 'tidak', 'sampai', '35', '000', 'orang', 'harusnya', 'langsung', 'lolos', 'semua', 'tidak', 'perlu', 'tes', 'lanjutan', 'tes', 'lanjutan', 'disetting', 'yang', 'memenuhi', 'nilai', 'total', '105', '000', 'orang', 'anak', 'saya', 'tes', 'murni', 'karena', 'tidak', 'ada', 'yang', 'kenal', 'dengan', 'siapa2', 'yang', 'berwenang', 'atau', 'ada', 'jabatan', 'terus', 'masalah', 'jawaban', 'berubah', 'menurut', 'anak', 'saya', 'jawaban', 'tidak', 'bisa', 'diubah', 'kalaupun', 'diubah', 'akan', 'balik', 'ke', 'jawaban', 'pertama'];Tidak Terdeteksi;Lainnya;Out_of_Topic;Out_of_Topic;Diskusi
rakyat disuruh mengelola koperasi pemerintah kelola Danatara.  hebatkan ??;rakyat disuruh mengelola koperasi pemerintah kelola Danatara hebatkan;rakyat disuruh mengelola koperasi pemerintah kelola danatara hebatkan;rakyat disuruh mengelola koperasi pemerintah kelola danatara hebatkan;['rakyat', 'disuruh', 'mengelola', 'koperasi', 'pemerintah', 'kelola', 'danatara', 'hebatkan'];Tidak Terdeteksi;Kebijakan;Mendukung;Mendukung;Menolak
Food ested ggl jg diulangi. KUDj jg pd tutup. Palinhg dikurup sm pengurusnya. Terus diancam untuk 29 piliih gibran.;Food ested ggl jg diulangi KUDj jg pd tutup Palinhg dikurup sm pengurusnya Terus diancam untuk 29 piliih gibran;food ested ggl juga diulangi kudj juga pd tutup palinhg dikurup sama pengurusnya terus diancam untuk 29 piliih gibran;food ested ggl juga diulangi kudj juga pd tutup palinhg dikurup sama pengurusnya terus diancam untuk 29 piliih gibran;['food', 'ested', 'ggl', 'juga', 'diulangi', 'kudj', 'juga', 'pd', 'tutup', 'palinhg', 'dikurup', 'sama', 'pengurusnya', 'terus', 'diancam', 'untuk', '29', 'piliih', 'gibran'];Tidak Terdeteksi;Pengelolaan, KUD;Diskusi;Diskusi;Menolak
Pemerintah sekarang selalu siap kasih solusi cepat buat masalah yang dialami masyarakat;Pemerintah sekarang selalu siap kasih solusi cepat buat masalah yang dialami masyarakat;pemerintah sekarang selalu siap kasih solusi cepat untuk masalah yang dialami masyarakat;pemerintah sekarang selalu siap kasih solusi cepat untuk masalah yang dialami masyarakat;['pemerintah', 'sekarang', 'selalu', 'siap', 'kasih', 'solusi', 'cepat', 'untuk', 'masalah', 'yang', 'dialami', 'masyarakat'];Tidak Terdeteksi;Kebijakan;Mendukung;Mendukung;Mendukung
Beliau udah pikun sih gimana mau berpikir sebaik Masi muda;Beliau udah pikun sih gimana mau berpikir sebaik Masi muda;beliau sudah pikun bagaimana mau berpikir sebaik masi muda;beliau sudah pikun bagaimana mau berpikir sebaik masi muda;['beliau', 'sudah', 'pikun', 'bagaimana', 'mau', 'berpikir', 'sebaik', 'masi', 'muda'];Tidak Terdeteksi;Lainnya;Mendukung;Mendukung;Menolak
LUMBUNG PANGAN INDONESIA SEJAHTERA AAMIIN;LUMBUNG PANGAN INDONESIA SEJAHTERA AAMIIN;lumbung pangan indonesia sejahtera aamiin;lumbung pangan indonesia sejahtera aamiin;['lumbung', 'pangan', 'indonesia', 'sejahtera', 'aamiin'];Tidak Terdeteksi;Lainnya;Netral;Netral;Netral
Nah kan,ujung2nya pasti begini,dapat bancakan baru ( lagi );Nah kan ujung2nya pasti begini dapat bancakan baru lagi;nah ujung2nya pasti begini dapat bancakan baru lagi;nah ujung2nya pasti begini dapat bancakan baru lagi;['nah', 'ujung2nya', 'pasti', 'begini', 'dapat', 'bancakan', 'baru', 'lagi'];Tidak Terdeteksi;Korupsi;Menolak;Menolak;Menolak
Tetap dukung prabowo krn pembangunan koprasi kl tdk di awasi oleh tentara anggaranya jadi bancaan Ramai2. Korupsi sdh merajalela dimana mana;Tetap dukung prabowo krn pembangunan koprasi kl tdk di awasi oleh tentara anggaranya jadi bancaan Ramai2 Korupsi sdh merajalela dimana mana;tetap dukung prabowo karena pembangunan koperasi kalau tidak di awasi oleh tni anggaranya jadi bancaan ramai2 korupsi sudah merajalela dimana mana;tetap dukung prabowo karena pembangunan koperasi kalau tidak di awasi oleh tni anggaranya jadi bancaan ramai2 korupsi sudah merajalela dimana mana;['tetap', 'dukung', 'prabowo', 'karena', 'pembangunan', 'koperasi', 'kalau', 'tidak', 'di', 'awasi', 'oleh', 'tni', 'anggaranya', 'jadi', 'bancaan', 'ramai2', 'korupsi', 'sudah', 'merajalela', 'dimana', 'mana'];TNI, Prabowo;Korupsi, Militerisasi;Diskusi;Diskusi;Mendukung
desaku baru saja musdes utk  bangun KDMP.. betul tentara ada dibalik KDMP dan MBG malah..;desaku baru saja musdes utk bangun KDMP betul tentara ada dibalik KDMP dan MBG malah;desaku baru saja musdes untuk bangun koperasi desa merah putih betul tni ada dibalik koperasi desa merah putih dan mbg malah;desaku baru saja musdes untuk bangun koperasi desa merah putih betul tni ada dibalik koperasi desa merah putih dan mbg malah;['desaku', 'baru', 'saja', 'musdes', 'untuk', 'bangun', 'koperasi', 'desa', 'merah', 'putih', 'betul', 'tni', 'ada', 'dibalik', 'koperasi', 'desa', 'merah', 'putih', 'dan', 'mbg', 'malah'];TNI, KDMP;Militerisasi;Netral;Netral;Netral
Keterlibatan TNI belum tentu negatif, bisa jadi buat percepatan dan pendampingan supaya programnya rapi. Soal dana desa juga pasti ada aturan dan pengawasan. Yuk lihat dulu hasil dan mekanismenya, jangan langsung diasumsikan macet.;Keterlibatan TNI belum tentu negatif bisa jadi buat percepatan dan pendampingan supaya programnya rapi Soal dana desa juga pasti ada aturan dan pengawasan Yuk lihat dulu hasil dan mekanismenya jangan langsung diasumsikan macet;keterlibatan tni belum tentu negatif bisa jadi untuk percepatan dan pendampingan supaya programnya rapi soal dana desa juga pasti ada aturan dan pengawasan yuk lihat dulu hasil dan mekanismenya jangan langsung diasumsikan macet;keterlibatan tni belum tentu negatif bisa jadi untuk percepatan dan pendampingan supaya programnya rapi soal dana desa juga pasti ada aturan dan pengawasan yuk lihat dulu hasil dan mekanismenya jangan langsung diasumsikan macet;['keterlibatan', 'tni', 'belum', 'tentu', 'negatif', 'bisa', 'jadi', 'untuk', 'percepatan', 'dan', 'pendampingan', 'supaya', 'programnya', 'rapi', 'soal', 'dana', 'desa', 'juga', 'pasti', 'ada', 'aturan', 'dan', 'pengawasan', 'yuk', 'lihat', 'dulu', 'hasil', 'dan', 'mekanismenya', 'jangan', 'langsung', 'diasumsikan', 'macet'];TNI;Militerisasi, Dana Desa, Kebijakan;Diskusi;Diskusi;Mendukung
Manager untuk mengurus badan usaha/ koperasi, yg menguji bais dan tentara.. kok di uji oleh petugas perang bukannya orang dari kalangan bisnis.;Manager untuk mengurus badan usaha koperasi yg menguji bais dan tentara kok di uji oleh petugas perang bukannya orang dari kalangan bisnis;manager untuk mengurus badan usaha koperasi yang menguji bais dan tni di uji oleh petugas perang bukannya orang dari kalangan bisnis;manager untuk mengurus badan usaha koperasi yang menguji bais dan tni di uji oleh petugas perang bukannya orang dari kalangan bisnis;['manager', 'untuk', 'mengurus', 'badan', 'usaha', 'koperasi', 'yang', 'menguji', 'bais', 'dan', 'tni', 'di', 'uji', 'oleh', 'petugas', 'perang', 'bukannya', 'orang', 'dari', 'kalangan', 'bisnis'];TNI;Militerisasi;Netral;Netral;Menolak
Iya di desa ku udah jadi anggotanya sodara bpd sama sodara kades;Iya di desa ku udah jadi anggotanya sodara bpd sama sodara kades;iya di desa ku sudah jadi anggotanya sodara bpd sama sodara kepala desa;iya di desa ku sudah jadi anggotanya sodara bpd sama sodara kepala desa;['iya', 'di', 'desa', 'ku', 'sudah', 'jadi', 'anggotanya', 'sodara', 'bpd', 'sama', 'sodara', 'kepala', 'desa'];Kades;Pengelolaan;Netral;Netral;Netral
Bagi kami rakyat program apapun tidak akan sampai ke rakyat, karena di desa itu kebangakan dinasty, jadi nyampe ke orang itu2 saja. 1 orang bahkan jd ptugas desa, jd guru, jd petugas pemilu seumur hidup, jd ktua usaha milik desa, jd pngurus mesjid, dll;Bagi kami rakyat program apapun tidak akan sampai ke rakyat karena di desa itu kebangakan dinasty jadi nyampe ke orang itu2 saja 1 orang bahkan jd ptugas desa jd guru jd petugas pemilu seumur hidup jd ktua usaha milik desa jd pngurus mesjid dll;bagi kami rakyat program apapun tidak akan sampai ke rakyat karena di desa itu kebangakan dinasty jadi nyampe ke orang itu2 saja 1 orang bahkan jadi ptugas desa jadi guru jadi petugas pemilu seumur hidup jadi ktua usaha milik desa jadi pngurus mesjid dan lain-lain;bagi kami rakyat program apapun tidak akan sampai ke rakyat karena di desa itu kebangakan dinasty jadi nyampe ke orang itu2 saja orang bahkan jadi ptugas desa jadi guru jadi petugas pemilu seumur hidup jadi ktua usaha milik desa jadi pngurus mesjid dan lain-lain;['bagi', 'kami', 'rakyat', 'program', 'apapun', 'tidak', 'akan', 'sampai', 'ke', 'rakyat', 'karena', 'di', 'desa', 'itu', 'kebangakan', 'dinasty', 'jadi', 'nyampe', 'ke', 'orang', 'itu2', 'saja', 'orang', 'bahkan', 'jadi', 'ptugas', 'desa', 'jadi', 'guru', 'jadi', 'petugas', 'pemilu', 'seumur', 'hidup', 'jadi', 'ktua', 'usaha', 'milik', 'desa', 'jadi', 'pngurus', 'mesjid', 'dan', 'lain-lain'];Tidak Terdeteksi;Kebijakan;Diskusi;Diskusi;Menolak
Coba tempo cek semua desa konsepnya sama;Coba tempo cek semua desa konsepnya sama;coba tempo cek semua desa konsepnya sama;coba tempo cek semua desa konsepnya sama;['coba', 'tempo', 'cek', 'semua', 'desa', 'konsepnya', 'sama'];Tempo;Media;Netral;Netral;Netral
Kalau bpk persiden niatnya bagus INSyya ALLOH terlaksana;Kalau bpk persiden niatnya bagus INSyya ALLOH terlaksana;kalau bpk persiden niatnya bagus insyya alloh terlaksana;kalau bpk persiden niatnya bagus insyya alloh terlaksana;['kalau', 'bpk', 'persiden', 'niatnya', 'bagus', 'insyya', 'alloh', 'terlaksana'];Tidak Terdeteksi;Lainnya;Mendukung;Mendukung;Mendukung
Kemarin sy ikut seleksi rekrutmen manajer KDMP disurabaya...kayaknya rekrutmen mmanejer  kdmp cuma formalitas saja...masak  kita diberi 50 soal dan hanya diberi waktu 7 menit...sy kira albert eastein pun tak akan mampu menjawab.;Kemarin sy ikut seleksi rekrutmen manajer KDMP disurabaya kayaknya rekrutmen mmanejer kdmp cuma formalitas saja masak kita diberi 50 soal dan hanya diberi waktu 7 menit sy kira albert eastein pun tak akan mampu menjawab;kemarin saya ikut seleksi rekrutmen manajer koperasi desa merah putih disurabaya kayaknya rekrutmen mmanejer koperasi desa merah putih hanya formalitas saja masak kita diberi 50 soal dan hanya diberi waktu 7 menit saya kira albert eastein pun tidak akan mampu menjawab;kemarin saya ikut seleksi rekrutmen manajer koperasi desa merah putih disurabaya kayaknya rekrutmen mmanejer koperasi desa merah putih hanya formalitas saja masak kita diberi 50 soal dan hanya diberi waktu menit saya kira albert eastein pun tidak akan mampu menjawab;['kemarin', 'saya', 'ikut', 'seleksi', 'rekrutmen', 'manajer', 'koperasi', 'desa', 'merah', 'putih', 'disurabaya', 'kayaknya', 'rekrutmen', 'mmanejer', 'koperasi', 'desa', 'merah', 'putih', 'hanya', 'formalitas', 'saja', 'masak', 'kita', 'diberi', '50', 'soal', 'dan', 'hanya', 'diberi', 'waktu', 'menit', 'saya', 'kira', 'albert', 'eastein', 'pun', 'tidak', 'akan', 'mampu', 'menjawab'];KDMP;Lainnya;Netral;Netral;Menolak
Prosesnya kurang baik;Prosesnya kurang baik;prosesnya kurang baik;prosesnya kurang baik;['prosesnya', 'kurang', 'baik'];Tidak Terdeteksi;Lainnya;Mendukung;Mendukung;Menolak
Justru bagus kalau TNI ikut dampingin program desa, kerja jadi lebih cepat dan rapi.;Justru bagus kalau TNI ikut dampingin program desa kerja jadi lebih cepat dan rapi;justru bagus kalau tni ikut dampingin program desa kerja jadi lebih cepat dan rapi;justru bagus kalau tni ikut dampingin program desa kerja jadi lebih cepat dan rapi;['justru', 'bagus', 'kalau', 'tni', 'ikut', 'dampingin', 'program', 'desa', 'kerja', 'jadi', 'lebih', 'cepat', 'dan', 'rapi'];TNI;Militerisasi, Kebijakan;Mendukung;Mendukung;Mendukung
Daraipada hamay membuwat berita yg tidak membangun lebih baik bekerja dengan membangun seuberdaya masyarakat;Daraipada hamay membuwat berita yg tidak membangun lebih baik bekerja dengan membangun seuberdaya masyarakat;daraipada hamay membuwat berita yang tidak membangun lebih baik bekerja dengan membangun seuberdaya masyarakat;daraipada hamay membuwat berita yang tidak membangun lebih baik bekerja dengan membangun seuberdaya masyarakat;['daraipada', 'hamay', 'membuwat', 'berita', 'yang', 'tidak', 'membangun', 'lebih', 'baik', 'bekerja', 'dengan', 'membangun', 'seuberdaya', 'masyarakat'];Tidak Terdeteksi;Lainnya;Mendukung;Mendukung;Menolak
Salah satu strategi memenangi pemilu nnti ketika menjelang pemilu organisasi koperasi yang sudah di bentuk di gerakan untuk menjadi mesin politik. Cara ini yang di pakai pada program Dana Desa untuk bisa mengakomodir APDESI seperti  pada pilpres kemarin APDESi di gerakan utk mendukung calon yang di inginkan penguasa.;Salah satu strategi memenangi pemilu nnti ketika menjelang pemilu organisasi koperasi yang sudah di bentuk di gerakan untuk menjadi mesin politik Cara ini yang di pakai pada program Dana Desa untuk bisa mengakomodir APDESI seperti pada pilpres kemarin APDESi di gerakan utk mendukung calon yang di inginkan penguasa;salah satu strategi memenangi pemilu nnti ketika menjelang pemilu organisasi koperasi yang sudah di bentuk di gerakan untuk menjadi mesin politik cara ini yang di pakai pada program dana desa untuk bisa mengakomodir apdesi seperti pada pilpres kemarin apdesi di gerakan untuk mendukung calon yang di inginkan penguasa;salah satu strategi memenangi pemilu nnti ketika menjelang pemilu organisasi koperasi yang sudah di bentuk di gerakan untuk menjadi mesin politik cara ini yang di pakai pada program dana desa untuk bisa mengakomodir apdesi seperti pada pilpres kemarin apdesi di gerakan untuk mendukung calon yang di inginkan penguasa;['salah', 'satu', 'strategi', 'memenangi', 'pemilu', 'nnti', 'ketika', 'menjelang', 'pemilu', 'organisasi', 'koperasi', 'yang', 'sudah', 'di', 'bentuk', 'di', 'gerakan', 'untuk', 'menjadi', 'mesin', 'politik', 'cara', 'ini', 'yang', 'di', 'pakai', 'pada', 'program', 'dana', 'desa', 'untuk', 'bisa', 'mengakomodir', 'apdesi', 'seperti', 'pada', 'pilpres', 'kemarin', 'apdesi', 'di', 'gerakan', 'untuk', 'mendukung', 'calon', 'yang', 'di', 'inginkan', 'penguasa'];Tidak Terdeteksi;Dana Desa, Kebijakan;Mendukung;Mendukung;Diskusi
Cara cepat dapat duit bisa dari pengesahan RUU perampasan aset dari koruptor. Kan banyak tuh korupsinya.;Cara cepat dapat duit bisa dari pengesahan RUU perampasan aset dari koruptor Kan banyak tuh korupsinya;cara cepat dapat uang bisa dari pengesahan ruu perampasan aset dari koruptor banyak tuh korupsinya;cara cepat dapat uang bisa dari pengesahan ruu perampasan aset dari koruptor banyak tuh korupsinya;['cara', 'cepat', 'dapat', 'uang', 'bisa', 'dari', 'pengesahan', 'ruu', 'perampasan', 'aset', 'dari', 'koruptor', 'banyak', 'tuh', 'korupsinya'];Tidak Terdeteksi;Korupsi;Menolak;Menolak;Menolak
Ini di sambut baik oleh warga +62 ... Indonesia sudah biasa memberikan Bantuan Langsung Tunai, mereka bahagia sekali ... bisa di manfaatkan harapan nya tanpa harus kembali, itu yang pertama. Selanjutnya, kalau budidaya koruptor masih di pertahankan, ini juga punya image positif bagi calon koruptor receh.  Yang triliunan hanya hitungan tahun ... ya kalau di bawah 5 milya, rasanya ya hitungan bulan lah ... asyik. Selamat bahagia para calon koruptor receh anda pasti dapat cuan fresh ...;Ini di sambut baik oleh warga 62 Indonesia sudah biasa memberikan Bantuan Langsung Tunai mereka bahagia sekali bisa di manfaatkan harapan nya tanpa harus kembali itu yang pertama Selanjutnya kalau budidaya koruptor masih di pertahankan ini juga punya image positif bagi calon koruptor receh Yang triliunan hanya hitungan tahun ya kalau di bawah 5 milya rasanya ya hitungan bulan lah asyik Selamat bahagia para calon koruptor receh anda pasti dapat cuan fresh;ini di sambut baik oleh warga 62 indonesia sudah biasa memberikan bantuan langsung tunai mereka bahagia sekali bisa di manfaatkan harapan nya tanpa harus kembali itu yang pertama selanjutnya kalau budidaya koruptor masih di pertahankan ini juga punya image positif bagi calon koruptor receh yang triliunan hanya hitungan tahun ya kalau di bawah 5 milya rasanya ya hitungan bulan asyik selamat bahagia para calon koruptor receh kamu pasti dapat keuntungan fresh;ini di sambut baik oleh warga 62 indonesia sudah biasa memberikan bantuan langsung tunai mereka bahagia sekali bisa di manfaatkan harapan nya tanpa harus kembali itu yang pertama selanjutnya kalau budidaya koruptor masih di pertahankan ini juga punya image positif bagi calon koruptor receh yang triliunan hanya hitungan tahun kalau di bawah milya rasanya hitungan bulan asyik selamat bahagia para calon koruptor receh kamu pasti dapat keuntungan fresh;['ini', 'di', 'sambut', 'baik', 'oleh', 'warga', '62', 'indonesia', 'sudah', 'biasa', 'memberikan', 'bantuan', 'langsung', 'tunai', 'mereka', 'bahagia', 'sekali', 'bisa', 'di', 'manfaatkan', 'harapan', 'nya', 'tanpa', 'harus', 'kembali', 'itu', 'yang', 'pertama', 'selanjutnya', 'kalau', 'budidaya', 'koruptor', 'masih', 'di', 'pertahankan', 'ini', 'juga', 'punya', 'image', 'positif', 'bagi', 'calon', 'koruptor', 'receh', 'yang', 'triliunan', 'hanya', 'hitungan', 'tahun', 'kalau', 'di', 'bawah', 'milya', 'rasanya', 'hitungan', 'bulan', 'asyik', 'selamat', 'bahagia', 'para', 'calon', 'koruptor', 'receh', 'kamu', 'pasti', 'dapat', 'keuntungan', 'fresh'];Tidak Terdeteksi;Korupsi;Out_of_Topic;Out_of_Topic;Menolak
"apapun masalahnya ??
goyang solusinya ????";apapun masalahnya goyang solusinya;apapun masalahnya goyang solusinya;apapun masalahnya goyang solusinya;['apapun', 'masalahnya', 'goyang', 'solusinya'];Tidak Terdeteksi;Lainnya;Mendukung;Mendukung;Menolak
"Sblm dibangun Kopdes dan terbentuk AHU pengurus Kopdes dibentuk melalui Musdes di desa, sdh bergelut utk membantu pembangunan gedung Kopdes, skrg pengurus Kopdes yg diatas 35th tdk bs berkompetensi (Gmn ini Pak Menteri.......)
Potensi utk pemgabdian real saat ini di masy msh bnyk usia diatas 35 th yg blm pny pelerjaan scr jelas  (D3/D4/S1) umur maks 35 th perlu di evaluasi kinerjanya nanti di masy desa.";Sblm dibangun Kopdes dan terbentuk AHU pengurus Kopdes dibentuk melalui Musdes di desa sdh bergelut utk membantu pembangunan gedung Kopdes skrg pengurus Kopdes yg diatas 35th tdk bs berkompetensi Gmn ini Pak Menteri Potensi utk pemgabdian real saat ini di masy msh bnyk usia diatas 35 th yg blm pny pelerjaan scr jelas D3 D4 S1 umur maks 35 th perlu di evaluasi kinerjanya nanti di masy desa;sblm dibangun koperasi desa dan terbentuk ahu pengurus koperasi desa dibentuk melalui musdes di desa sudah bergelut untuk membantu pembangunan gedung koperasi desa sekarang pengurus koperasi desa yang diatas 35th tidak bisa berkompetensi bagaimana ini pak menteri potensi untuk pemgabdian real saat ini di masy msh bnyk usia diatas 35 th yang belum pny pelerjaan scr jelas d3 d4 s1 umur maks 35 th perlu di evaluasi kinerjanya nanti di masy desa;sblm dibangun koperasi desa dan terbentuk ahu pengurus koperasi desa dibentuk melalui musdes di desa sudah bergelut untuk membantu pembangunan gedung koperasi desa sekarang pengurus koperasi desa yang diatas 35th tidak bisa berkompetensi bagaimana ini pak menteri potensi untuk pemgabdian real saat ini di masy msh bnyk usia diatas 35 th yang belum pny pelerjaan scr jelas d3 d4 s1 umur maks 35 th perlu di evaluasi kinerjanya nanti di masy desa;['sblm', 'dibangun', 'koperasi', 'desa', 'dan', 'terbentuk', 'ahu', 'pengurus', 'koperasi', 'desa', 'dibentuk', 'melalui', 'musdes', 'di', 'desa', 'sudah', 'bergelut', 'untuk', 'membantu', 'pembangunan', 'gedung', 'koperasi', 'desa', 'sekarang', 'pengurus', 'koperasi', 'desa', 'yang', 'diatas', '35th', 'tidak', 'bisa', 'berkompetensi', 'bagaimana', 'ini', 'pak', 'menteri', 'potensi', 'untuk', 'pemgabdian', 'real', 'saat', 'ini', 'di', 'masy', 'msh', 'bnyk', 'usia', 'diatas', '35', 'th', 'yang', 'belum', 'pny', 'pelerjaan', 'scr', 'jelas', 'd3', 'd4', 's1', 'umur', 'maks', '35', 'th', 'perlu', 'di', 'evaluasi', 'kinerjanya', 'nanti', 'di', 'masy', 'desa'];KDMP;Pengelolaan;Mendukung;Mendukung;Netral
Bagus itu, koperasi merah putih mantap;Bagus itu koperasi merah putih mantap;bagus itu koperasi desa merah putih mantap;bagus itu koperasi desa merah putih mantap;['bagus', 'itu', 'koperasi', 'desa', 'merah', 'putih', 'mantap'];KDMP;Lainnya;Mendukung;Mendukung;Mendukung
nh sekarang bisa diliat, alih2 memajukan industri lokal;nh sekarang bisa diliat alih2 memajukan industri lokal;nh sekarang bisa diliat alih2 memajukan industri lokal;nh sekarang bisa diliat alih2 memajukan industri lokal;['nh', 'sekarang', 'bisa', 'diliat', 'alih2', 'memajukan', 'industri', 'lokal'];Tidak Terdeteksi;Lainnya;Mendukung;Mendukung;Menolak
Yha mestinya kita harus tau pengalaman pimpinan yang dulu dulu masalah koperasi ini tidak pernah menguntungkan rakyat yang menikmati pengurusnya bukan rakyatnya seperti KUD ini  dan masih ada lainya yang modelnya seperti koperasi, ini cuma menggendut kan pengurusnya.;Yha mestinya kita harus tau pengalaman pimpinan yang dulu dulu masalah koperasi ini tidak pernah menguntungkan rakyat yang menikmati pengurusnya bukan rakyatnya seperti KUD ini dan masih ada lainya yang modelnya seperti koperasi ini cuma menggendut kan pengurusnya;yha mestinya kita harus tahu pengalaman pimpinan yang dulu dulu masalah koperasi ini tidak pernah menguntungkan rakyat yang menikmati pengurusnya bukan rakyatnya seperti koperasi unit desa ini dan masih ada lainya yang modelnya seperti koperasi ini hanya menggendut pengurusnya;yha mestinya kita harus tahu pengalaman pimpinan yang dulu dulu masalah koperasi ini tidak pernah menguntungkan rakyat yang menikmati pengurusnya bukan rakyatnya seperti koperasi unit desa ini dan masih ada lainya yang modelnya seperti koperasi ini hanya menggendut pengurusnya;['yha', 'mestinya', 'kita', 'harus', 'tahu', 'pengalaman', 'pimpinan', 'yang', 'dulu', 'dulu', 'masalah', 'koperasi', 'ini', 'tidak', 'pernah', 'menguntungkan', 'rakyat', 'yang', 'menikmati', 'pengurusnya', 'bukan', 'rakyatnya', 'seperti', 'koperasi', 'unit', 'desa', 'ini', 'dan', 'masih', 'ada', 'lainya', 'yang', 'modelnya', 'seperti', 'koperasi', 'ini', 'hanya', 'menggendut', 'pengurusnya'];Tidak Terdeteksi;Pengelolaan, KUD;Diskusi;Diskusi;Menolak
"Ntah negara ini mau dibawa kmna , negara yg kaya akan sumber daya alam ...
Dengan julukan negara 1000 pulau yg dmna stiap pulau punya tmpt destinasi wisata,budaya , dan makanan khas ... Tapi bisa jadi negara yg ngk ada arah tujuan sangatlah miris ...
Padahal ekonomi negara ini bisa dibangun dari , minyak hasil kelapa sawit, pariwisata , export import , pertambangan, pertanian, budidaya ikan/ peternakan karna punya tanah yg subur dan tidak kekurangan air tapi asudahlah hidup dinegara ditengah"" grombolan tikus pilihannya cuman 2 menghindari tikus / menunggu digigit tikus ...";Ntah negara ini mau dibawa kmna negara yg kaya akan sumber daya alam Dengan julukan negara 1000 pulau yg dmna stiap pulau punya tmpt destinasi wisata budaya dan makanan khas Tapi bisa jadi negara yg ngk ada arah tujuan sangatlah miris Padahal ekonomi negara ini bisa dibangun dari minyak hasil kelapa sawit pariwisata export import pertambangan pertanian budidaya ikan peternakan karna punya tanah yg subur dan tidak kekurangan air tapi asudahlah hidup dinegara ditengah grombolan tikus pilihannya cuman 2 menghindari tikus menunggu digigit tikus;ntah negara ini mau dibawa kmna negara yang kaya akan sumber daya alam dengan julukan negara 1000 pulau yang dmna stiap pulau punya tmpt destinasi wisata budaya dan makanan khas tapi bisa jadi negara yang ngk ada arah tujuan sangatlah miris padahal ekonomi negara ini bisa dibangun dari minyak hasil kelapa sawit pariwisata export import pertambangan pertanian budidaya ikan peternakan karna punya tanah yang subur dan tidak kekurangan air tapi asudahlah hidup dinegara ditengah grombolan tikus pilihannya cuman 2 menghindari tikus menunggu digigit tikus;ntah negara ini mau dibawa kmna negara yang kaya akan sumber daya alam dengan julukan negara 1000 pulau yang dmna stiap pulau punya tmpt destinasi wisata budaya dan makanan khas tapi bisa jadi negara yang ngk ada arah tujuan sangatlah miris padahal ekonomi negara ini bisa dibangun dari minyak hasil kelapa sawit pariwisata export import pertambangan pertanian budidaya ikan peternakan karna punya tanah yang subur dan tidak kekurangan air tapi asudahlah hidup dinegara ditengah grombolan tikus pilihannya cuman menghindari tikus menunggu digigit tikus;['ntah', 'negara', 'ini', 'mau', 'dibawa', 'kmna', 'negara', 'yang', 'kaya', 'akan', 'sumber', 'daya', 'alam', 'dengan', 'julukan', 'negara', '1000', 'pulau', 'yang', 'dmna', 'stiap', 'pulau', 'punya', 'tmpt', 'destinasi', 'wisata', 'budaya', 'dan', 'makanan', 'khas', 'tapi', 'bisa', 'jadi', 'negara', 'yang', 'ngk', 'ada', 'arah', 'tujuan', 'sangatlah', 'miris', 'padahal', 'ekonomi', 'negara', 'ini', 'bisa', 'dibangun', 'dari', 'minyak', 'hasil', 'kelapa', 'sawit', 'pariwisata', 'export', 'import', 'pertambangan', 'pertanian', 'budidaya', 'ikan', 'peternakan', 'karna', 'punya', 'tanah', 'yang', 'subur', 'dan', 'tidak', 'kekurangan', 'air', 'tapi', 'asudahlah', 'hidup', 'dinegara', 'ditengah', 'grombolan', 'tikus', 'pilihannya', 'cuman', 'menghindari', 'tikus', 'menunggu', 'digigit', 'tikus'];Tidak Terdeteksi;Lainnya;Netral;Netral;Menolak
"Wowo itu udah tua dan pikun omon2nya keren tapi realisasinya prank doang.
Kayak negeri sinetron, banyak dramanya ??";Wowo itu udah tua dan pikun omon2nya keren tapi realisasinya prank doang Kayak negeri sinetron banyak dramanya;prabowo itu sudah tua dan pikun omon2nya keren tapi realisasinya prank doang kayak negeri sinetron banyak dramanya;prabowo itu sudah tua dan pikun omon2nya keren tapi realisasinya prank doang kayak negeri sinetron banyak dramanya;['prabowo', 'itu', 'sudah', 'tua', 'dan', 'pikun', 'omon2nya', 'keren', 'tapi', 'realisasinya', 'prank', 'doang', 'kayak', 'negeri', 'sinetron', 'banyak', 'dramanya'];Prabowo;Lainnya;Mendukung;Mendukung;Menolak
Bagi-bagi.... MBG coklat KDMP ijo..., sama2 dapet bagian kendraan operasional...., ??????;Bagi bagi MBG coklat KDMP ijo sama2 dapet bagian kendraan operasional;bagi bagi mbg coklat koperasi desa merah putih ijo sama2 dapet bagian kendraan operasional;bagi bagi mbg coklat koperasi desa merah putih ijo sama2 dapet bagian kendraan operasional;['bagi', 'bagi', 'mbg', 'coklat', 'koperasi', 'desa', 'merah', 'putih', 'ijo', 'sama2', 'dapet', 'bagian', 'kendraan', 'operasional'];KDMP;Lainnya;Netral;Netral;Menolak
Bagus sekaoi proyek ini untuk momentum kesejahteraan prajurit TNI;Bagus sekaoi proyek ini untuk momentum kesejahteraan prajurit TNI;bagus sekaoi proyek ini untuk momentum kesejahteraan prajurit tni;bagus sekaoi proyek ini untuk momentum kesejahteraan prajurit tni;['bagus', 'sekaoi', 'proyek', 'ini', 'untuk', 'momentum', 'kesejahteraan', 'prajurit', 'tni'];TNI;Militerisasi;Mendukung;Mendukung;Menolak
Terlanjur tidak bertanggung jawab?;Terlanjur tidak bertanggung jawab;terlanjur tidak bertanggung jawab;terlanjur tidak bertanggung jawab;['terlanjur', 'tidak', 'bertanggung', 'jawab'];Tidak Terdeteksi;Lainnya;Netral;Netral;Menolak
Bedanya china,korea dll kenapa maju... karena mereka prioritasin beli produk dalam negeri dulu. kecuali gak ada baru import... ini merah putih tapi gak cinta indonesia.;Bedanya china korea dll kenapa maju karena mereka prioritasin beli produk dalam negeri dulu kecuali gak ada baru import ini merah putih tapi gak cinta indonesia;bedanya china korea dan lain-lain kenapa maju karena mereka prioritasin beli produk dalam negeri dulu kecuali tidak ada baru import ini merah putih tapi tidak cinta indonesia;bedanya china korea dan lain-lain kenapa maju karena mereka prioritasin beli produk dalam negeri dulu kecuali tidak ada baru import ini merah putih tapi tidak cinta indonesia;['bedanya', 'china', 'korea', 'dan', 'lain-lain', 'kenapa', 'maju', 'karena', 'mereka', 'prioritasin', 'beli', 'produk', 'dalam', 'negeri', 'dulu', 'kecuali', 'tidak', 'ada', 'baru', 'import', 'ini', 'merah', 'putih', 'tapi', 'tidak', 'cinta', 'indonesia'];Tidak Terdeteksi;Lainnya;Diskusi;Diskusi;Menolak
Rakyat tidak butuh MBG dan koperasi merah putih rakyat butuh lapangan kerja program Prabowo aneh2 ... Buang2 anggaran negara ...;Rakyat tidak butuh MBG dan koperasi merah putih rakyat butuh lapangan kerja program Prabowo aneh2 Buang2 anggaran negara;rakyat tidak butuh mbg dan koperasi desa merah putih rakyat butuh lapangan kerja program prabowo aneh2 buang2 anggaran negara;rakyat tidak butuh mbg dan koperasi desa merah putih rakyat butuh lapangan kerja program prabowo aneh2 buang2 anggaran negara;['rakyat', 'tidak', 'butuh', 'mbg', 'dan', 'koperasi', 'desa', 'merah', 'putih', 'rakyat', 'butuh', 'lapangan', 'kerja', 'program', 'prabowo', 'aneh2', 'buang2', 'anggaran', 'negara'];Prabowo, KDMP;Kebijakan;Menolak;Menolak;Menolak
Koperasi di Konoha tidak akan sukses. Bukankah selama ini koperasi banyak yang diselewengkan oleh para pengurusnya sendiri?;Koperasi di Konoha tidak akan sukses Bukankah selama ini koperasi banyak yang diselewengkan oleh para pengurusnya sendiri;koperasi di konoha tidak akan sukses bukankah selama ini koperasi banyak yang diselewengkan oleh para pengurusnya sendiri;koperasi di konoha tidak akan sukses bukankah selama ini koperasi banyak yang diselewengkan oleh para pengurusnya sendiri;['koperasi', 'di', 'konoha', 'tidak', 'akan', 'sukses', 'bukankah', 'selama', 'ini', 'koperasi', 'banyak', 'yang', 'diselewengkan', 'oleh', 'para', 'pengurusnya', 'sendiri'];Tidak Terdeteksi;Pengelolaan;Mendukung;Mendukung;Menolak
Bersyukurlah kalian yg jujur dan tdk lulus. Rezeki yg diperoleh dgn cara yg tdk benar dan tidak halal merupakan rezeki yg tdk ada hak kepemilikannya. Siap2 dimintai pertgjawban di akherat ya.. Semoga Allah mempermudah niat baik rekan2 yg berjuang dgn cara jujur;Bersyukurlah kalian yg jujur dan tdk lulus Rezeki yg diperoleh dgn cara yg tdk benar dan tidak halal merupakan rezeki yg tdk ada hak kepemilikannya Siap2 dimintai pertgjawban di akherat ya Semoga Allah mempermudah niat baik rekan2 yg berjuang dgn cara jujur;bersyukurlah kalian yang jujur dan tidak lulus rezeki yang diperoleh dengan cara yang tidak benar dan tidak halal merupakan rezeki yang tidak ada hak kepemilikannya siap2 dimintai pertgjawban di akherat ya semoga allah mempermudah niat baik rekan2 yang berjuang dengan cara jujur;bersyukurlah kalian yang jujur dan tidak lulus rezeki yang diperoleh dengan cara yang tidak benar dan tidak halal merupakan rezeki yang tidak ada hak kepemilikannya siap2 dimintai pertgjawban di akherat semoga allah mempermudah niat baik rekan2 yang berjuang dengan cara jujur;['bersyukurlah', 'kalian', 'yang', 'jujur', 'dan', 'tidak', 'lulus', 'rezeki', 'yang', 'diperoleh', 'dengan', 'cara', 'yang', 'tidak', 'benar', 'dan', 'tidak', 'halal', 'merupakan', 'rezeki', 'yang', 'tidak', 'ada', 'hak', 'kepemilikannya', 'siap2', 'dimintai', 'pertgjawban', 'di', 'akherat', 'semoga', 'allah', 'mempermudah', 'niat', 'baik', 'rekan2', 'yang', 'berjuang', 'dengan', 'cara', 'jujur'];Tidak Terdeteksi;Lainnya;Mendukung;Mendukung;Netral
Ini bagus kok kdmp.asal bisa mengelola nya aja. Kami siap dg sistem keamanan yg ketat. Program kerja. Target dan marketingnya. Cuma sayang . Buat ngerjain konsep itu blm ada insentive buat kami.krn buat garap itu butuh waktu;Ini bagus kok kdmp asal bisa mengelola nya aja Kami siap dg sistem keamanan yg ketat Program kerja Target dan marketingnya Cuma sayang Buat ngerjain konsep itu blm ada insentive buat kami krn buat garap itu butuh waktu;ini bagus koperasi desa merah putih asal bisa mengelola nya saja kami siap dengan sistem keamanan yang ketat program kerja target dan marketingnya hanya sayang untuk ngerjain konsep itu belum ada insentive untuk kami karena untuk garap itu butuh waktu;ini bagus koperasi desa merah putih asal bisa mengelola nya saja kami siap dengan sistem keamanan yang ketat program kerja target dan marketingnya hanya sayang untuk ngerjain konsep itu belum ada insentive untuk kami karena untuk garap itu butuh waktu;['ini', 'bagus', 'koperasi', 'desa', 'merah', 'putih', 'asal', 'bisa', 'mengelola', 'nya', 'saja', 'kami', 'siap', 'dengan', 'sistem', 'keamanan', 'yang', 'ketat', 'program', 'kerja', 'target', 'dan', 'marketingnya', 'hanya', 'sayang', 'untuk', 'ngerjain', 'konsep', 'itu', 'belum', 'ada', 'insentive', 'untuk', 'kami', 'karena', 'untuk', 'garap', 'itu', 'butuh', 'waktu'];KDMP;Kebijakan;Diskusi;Diskusi;Mendukung
Indon berdepan saingan import kereta India Dan Amerika ...antara dua itu mana satu jadi pilihan rakyat Indon?;Indon berdepan saingan import kereta India Dan Amerika antara dua itu mana satu jadi pilihan rakyat Indon;indon berdepan saingan import kereta india dan amerika antara dua itu mana satu jadi pilihan rakyat indon;indon berdepan saingan import kereta india dan amerika antara dua itu mana satu jadi pilihan rakyat indon;['indon', 'berdepan', 'saingan', 'import', 'kereta', 'india', 'dan', 'amerika', 'antara', 'dua', 'itu', 'mana', 'satu', 'jadi', 'pilihan', 'rakyat', 'indon'];Tidak Terdeteksi;Lainnya;Netral;Netral;Menolak
Ayo korupsi masal, dana desa udah jalan. Saatnya gasak dana kopdes merput. Jgn nyesal lue gk ambil bagian, korupsi sdh di tata secara masif msk ke desa. Entar inflasi lagi kerana dana gk bisa balik modal apalagi hasilkan untung plus Pemerintah cetak duit trus, selamat menikmati masyarakat miskin, karena loe semua di buat miskin oleh negara ini dg sistim di dukung oleh para akademisi yg kata pintar, pintar ngibuli, karena kalah bersaing dg SDM bangsa luar.;Ayo korupsi masal dana desa udah jalan Saatnya gasak dana kopdes merput Jgn nyesal lue gk ambil bagian korupsi sdh di tata secara masif msk ke desa Entar inflasi lagi kerana dana gk bisa balik modal apalagi hasilkan untung plus Pemerintah cetak duit trus selamat menikmati masyarakat miskin karena loe semua di buat miskin oleh negara ini dg sistim di dukung oleh para akademisi yg kata pintar pintar ngibuli karena kalah bersaing dg SDM bangsa luar;ayo korupsi masal dana desa sudah jalan saatnya gasak dana koperasi desa merput jgn nyesal lue tidak ambil bagian korupsi sudah di tata secara masif msk ke desa entar inflasi lagi kerana dana tidak bisa balik modal apalagi hasilkan untung plus pemerintah cetak uang terus selamat menikmati masyarakat miskin karena kamu semua di untuk miskin oleh negara ini dengan sistim di dukung oleh para akademisi yang kata pintar pintar ngibuli karena kalah bersaing dengan sdm bangsa luar;ayo korupsi masal dana desa sudah jalan saatnya gasak dana koperasi desa merput jgn nyesal lue tidak ambil bagian korupsi sudah di tata secara masif msk ke desa entar inflasi lagi kerana dana tidak bisa balik modal apalagi hasilkan untung plus pemerintah cetak uang terus selamat menikmati masyarakat miskin karena kamu semua di untuk miskin oleh negara ini dengan sistim di dukung oleh para akademisi yang kata pintar pintar ngibuli karena kalah bersaing dengan sdm bangsa luar;['ayo', 'korupsi', 'masal', 'dana', 'desa', 'sudah', 'jalan', 'saatnya', 'gasak', 'dana', 'koperasi', 'desa', 'merput', 'jgn', 'nyesal', 'lue', 'tidak', 'ambil', 'bagian', 'korupsi', 'sudah', 'di', 'tata', 'secara', 'masif', 'msk', 'ke', 'desa', 'entar', 'inflasi', 'lagi', 'kerana', 'dana', 'tidak', 'bisa', 'balik', 'modal', 'apalagi', 'hasilkan', 'untung', 'plus', 'pemerintah', 'cetak', 'uang', 'terus', 'selamat', 'menikmati', 'masyarakat', 'miskin', 'karena', 'kamu', 'semua', 'di', 'untuk', 'miskin', 'oleh', 'negara', 'ini', 'dengan', 'sistim', 'di', 'dukung', 'oleh', 'para', 'akademisi', 'yang', 'kata', 'pintar', 'pintar', 'ngibuli', 'karena', 'kalah', 'bersaing', 'dengan', 'sdm', 'bangsa', 'luar'];KDMP;Korupsi, Dana Desa, Kebijakan;Diskusi;Diskusi;Menolak
"Asllmualaikum  wr,wb,

Saya mau tanya.
Bagaimqnq mengatasi jika ada masyaratkat yang menempati tanah desa sudah bertahun lalu di gusur untuk pembngunan gedung KPM.ada kah ad penggantian ganti rugi terhadap masyarakat yang di gusur rumah nya,..tolong di jwb.sekian dan trimah kasih jwban nya saya tunggu sesuai dgn UU no 2 tahun 2012 negara bagaimana mengatasi ny..";Asllmualaikum wr wb Saya mau tanya Bagaimqnq mengatasi jika ada masyaratkat yang menempati tanah desa sudah bertahun lalu di gusur untuk pembngunan gedung KPM ada kah ad penggantian ganti rugi terhadap masyarakat yang di gusur rumah nya tolong di jwb sekian dan trimah kasih jwban nya saya tunggu sesuai dgn UU no 2 tahun 2012 negara bagaimana mengatasi ny;asllmualaikum wr wb saya mau tanya bagaimqnq mengatasi jika ada masyaratkat yang menempati tanah desa sudah bertahun lalu di gusur untuk pembngunan gedung kpm ada kah ad penggantian ganti rugi terhadap masyarakat yang di gusur rumah nya tolong di jwb sekian dan trimah kasih jwban nya saya tunggu sesuai dengan uu no 2 tahun 2012 negara bagaimana mengatasi ny;asllmualaikum wr wb saya mau tanya bagaimqnq mengatasi jika ada masyaratkat yang menempati tanah desa sudah bertahun lalu di gusur untuk pembngunan gedung kpm ada kah ad penggantian ganti rugi terhadap masyarakat yang di gusur rumah nya tolong di jwb sekian dan trimah kasih jwban nya saya tunggu sesuai dengan uu no tahun 2012 negara bagaimana mengatasi ny;['asllmualaikum', 'wr', 'wb', 'saya', 'mau', 'tanya', 'bagaimqnq', 'mengatasi', 'jika', 'ada', 'masyaratkat', 'yang', 'menempati', 'tanah', 'desa', 'sudah', 'bertahun', 'lalu', 'di', 'gusur', 'untuk', 'pembngunan', 'gedung', 'kpm', 'ada', 'kah', 'ad', 'penggantian', 'ganti', 'rugi', 'terhadap', 'masyarakat', 'yang', 'di', 'gusur', 'rumah', 'nya', 'tolong', 'di', 'jwb', 'sekian', 'dan', 'trimah', 'kasih', 'jwban', 'nya', 'saya', 'tunggu', 'sesuai', 'dengan', 'uu', 'no', 'tahun', '2012', 'negara', 'bagaimana', 'mengatasi', 'ny'];Tidak Terdeteksi;Lainnya;Diskusi;Diskusi;Diskusi
"Selama tidak ada tim Audit Resmi di wilayah kecamatan,Yang tugasnya mengaudit dan memverifikasi pinjaman ke nasabah,Jangan harap kopdes ini akan berhasil dan sukses.
Malah sebaliknya akan menjadi ladang korupsi berjamaah dan membuat Kredibilitas Presiden sebagai pengagas kopdes ini akan tercemar.";Selama tidak ada tim Audit Resmi di wilayah kecamatan Yang tugasnya mengaudit dan memverifikasi pinjaman ke nasabah Jangan harap kopdes ini akan berhasil dan sukses Malah sebaliknya akan menjadi ladang korupsi berjamaah dan membuat Kredibilitas Presiden sebagai pengagas kopdes ini akan tercemar;selama tidak ada tim audit resmi di wilayah kecamatan yang tugasnya mengaudit dan memverifikasi pinjaman ke nasabah jangan harap koperasi desa ini akan berhasil dan sukses malah sebaliknya akan menjadi korupsi berjamaah dan membuat kredibilitas presiden sebagai pengagas koperasi desa ini akan tercemar;selama tidak ada tim audit resmi di wilayah kecamatan yang tugasnya mengaudit dan memverifikasi pinjaman ke nasabah jangan harap koperasi desa ini akan berhasil dan sukses malah sebaliknya akan menjadi korupsi berjamaah dan membuat kredibilitas presiden sebagai pengagas koperasi desa ini akan tercemar;['selama', 'tidak', 'ada', 'tim', 'audit', 'resmi', 'di', 'wilayah', 'kecamatan', 'yang', 'tugasnya', 'mengaudit', 'dan', 'memverifikasi', 'pinjaman', 'ke', 'nasabah', 'jangan', 'harap', 'koperasi', 'desa', 'ini', 'akan', 'berhasil', 'dan', 'sukses', 'malah', 'sebaliknya', 'akan', 'menjadi', 'korupsi', 'berjamaah', 'dan', 'membuat', 'kredibilitas', 'presiden', 'sebagai', 'pengagas', 'koperasi', 'desa', 'ini', 'akan', 'tercemar'];Prabowo, KDMP;Korupsi;Netral;Netral;Diskusi
Program makan gratis aja gagal total cuman omon Omon ini mau buat lagi program yang tidak masuk di akal koperasi wowo² ??;Program makan gratis aja gagal total cuman omon Omon ini mau buat lagi program yang tidak masuk di akal koperasi wowo2;program makan gratis saja gagal total cuman omon omon ini mau untuk lagi program yang tidak masuk di akal koperasi wowo2;program makan gratis saja gagal total cuman omon omon ini mau untuk lagi program yang tidak masuk di akal koperasi wowo2;['program', 'makan', 'gratis', 'saja', 'gagal', 'total', 'cuman', 'omon', 'omon', 'ini', 'mau', 'untuk', 'lagi', 'program', 'yang', 'tidak', 'masuk', 'di', 'akal', 'koperasi', 'wowo2'];Tidak Terdeteksi;Kebijakan;Menolak;Menolak;Menolak
Negri Bancakan;Negri Bancakan;negeri bancakan;negeri bancakan;['negeri', 'bancakan'];Tidak Terdeteksi;Korupsi;Menolak;Menolak;Menolak
Alhamdulillah mantap ?;Alhamdulillah mantap;alhamdulillah mantap;alhamdulillah mantap;['alhamdulillah', 'mantap'];Tidak Terdeteksi;Lainnya;Mendukung;Mendukung;Mendukung
Balikin modal pemilu dan para pendukungnya;Balikin modal pemilu dan para pendukungnya;balikin modal pemilu dan para pendukungnya;balikin modal pemilu dan para pendukungnya;['balikin', 'modal', 'pemilu', 'dan', 'para', 'pendukungnya'];Tidak Terdeteksi;Lainnya;Mendukung;Mendukung;Menolak
Menteri nya aja banyak yg terlibat korupsi tapi nggak di usut...;Menteri nya aja banyak yg terlibat korupsi tapi nggak di usut;menteri nya saja banyak yang terlibat korupsi tapi tidak di usut;menteri nya saja banyak yang terlibat korupsi tapi tidak di usut;['menteri', 'nya', 'saja', 'banyak', 'yang', 'terlibat', 'korupsi', 'tapi', 'tidak', 'di', 'usut'];Tidak Terdeteksi;Korupsi;Menolak;Menolak;Menolak
"KOPERASI MODEL APAPUN MASYARAKAT YG PINJAM JUGA GAK SPORTIF MBAYARNYA SULIT PETUGAS KOPERASI NAGIHNYA JUGA GAK TEGAS 
SEHINGGA MUNCUL PARADIGMA BANCAKKAN RAME RAME 
??????????";KOPERASI MODEL APAPUN MASYARAKAT YG PINJAM JUGA GAK SPORTIF MBAYARNYA SULIT PETUGAS KOPERASI NAGIHNYA JUGA GAK TEGAS SEHINGGA MUNCUL PARADIGMA BANCAKKAN RAME RAME;koperasi model apapun masyarakat yang pinjam juga tidak sportif mbayarnya sulit petugas koperasi nagihnya juga tidak tegas sehingga muncul paradigma bancakkan rame rame;koperasi model apapun masyarakat yang pinjam juga tidak sportif mbayarnya sulit petugas koperasi nagihnya juga tidak tegas sehingga muncul paradigma bancakkan rame rame;['koperasi', 'model', 'apapun', 'masyarakat', 'yang', 'pinjam', 'juga', 'tidak', 'sportif', 'mbayarnya', 'sulit', 'petugas', 'koperasi', 'nagihnya', 'juga', 'tidak', 'tegas', 'sehingga', 'muncul', 'paradigma', 'bancakkan', 'rame', 'rame'];Tidak Terdeteksi;Lainnya;Netral;Netral;Menolak
Paling2 ntar uangnya buat bancakan rame2...;Paling2 ntar uangnya buat bancakan rame2;paling2 nanti uangnya untuk bancakan rame2;paling2 nanti uangnya untuk bancakan rame2;['paling2', 'nanti', 'uangnya', 'untuk', 'bancakan', 'rame2'];Tidak Terdeteksi;Korupsi;Menolak;Menolak;Menolak
"Presiden kita ini sudah tdk bisa ragukan lagi , jelas OTORITER !.
Strateginya  di libatkan tentara dan Polri.
Polri di MBG tentara di koprasi Merah putih !.
Scara pribadi prabowo jelas supaya  Tentara ini di jadikan perlindungan gersk politiknya. !.
bahaya akan terjadi seperti kejadian 98, pemakhulan presiden Suharto.";Presiden kita ini sudah tdk bisa ragukan lagi jelas OTORITER Strateginya di libatkan tentara dan Polri Polri di MBG tentara di koprasi Merah putih Scara pribadi prabowo jelas supaya Tentara ini di jadikan perlindungan gersk politiknya bahaya akan terjadi seperti kejadian 98 pemakhulan presiden Suharto;presiden kita ini sudah tidak bisa ragukan lagi jelas otoriter strateginya di libatkan tni dan polri polri di mbg tni di koperasi merah putih scara pribadi prabowo jelas supaya tni ini di jadikan perlindungan gersk politiknya bahaya akan terjadi seperti kejadian 98 pemakhulan presiden suharto;presiden kita ini sudah tidak bisa ragukan lagi jelas otoriter strateginya di libatkan tni dan polri polri di mbg tni di koperasi merah putih scara pribadi prabowo jelas supaya tni ini di jadikan perlindungan gersk politiknya bahaya akan terjadi seperti kejadian 98 pemakhulan presiden suharto;['presiden', 'kita', 'ini', 'sudah', 'tidak', 'bisa', 'ragukan', 'lagi', 'jelas', 'otoriter', 'strateginya', 'di', 'libatkan', 'tni', 'dan', 'polri', 'polri', 'di', 'mbg', 'tni', 'di', 'koperasi', 'merah', 'putih', 'scara', 'pribadi', 'prabowo', 'jelas', 'supaya', 'tni', 'ini', 'di', 'jadikan', 'perlindungan', 'gersk', 'politiknya', 'bahaya', 'akan', 'terjadi', 'seperti', 'kejadian', '98', 'pemakhulan', 'presiden', 'suharto'];TNI, Prabowo;Militerisasi;Menolak;Menolak;Menolak
pemerintahan yang lalim;pemerintahan yang lalim;pemerintahan yang lalim;pemerintahan yang lalim;['pemerintahan', 'yang', 'lalim'];Tidak Terdeteksi;Kebijakan;Netral;Netral;Menolak
saya KAGET....;saya KAGET;saya kaget;saya kaget;['saya', 'kaget'];Tidak Terdeteksi;Lainnya;Netral;Netral;Netral
"1 kata "" Revolusi """;1 kata Revolusi;1 kata revolusi;kata revolusi;['kata', 'revolusi'];Tidak Terdeteksi;Lainnya;Netral;Netral;Netral
"Bila sdm nya tidak dipersiapkan dengan baik,bisa2 nasibnya seperti KUD jaman dulu.
Tiorinya koperasi itu simple,prakteknya banyak yang gagal.
Semoga tidak terjadi buming korupsi dikoperasi merahputih.????????";Bila sdm nya tidak dipersiapkan dengan baik bisa2 nasibnya seperti KUD jaman dulu Tiorinya koperasi itu simple prakteknya banyak yang gagal Semoga tidak terjadi buming korupsi dikoperasi merahputih;bila sdm nya tidak dipersiapkan dengan baik bisa2 nasibnya seperti koperasi unit desa zaman dulu tiorinya koperasi itu simple prakteknya banyak yang gagal semoga tidak terjadi buming korupsi dikoperasi merahputih;bila sdm nya tidak dipersiapkan dengan baik bisa2 nasibnya seperti koperasi unit desa zaman dulu tiorinya koperasi itu simple prakteknya banyak yang gagal semoga tidak terjadi buming korupsi dikoperasi merahputih;['bila', 'sdm', 'nya', 'tidak', 'dipersiapkan', 'dengan', 'baik', 'bisa2', 'nasibnya', 'seperti', 'koperasi', 'unit', 'desa', 'zaman', 'dulu', 'tiorinya', 'koperasi', 'itu', 'simple', 'prakteknya', 'banyak', 'yang', 'gagal', 'semoga', 'tidak', 'terjadi', 'buming', 'korupsi', 'dikoperasi', 'merahputih'];Tidak Terdeteksi;Korupsi, KUD;Diskusi;Diskusi;Diskusi
Era Prabowo rajin mencarikan pekerjaan tpi hanya unt klompoknya.???;Era Prabowo rajin mencarikan pekerjaan tpi hanya unt klompoknya;era prabowo rajin mencarikan pekerjaan tapi hanya unt klompoknya;era prabowo rajin mencarikan pekerjaan tapi hanya unt klompoknya;['era', 'prabowo', 'rajin', 'mencarikan', 'pekerjaan', 'tapi', 'hanya', 'unt', 'klompoknya'];Prabowo;Lainnya;Netral;Netral;Menolak
secara tidak langsung...pemerintah mengajarkan masyarakatnya untuk korupsi...masih banyak hal lain yg lebih urgent mengenai masalah negara....koperasi di desa aja banyak yg carut marut...banyak yg gak bayar;secara tidak langsung pemerintah mengajarkan masyarakatnya untuk korupsi masih banyak hal lain yg lebih urgent mengenai masalah negara koperasi di desa aja banyak yg carut marut banyak yg gak bayar;secara tidak langsung pemerintah mengajarkan masyarakatnya untuk korupsi masih banyak hal lain yang lebih urgent mengenai masalah negara koperasi di desa saja banyak yang carut marut banyak yang tidak bayar;secara tidak langsung pemerintah mengajarkan masyarakatnya untuk korupsi masih banyak hal lain yang lebih urgent mengenai masalah negara koperasi di desa saja banyak yang carut marut banyak yang tidak bayar;['secara', 'tidak', 'langsung', 'pemerintah', 'mengajarkan', 'masyarakatnya', 'untuk', 'korupsi', 'masih', 'banyak', 'hal', 'lain', 'yang', 'lebih', 'urgent', 'mengenai', 'masalah', 'negara', 'koperasi', 'di', 'desa', 'saja', 'banyak', 'yang', 'carut', 'marut', 'banyak', 'yang', 'tidak', 'bayar'];Tidak Terdeteksi;Korupsi, Kebijakan;Menolak;Menolak;Menolak
kayanya waktu kampanye gk ada janjikan dirikan koperasi desa ya?!!!;kayanya waktu kampanye gk ada janjikan dirikan koperasi desa ya;kayanya waktu kampanye tidak ada janjikan dirikan koperasi desa ya;kayanya waktu kampanye tidak ada janjikan dirikan koperasi desa;['kayanya', 'waktu', 'kampanye', 'tidak', 'ada', 'janjikan', 'dirikan', 'koperasi', 'desa'];KDMP;Lainnya;Diskusi;Diskusi;Menolak
KMP ....fungsi utamanya melenyapkan rentenir di desa2 ..... penyebaran pu2k yg cepat dan tepat ..... stabilkan harga sembako .....  bidang usaha secara garis besar dari pusat dan detanya diserahkan ke desa .... anggaran apbn .... bisa dlm waktu dekat selanjutnya perbaikan .... notaris di satu titik perkecamatan;KMP fungsi utamanya melenyapkan rentenir di desa2 penyebaran pu2k yg cepat dan tepat stabilkan harga sembako bidang usaha secara garis besar dari pusat dan detanya diserahkan ke desa anggaran apbn bisa dlm waktu dekat selanjutnya perbaikan notaris di satu titik perkecamatan;koperasi desa merah putih fungsi utamanya melenyapkan rentenir di desa2 penyebaran pu2k yang cepat dan tepat stabilkan harga sembako bidang usaha secara garis besar dari pusat dan detanya diserahkan ke desa anggaran anggaran pendapatan dan belanja negara bisa dalam waktu dekat selanjutnya perbaikan notaris di satu titik perkecamatan;koperasi desa merah putih fungsi utamanya melenyapkan rentenir di desa2 penyebaran pu2k yang cepat dan tepat stabilkan harga sembako bidang usaha secara garis besar dari pusat dan detanya diserahkan ke desa anggaran anggaran pendapatan dan belanja negara bisa dalam waktu dekat selanjutnya perbaikan notaris di satu titik perkecamatan;['koperasi', 'desa', 'merah', 'putih', 'fungsi', 'utamanya', 'melenyapkan', 'rentenir', 'di', 'desa2', 'penyebaran', 'pu2k', 'yang', 'cepat', 'dan', 'tepat', 'stabilkan', 'harga', 'sembako', 'bidang', 'usaha', 'secara', 'garis', 'besar', 'dari', 'pusat', 'dan', 'detanya', 'diserahkan', 'ke', 'desa', 'anggaran', 'anggaran', 'pendapatan', 'dan', 'belanja', 'negara', 'bisa', 'dalam', 'waktu', 'dekat', 'selanjutnya', 'perbaikan', 'notaris', 'di', 'satu', 'titik', 'perkecamatan'];KDMP;Lainnya;Mendukung;Mendukung;Mendukung
Makanya jangan taruh mereka di atas awan. Kita punya trauma besar terhadap mereka, oleh karenanya selalu awasi gerak-gerik mereka.;Makanya jangan taruh mereka di atas awan Kita punya trauma besar terhadap mereka oleh karenanya selalu awasi gerak gerik mereka;makanya jangan taruh mereka di atas awan kita punya trauma besar terhadap mereka oleh karenanya selalu awasi gerak gerik mereka;makanya jangan taruh mereka di atas awan kita punya trauma besar terhadap mereka oleh karenanya selalu awasi gerak gerik mereka;['makanya', 'jangan', 'taruh', 'mereka', 'di', 'atas', 'awan', 'kita', 'punya', 'trauma', 'besar', 'terhadap', 'mereka', 'oleh', 'karenanya', 'selalu', 'awasi', 'gerak', 'gerik', 'mereka'];Tidak Terdeteksi;Lainnya;Diskusi;Diskusi;Menolak
Tapi kepala desa juga suka korupsi... Apa bedanya ????????;Tapi kepala desa juga suka korupsi Apa bedanya;tapi kepala desa juga suka korupsi apa bedanya;tapi kepala desa juga suka korupsi apa bedanya;['tapi', 'kepala', 'desa', 'juga', 'suka', 'korupsi', 'apa', 'bedanya'];Kades;Korupsi;Menolak;Menolak;Menolak
Program makan gratis dan rumah gratis gagal..ini mau ngecet langit lagi..;Program makan gratis dan rumah gratis gagal ini mau ngecet langit lagi;program makan gratis dan rumah gratis gagal ini mau ngecet langit lagi;program makan gratis dan rumah gratis gagal ini mau ngecet langit lagi;['program', 'makan', 'gratis', 'dan', 'rumah', 'gratis', 'gagal', 'ini', 'mau', 'ngecet', 'langit', 'lagi'];Tidak Terdeteksi;Kebijakan;Menolak;Menolak;Menolak
Dr dulu kemana aja, telat bos mikirnya!!!!;Dr dulu kemana aja telat bos mikirnya;dari dulu kemana saja telat bos mikirnya;dari dulu kemana saja telat bos mikirnya;['dari', 'dulu', 'kemana', 'saja', 'telat', 'bos', 'mikirnya'];Tidak Terdeteksi;Lainnya;Diskusi;Diskusi;Menolak
Sejak dulu selalu seperti itu.....jadi gak heran ... dinegara ini apapun sepertinya butuh ordal;Sejak dulu selalu seperti itu jadi gak heran dinegara ini apapun sepertinya butuh ordal;sejak dulu selalu seperti itu jadi tidak heran dinegara ini apapun sepertinya butuh ordal;sejak dulu selalu seperti itu jadi tidak heran dinegara ini apapun sepertinya butuh ordal;['sejak', 'dulu', 'selalu', 'seperti', 'itu', 'jadi', 'tidak', 'heran', 'dinegara', 'ini', 'apapun', 'sepertinya', 'butuh', 'ordal'];Tidak Terdeteksi;Lainnya;Diskusi;Diskusi;Menolak
Isinya mafia semua..haha;Isinya mafia semua haha;isinya mafia semua haha;isinya mafia semua haha;['isinya', 'mafia', 'semua', 'haha'];Tidak Terdeteksi;Lainnya;Netral;Netral;Menolak
"Usaha Koperasinya belum tentu berhasil sudah MW merekrut Pegawai yg direncanakan MW diangkat jadi ASN ?
Asli ini bukan tujuan efisiensi anggara justru  pemborosan.
Saya rakyat jelata memprediksi Program Koperasi akan menimbulkan masalah ....";Usaha Koperasinya belum tentu berhasil sudah MW merekrut Pegawai yg direncanakan MW diangkat jadi ASN Asli ini bukan tujuan efisiensi anggara justru pemborosan Saya rakyat jelata memprediksi Program Koperasi akan menimbulkan masalah;usaha koperasinya belum tentu berhasil sudah mw merekrut pegawai yang direncanakan mw diangkat jadi asn asli ini bukan tujuan efisiensi anggara justru pemborosan saya rakyat jelata memprediksi program koperasi akan menimbulkan masalah;usaha koperasinya belum tentu berhasil sudah mw merekrut pegawai yang direncanakan mw diangkat jadi asn asli ini bukan tujuan efisiensi anggara justru pemborosan saya rakyat jelata memprediksi program koperasi akan menimbulkan masalah;['usaha', 'koperasinya', 'belum', 'tentu', 'berhasil', 'sudah', 'mw', 'merekrut', 'pegawai', 'yang', 'direncanakan', 'mw', 'diangkat', 'jadi', 'asn', 'asli', 'ini', 'bukan', 'tujuan', 'efisiensi', 'anggara', 'justru', 'pemborosan', 'saya', 'rakyat', 'jelata', 'memprediksi', 'program', 'koperasi', 'akan', 'menimbulkan', 'masalah'];Tidak Terdeteksi;Kebijakan;Mendukung;Mendukung;Menolak
pantes sebelah rumah baru dibangun mandornya loreng;pantes sebelah rumah baru dibangun mandornya loreng;pantes sebelah rumah baru dibangun mandornya loreng;pantes sebelah rumah baru dibangun mandornya loreng;['pantes', 'sebelah', 'rumah', 'baru', 'dibangun', 'mandornya', 'loreng'];Tidak Terdeteksi;Lainnya;Netral;Netral;Menolak
Banyak koperasi simpan pinjam modalnya dari pengusaha banyak yg gagal total malah bangkrut apalagi modal pemerinta, orang pinjam tp ogah bayar;Banyak koperasi simpan pinjam modalnya dari pengusaha banyak yg gagal total malah bangkrut apalagi modal pemerinta orang pinjam tp ogah bayar;banyak koperasi simpan pinjam modalnya dari pengusaha banyak yang gagal total malah bangkrut apalagi modal pemerinta orang pinjam tapi ogah bayar;banyak koperasi simpan pinjam modalnya dari pengusaha banyak yang gagal total malah bangkrut apalagi modal pemerinta orang pinjam tapi ogah bayar;['banyak', 'koperasi', 'simpan', 'pinjam', 'modalnya', 'dari', 'pengusaha', 'banyak', 'yang', 'gagal', 'total', 'malah', 'bangkrut', 'apalagi', 'modal', 'pemerinta', 'orang', 'pinjam', 'tapi', 'ogah', 'bayar'];Tidak Terdeteksi;Lainnya;Menolak;Menolak;Menolak
"Terkait status manager ini, jauh lebih tepat cukup sbg OUTSOURCHING aja. Dan kalau ingin jadi ASN, jalur nya sama dg ASN lain. 
Misalnya :
1. Syaratnya minimal sdh bekerja aktif tanpa putus selama 2-3 tahun
2. Mengikuti tes CPNS atau CASN. 
3. Klo lolos CPNS jadilah PNS
4. Klo lolos CASN jadilah PPPK Paruh waktu dulu.

Knapa ini penting, biar kinerja MenPAN RB dan BKN gak terganggu, mereka ada skala prioritas segera menuntaskan ASN PPPK PW (Paruh Waktu) harus di tahun ini. Agar tahun depan mereka sdh jadi PPPK utuh, dan istilah PENUH WAKTU dan PARUH WAKTU dihilangkan.";Terkait status manager ini jauh lebih tepat cukup sbg OUTSOURCHING aja Dan kalau ingin jadi ASN jalur nya sama dg ASN lain Misalnya 1 Syaratnya minimal sdh bekerja aktif tanpa putus selama 2 3 tahun 2 Mengikuti tes CPNS atau CASN 3 Klo lolos CPNS jadilah PNS 4 Klo lolos CASN jadilah PPPK Paruh waktu dulu Knapa ini penting biar kinerja MenPAN RB dan BKN gak terganggu mereka ada skala prioritas segera menuntaskan ASN PPPK PW Paruh Waktu harus di tahun ini Agar tahun depan mereka sdh jadi PPPK utuh dan istilah PENUH WAKTU dan PARUH WAKTU dihilangkan;terkait status manager ini jauh lebih tepat cukup sbg outsourching saja dan kalau ingin jadi asn jalur nya sama dengan asn lain misalnya 1 syaratnya minimal sudah bekerja aktif tanpa putus selama 2 3 tahun 2 mengikuti tes cpns atau casn 3 kalau lolos cpns jadilah pns 4 kalau lolos casn jadilah pppk paruh waktu dulu knapa ini penting biar kinerja menpan rb dan bukan tidak terganggu mereka ada skala prioritas segera menuntaskan asn pppk pw paruh waktu harus di tahun ini agar tahun depan mereka sudah jadi pppk utuh dan istilah penuh waktu dan paruh waktu dihilangkan;terkait status manager ini jauh lebih tepat cukup sbg outsourching saja dan kalau ingin jadi asn jalur nya sama dengan asn lain misalnya syaratnya minimal sudah bekerja aktif tanpa putus selama tahun mengikuti tes cpns atau casn kalau lolos cpns jadilah pns kalau lolos casn jadilah pppk paruh waktu dulu knapa ini penting biar kinerja menpan rb dan bukan tidak terganggu mereka ada skala prioritas segera menuntaskan asn pppk pw paruh waktu harus di tahun ini agar tahun depan mereka sudah jadi pppk utuh dan istilah penuh waktu dan paruh waktu dihilangkan;['terkait', 'status', 'manager', 'ini', 'jauh', 'lebih', 'tepat', 'cukup', 'sbg', 'outsourching', 'saja', 'dan', 'kalau', 'ingin', 'jadi', 'asn', 'jalur', 'nya', 'sama', 'dengan', 'asn', 'lain', 'misalnya', 'syaratnya', 'minimal', 'sudah', 'bekerja', 'aktif', 'tanpa', 'putus', 'selama', 'tahun', 'mengikuti', 'tes', 'cpns', 'atau', 'casn', 'kalau', 'lolos', 'cpns', 'jadilah', 'pns', 'kalau', 'lolos', 'casn', 'jadilah', 'pppk', 'paruh', 'waktu', 'dulu', 'knapa', 'ini', 'penting', 'biar', 'kinerja', 'menpan', 'rb', 'dan', 'bukan', 'tidak', 'terganggu', 'mereka', 'ada', 'skala', 'prioritas', 'segera', 'menuntaskan', 'asn', 'pppk', 'pw', 'paruh', 'waktu', 'harus', 'di', 'tahun', 'ini', 'agar', 'tahun', 'depan', 'mereka', 'sudah', 'jadi', 'pppk', 'utuh', 'dan', 'istilah', 'penuh', 'waktu', 'dan', 'paruh', 'waktu', 'dihilangkan'];Tidak Terdeteksi;Lainnya;Diskusi;Diskusi;Diskusi
Bagaimana juga pelayanan purna jualnya? Servis berkala? Montir Indonesia sudah bisa melayani?;Bagaimana juga pelayanan purna jualnya Servis berkala Montir Indonesia sudah bisa melayani;bagaimana juga pelayanan purna jualnya servis berkala montir indonesia sudah bisa melayani;bagaimana juga pelayanan purna jualnya servis berkala montir indonesia sudah bisa melayani;['bagaimana', 'juga', 'pelayanan', 'purna', 'jualnya', 'servis', 'berkala', 'montir', 'indonesia', 'sudah', 'bisa', 'melayani'];Tidak Terdeteksi;Lainnya;Netral;Netral;Netral
Sebaiknya koperasi merah putih berbasis koperasi syariah;Sebaiknya koperasi merah putih berbasis koperasi syariah;sebaiknya koperasi desa merah putih berbasis koperasi syariah;sebaiknya koperasi desa merah putih berbasis koperasi syariah;['sebaiknya', 'koperasi', 'desa', 'merah', 'putih', 'berbasis', 'koperasi', 'syariah'];KDMP;Lainnya;Mendukung;Mendukung;Diskusi
Kop MR serta masifnya muncul ormas grip di daerah bisa jd buat 2029. Rakyat sdh paham rezim cuma memperkaya keluarga jokowi..prabowo..luhut dan antek2nya. Sehingga butuh strategi dan ormas keras buat 2029.;Kop MR serta masifnya muncul ormas grip di daerah bisa jd buat 2029 Rakyat sdh paham rezim cuma memperkaya keluarga jokowi prabowo luhut dan antek2nya Sehingga butuh strategi dan ormas keras buat 2029;kop mr serta masifnya muncul ormas grip di daerah bisa jadi untuk 2029 rakyat sudah paham pemerintah hanya memperkaya keluarga jokowi prabowo luhut dan antek2nya sehingga butuh strategi dan ormas keras untuk 2029;kop mr serta masifnya muncul ormas grip di daerah bisa jadi untuk 2029 rakyat sudah paham pemerintah hanya memperkaya keluarga jokowi prabowo luhut dan antek2nya sehingga butuh strategi dan ormas keras untuk 2029;['kop', 'mr', 'serta', 'masifnya', 'muncul', 'ormas', 'grip', 'di', 'daerah', 'bisa', 'jadi', 'untuk', '2029', 'rakyat', 'sudah', 'paham', 'pemerintah', 'hanya', 'memperkaya', 'keluarga', 'jokowi', 'prabowo', 'luhut', 'dan', 'antek2nya', 'sehingga', 'butuh', 'strategi', 'dan', 'ormas', 'keras', 'untuk', '2029'];Prabowo;Kebijakan;Netral;Netral;Netral
"Kalo Untuk Desa Saya Saran, Boleh Pemerintah Punya Niat Baik Memajukan Desa"" Dengan Cara Apapun Tapi Tolong Setiap Brapa Tahun Sekali Adakan Survei Dari Pemerintah Pusat Apa Aja Yg Sudah Dibangun Di Desa Karna Kalo Gak Ada Survei Dari Pemerintah Pusat Itu Dana Bantuan Sebesar Apapun Bakal Kalang Kabut Gk Ketemu Jalannya kemana, Ini Salah Satu Contoh Didesa Saya Aja Belom Desa"" Yg Laen, Di Desa Saya 3 Periode Kepala Desa Berkuasa Cuma Periode Pertama Kami Merasakan Jalanan Enak Dua Periodenya Hancur Jalan Sama Skali Gk Diperbaiki, Pertanyaannya Kenapa Pemimpin Yg Tidak Baik Masih Dipilih? Saya Jelaskan, Di Desa Itu Mayoritas Orang Awam Dan Kepala Desa Bermain Politik Amplop Yg Perorang Bisa 300 Sampai 400ribu Bahkan Ada Yg Mencapai 500ribu Tuh, Orang Awam Dapat Uang Sebesar Itu Dah Senang Sekali Mengingat Sulitnya Mencari Uang Didesa, Didesa Kerja Seharian Jadi Buruh Cangkul Kerja Pagi Ampe Sore Full Cuma Dapet 100rebu Gimana Gk Seneng Mereka Dapat Uang Cuma"" Segede Itu Cuma Dengan Mudah, Jadi Pesan Saya Untuk Pemerintah Pusat Tolong Sesekali Survei Lah Desa"" Diseluruh Indonesia Agar Anggaran Dana Desa Yg Turun Kepemerintah Desa Tersalurkan Dengan Benar Bukan Digunakan Untuk Memperkaya Diri Mereka Sendiri";Kalo Untuk Desa Saya Saran Boleh Pemerintah Punya Niat Baik Memajukan Desa Dengan Cara Apapun Tapi Tolong Setiap Brapa Tahun Sekali Adakan Survei Dari Pemerintah Pusat Apa Aja Yg Sudah Dibangun Di Desa Karna Kalo Gak Ada Survei Dari Pemerintah Pusat Itu Dana Bantuan Sebesar Apapun Bakal Kalang Kabut Gk Ketemu Jalannya kemana Ini Salah Satu Contoh Didesa Saya Aja Belom Desa Yg Laen Di Desa Saya 3 Periode Kepala Desa Berkuasa Cuma Periode Pertama Kami Merasakan Jalanan Enak Dua Periodenya Hancur Jalan Sama Skali Gk Diperbaiki Pertanyaannya Kenapa Pemimpin Yg Tidak Baik Masih Dipilih Saya Jelaskan Di Desa Itu Mayoritas Orang Awam Dan Kepala Desa Bermain Politik Amplop Yg Perorang Bisa 300 Sampai 400ribu Bahkan Ada Yg Mencapai 500ribu Tuh Orang Awam Dapat Uang Sebesar Itu Dah Senang Sekali Mengingat Sulitnya Mencari Uang Didesa Didesa Kerja Seharian Jadi Buruh Cangkul Kerja Pagi Ampe Sore Full Cuma Dapet 100rebu Gimana Gk Seneng Mereka Dapat Uang Cuma Segede Itu Cuma Dengan Mudah Jadi Pesan Saya Untuk Pemerintah Pusat Tolong Sesekali Survei Lah Desa Diseluruh Indonesia Agar Anggaran Dana Desa Yg Turun Kepemerintah Desa Tersalurkan Dengan Benar Bukan Digunakan Untuk Memperkaya Diri Mereka Sendiri;kalau untuk desa saya saran boleh pemerintah punya niat baik memajukan desa dengan cara apapun tapi tolong setiap brapa tahun sekali adakan survei dari pemerintah pusat apa saja yang sudah dibangun di desa karna kalau tidak ada survei dari pemerintah pusat itu dana bantuan sebesar apapun bakal kalang kabut tidak ketemu jalannya kemana ini salah satu contoh didesa saya saja belom desa yang laen di desa saya 3 periode kepala desa berkuasa hanya periode pertama kami merasakan jalanan enak dua periodenya hancur jalan sama skali tidak diperbaiki pertanyaannya kenapa pemimpin yang tidak baik masih dipilih saya jelaskan di desa itu mayoritas orang awam dan kepala desa bermain politik amplop yang perorang bisa 300 sampai 400ribu bahkan ada yang mencapai 500ribu tuh orang awam dapat uang sebesar itu dah senang sekali mengingat sulitnya mencari uang didesa didesa kerja seharian jadi buruh cangkul kerja pagi ampe sore full hanya dapet 100rebu bagaimana tidak senang mereka dapat uang hanya segede itu hanya dengan mudah jadi pesan saya untuk pemerintah pusat tolong sesekali survei desa diseluruh indonesia agar anggaran dana desa yang turun kepemerintah desa tersalurkan dengan benar bukan digunakan untuk memperkaya diri mereka sendiri;kalau untuk desa saya saran boleh pemerintah punya niat baik memajukan desa dengan cara apapun tapi tolong setiap brapa tahun sekali adakan survei dari pemerintah pusat apa saja yang sudah dibangun di desa karna kalau tidak ada survei dari pemerintah pusat itu dana bantuan sebesar apapun bakal kalang kabut tidak ketemu jalannya kemana ini salah satu contoh didesa saya saja belom desa yang laen di desa saya periode kepala desa berkuasa hanya periode pertama kami merasakan jalanan enak dua periodenya hancur jalan sama skali tidak diperbaiki pertanyaannya kenapa pemimpin yang tidak baik masih dipilih saya jelaskan di desa itu mayoritas orang awam dan kepala desa bermain politik amplop yang perorang bisa 300 sampai 400ribu bahkan ada yang mencapai 500ribu tuh orang awam dapat uang sebesar itu dah senang sekali mengingat sulitnya mencari uang didesa didesa kerja seharian jadi buruh cangkul kerja pagi ampe sore full hanya dapet 100rebu bagaimana tidak senang mereka dapat uang hanya segede itu hanya dengan mudah jadi pesan saya untuk pemerintah pusat tolong sesekali survei desa diseluruh indonesia agar anggaran dana desa yang turun kepemerintah desa tersalurkan dengan benar bukan digunakan untuk memperkaya diri mereka sendiri;['kalau', 'untuk', 'desa', 'saya', 'saran', 'boleh', 'pemerintah', 'punya', 'niat', 'baik', 'memajukan', 'desa', 'dengan', 'cara', 'apapun', 'tapi', 'tolong', 'setiap', 'brapa', 'tahun', 'sekali', 'adakan', 'survei', 'dari', 'pemerintah', 'pusat', 'apa', 'saja', 'yang', 'sudah', 'dibangun', 'di', 'desa', 'karna', 'kalau', 'tidak', 'ada', 'survei', 'dari', 'pemerintah', 'pusat', 'itu', 'dana', 'bantuan', 'sebesar', 'apapun', 'bakal', 'kalang', 'kabut', 'tidak', 'ketemu', 'jalannya', 'kemana', 'ini', 'salah', 'satu', 'contoh', 'didesa', 'saya', 'saja', 'belom', 'desa', 'yang', 'laen', 'di', 'desa', 'saya', 'periode', 'kepala', 'desa', 'berkuasa', 'hanya', 'periode', 'pertama', 'kami', 'merasakan', 'jalanan', 'enak', 'dua', 'periodenya', 'hancur', 'jalan', 'sama', 'skali', 'tidak', 'diperbaiki', 'pertanyaannya', 'kenapa', 'pemimpin', 'yang', 'tidak', 'baik', 'masih', 'dipilih', 'saya', 'jelaskan', 'di', 'desa', 'itu', 'mayoritas', 'orang', 'awam', 'dan', 'kepala', 'desa', 'bermain', 'politik', 'amplop', 'yang', 'perorang', 'bisa', '300', 'sampai', '400ribu', 'bahkan', 'ada', 'yang', 'mencapai', '500ribu', 'tuh', 'orang', 'awam', 'dapat', 'uang', 'sebesar', 'itu', 'dah', 'senang', 'sekali', 'mengingat', 'sulitnya', 'mencari', 'uang', 'didesa', 'didesa', 'kerja', 'seharian', 'jadi', 'buruh', 'cangkul', 'kerja', 'pagi', 'ampe', 'sore', 'full', 'hanya', 'dapet', '100rebu', 'bagaimana', 'tidak', 'senang', 'mereka', 'dapat', 'uang', 'hanya', 'segede', 'itu', 'hanya', 'dengan', 'mudah', 'jadi', 'pesan', 'saya', 'untuk', 'pemerintah', 'pusat', 'tolong', 'sesekali', 'survei', 'desa', 'diseluruh', 'indonesia', 'agar', 'anggaran', 'dana', 'desa', 'yang', 'turun', 'kepemerintah', 'desa', 'tersalurkan', 'dengan', 'benar', 'bukan', 'digunakan', 'untuk', 'memperkaya', 'diri', 'mereka', 'sendiri'];Kades;Dana Desa, Kebijakan;Out_of_Topic;Out_of_Topic;Out_of_Topic
Jangan terulang lagi kejadian KUD  zaman Orba. jadi ajang memperkaya diri  oknum;Jangan terulang lagi kejadian KUD zaman Orba jadi ajang memperkaya diri oknum;jangan terulang lagi kejadian koperasi unit desa zaman orde baru jadi ajang memperkaya diri oknum;jangan terulang lagi kejadian koperasi unit desa zaman orde baru jadi ajang memperkaya diri oknum;['jangan', 'terulang', 'lagi', 'kejadian', 'koperasi', 'unit', 'desa', 'zaman', 'orde', 'baru', 'jadi', 'ajang', 'memperkaya', 'diri', 'oknum'];Tidak Terdeteksi;Militerisasi, KUD;Menolak;Menolak;Menolak
Sekarang para kades seluruh Indonesia pada nyesel telah pilih Bowo. Padahal sebelum pilpres mereka dikerahkan ke Jakarta untuk konsolidasi pemenangan Bowo Gibran. Dan ternyata Bowo Gibran sukses jadi pemenang pemilu. Sekarang kades seluruh Indonesia pada nyrongos giginya karena kurus kurang makan akibat dana desa dirampok oleh sang penguasa ??????;Sekarang para kades seluruh Indonesia pada nyesel telah pilih Bowo Padahal sebelum pilpres mereka dikerahkan ke Jakarta untuk konsolidasi pemenangan Bowo Gibran Dan ternyata Bowo Gibran sukses jadi pemenang pemilu Sekarang kades seluruh Indonesia pada nyrongos giginya karena kurus kurang makan akibat dana desa dirampok oleh sang penguasa;sekarang para kepala desa seluruh indonesia pada menyesal telah pilih bowo padahal sebelum pilpres mereka dikerahkan ke jakarta untuk konsolidasi pemenangan bowo gibran dan ternyata bowo gibran sukses jadi pemenang pemilu sekarang kepala desa seluruh indonesia pada nyrongos giginya karena kurus kurang makan akibat dana desa dirampok oleh sang penguasa;sekarang para kepala desa seluruh indonesia pada menyesal telah pilih bowo padahal sebelum pilpres mereka dikerahkan ke jakarta untuk konsolidasi pemenangan bowo gibran dan ternyata bowo gibran sukses jadi pemenang pemilu sekarang kepala desa seluruh indonesia pada nyrongos giginya karena kurus kurang makan akibat dana desa dirampok oleh sang penguasa;['sekarang', 'para', 'kepala', 'desa', 'seluruh', 'indonesia', 'pada', 'menyesal', 'telah', 'pilih', 'bowo', 'padahal', 'sebelum', 'pilpres', 'mereka', 'dikerahkan', 'ke', 'jakarta', 'untuk', 'konsolidasi', 'pemenangan', 'bowo', 'gibran', 'dan', 'ternyata', 'bowo', 'gibran', 'sukses', 'jadi', 'pemenang', 'pemilu', 'sekarang', 'kepala', 'desa', 'seluruh', 'indonesia', 'pada', 'nyrongos', 'giginya', 'karena', 'kurus', 'kurang', 'makan', 'akibat', 'dana', 'desa', 'dirampok', 'oleh', 'sang', 'penguasa'];Kades;Dana Desa;Diskusi;Diskusi;Menolak
Bagi bagi lahan korupsi;Bagi bagi lahan korupsi;bagi bagi lahan korupsi;bagi bagi lahan korupsi;['bagi', 'bagi', 'lahan', 'korupsi'];Tidak Terdeteksi;Korupsi;Menolak;Menolak;Menolak
Kepala desa beserta koroniya yang untung rakyat kecil buntung;Kepala desa beserta koroniya yang untung rakyat kecil buntung;kepala desa beserta koroniya yang untung rakyat kecil buntung;kepala desa beserta koroniya yang untung rakyat kecil buntung;['kepala', 'desa', 'beserta', 'koroniya', 'yang', 'untung', 'rakyat', 'kecil', 'buntung'];Kades;Lainnya;Netral;Netral;Menolak
Kalo berpikir positif saja tidak ada gimana negara ini bisa maju...?;Kalo berpikir positif saja tidak ada gimana negara ini bisa maju;kalau berpikir positif saja tidak ada bagaimana negara ini bisa maju;kalau berpikir positif saja tidak ada bagaimana negara ini bisa maju;['kalau', 'berpikir', 'positif', 'saja', 'tidak', 'ada', 'bagaimana', 'negara', 'ini', 'bisa', 'maju'];Tidak Terdeteksi;Lainnya;Mendukung;Mendukung;Menolak
????????????????? bikin pemainnya senyum karena dapet bukan nunggu!;bikin pemainnya senyum karena dapet bukan nunggu;membuat pemainnya senyum karena dapet bukan nunggu;membuat pemainnya senyum karena dapet bukan nunggu;['membuat', 'pemainnya', 'senyum', 'karena', 'dapet', 'bukan', 'nunggu'];Tidak Terdeteksi;Lainnya;Diskusi;Diskusi;Out_of_Topic
Cukup 1 priode saja pak. Uda jelas soalnya.. no debat;Cukup 1 priode saja pak Uda jelas soalnya no debat;cukup 1 priode saja pak sudah jelas soalnya no debat;cukup priode saja pak sudah jelas soalnya no debat;['cukup', 'priode', 'saja', 'pak', 'sudah', 'jelas', 'soalnya', 'no', 'debat'];Tidak Terdeteksi;Lainnya;Netral;Netral;Menolak
mau impor mobil aj susah, padahal untuk kebaikan kroni, kebaikan kok dihalang2i ??;mau impor mobil aj susah padahal untuk kebaikan kroni kebaikan kok dihalang2i;mau impor mobil saja susah padahal untuk kebaikan kroni kebaikan dihalang2i;mau impor mobil saja susah padahal untuk kebaikan kroni kebaikan dihalang2i;['mau', 'impor', 'mobil', 'saja', 'susah', 'padahal', 'untuk', 'kebaikan', 'kroni', 'kebaikan', 'dihalang2i'];Tidak Terdeteksi;Lainnya;Mendukung;Mendukung;Menolak
Tantara dan polisi kagak usah berbisnis ... Mereka sudah digaji negara dan sejahtera ... Biar dikerjakan pengangguran kalau ada bisnis baru, dikasih modal oleh negara ... Sehingga rakyat tambah sejahtera dan kehadiran negara di rasakan;Tantara dan polisi kagak usah berbisnis Mereka sudah digaji negara dan sejahtera Biar dikerjakan pengangguran kalau ada bisnis baru dikasih modal oleh negara Sehingga rakyat tambah sejahtera dan kehadiran negara di rasakan;tantara dan polisi kagak usah berbisnis mereka sudah digaji negara dan sejahtera biar dikerjakan pengangguran kalau ada bisnis baru dikasih modal oleh negara sehingga rakyat tambah sejahtera dan kehadiran negara di rasakan;tantara dan polisi kagak usah berbisnis mereka sudah digaji negara dan sejahtera biar dikerjakan pengangguran kalau ada bisnis baru dikasih modal oleh negara sehingga rakyat tambah sejahtera dan kehadiran negara di rasakan;['tentara', 'dan', 'polisi', 'kagak', 'usah', 'berbisnis', 'mereka', 'sudah', 'digaji', 'negara', 'dan', 'sejahtera', 'biar', 'dikerjakan', 'pengangguran', 'kalau', 'ada', 'bisnis', 'baru', 'dikasih', 'modal', 'oleh', 'negara', 'sehingga', 'rakyat', 'tambah', 'sejahtera', 'dan', 'kehadiran', 'negara', 'di', 'rasakan'];TNI;Militerisasi;Out_of_Topic;Out_of_Topic;Menolak
Belajarlah dengan KUD yg sekarang tinggal kenangan ketika sudah didukung pemerintah;Belajarlah dengan KUD yg sekarang tinggal kenangan ketika sudah didukung pemerintah;belajarlah dengan koperasi unit desa yang sekarang tinggal kenangan ketika sudah didukung pemerintah;belajarlah dengan koperasi unit desa yang sekarang tinggal kenangan ketika sudah didukung pemerintah;['belajarlah', 'dengan', 'koperasi', 'unit', 'desa', 'yang', 'sekarang', 'tinggal', 'kenangan', 'ketika', 'sudah', 'didukung', 'pemerintah'];Tidak Terdeteksi;Kebijakan, KUD;Mendukung;Mendukung;Menolak
dikit2 make istilah dan bhs negara org.byk org tdk paham bhs inggris,,jd pakai aja bhs indonesia jgn sok pintar gitu;dikit2 make istilah dan bhs negara org byk org tdk paham bhs inggris jd pakai aja bhs indonesia jgn sok pintar gitu;dikit2 make istilah dan bhs negara orang byk orang tidak paham bhs inggris jadi pakai saja bhs indonesia jgn sok pintar gitu;dikit2 make istilah dan bhs negara orang byk orang tidak paham bhs inggris jadi pakai saja bhs indonesia jgn sok pintar gitu;['dikit2', 'make', 'istilah', 'dan', 'bhs', 'negara', 'orang', 'byk', 'orang', 'tidak', 'paham', 'bhs', 'inggris', 'jadi', 'pakai', 'saja', 'bhs', 'indonesia', 'jgn', 'sok', 'pintar', 'gitu'];Tempo;Media;Netral;Netral;Menolak
Lahan korupsi baru niih.,;Lahan korupsi baru niih;lahan korupsi baru niih;lahan korupsi baru niih;['lahan', 'korupsi', 'baru', 'niih'];Tidak Terdeteksi;Korupsi;Menolak;Menolak;Menolak
Dari pusat setor milyaran. Sampe desa tinggal ratusan juta ???????? yg untung para bandit yg rugi ya rakyatnya dibohongi ??;Dari pusat setor milyaran Sampe desa tinggal ratusan juta yg untung para bandit yg rugi ya rakyatnya dibohongi;dari pusat setor milyaran sampe desa tinggal ratusan juta yang untung para bandit yang rugi ya rakyatnya dibohongi;dari pusat setor milyaran sampe desa tinggal ratusan juta yang untung para bandit yang rugi rakyatnya dibohongi;['dari', 'pusat', 'setor', 'milyaran', 'sampe', 'desa', 'tinggal', 'ratusan', 'juta', 'yang', 'untung', 'para', 'bandit', 'yang', 'rugi', 'rakyatnya', 'dibohongi'];Tidak Terdeteksi;Lainnya;Menolak;Menolak;Menolak
Kenapa harus ikut tentara dalam urusan bisnis, tentara urusan pertahanan ini sama dengan gaya orba.;Kenapa harus ikut tentara dalam urusan bisnis tentara urusan pertahanan ini sama dengan gaya orba;kenapa harus ikut tni dalam urusan bisnis tni urusan pertahanan ini sama dengan gaya orde baru;kenapa harus ikut tni dalam urusan bisnis tni urusan pertahanan ini sama dengan gaya orde baru;['kenapa', 'harus', 'ikut', 'tni', 'dalam', 'urusan', 'bisnis', 'tni', 'urusan', 'pertahanan', 'ini', 'sama', 'dengan', 'gaya', 'orde', 'baru'];TNI;Militerisasi;Menolak;Menolak;Menolak
Sy lebih percaya tentara karena lebih disiplin dari pada kades.;Sy lebih percaya tentara karena lebih disiplin dari pada kades;saya lebih percaya tni karena lebih disiplin dari pada kepala desa;saya lebih percaya tni karena lebih disiplin dari pada kepala desa;['saya', 'lebih', 'percaya', 'tni', 'karena', 'lebih', 'disiplin', 'dari', 'pada', 'kepala', 'desa'];TNI, Kades;Militerisasi;Diskusi;Diskusi;Mendukung
Gak masalahlah kan tni  ikut masuk..mncegah mereka yg mau coba2 korupsi yh sdh berakar;Gak masalahlah kan tni ikut masuk mncegah mereka yg mau coba2 korupsi yh sdh berakar;tidak masalahlah tni ikut masuk mncegah mereka yang mau coba2 korupsi yh sudah berakar;tidak masalahlah tni ikut masuk mncegah mereka yang mau coba2 korupsi yh sudah berakar;['tidak', 'masalahlah', 'tni', 'ikut', 'masuk', 'mncegah', 'mereka', 'yang', 'mau', 'coba2', 'korupsi', 'yh', 'sudah', 'berakar'];TNI;Korupsi, Militerisasi;Menolak;Menolak;Mendukung
Hemat saya lebih baik pemerintah fokus  pada penyerapan hasil produksi desa,salurkan hasil produksi umkm ,hasil pertanian carikan salurkandan jamin mereka harga jual yang layak.;Hemat saya lebih baik pemerintah fokus pada penyerapan hasil produksi desa salurkan hasil produksi umkm hasil pertanian carikan salurkandan jamin mereka harga jual yang layak;hemat saya lebih baik pemerintah fokus pada penyerapan hasil produksi desa salurkan hasil produksi usaha mikro kecil menengah hasil pertanian carikan salurkandan jamin mereka harga jual yang layak;hemat saya lebih baik pemerintah fokus pada penyerapan hasil produksi desa salurkan hasil produksi usaha mikro kecil menengah hasil pertanian carikan salurkandan jamin mereka harga jual yang layak;['hemat', 'saya', 'lebih', 'baik', 'pemerintah', 'fokus', 'pada', 'penyerapan', 'hasil', 'produksi', 'desa', 'salurkan', 'hasil', 'produksi', 'usaha', 'mikro', 'kecil', 'menengah', 'hasil', 'pertanian', 'carikan', 'salurkandan', 'jamin', 'mereka', 'harga', 'jual', 'yang', 'layak'];Tidak Terdeteksi;Kebijakan;Mendukung;Mendukung;Mendukung
Pengulangan pola ORBA dalam  program hanya dapat berlangsung ditopang otoritas kekuasaan dng alat militer.;Pengulangan pola ORBA dalam program hanya dapat berlangsung ditopang otoritas kekuasaan dng alat militer;pengulangan pola orde baru dalam program hanya dapat berlangsung ditopang otoritas kekuasaan dng alat tni;pengulangan pola orde baru dalam program hanya dapat berlangsung ditopang otoritas kekuasaan dng alat tni;['pengulangan', 'pola', 'orde', 'baru', 'dalam', 'program', 'hanya', 'dapat', 'berlangsung', 'ditopang', 'otoritas', 'kekuasaan', 'dng', 'alat', 'tni'];TNI;Militerisasi, Kebijakan;Menolak;Menolak;Menolak
"Sepertinya Prabowo ingin mengembalikan masa"" kekuasaan mertuanya Suharto...
Kalau dijaman Suharto programnya KUD..koperasi unit desa...
Sekarang diganti namanya jadi koperasi desa merah putih....
Gawat....
Makin gak jelas presiden omon"" ini??????
Semakin terbuka lapangan buat koruptor nihhh...
Kalau bukan karna Gibran saya gak kan pernah milih Prabowo ini....
Prabowo yang buat keputusan tapi ujung' Gibran dan keluarga yang akan jadi sasaran buly orang sebrang....
??????";Sepertinya Prabowo ingin mengembalikan masa kekuasaan mertuanya Suharto Kalau dijaman Suharto programnya KUD koperasi unit desa Sekarang diganti namanya jadi koperasi desa merah putih Gawat Makin gak jelas presiden omon ini Semakin terbuka lapangan buat koruptor nihhh Kalau bukan karna Gibran saya gak kan pernah milih Prabowo ini Prabowo yang buat keputusan tapi ujung Gibran dan keluarga yang akan jadi sasaran buly orang sebrang;sepertinya prabowo ingin mengembalikan masa kekuasaan mertuanya suharto kalau dijaman suharto programnya koperasi unit desa koperasi unit desa sekarang diganti namanya jadi koperasi desa merah putih gawat makin tidak jelas presiden omon ini semakin terbuka lapangan untuk koruptor nihhh kalau bukan karna gibran saya tidak pernah milih prabowo ini prabowo yang untuk keputusan tapi ujung gibran dan keluarga yang akan jadi sasaran buly orang sebrang;sepertinya prabowo ingin mengembalikan masa kekuasaan mertuanya suharto kalau dijaman suharto programnya koperasi unit desa koperasi unit desa sekarang diganti namanya jadi koperasi desa merah putih gawat makin tidak jelas presiden omon ini semakin terbuka lapangan untuk koruptor nihhh kalau bukan karna gibran saya tidak pernah milih prabowo ini prabowo yang untuk keputusan tapi ujung gibran dan keluarga yang akan jadi sasaran buly orang sebrang;['sepertinya', 'prabowo', 'ingin', 'mengembalikan', 'masa', 'kekuasaan', 'mertuanya', 'suharto', 'kalau', 'dijaman', 'suharto', 'programnya', 'koperasi', 'unit', 'desa', 'koperasi', 'unit', 'desa', 'sekarang', 'diganti', 'namanya', 'jadi', 'koperasi', 'desa', 'merah', 'putih', 'gawat', 'makin', 'tidak', 'jelas', 'presiden', 'omon', 'ini', 'semakin', 'terbuka', 'lapangan', 'untuk', 'koruptor', 'nihhh', 'kalau', 'bukan', 'karna', 'gibran', 'saya', 'tidak', 'pernah', 'milih', 'prabowo', 'ini', 'prabowo', 'yang', 'untuk', 'keputusan', 'tapi', 'ujung', 'gibran', 'dan', 'keluarga', 'yang', 'akan', 'jadi', 'sasaran', 'buly', 'orang', 'sebrang'];Prabowo, KDMP;Korupsi, Kebijakan, KUD;Menolak;Menolak;Menolak
Pengurus nya sajah tidak dilibatkan ??;Pengurus nya sajah tidak dilibatkan;pengurus nya sajah tidak dilibatkan;pengurus nya sajah tidak dilibatkan;['pengurus', 'nya', 'sajah', 'tidak', 'dilibatkan'];Tidak Terdeteksi;Pengelolaan;Netral;Netral;Menolak
"Tak jelas bocor.alus tempo.
Pengawasan rakyat pasti akan bergerak.
Koperasi desa Merah Putih adalah menjadi penggerak kehidupan desa. Dan ini merupakan intervensi pemerintah. Dan menjadi motor penggerak kreativitas kehidupan desa.
Himbara, akan mendapatkan sifat happy karena akan di back up oleh negara. Dan himbara akan mendapatkan imbal hasil yang oke juga.";Tak jelas bocor alus tempo Pengawasan rakyat pasti akan bergerak Koperasi desa Merah Putih adalah menjadi penggerak kehidupan desa Dan ini merupakan intervensi pemerintah Dan menjadi motor penggerak kreativitas kehidupan desa Himbara akan mendapatkan sifat happy karena akan di back up oleh negara Dan himbara akan mendapatkan imbal hasil yang oke juga;tidak jelas bocor alus tempo pengawasan rakyat pasti akan bergerak koperasi desa merah putih adalah menjadi penggerak kehidupan desa dan ini merupakan intervensi pemerintah dan menjadi motor penggerak kreativitas kehidupan desa himbara akan mendapatkan sifat happy karena akan di back up oleh negara dan himbara akan mendapatkan imbal hasil yang oke juga;tidak jelas bocor alus tempo pengawasan rakyat pasti akan bergerak koperasi desa merah putih adalah menjadi penggerak kehidupan desa dan ini merupakan intervensi pemerintah dan menjadi motor penggerak kreativitas kehidupan desa himbara akan mendapatkan sifat happy karena akan di back up oleh negara dan himbara akan mendapatkan imbal hasil yang oke juga;['tidak', 'jelas', 'bocor', 'alus', 'tempo', 'pengawasan', 'rakyat', 'pasti', 'akan', 'bergerak', 'koperasi', 'desa', 'merah', 'putih', 'adalah', 'menjadi', 'penggerak', 'kehidupan', 'desa', 'dan', 'ini', 'merupakan', 'intervensi', 'pemerintah', 'dan', 'menjadi', 'motor', 'penggerak', 'kreativitas', 'kehidupan', 'desa', 'himbara', 'akan', 'mendapatkan', 'sifat', 'happy', 'karena', 'akan', 'di', 'back', 'up', 'oleh', 'negara', 'dan', 'himbara', 'akan', 'mendapatkan', 'imbal', 'hasil', 'yang', 'oke', 'juga'];Tempo, KDMP;Kebijakan, Media;Diskusi;Diskusi;Diskusi
Mantap tempo;Mantap tempo;mantap tempo;mantap tempo;['mantap', 'tempo'];Tempo;Media;Mendukung;Mendukung;Mendukung
"Waktu aku kecil liat SERDADU lg latihan takut sekali.
Maling pasti dimasukkan ke KORAMIL. Mknya negara AMAN
Intinya JANGAN KORUPSI aja";Waktu aku kecil liat SERDADU lg latihan takut sekali Maling pasti dimasukkan ke KORAMIL Mknya negara AMAN Intinya JANGAN KORUPSI aja;waktu saya kecil liat serdadu lg latihan takut sekali maling pasti dimasukkan ke koramil mknya negara aman intinya jangan korupsi saja;waktu saya kecil liat serdadu lg latihan takut sekali maling pasti dimasukkan ke koramil mknya negara aman intinya jangan korupsi saja;['waktu', 'saya', 'kecil', 'liat', 'serdadu', 'lg', 'latihan', 'takut', 'sekali', 'maling', 'pasti', 'dimasukkan', 'ke', 'koramil', 'mknya', 'negara', 'aman', 'intinya', 'jangan', 'korupsi', 'saja'];TNI;Militerisasi;Menolak;Menolak;Mendukung
Kalo alasannya efisiensi pasti prabowo setuju.efisiensi kan prabowo banget gak sih.?? sodara  sodara  kita efisiensi ??;Kalo alasannya efisiensi pasti prabowo setuju efisiensi kan prabowo banget gak sih sodara sodara kita efisiensi;kalau alasannya efisiensi pasti prabowo setuju efisiensi prabowo sekali tidak sodara sodara kita efisiensi;kalau alasannya efisiensi pasti prabowo setuju efisiensi prabowo sekali tidak sodara sodara kita efisiensi;['kalau', 'alasannya', 'efisiensi', 'pasti', 'prabowo', 'setuju', 'efisiensi', 'prabowo', 'sekali', 'tidak', 'sodara', 'sodara', 'kita', 'efisiensi'];Prabowo;Lainnya;Mendukung;Mendukung;Menolak
Amburadul negara akibat pemimpinnya bodoh, arogan, otoriter memilih bawahannya yg becus kerja yg penting pinter menjilat dan sekolam;Amburadul negara akibat pemimpinnya bodoh arogan otoriter memilih bawahannya yg becus kerja yg penting pinter menjilat dan sekolam;amburadul negara akibat pemimpinnya bodoh arogan otoriter memilih bawahannya yang becus kerja yang penting pinter menjilat dan sekolam;amburadul negara akibat pemimpinnya bodoh arogan otoriter memilih bawahannya yang becus kerja yang penting pinter menjilat dan sekolam;['amburadul', 'negara', 'akibat', 'pemimpinnya', 'bodoh', 'arogan', 'otoriter', 'memilih', 'bawahannya', 'yang', 'becus', 'kerja', 'yang', 'penting', 'pinter', 'menjilat', 'dan', 'sekolam'];Tidak Terdeteksi;Lainnya;Menolak;Menolak;Menolak
DD banyak dikorupsi kepala desa;DD banyak dikorupsi kepala desa;dd banyak dikorupsi kepala desa;dd banyak dikorupsi kepala desa;['dd', 'banyak', 'dikorupsi', 'kepala', 'desa'];Kades;Korupsi;Menolak;Menolak;Menolak
Pemerintahan skarang bukan lebih baik TPI Mala lebih hancur, MBG polisi kop merah putih tentara dan dana desa dipotong , Prabowo prabowo;Pemerintahan skarang bukan lebih baik TPI Mala lebih hancur MBG polisi kop merah putih tentara dan dana desa dipotong Prabowo prabowo;pemerintahan sekarang bukan lebih baik tapi mala lebih hancur mbg polisi kop merah putih tni dan dana desa dipotong prabowo prabowo;pemerintahan sekarang bukan lebih baik tapi mala lebih hancur mbg polisi kop merah putih tni dan dana desa dipotong prabowo prabowo;['pemerintahan', 'sekarang', 'bukan', 'lebih', 'baik', 'tapi', 'mala', 'lebih', 'hancur', 'mbg', 'polisi', 'kop', 'merah', 'putih', 'tni', 'dan', 'dana', 'desa', 'dipotong', 'prabowo', 'prabowo'];TNI, Prabowo;Militerisasi, Dana Desa, Kebijakan;Mendukung;Mendukung;Menolak
"Baru tau kebijakan pembelian impor ada istilah terlanjur ??

Nanti kalau ada korupsi ketauan pakai kata terlanjur bisa kali ya ??";Baru tau kebijakan pembelian impor ada istilah terlanjur Nanti kalau ada korupsi ketauan pakai kata terlanjur bisa kali ya;baru tahu kebijakan pembelian impor ada istilah terlanjur nanti kalau ada korupsi ketauan pakai kata terlanjur bisa kali ya;baru tahu kebijakan pembelian impor ada istilah terlanjur nanti kalau ada korupsi ketauan pakai kata terlanjur bisa kali;['baru', 'tahu', 'kebijakan', 'pembelian', 'impor', 'ada', 'istilah', 'terlanjur', 'nanti', 'kalau', 'ada', 'korupsi', 'ketauan', 'pakai', 'kata', 'terlanjur', 'bisa', 'kali'];Tidak Terdeteksi;Korupsi, Kebijakan;Menolak;Menolak;Menolak
Uang koperasi merah putih di setiap desa sangat-sangat besar sayang hampir 90% dikelola sama orang yang tidak berkompeten tahap pertama pembangunan udah ada korupsi dimana-mana;Uang koperasi merah putih di setiap desa sangat sangat besar sayang hampir 90 dikelola sama orang yang tidak berkompeten tahap pertama pembangunan udah ada korupsi dimana mana;uang koperasi desa merah putih di setiap desa sangat sangat besar sayang hampir 90 dikelola sama orang yang tidak berkompeten tahap pertama pembangunan sudah ada korupsi dimana mana;uang koperasi desa merah putih di setiap desa sangat sangat besar sayang hampir 90 dikelola sama orang yang tidak berkompeten tahap pertama pembangunan sudah ada korupsi dimana mana;['uang', 'koperasi', 'desa', 'merah', 'putih', 'di', 'setiap', 'desa', 'sangat', 'sangat', 'besar', 'sayang', 'hampir', '90', 'dikelola', 'sama', 'orang', 'yang', 'tidak', 'berkompeten', 'tahap', 'pertama', 'pembangunan', 'sudah', 'ada', 'korupsi', 'dimana', 'mana'];KDMP;Korupsi;Out_of_Topic;Out_of_Topic;Menolak
Lbh baik BUMDES dievaluasi dan diperbaiki kinerjanya...kemudian bisa di geser prioritasnya utk penguatan modal  usaha Unit Usaha BUMDES ( simpan pinjam, bisnis sesuai potensi desa,dll) . Kl sdh makiin berkembang, pemerintah dapat memberikan tambahan modal usaha utk pengembangan usaha. BUMDES sdh mencukupi sebagai badan hukum dan badan usaha di pedesaan. Pemerintah pusat nggak usah muluk2 dulu deh...kembangkan dulu yg sdh ada tp blm berkembang. Dr puluhan ribu BUMDES, brp persen yg berfungsi dgn baik? Mgkn kurang dr 10%.;Lbh baik BUMDES dievaluasi dan diperbaiki kinerjanya kemudian bisa di geser prioritasnya utk penguatan modal usaha Unit Usaha BUMDES simpan pinjam bisnis sesuai potensi desa dll Kl sdh makiin berkembang pemerintah dapat memberikan tambahan modal usaha utk pengembangan usaha BUMDES sdh mencukupi sebagai badan hukum dan badan usaha di pedesaan Pemerintah pusat nggak usah muluk2 dulu deh kembangkan dulu yg sdh ada tp blm berkembang Dr puluhan ribu BUMDES brp persen yg berfungsi dgn baik Mgkn kurang dr 10;lbh baik badan usaha milik desa dievaluasi dan diperbaiki kinerjanya kemudian bisa di geser prioritasnya untuk penguatan modal usaha unit usaha badan usaha milik desa simpan pinjam bisnis sesuai potensi desa dan lain-lain kalau sudah makiin berkembang pemerintah dapat memberikan tambahan modal usaha untuk pengembangan usaha badan usaha milik desa sudah mencukupi sebagai badan hukum dan badan usaha di pedesaan pemerintah pusat tidak usah muluk2 dulu kembangkan dulu yang sudah ada tapi belum berkembang dari puluhan ribu badan usaha milik desa brp persen yang berfungsi dengan baik mgkn kurang dari 10;lbh baik badan usaha milik desa dievaluasi dan diperbaiki kinerjanya kemudian bisa di geser prioritasnya untuk penguatan modal usaha unit usaha badan usaha milik desa simpan pinjam bisnis sesuai potensi desa dan lain-lain kalau sudah makiin berkembang pemerintah dapat memberikan tambahan modal usaha untuk pengembangan usaha badan usaha milik desa sudah mencukupi sebagai badan hukum dan badan usaha di pedesaan pemerintah pusat tidak usah muluk2 dulu kembangkan dulu yang sudah ada tapi belum berkembang dari puluhan ribu badan usaha milik desa brp persen yang berfungsi dengan baik mgkn kurang dari 10;['lbh', 'baik', 'badan', 'usaha', 'milik', 'desa', 'dievaluasi', 'dan', 'diperbaiki', 'kinerjanya', 'kemudian', 'bisa', 'di', 'geser', 'prioritasnya', 'untuk', 'penguatan', 'modal', 'usaha', 'unit', 'usaha', 'badan', 'usaha', 'milik', 'desa', 'simpan', 'pinjam', 'bisnis', 'sesuai', 'potensi', 'desa', 'dan', 'lain-lain', 'kalau', 'sudah', 'makiin', 'berkembang', 'pemerintah', 'dapat', 'memberikan', 'tambahan', 'modal', 'usaha', 'untuk', 'pengembangan', 'usaha', 'badan', 'usaha', 'milik', 'desa', 'sudah', 'mencukupi', 'sebagai', 'badan', 'hukum', 'dan', 'badan', 'usaha', 'di', 'pedesaan', 'pemerintah', 'pusat', 'tidak', 'usah', 'muluk2', 'dulu', 'kembangkan', 'dulu', 'yang', 'sudah', 'ada', 'tapi', 'belum', 'berkembang', 'dari', 'puluhan', 'ribu', 'badan', 'usaha', 'milik', 'desa', 'brp', 'persen', 'yang', 'berfungsi', 'dengan', 'baik', 'mgkn', 'kurang', 'dari', '10'];Tidak Terdeteksi;Kebijakan;Diskusi;Diskusi;Diskusi
Apapun programnya tidak akan sampai kebawah, karena budaya korup mengakar. Desa saja masih timpang, Di jawa ada desa yg ada gedung2 hotel, mall, tp statusnya masih desa. Desa itu kerajaan kecil yg seumur hidup dikuasai keluarga itu2 saja, mau Koperasi, Bumdes, Desa, Sekolah, Masjid, Petugas Pemilu, itu itu saja;Apapun programnya tidak akan sampai kebawah karena budaya korup mengakar Desa saja masih timpang Di jawa ada desa yg ada gedung2 hotel mall tp statusnya masih desa Desa itu kerajaan kecil yg seumur hidup dikuasai keluarga itu2 saja mau Koperasi Bumdes Desa Sekolah Masjid Petugas Pemilu itu itu saja;apapun programnya tidak akan sampai kebawah karena budaya korup mengakar desa saja masih timpang di jawa ada desa yang ada gedung2 hotel mall tapi statusnya masih desa desa itu kerajaan kecil yang seumur hidup dikuasai keluarga itu2 saja mau koperasi badan usaha milik desa desa sekolah masjid petugas pemilu itu itu saja;apapun programnya tidak akan sampai kebawah karena budaya korup mengakar desa saja masih timpang di jawa ada desa yang ada gedung2 hotel mall tapi statusnya masih desa desa itu kerajaan kecil yang seumur hidup dikuasai keluarga itu2 saja mau koperasi badan usaha milik desa desa sekolah masjid petugas pemilu itu itu saja;['apapun', 'programnya', 'tidak', 'akan', 'sampai', 'kebawah', 'karena', 'budaya', 'korup', 'mengakar', 'desa', 'saja', 'masih', 'timpang', 'di', 'jawa', 'ada', 'desa', 'yang', 'ada', 'gedung2', 'hotel', 'mall', 'tapi', 'statusnya', 'masih', 'desa', 'desa', 'itu', 'kerajaan', 'kecil', 'yang', 'seumur', 'hidup', 'dikuasai', 'keluarga', 'itu2', 'saja', 'mau', 'koperasi', 'badan', 'usaha', 'milik', 'desa', 'desa', 'sekolah', 'masjid', 'petugas', 'pemilu', 'itu', 'itu', 'saja'];Tidak Terdeteksi;Kebijakan;Diskusi;Diskusi;Menolak
Koperasi nggak maju lagi, sudah kalah dengan indomart dan alpamart yang merasuk masuk ke desa desa,;Koperasi nggak maju lagi sudah kalah dengan indomart dan alpamart yang merasuk masuk ke desa desa;koperasi tidak maju lagi sudah kalah dengan indomart dan alpamart yang merasuk masuk ke desa desa;koperasi tidak maju lagi sudah kalah dengan indomart dan alpamart yang merasuk masuk ke desa desa;['koperasi', 'tidak', 'maju', 'lagi', 'sudah', 'kalah', 'dengan', 'indomart', 'dan', 'alpamart', 'yang', 'merasuk', 'masuk', 'ke', 'desa', 'desa'];Tidak Terdeteksi;Lainnya;Mendukung;Mendukung;Menolak
Kalau ini fix dilaksanakan dgn dana yg segitu besarnya tp g nampak kemajuan didesa,, gawat la udah ????;Kalau ini fix dilaksanakan dgn dana yg segitu besarnya tp g nampak kemajuan didesa gawat la udah;kalau ini fix dilaksanakan dengan dana yang segitu besarnya tapi tidak nampak kemajuan didesa gawat la sudah;kalau ini fix dilaksanakan dengan dana yang segitu besarnya tapi tidak nampak kemajuan didesa gawat la sudah;['kalau', 'ini', 'fix', 'dilaksanakan', 'dengan', 'dana', 'yang', 'segitu', 'besarnya', 'tapi', 'tidak', 'nampak', 'kemajuan', 'didesa', 'gawat', 'la', 'sudah'];Tidak Terdeteksi;Lainnya;Mendukung;Mendukung;Menolak
Kenapa gak ESEMKA aja? Kan Mobil Nasional itu;Kenapa gak ESEMKA aja Kan Mobil Nasional itu;kenapa tidak esemka saja mobil nasional itu;kenapa tidak esemka saja mobil nasional itu;['kenapa', 'tidak', 'esemka', 'saja', 'mobil', 'nasional', 'itu'];Tidak Terdeteksi;Lainnya;Netral;Netral;Menolak
"Pantas banyak jawaban yg ""error"" ternyata sudah ada titipan... Tapi berbahagialah bagi yg tidak lulus karena kalian terhindar dari jeratan politik busuk negara ini";Pantas banyak jawaban yg error ternyata sudah ada titipan Tapi berbahagialah bagi yg tidak lulus karena kalian terhindar dari jeratan politik busuk negara ini;pantas banyak jawaban yang error ternyata sudah ada titipan tapi berbahagialah bagi yang tidak lulus karena kalian terhindar dari jeratan politik busuk negara ini;pantas banyak jawaban yang error ternyata sudah ada titipan tapi berbahagialah bagi yang tidak lulus karena kalian terhindar dari jeratan politik busuk negara ini;['pantas', 'banyak', 'jawaban', 'yang', 'error', 'ternyata', 'sudah', 'ada', 'titipan', 'tapi', 'berbahagialah', 'bagi', 'yang', 'tidak', 'lulus', 'karena', 'kalian', 'terhindar', 'dari', 'jeratan', 'politik', 'busuk', 'negara', 'ini'];Tidak Terdeteksi;Lainnya;Diskusi;Diskusi;Menolak
Bukan di kop tentara pol juga terlibat mdkan gratis.kop seharusnya warga. Apa betul itu kop sesuai UU kop no 25 dr rakyat untuk rakyat maafff;Bukan di kop tentara pol juga terlibat mdkan gratis kop seharusnya warga Apa betul itu kop sesuai UU kop no 25 dr rakyat untuk rakyat maafff;bukan di kop tni pol juga terlibat mdkan gratis kop seharusnya warga apa betul itu kop sesuai uu kop no 25 dari rakyat untuk rakyat maafff;bukan di kop tni pol juga terlibat mdkan gratis kop seharusnya warga apa betul itu kop sesuai uu kop no 25 dari rakyat untuk rakyat maafff;['bukan', 'di', 'kop', 'tni', 'pol', 'juga', 'terlibat', 'mdkan', 'gratis', 'kop', 'seharusnya', 'warga', 'apa', 'betul', 'itu', 'kop', 'sesuai', 'uu', 'kop', 'no', '25', 'dari', 'rakyat', 'untuk', 'rakyat', 'maafff'];TNI;Militerisasi;Diskusi;Diskusi;Menolak
Patut dicurigai sbg program yang sangat rawan korupsi;Patut dicurigai sbg program yang sangat rawan korupsi;patut dicurigai sbg program yang sangat rawan korupsi;patut dicurigai sbg program yang sangat rawan korupsi;['patut', 'dicurigai', 'sbg', 'program', 'yang', 'sangat', 'rawan', 'korupsi'];Tidak Terdeteksi;Korupsi, Kebijakan;Menolak;Menolak;Menolak
Pemerintah agresif;Pemerintah agresif;pemerintah agresif;pemerintah agresif;['pemerintah', 'agresif'];Tidak Terdeteksi;Kebijakan;Netral;Netral;Menolak
Kop merah putih ada untuk mendukung pemberdayaan ekonomi masyarakat desa.tenga kerja yg menganggur bisa ada lapangan kerja,;Kop merah putih ada untuk mendukung pemberdayaan ekonomi masyarakat desa tenga kerja yg menganggur bisa ada lapangan kerja;kop merah putih ada untuk mendukung pemberdayaan ekonomi masyarakat desa tenga kerja yang menganggur bisa ada lapangan kerja;kop merah putih ada untuk mendukung pemberdayaan ekonomi masyarakat desa tenga kerja yang menganggur bisa ada lapangan kerja;['kop', 'merah', 'putih', 'ada', 'untuk', 'mendukung', 'pemberdayaan', 'ekonomi', 'masyarakat', 'desa', 'tenga', 'kerja', 'yang', 'menganggur', 'bisa', 'ada', 'lapangan', 'kerja'];Tidak Terdeteksi;Lainnya;Mendukung;Mendukung;Mendukung
Yg aneh buatan dalam negri kok mahal, yg mahal apanya atau kita gak bisa buat mesin jadinya impor lagi, mending buat krupuk;Yg aneh buatan dalam negri kok mahal yg mahal apanya atau kita gak bisa buat mesin jadinya impor lagi mending buat krupuk;yang aneh buatan dalam negeri mahal yang mahal apanya atau kita tidak bisa untuk mesin jadinya impor lagi mending untuk krupuk;yang aneh buatan dalam negeri mahal yang mahal apanya atau kita tidak bisa untuk mesin jadinya impor lagi mending untuk krupuk;['yang', 'aneh', 'buatan', 'dalam', 'negeri', 'mahal', 'yang', 'mahal', 'apanya', 'atau', 'kita', 'tidak', 'bisa', 'untuk', 'mesin', 'jadinya', 'impor', 'lagi', 'mending', 'untuk', 'krupuk'];Tidak Terdeteksi;Lainnya;Menolak;Menolak;Menolak
Daripada dari India, lebih baik pake ESEMKA??;Daripada dari India lebih baik pake ESEMKA;daripada dari india lebih baik pakai esemka;daripada dari india lebih baik pakai esemka;['daripada', 'dari', 'india', 'lebih', 'baik', 'pakai', 'esemka'];Tidak Terdeteksi;Lainnya;Mendukung;Mendukung;Menolak
Memang harus hancur dlu untuk tumbuh kembali , mari kita dukung sepenuhnya supaya kehancuran itu cepat terjadi;Memang harus hancur dlu untuk tumbuh kembali mari kita dukung sepenuhnya supaya kehancuran itu cepat terjadi;memang harus hancur dlu untuk tumbuh kembali mari kita dukung sepenuhnya supaya kehancuran itu cepat terjadi;memang harus hancur dlu untuk tumbuh kembali mari kita dukung sepenuhnya supaya kehancuran itu cepat terjadi;['memang', 'harus', 'hancur', 'dlu', 'untuk', 'tumbuh', 'kembali', 'mari', 'kita', 'dukung', 'sepenuhnya', 'supaya', 'kehancuran', 'itu', 'cepat', 'terjadi'];Tidak Terdeteksi;Lainnya;Mendukung;Mendukung;Menolak
Kl ketua ya harus untung duluan to pak Wo;Kl ketua ya harus untung duluan to pak Wo;kalau ketua ya harus untung duluan to pak wo;kalau ketua harus untung duluan to pak wo;['kalau', 'ketua', 'harus', 'untung', 'duluan', 'to', 'pak', 'wo'];Tidak Terdeteksi;Lainnya;Diskusi;Diskusi;Diskusi
tujuan koperasi dari dulu sudah benar untuk pengembangan ekonomi masyarakat. cuma pengembangan itu terkendala oleh manusianya. seandainya tujuan koperasi terealisasikan, masyarakat di desa makmur. Namun rusaknya koperasi, karena manusianya. banyak kopersasi yg dikorupsi, tidak boleh maju oleh perbankan. sebab jika simpan pinjam dan program inti koperasi terlaksana. Banyak pesaing koperasi yg bangkrut. oligarki juga ga suka koperasi maju.;tujuan koperasi dari dulu sudah benar untuk pengembangan ekonomi masyarakat cuma pengembangan itu terkendala oleh manusianya seandainya tujuan koperasi terealisasikan masyarakat di desa makmur Namun rusaknya koperasi karena manusianya banyak kopersasi yg dikorupsi tidak boleh maju oleh perbankan sebab jika simpan pinjam dan program inti koperasi terlaksana Banyak pesaing koperasi yg bangkrut oligarki juga ga suka koperasi maju;tujuan koperasi dari dulu sudah benar untuk pengembangan ekonomi masyarakat hanya pengembangan itu terkendala oleh manusianya seandainya tujuan koperasi terealisasikan masyarakat di desa makmur namun rusaknya koperasi karena manusianya banyak kopersasi yang dikorupsi tidak boleh maju oleh perbankan sebab jika simpan pinjam dan program inti koperasi terlaksana banyak pesaing koperasi yang bangkrut oligarki juga tidak suka koperasi maju;tujuan koperasi dari dulu sudah benar untuk pengembangan ekonomi masyarakat hanya pengembangan itu terkendala oleh manusianya seandainya tujuan koperasi terealisasikan masyarakat di desa makmur namun rusaknya koperasi karena manusianya banyak kopersasi yang dikorupsi tidak boleh maju oleh perbankan sebab jika simpan pinjam dan program inti koperasi terlaksana banyak pesaing koperasi yang bangkrut oligarki juga tidak suka koperasi maju;['tujuan', 'koperasi', 'dari', 'dulu', 'sudah', 'benar', 'untuk', 'pengembangan', 'ekonomi', 'masyarakat', 'hanya', 'pengembangan', 'itu', 'terkendala', 'oleh', 'manusianya', 'seandainya', 'tujuan', 'koperasi', 'terealisasikan', 'masyarakat', 'di', 'desa', 'makmur', 'namun', 'rusaknya', 'koperasi', 'karena', 'manusianya', 'banyak', 'kopersasi', 'yang', 'dikorupsi', 'tidak', 'boleh', 'maju', 'oleh', 'perbankan', 'sebab', 'jika', 'simpan', 'pinjam', 'dan', 'program', 'inti', 'koperasi', 'terlaksana', 'banyak', 'pesaing', 'koperasi', 'yang', 'bangkrut', 'oligarki', 'juga', 'tidak', 'suka', 'koperasi', 'maju'];Tidak Terdeteksi;Korupsi, Kebijakan;Diskusi;Diskusi;Diskusi
TNI klu punya modal cetering ya GPP   pogranya bagus anak jadi cerdas ??;TNI klu punya modal cetering ya GPP pogranya bagus anak jadi cerdas;tni kalau punya modal catering ya gpp programnya bagus anak jadi cerdas;tni kalau punya modal catering gpp programnya bagus anak jadi cerdas;['tni', 'kalau', 'punya', 'modal', 'catering', 'gpp', 'programnya', 'bagus', 'anak', 'jadi', 'cerdas'];TNI;Militerisasi, Kebijakan;Mendukung;Mendukung;Mendukung
Pantesan as jdi negara kaya raya negaranya gk ada yg ganggu luar dalam konoha luar dlm parah????;Pantesan as jdi negara kaya raya negaranya gk ada yg ganggu luar dalam konoha luar dlm parah;pantesan as jdi negara kaya raya negaranya tidak ada yang ganggu luar dalam konoha luar dalam parah;pantesan as jdi negara kaya raya negaranya tidak ada yang ganggu luar dalam konoha luar dalam parah;['pantesan', 'as', 'jdi', 'negara', 'kaya', 'raya', 'negaranya', 'tidak', 'ada', 'yang', 'ganggu', 'luar', 'dalam', 'konoha', 'luar', 'dalam', 'parah'];Tidak Terdeteksi;Lainnya;Netral;Netral;Menolak
Indonesia kalau ingin maju ganti RAKYAT saja. Presidennya sih sdh bagus????.;Indonesia kalau ingin maju ganti RAKYAT saja Presidennya sih sdh bagus;indonesia kalau ingin maju ganti rakyat saja presidennya sudah bagus;indonesia kalau ingin maju ganti rakyat saja presidennya sudah bagus;['indonesia', 'kalau', 'ingin', 'maju', 'ganti', 'rakyat', 'saja', 'presidennya', 'sudah', 'bagus'];Prabowo;Lainnya;Mendukung;Mendukung;Mendukung
Daerah saya baru di bentuk koprasi ini, dan itu setiap  anggota diwajibkan ada biaya simpan pokok dan simpanan wajib, simpanan pokok itu cuma 1x yaitu nominal 100.000 dan itu akan dikembalikan setelah dana cair. Dan simpanan wajibnya itu tergantung kesepakatan,di sini 10.000 per anggota dlm 1 bulan. Pertanyaan nya apakan langkah yg kami tuju ini sudah benar,dan apakah tiap anggota nya bisa di legalkan. Mohon jawabannya ??;Daerah saya baru di bentuk koprasi ini dan itu setiap anggota diwajibkan ada biaya simpan pokok dan simpanan wajib simpanan pokok itu cuma 1x yaitu nominal 100 000 dan itu akan dikembalikan setelah dana cair Dan simpanan wajibnya itu tergantung kesepakatan di sini 10 000 per anggota dlm 1 bulan Pertanyaan nya apakan langkah yg kami tuju ini sudah benar dan apakah tiap anggota nya bisa di legalkan Mohon jawabannya;daerah saya baru di bentuk koperasi ini dan itu setiap anggota diwajibkan ada biaya simpan pokok dan simpanan wajib simpanan pokok itu hanya 1x yaitu nominal 100 000 dan itu akan dikembalikan setelah dana cair dan simpanan wajibnya itu tergantung kesepakatan di sini 10 000 per anggota dalam 1 bulan pertanyaan nya apakan langkah yang kami tuju ini sudah benar dan apakah tiap anggota nya bisa di legalkan mohon jawabannya;daerah saya baru di bentuk koperasi ini dan itu setiap anggota diwajibkan ada biaya simpan pokok dan simpanan wajib simpanan pokok itu hanya 1x yaitu nominal 100 000 dan itu akan dikembalikan setelah dana cair dan simpanan wajibnya itu tergantung kesepakatan di sini 10 000 per anggota dalam bulan pertanyaan nya apakan langkah yang kami tuju ini sudah benar dan apakah tiap anggota nya bisa di legalkan mohon jawabannya;['daerah', 'saya', 'baru', 'di', 'bentuk', 'koperasi', 'ini', 'dan', 'itu', 'setiap', 'anggota', 'diwajibkan', 'ada', 'biaya', 'simpan', 'pokok', 'dan', 'simpanan', 'wajib', 'simpanan', 'pokok', 'itu', 'hanya', '1x', 'yaitu', 'nominal', '100', '000', 'dan', 'itu', 'akan', 'dikembalikan', 'setelah', 'dana', 'cair', 'dan', 'simpanan', 'wajibnya', 'itu', 'tergantung', 'kesepakatan', 'di', 'sini', '10', '000', 'per', 'anggota', 'dalam', 'bulan', 'pertanyaan', 'nya', 'apakan', 'langkah', 'yang', 'kami', 'tuju', 'ini', 'sudah', 'benar', 'dan', 'apakah', 'tiap', 'anggota', 'nya', 'bisa', 'di', 'legalkan', 'mohon', 'jawabannya'];Tidak Terdeteksi;Pengelolaan;Mendukung;Mendukung;Diskusi
Waspada korupsi??;Waspada korupsi;waspada korupsi;waspada korupsi;['waspada', 'korupsi'];Tidak Terdeteksi;Korupsi;Menolak;Menolak;Menolak
dulu presiden gorong2 menggandeng Polri dan hasilnya sangat luar biasa......hancur. sekarang TNI juga kebagian jatah dan hasilnya akan sama.;dulu presiden gorong2 menggandeng Polri dan hasilnya sangat luar biasa hancur sekarang TNI juga kebagian jatah dan hasilnya akan sama;dulu presiden gorong2 menggandeng polri dan hasilnya sangat luar biasa hancur sekarang tni juga kebagian jatah dan hasilnya akan sama;dulu presiden gorong2 menggandeng polri dan hasilnya sangat luar biasa hancur sekarang tni juga kebagian jatah dan hasilnya akan sama;['dulu', 'presiden', 'gorong2', 'menggandeng', 'polri', 'dan', 'hasilnya', 'sangat', 'luar', 'biasa', 'hancur', 'sekarang', 'tni', 'juga', 'kebagian', 'jatah', 'dan', 'hasilnya', 'akan', 'sama'];TNI, Prabowo;Militerisasi;Diskusi;Diskusi;Menolak
Hahaha mantap.;Hahaha mantap;hahaha mantap;hahaha mantap;['hahaha', 'mantap'];Tidak Terdeteksi;Lainnya;Mendukung;Mendukung;Netral
Tunggu mangjrakmu;Tunggu mangjrakmu;tunggu mangjrakmu;tunggu mangjrakmu;['tunggu', 'mangjrakmu'];Tidak Terdeteksi;Lainnya;Netral;Netral;Menolak
?? fasilitas koruptor itu yg paling utama,   soal rakyat mah,,,, kecil.  Sungguh miris setiap program salah arah, dan tak melindungi rakyatnya  Indonesia gudang produksi mobil. Ngapain kelayapan import mobil ke India? Bener bener,,,,;fasilitas koruptor itu yg paling utama soal rakyat mah kecil Sungguh miris setiap program salah arah dan tak melindungi rakyatnya Indonesia gudang produksi mobil Ngapain kelayapan import mobil ke India Bener bener;fasilitas koruptor itu yang paling utama soal rakyat mah kecil sungguh miris setiap program salah arah dan tidak melindungi rakyatnya indonesia gudang produksi mobil ngapain kelayapan import mobil ke india benar benar;fasilitas koruptor itu yang paling utama soal rakyat mah kecil sungguh miris setiap program salah arah dan tidak melindungi rakyatnya indonesia gudang produksi mobil ngapain kelayapan import mobil ke india benar benar;['fasilitas', 'koruptor', 'itu', 'yang', 'paling', 'utama', 'soal', 'rakyat', 'mah', 'kecil', 'sungguh', 'miris', 'setiap', 'program', 'salah', 'arah', 'dan', 'tidak', 'melindungi', 'rakyatnya', 'indonesia', 'gudang', 'produksi', 'mobil', 'ngapain', 'kelayapan', 'import', 'mobil', 'ke', 'india', 'benar', 'benar'];Tidak Terdeteksi;Korupsi, Kebijakan;Menolak;Menolak;Menolak
2 partai dapat jatah paling banyak nih. Yang udah tau, jangan spoiler ah ????????;2 partai dapat jatah paling banyak nih Yang udah tau jangan spoiler ah;2 partai dapat jatah paling banyak yang sudah tahu jangan spoiler ah;partai dapat jatah paling banyak yang sudah tahu jangan spoiler ah;['partai', 'dapat', 'jatah', 'paling', 'banyak', 'yang', 'sudah', 'tahu', 'jangan', 'spoiler', 'ah'];Tidak Terdeteksi;Lainnya;Menolak;Menolak;Menolak
Yang jilbab coklat gak paham persoalan dan komunitas desa ??;Yang jilbab coklat gak paham persoalan dan komunitas desa;yang jilbab coklat tidak paham persoalan dan komunitas desa;yang jilbab coklat tidak paham persoalan dan komunitas desa;['yang', 'jilbab', 'coklat', 'tidak', 'paham', 'persoalan', 'dan', 'komunitas', 'desa'];Tidak Terdeteksi;Lainnya;Netral;Netral;Menolak
"Rakyat diminta untuk memakai produk dalam negeri,sementara pemerintah memakai produk infor.
Jangan lihat berapa selisih harga tpi yg kita lihat berapa tenaga kerja
yg terserap.sementara MBG  justru tenaga kerja yg  dikampanyekan banyak menyerap tenaga kerja, dg tidak melihat kandungan gizi. 
Ga masuk akal,tolooooooool bin oon";Rakyat diminta untuk memakai produk dalam negeri sementara pemerintah memakai produk infor Jangan lihat berapa selisih harga tpi yg kita lihat berapa tenaga kerja yg terserap sementara MBG justru tenaga kerja yg dikampanyekan banyak menyerap tenaga kerja dg tidak melihat kandungan gizi Ga masuk akal tolooooooool bin oon;rakyat diminta untuk memakai produk dalam negeri sementara pemerintah memakai produk infor jangan lihat berapa selisih harga tapi yang kita lihat berapa tenaga kerja yang terserap sementara mbg justru tenaga kerja yang dikampanyekan banyak menyerap tenaga kerja dengan tidak melihat kandungan gizi tidak masuk akal tolooooooool bin oon;rakyat diminta untuk memakai produk dalam negeri sementara pemerintah memakai produk infor jangan lihat berapa selisih harga tapi yang kita lihat berapa tenaga kerja yang terserap sementara mbg justru tenaga kerja yang dikampanyekan banyak menyerap tenaga kerja dengan tidak melihat kandungan gizi tidak masuk akal tolooooooool bin oon;['rakyat', 'diminta', 'untuk', 'memakai', 'produk', 'dalam', 'negeri', 'sementara', 'pemerintah', 'memakai', 'produk', 'infor', 'jangan', 'lihat', 'berapa', 'selisih', 'harga', 'tapi', 'yang', 'kita', 'lihat', 'berapa', 'tenaga', 'kerja', 'yang', 'terserap', 'sementara', 'mbg', 'justru', 'tenaga', 'kerja', 'yang', 'dikampanyekan', 'banyak', 'menyerap', 'tenaga', 'kerja', 'dengan', 'tidak', 'melihat', 'kandungan', 'gizi', 'tidak', 'masuk', 'akal', 'tolooooooool', 'bin', 'oon'];Tidak Terdeteksi;Kebijakan;Menolak;Menolak;Menolak
"Siapapun yg ikut seleksi manager KDMP jikalau dak punya ""ORDAL"" dak punya ""JEJARING DGN OKNUM"" jangan harap lolos";Siapapun yg ikut seleksi manager KDMP jikalau dak punya ORDAL dak punya JEJARING DGN OKNUM jangan harap lolos;siapapun yang ikut seleksi manager koperasi desa merah putih jikalau dak punya ordal dak punya jejaring dengan oknum jangan harap lolos;siapapun yang ikut seleksi manager koperasi desa merah putih jikalau dak punya ordal dak punya jejaring dengan oknum jangan harap lolos;['siapapun', 'yang', 'ikut', 'seleksi', 'manager', 'koperasi', 'desa', 'merah', 'putih', 'jikalau', 'dak', 'punya', 'ordal', 'dak', 'punya', 'jejaring', 'dengan', 'oknum', 'jangan', 'harap', 'lolos'];KDMP;Lainnya;Diskusi;Diskusi;Menolak
Tentara buat bela negara bukan bisnis;Tentara buat bela negara bukan bisnis;tni untuk bela negara bukan bisnis;tni untuk bela negara bukan bisnis;['tni', 'untuk', 'bela', 'negara', 'bukan', 'bisnis'];TNI;Militerisasi;Netral;Netral;Menolak
Ada dana desa, tapi entah dananya kemana… karena di desakupun ga ada perubahan apapun ??;Ada dana desa tapi entah dananya kemana karena di desakupun ga ada perubahan apapun;ada dana desa tapi entah dananya kemana karena di desakupun tidak ada perubahan apapun;ada dana desa tapi entah dananya kemana karena di desakupun tidak ada perubahan apapun;['ada', 'dana', 'desa', 'tapi', 'entah', 'dananya', 'kemana', 'karena', 'di', 'desakupun', 'tidak', 'ada', 'perubahan', 'apapun'];Tidak Terdeteksi;Dana Desa;Diskusi;Diskusi;Menolak
Bobrok bener jamannya prabowo ini, kolusi dan korupsi terang2an, ga mbg ga koperasi kocak;Bobrok bener jamannya prabowo ini kolusi dan korupsi terang2an ga mbg ga koperasi kocak;bobrok benar jamannya prabowo ini kolusi dan korupsi terang2an tidak mbg tidak koperasi kocak;bobrok benar jamannya prabowo ini kolusi dan korupsi terang2an tidak mbg tidak koperasi kocak;['bobrok', 'benar', 'jamannya', 'prabowo', 'ini', 'kolusi', 'dan', 'korupsi', 'terang2an', 'tidak', 'mbg', 'tidak', 'koperasi', 'kocak'];Prabowo;Korupsi;Menolak;Menolak;Menolak
Tentara masuk koperasi? terus polisi masuk MBG? Mantap kan ??;Tentara masuk koperasi terus polisi masuk MBG Mantap kan;tni masuk koperasi terus polisi masuk mbg mantap;tni masuk koperasi terus polisi masuk mbg mantap;['tni', 'masuk', 'koperasi', 'terus', 'polisi', 'masuk', 'mbg', 'mantap'];TNI;Militerisasi;Mendukung;Mendukung;Menolak
Gagal paham neh soal koperasi..;Gagal paham neh soal koperasi;gagal paham neh soal koperasi;gagal paham neh soal koperasi;['gagal', 'paham', 'neh', 'soal', 'koperasi'];Tidak Terdeteksi;Lainnya;Menolak;Menolak;Menolak
Menuju kacau;Menuju kacau;menuju kacau;menuju kacau;['menuju', 'kacau'];Tidak Terdeteksi;Lainnya;Netral;Netral;Menolak
Perekrutan manajer profesional Koperasi Merah Putih menunjukkan pemerintah serius membangun ekonomi rakyat yang modern dan terukur. Di tengah krisis global, koperasi harus dikelola SDM kompeten agar kuat, transparan, dan mampu membuka lapangan kerja.;Perekrutan manajer profesional Koperasi Merah Putih menunjukkan pemerintah serius membangun ekonomi rakyat yang modern dan terukur Di tengah krisis global koperasi harus dikelola SDM kompeten agar kuat transparan dan mampu membuka lapangan kerja;perekrutan manajer profesional koperasi desa merah putih menunjukkan pemerintah serius membangun ekonomi rakyat yang modern dan terukur di tengah krisis global koperasi harus dikelola sdm kompeten agar kuat transparan dan mampu membuka lapangan kerja;perekrutan manajer profesional koperasi desa merah putih menunjukkan pemerintah serius membangun ekonomi rakyat yang modern dan terukur di tengah krisis global koperasi harus dikelola sdm kompeten agar kuat transparan dan mampu membuka lapangan kerja;['perekrutan', 'manajer', 'profesional', 'koperasi', 'desa', 'merah', 'putih', 'menunjukkan', 'pemerintah', 'serius', 'membangun', 'ekonomi', 'rakyat', 'yang', 'modern', 'dan', 'terukur', 'di', 'tengah', 'krisis', 'global', 'koperasi', 'harus', 'dikelola', 'sdm', 'kompeten', 'agar', 'kuat', 'transparan', 'dan', 'mampu', 'membuka', 'lapangan', 'kerja'];KDMP;Kebijakan;Mendukung;Mendukung;Mendukung
Regulator tidak baik menjadi operator;Regulator tidak baik menjadi operator;regulator tidak baik menjadi operator;regulator tidak baik menjadi operator;['regulator', 'tidak', 'baik', 'menjadi', 'operator'];Tidak Terdeteksi;Lainnya;Mendukung;Mendukung;Menolak
"Menjadi ladang dan sawah korupsi baru bagi orang yang berkepentingan.
Sudah jamak di Indonesia.
Seperti alokasi dana hibah.";Menjadi ladang dan sawah korupsi baru bagi orang yang berkepentingan Sudah jamak di Indonesia Seperti alokasi dana hibah;menjadi ladang dan sawah korupsi baru bagi orang yang berkepentingan sudah jamak di indonesia seperti alokasi dana hibah;menjadi ladang dan sawah korupsi baru bagi orang yang berkepentingan sudah jamak di indonesia seperti alokasi dana hibah;['menjadi', 'ladang', 'dan', 'sawah', 'korupsi', 'baru', 'bagi', 'orang', 'yang', 'berkepentingan', 'sudah', 'jamak', 'di', 'indonesia', 'seperti', 'alokasi', 'dana', 'hibah'];Tidak Terdeteksi;Korupsi;Menolak;Menolak;Menolak
Program ini sangat baik untuk ekonomi rakyat jika dijalankan dengan benar tanpa kong kalikong;Program ini sangat baik untuk ekonomi rakyat jika dijalankan dengan benar tanpa kong kalikong;program ini sangat baik untuk ekonomi rakyat jika dijalankan dengan benar tanpa kong kalikong;program ini sangat baik untuk ekonomi rakyat jika dijalankan dengan benar tanpa kong kalikong;['program', 'ini', 'sangat', 'baik', 'untuk', 'ekonomi', 'rakyat', 'jika', 'dijalankan', 'dengan', 'benar', 'tanpa', 'kong', 'kalikong'];Tidak Terdeteksi;Kebijakan;Diskusi;Diskusi;Diskusi
Jika masyarakat merasa tidak memiliki dan memerlukannya akan Kopdes bisa dipastikan tidak akan berjalan .;Jika masyarakat merasa tidak memiliki dan memerlukannya akan Kopdes bisa dipastikan tidak akan berjalan;jika masyarakat merasa tidak memiliki dan memerlukannya akan koperasi desa bisa dipastikan tidak akan berjalan;jika masyarakat merasa tidak memiliki dan memerlukannya akan koperasi desa bisa dipastikan tidak akan berjalan;['jika', 'masyarakat', 'merasa', 'tidak', 'memiliki', 'dan', 'memerlukannya', 'akan', 'koperasi', 'desa', 'bisa', 'dipastikan', 'tidak', 'akan', 'berjalan'];KDMP;Lainnya;Diskusi;Diskusi;Diskusi
Tahun kemarin saya ditunjuk oleh kepala desa dijadikan ketua KOPDES melalui MUSDES, saya tidak terafiliasi oleh parpol manapun dan kepala desa saya memang menunjuk saya murni karna saya aktif didesa. Namun, selang beberapa minggu saya mencari cari artikel melalui beberapa sumber. Saya memutuskan untuk mundur ... Saya kurang kompeten dibidang ekonomi, dan ada beberapa faktor lainnya ... Faktor lain nya ndak perlu saya jelaskan. BAHAYA;Tahun kemarin saya ditunjuk oleh kepala desa dijadikan ketua KOPDES melalui MUSDES saya tidak terafiliasi oleh parpol manapun dan kepala desa saya memang menunjuk saya murni karna saya aktif didesa Namun selang beberapa minggu saya mencari cari artikel melalui beberapa sumber Saya memutuskan untuk mundur Saya kurang kompeten dibidang ekonomi dan ada beberapa faktor lainnya Faktor lain nya ndak perlu saya jelaskan BAHAYA;tahun kemarin saya ditunjuk oleh kepala desa dijadikan ketua koperasi desa melalui musdes saya tidak terafiliasi oleh parpol manapun dan kepala desa saya memang menunjuk saya murni karna saya aktif didesa namun selang beberapa minggu saya mencari cari artikel melalui beberapa sumber saya memutuskan untuk mundur saya kurang kompeten dibidang ekonomi dan ada beberapa faktor lainnya faktor lain nya tidak perlu saya jelaskan bahaya;tahun kemarin saya ditunjuk oleh kepala desa dijadikan ketua koperasi desa melalui musdes saya tidak terafiliasi oleh parpol manapun dan kepala desa saya memang menunjuk saya murni karna saya aktif didesa namun selang beberapa minggu saya mencari cari artikel melalui beberapa sumber saya memutuskan untuk mundur saya kurang kompeten dibidang ekonomi dan ada beberapa faktor lainnya faktor lain nya tidak perlu saya jelaskan bahaya;['tahun', 'kemarin', 'saya', 'ditunjuk', 'oleh', 'kepala', 'desa', 'dijadikan', 'ketua', 'koperasi', 'desa', 'melalui', 'musdes', 'saya', 'tidak', 'terafiliasi', 'oleh', 'parpol', 'manapun', 'dan', 'kepala', 'desa', 'saya', 'memang', 'menunjuk', 'saya', 'murni', 'karna', 'saya', 'aktif', 'didesa', 'namun', 'selang', 'beberapa', 'minggu', 'saya', 'mencari', 'cari', 'artikel', 'melalui', 'beberapa', 'sumber', 'saya', 'memutuskan', 'untuk', 'mundur', 'saya', 'kurang', 'kompeten', 'dibidang', 'ekonomi', 'dan', 'ada', 'beberapa', 'faktor', 'lainnya', 'faktor', 'lain', 'nya', 'tidak', 'perlu', 'saya', 'jelaskan', 'bahaya'];Kades, KDMP;Lainnya;Diskusi;Diskusi;Diskusi
Diseberang rumah gue ada pembangunan KMP ini. Tiap hari ada TNI yang parkir depan rumah gue, dan yap dia mondar mandir sebentar dan selfie disono??;Diseberang rumah gue ada pembangunan KMP ini Tiap hari ada TNI yang parkir depan rumah gue dan yap dia mondar mandir sebentar dan selfie disono;diseberang rumah saya ada pembangunan koperasi desa merah putih ini tiap hari ada tni yang parkir depan rumah saya dan yap dia mondar mandir sebentar dan selfie disono;diseberang rumah saya ada pembangunan koperasi desa merah putih ini tiap hari ada tni yang parkir depan rumah saya dan yap dia mondar mandir sebentar dan selfie disono;['diseberang', 'rumah', 'saya', 'ada', 'pembangunan', 'koperasi', 'desa', 'merah', 'putih', 'ini', 'tiap', 'hari', 'ada', 'tni', 'yang', 'parkir', 'depan', 'rumah', 'saya', 'dan', 'yap', 'dia', 'mondar', 'mandir', 'sebentar', 'dan', 'selfie', 'disono'];TNI, KDMP;Militerisasi;Netral;Netral;Menolak
Jalan sj belum , sudah ikatan dinas aja. ya kalau laku dan ada laba. Bagi kopdes yg ada di tengah hutan atau puncak bukit pekimaneee... berarti solusi satu2 nya agar kopdes ini jalan adalah memaksa penduduk untuk beli / bertransaksi disitu;Jalan sj belum sudah ikatan dinas aja ya kalau laku dan ada laba Bagi kopdes yg ada di tengah hutan atau puncak bukit pekimaneee berarti solusi satu2 nya agar kopdes ini jalan adalah memaksa penduduk untuk beli bertransaksi disitu;jalan sj belum sudah ikatan dinas saja ya kalau laku dan ada laba bagi koperasi desa yang ada di tengah hutan atau puncak bukit pekimaneee berarti solusi satu2 nya agar koperasi desa ini jalan adalah memaksa penduduk untuk beli bertransaksi disitu;jalan sj belum sudah ikatan dinas saja kalau laku dan ada laba bagi koperasi desa yang ada di tengah hutan atau puncak bukit pekimaneee berarti solusi satu2 nya agar koperasi desa ini jalan adalah memaksa penduduk untuk beli bertransaksi disitu;['jalan', 'sj', 'belum', 'sudah', 'ikatan', 'dinas', 'saja', 'kalau', 'laku', 'dan', 'ada', 'laba', 'bagi', 'koperasi', 'desa', 'yang', 'ada', 'di', 'tengah', 'hutan', 'atau', 'puncak', 'bukit', 'pekimaneee', 'berarti', 'solusi', 'satu2', 'nya', 'agar', 'koperasi', 'desa', 'ini', 'jalan', 'adalah', 'memaksa', 'penduduk', 'untuk', 'beli', 'bertransaksi', 'disitu'];KDMP;Lainnya;Mendukung;Mendukung;Menolak
"Start Up Business mana bisa langsung bayar cicilan...? Siap Rugi lebih cocok, sblm bisa BERHASIL ...??
Seperti Pohon..., tanah harus digarap..., benih di semai..., ilalang harus dibersihkan..., sebagian benih tumbuh berakar kuat dan muncul batang..., terus berproses melewati banyak Tantangan Tantangan..., ada yg bertahan dan ada yg tersingkirkan..., Yg Bertahan akan menjadi Koperasi Merah Putih yg sesungguhnya..., Amati..., Tiru..., Modifikasi..., Copy Paste..., minimum 5 Tahun untuk tumbuh menjadi Remaja..., 10 Tahun menjadi Dewasa... dengan catatan ""Semua Faktor Penentu, ""Khususnya PEMIMPIN KOPERASI yg Berkomitmen, Amanah Melayani, Pekerja Keras, Tangguh, Kreativ & Inovativ  ""...""TERSEDIA""...atau ""DISEDIAKAN""...
Kecuali mau buat ""Dorongan Perputaran Ekonomi"" di Desa...., ya pasti ""terbelanjakan""...., Balik modal dari pungutan Pajak juga mungkin..., tinggal hitung hitungan...??????
SEMOGA SUKSES & AMANAH...??????????";Start Up Business mana bisa langsung bayar cicilan Siap Rugi lebih cocok sblm bisa BERHASIL Seperti Pohon tanah harus digarap benih di semai ilalang harus dibersihkan sebagian benih tumbuh berakar kuat dan muncul batang terus berproses melewati banyak Tantangan Tantangan ada yg bertahan dan ada yg tersingkirkan Yg Bertahan akan menjadi Koperasi Merah Putih yg sesungguhnya Amati Tiru Modifikasi Copy Paste minimum 5 Tahun untuk tumbuh menjadi Remaja 10 Tahun menjadi Dewasa dengan catatan Semua Faktor Penentu Khususnya PEMIMPIN KOPERASI yg Berkomitmen Amanah Melayani Pekerja Keras Tangguh Kreativ Inovativ TERSEDIA atau DISEDIAKAN Kecuali mau buat Dorongan Perputaran Ekonomi di Desa ya pasti terbelanjakan Balik modal dari pungutan Pajak juga mungkin tinggal hitung hitungan SEMOGA SUKSES AMANAH;start up business mana bisa langsung bayar cicilan siap rugi lebih cocok sblm bisa berhasil seperti pohon tanah harus digarap benih di semai ilalang harus dibersihkan sebagian benih tumbuh berakar kuat dan muncul batang terus berproses melewati banyak tantangan tantangan ada yang bertahan dan ada yang tersingkirkan yang bertahan akan menjadi koperasi desa merah putih yang sesungguhnya amati tiru modifikasi copy paste minimum 5 tahun untuk tumbuh menjadi remaja 10 tahun menjadi dewasa dengan catatan semua faktor penentu khususnya pemimpin koperasi yang berkomitmen amanah melayani pekerja keras tangguh kreativ inovativ tersedia atau disediakan kecuali mau untuk dorongan perputaran ekonomi di desa ya pasti terbelanjakan balik modal dari pungutan pajak juga mungkin tinggal hitung hitungan semoga sukses amanah;start up business mana bisa langsung bayar cicilan siap rugi lebih cocok sblm bisa berhasil seperti pohon tanah harus digarap benih di semai ilalang harus dibersihkan sebagian benih tumbuh berakar kuat dan muncul batang terus berproses melewati banyak tantangan tantangan ada yang bertahan dan ada yang tersingkirkan yang bertahan akan menjadi koperasi desa merah putih yang sesungguhnya amati tiru modifikasi copy paste minimum tahun untuk tumbuh menjadi remaja 10 tahun menjadi dewasa dengan catatan semua faktor penentu khususnya pemimpin koperasi yang berkomitmen amanah melayani pekerja keras tangguh kreativ inovativ tersedia atau disediakan kecuali mau untuk dorongan perputaran ekonomi di desa pasti terbelanjakan balik modal dari pungutan pajak juga mungkin tinggal hitung hitungan semoga sukses amanah;['start', 'up', 'business', 'mana', 'bisa', 'langsung', 'bayar', 'cicilan', 'siap', 'rugi', 'lebih', 'cocok', 'sblm', 'bisa', 'berhasil', 'seperti', 'pohon', 'tanah', 'harus', 'digarap', 'benih', 'di', 'semai', 'ilalang', 'harus', 'dibersihkan', 'sebagian', 'benih', 'tumbuh', 'berakar', 'kuat', 'dan', 'muncul', 'batang', 'terus', 'berproses', 'melewati', 'banyak', 'tantangan', 'tantangan', 'ada', 'yang', 'bertahan', 'dan', 'ada', 'yang', 'tersingkirkan', 'yang', 'bertahan', 'akan', 'menjadi', 'koperasi', 'desa', 'merah', 'putih', 'yang', 'sesungguhnya', 'amati', 'tiru', 'modifikasi', 'copy', 'paste', 'minimum', 'tahun', 'untuk', 'tumbuh', 'menjadi', 'remaja', '10', 'tahun', 'menjadi', 'dewasa', 'dengan', 'catatan', 'semua', 'faktor', 'penentu', 'khususnya', 'pemimpin', 'koperasi', 'yang', 'berkomitmen', 'amanah', 'melayani', 'pekerja', 'keras', 'tangguh', 'kreativ', 'inovativ', 'tersedia', 'atau', 'disediakan', 'kecuali', 'mau', 'untuk', 'dorongan', 'perputaran', 'ekonomi', 'di', 'desa', 'pasti', 'terbelanjakan', 'balik', 'modal', 'dari', 'pungutan', 'pajak', 'juga', 'mungkin', 'tinggal', 'hitung', 'hitungan', 'semoga', 'sukses', 'amanah'];KDMP;Lainnya;Mendukung;Mendukung;Mendukung
peluang kerja baru untuk Indonesia maju;peluang kerja baru untuk Indonesia maju;peluang kerja baru untuk indonesia maju;peluang kerja baru untuk indonesia maju;['peluang', 'kerja', 'baru', 'untuk', 'indonesia', 'maju'];Tidak Terdeteksi;Lainnya;Mendukung;Mendukung;Mendukung
"gerakan ekonomi secara massif beresiko, krn ini bukan masalah menggerakkan uang besar dalam waktu singkat. coba cermati orang yg tiba2 dapat warisan uang besar, namun ""mindset"" , mental dan sikap belum disiapkan dan belum dibentuk.  akhirnya jatuh miskin lebih miskin daripada sblm punya warisan. coba amati fenomena warga tuban yang mendapat pembebasan tanah mendadakan dpt uang besar, bgmn nasibnya kini. monggo renungkan ..";gerakan ekonomi secara massif beresiko krn ini bukan masalah menggerakkan uang besar dalam waktu singkat coba cermati orang yg tiba2 dapat warisan uang besar namun mindset mental dan sikap belum disiapkan dan belum dibentuk akhirnya jatuh miskin lebih miskin daripada sblm punya warisan coba amati fenomena warga tuban yang mendapat pembebasan tanah mendadakan dpt uang besar bgmn nasibnya kini monggo renungkan;gerakan ekonomi secara massif beresiko karena ini bukan masalah menggerakkan uang besar dalam waktu singkat coba cermati orang yang tiba2 dapat warisan uang besar namun mindset mental dan sikap belum disiapkan dan belum dibentuk akhirnya jatuh miskin lebih miskin daripada sblm punya warisan coba amati fenomena warga tuban yang mendapat pembebasan tanah mendadakan dpt uang besar bgmn nasibnya kini monggo renungkan;gerakan ekonomi secara massif beresiko karena ini bukan masalah menggerakkan uang besar dalam waktu singkat coba cermati orang yang tiba2 dapat warisan uang besar namun mindset mental dan sikap belum disiapkan dan belum dibentuk akhirnya jatuh miskin lebih miskin daripada sblm punya warisan coba amati fenomena warga tuban yang mendapat pembebasan tanah mendadakan dpt uang besar bgmn nasibnya kini monggo renungkan;['gerakan', 'ekonomi', 'secara', 'massif', 'beresiko', 'karena', 'ini', 'bukan', 'masalah', 'menggerakkan', 'uang', 'besar', 'dalam', 'waktu', 'singkat', 'coba', 'cermati', 'orang', 'yang', 'tiba2', 'dapat', 'warisan', 'uang', 'besar', 'namun', 'mindset', 'mental', 'dan', 'sikap', 'belum', 'disiapkan', 'dan', 'belum', 'dibentuk', 'akhirnya', 'jatuh', 'miskin', 'lebih', 'miskin', 'daripada', 'sblm', 'punya', 'warisan', 'coba', 'amati', 'fenomena', 'warga', 'tuban', 'yang', 'mendapat', 'pembebasan', 'tanah', 'mendadakan', 'dpt', 'uang', 'besar', 'bgmn', 'nasibnya', 'kini', 'monggo', 'renungkan'];Tidak Terdeteksi;Lainnya;Diskusi;Diskusi;Diskusi
Selayaknya kalau koperasi merah putih dimaksimalkan, maka sebaiknya BUMDES digabungkan menjadi Koperasi Merah Putih;Selayaknya kalau koperasi merah putih dimaksimalkan maka sebaiknya BUMDES digabungkan menjadi Koperasi Merah Putih;selayaknya kalau koperasi desa merah putih dimaksimalkan maka sebaiknya badan usaha milik desa digabungkan menjadi koperasi desa merah putih;selayaknya kalau koperasi desa merah putih dimaksimalkan maka sebaiknya badan usaha milik desa digabungkan menjadi koperasi desa merah putih;['selayaknya', 'kalau', 'koperasi', 'desa', 'merah', 'putih', 'dimaksimalkan', 'maka', 'sebaiknya', 'badan', 'usaha', 'milik', 'desa', 'digabungkan', 'menjadi', 'koperasi', 'desa', 'merah', 'putih'];KDMP;Lainnya;Mendukung;Mendukung;Diskusi
Food estate di Gunung Mas saja gagal total.;Food estate di Gunung Mas saja gagal total;food estate di gunung mas saja gagal total;food estate di gunung saja gagal total;['food', 'estate', 'di', 'gunung', 'saja', 'gagal', 'total'];Tidak Terdeteksi;Lainnya;Menolak;Menolak;Menolak
"Ladang korupsi lagi.... Realita dilapangan yg ditunjuk sbgai pegawai koperasi nanti biasanya orang2 yg berjasa
 buat kades saja..  dan tdak kompeten.....";Ladang korupsi lagi Realita dilapangan yg ditunjuk sbgai pegawai koperasi nanti biasanya orang2 yg berjasa buat kades saja dan tdak kompeten;korupsi lagi realita dilapangan yang ditunjuk sbgai pegawai koperasi nanti biasanya orang2 yang berjasa untuk kepala desa saja dan tdak kompeten;korupsi lagi realita dilapangan yang ditunjuk sbgai pegawai koperasi nanti biasanya orang2 yang berjasa untuk kepala desa saja dan tdak kompeten;['korupsi', 'lagi', 'realita', 'dilapangan', 'yang', 'ditunjuk', 'sbgai', 'pegawai', 'koperasi', 'nanti', 'biasanya', 'orang2', 'yang', 'berjasa', 'untuk', 'kepala', 'desa', 'saja', 'dan', 'tdak', 'kompeten'];Kades;Korupsi;Menolak;Menolak;Menolak
Bukanya dana dari pemerintah bukan desa?;Bukanya dana dari pemerintah bukan desa;bukanya dana dari pemerintah bukan desa;bukanya dana dari pemerintah bukan desa;['bukanya', 'dana', 'dari', 'pemerintah', 'bukan', 'desa'];Tidak Terdeteksi;Kebijakan;Netral;Netral;Diskusi
"KOPERASI MERAH PUTIH untuk rakyat, jadi pengurus koperasinya menciptakan brand usaha baru untuk kerjasama promosi periklanan...
Tergantung skills dari pada anggota koperasinya untuk mensejahterakan anggota koperasi tersebut.
Ini adalah tantangan masa depan dari desalah pembangunan berasal.";KOPERASI MERAH PUTIH untuk rakyat jadi pengurus koperasinya menciptakan brand usaha baru untuk kerjasama promosi periklanan Tergantung skills dari pada anggota koperasinya untuk mensejahterakan anggota koperasi tersebut Ini adalah tantangan masa depan dari desalah pembangunan berasal;koperasi desa merah putih untuk rakyat jadi pengurus koperasinya menciptakan brand usaha baru untuk kerjasama promosi periklanan tergantung skills dari pada anggota koperasinya untuk mensejahterakan anggota koperasi tersebut ini adalah tantangan masa depan dari desalah pembangunan berasal;koperasi desa merah putih untuk rakyat jadi pengurus koperasinya menciptakan brand usaha baru untuk kerjasama promosi periklanan tergantung skills dari pada anggota koperasinya untuk mensejahterakan anggota koperasi tersebut ini adalah tantangan masa depan dari desalah pembangunan berasal;['koperasi', 'desa', 'merah', 'putih', 'untuk', 'rakyat', 'jadi', 'pengurus', 'koperasinya', 'menciptakan', 'brand', 'usaha', 'baru', 'untuk', 'kerjasama', 'promosi', 'periklanan', 'tergantung', 'skills', 'dari', 'pada', 'anggota', 'koperasinya', 'untuk', 'mensejahterakan', 'anggota', 'koperasi', 'tersebut', 'ini', 'adalah', 'tantangan', 'masa', 'depan', 'dari', 'desalah', 'pembangunan', 'berasal'];KDMP;Pengelolaan;Mendukung;Mendukung;Mendukung
Niatnya dari kata kata Presiden itu  bagus…ketemu Guru bilang akan saya naikan gaji guru /honorer 2 jt tiap bulan…ketemu buruh akan saya bikin juta’an rumah subsidi…ketemu ojol bilang akan saya naikan penghasilannya….keteme nakes akan saya renov seluruh puskesmas di Indonesia segera…ketemu Pak Jokowi bilang ….” Hidup Jokowiii….tapi harga sembako mahal diem diem bae?? yg jelas nyari kerja sekarang susah!;Niatnya dari kata kata Presiden itu bagus ketemu Guru bilang akan saya naikan gaji guru honorer 2 jt tiap bulan ketemu buruh akan saya bikin juta an rumah subsidi ketemu ojol bilang akan saya naikan penghasilannya keteme nakes akan saya renov seluruh puskesmas di Indonesia segera ketemu Pak Jokowi bilang Hidup Jokowiii tapi harga sembako mahal diem diem bae yg jelas nyari kerja sekarang susah;niatnya dari kata kata presiden itu bagus ketemu guru bilang akan saya naikan gaji guru honorer 2 jt tiap bulan ketemu buruh akan saya membuat juta an rumah subsidi ketemu ojol bilang akan saya naikan penghasilannya keteme nakes akan saya renov seluruh puskesmas di indonesia segera ketemu pak jokowi bilang hidup jokowiii tapi harga sembako mahal diem diem bae yang jelas nyari kerja sekarang susah;niatnya dari kata kata presiden itu bagus ketemu guru bilang akan saya naikan gaji guru honorer jt tiap bulan ketemu buruh akan saya membuat juta an rumah subsidi ketemu ojol bilang akan saya naikan penghasilannya keteme nakes akan saya renov seluruh puskesmas di indonesia segera ketemu pak jokowi bilang hidup jokowiii tapi harga sembako mahal diem diem bae yang jelas nyari kerja sekarang susah;['niatnya', 'dari', 'kata', 'kata', 'presiden', 'itu', 'bagus', 'ketemu', 'guru', 'bilang', 'akan', 'saya', 'naikan', 'gaji', 'guru', 'honorer', 'jt', 'tiap', 'bulan', 'ketemu', 'buruh', 'akan', 'saya', 'membuat', 'juta', 'an', 'rumah', 'subsidi', 'ketemu', 'ojol', 'bilang', 'akan', 'saya', 'naikan', 'penghasilannya', 'keteme', 'nakes', 'akan', 'saya', 'renov', 'seluruh', 'puskesmas', 'di', 'indonesia', 'segera', 'ketemu', 'pak', 'jokowi', 'bilang', 'hidup', 'jokowiii', 'tapi', 'harga', 'sembako', 'mahal', 'diem', 'diem', 'bae', 'yang', 'jelas', 'nyari', 'kerja', 'sekarang', 'susah'];Prabowo;Lainnya;Mendukung;Mendukung;Mendukung
Selama itu baik utk rakyat maka pelibatan tentara malah hal yg positif, kepala desa di indonesia kebanyakan korup pantas aja mereka mengeluh kl uang desa dipake buat bangun koperasi;Selama itu baik utk rakyat maka pelibatan tentara malah hal yg positif kepala desa di indonesia kebanyakan korup pantas aja mereka mengeluh kl uang desa dipake buat bangun koperasi;selama itu baik untuk rakyat maka pelibatan tni malah hal yang positif kepala desa di indonesia kebanyakan korup pantas saja mereka mengeluh kalau uang desa dipake untuk bangun koperasi;selama itu baik untuk rakyat maka pelibatan tni malah hal yang positif kepala desa di indonesia kebanyakan korup pantas saja mereka mengeluh kalau uang desa dipake untuk bangun koperasi;['selama', 'itu', 'baik', 'untuk', 'rakyat', 'maka', 'pelibatan', 'tni', 'malah', 'hal', 'yang', 'positif', 'kepala', 'desa', 'di', 'indonesia', 'kebanyakan', 'korup', 'pantas', 'saja', 'mereka', 'mengeluh', 'kalau', 'uang', 'desa', 'dipake', 'untuk', 'bangun', 'koperasi'];TNI, Kades;Militerisasi;Mendukung;Mendukung;Mendukung
"*SIAPA PEJABAT KONSEPTOR REKRUT MANAJER KDMP?*

INI FAKTA REKRUTMEN  :
1. Tujuan rekrut untuk posisi top manajemen KDMP (Manajer).
2. Tidak dibutuhkan pengalaman kerja untuk formasi ini. 
3. Materi seleksi hanya standart seleksi ASN , yaitu Seleksi Administrasi, Seleksi Kompetensi terdiri dari SKD dan SKB (CAT), 
    Seleksi Kompetensi Tambahan (SKT) yang meliputi tes mental dan ideologi, serta Pemeriksaan Kesehatan. 
4. Bersedia mengikuti Pelatihan Pembinaan Pembentukan Karakter dari Kementerian Pertahanan serta pelatihan manajerial dari 
    Kementerian Koperasi.
Syarat lain gak penting dibahas. Terlalu remeh temeh.


Perhatikan nomor 1 dan 2. Seorang manajer diangkat tanpa pengalaman kerja level manajer, bahkan pengalaman jadi tukang batu pun tidak dipersyaratkan. Padahal jabatannya adalah manajer, jabatan tertinggi di KDMP yang memegang decision maker. *GILA BUKAN??*

Perhatikan angka 4, indikasi KDMP akan asal jalan (atau jalan asal2an ya??) adalah ditempatkannya seorang top manajer KDMP yang *hanya berbekal PELATIHAN MANAJERIAL.* Ini memperlihatkan kekonyolan Panitia Seleksi Nasional (Panselnas) di bawah komando Kementerian Koordinator Bidang Pangan (Bukan dibawah Kementerian Koperasi lho). Sangat jelas bahwa Kementerian ini tidak paham bahwa kemampuan manajerial itu perpaduan dari ilmu, seni, dan pengalaman. Mungkin kebiasaan pejabat berpikir instan ya? 
Saya 20 tahun lebih punya pengalaman urusan HRD, baru kali ini ada rekrutmen dagelan. 
Lebih konyol lagi harus ikut Pelatihan Pembinaan Pembentukan Karakter dari Kementerian Pertahanan. Saya bayangkan seperti pelatihan para Kepala Daerah tempo hari di Rindam. Pertanyaannya adalah mau dilantik menjadi Manajer KDMP atau Pasukan yang akan dikirim ke medan tempur?? Fakta yang terjadi  Kepala Daerah yang sudah dibina karakternya di Rindam, tampil gagah dengan seragam doreng,  toh  banyak yang ditangkap KPK bukan? Saya membayangkan Komandan Rindam sedih karena gagal membentuk karakter alumninya. 
Ini membuktikan membentuk karakter seseorang itu tidak seperti sulapan, tetapi dibentuk sejak usia dini. 

Atau...
Apakah pemimpin2 kita saat ini murid  Pak Tarno pesulap legendaris Indonesia ya?? ""Bimsalabim jadi apa prok prok prok"" ??????

Saya jadi bingung negara ini pura2 goblok atau memang goblok beneran ya? Uang trilyunan digunakan seperti main2. 
Rasanya negara ini benar2 akan bangkrut.
Semoga saja prediksi saya salah.";SIAPA PEJABAT KONSEPTOR REKRUT MANAJER KDMP INI FAKTA REKRUTMEN 1 Tujuan rekrut untuk posisi top manajemen KDMP Manajer 2 Tidak dibutuhkan pengalaman kerja untuk formasi ini 3 Materi seleksi hanya standart seleksi ASN yaitu Seleksi Administrasi Seleksi Kompetensi terdiri dari SKD dan SKB CAT Seleksi Kompetensi Tambahan SKT yang meliputi tes mental dan ideologi serta Pemeriksaan Kesehatan 4 Bersedia mengikuti Pelatihan Pembinaan Pembentukan Karakter dari Kementerian Pertahanan serta pelatihan manajerial dari Kementerian Koperasi Syarat lain gak penting dibahas Terlalu remeh temeh Perhatikan nomor 1 dan 2 Seorang manajer diangkat tanpa pengalaman kerja level manajer bahkan pengalaman jadi tukang batu pun tidak dipersyaratkan Padahal jabatannya adalah manajer jabatan tertinggi di KDMP yang memegang decision maker GILA BUKAN Perhatikan angka 4 indikasi KDMP akan asal jalan atau jalan asal2an ya adalah ditempatkannya seorang top manajer KDMP yang hanya berbekal PELATIHAN MANAJERIAL Ini memperlihatkan kekonyolan Panitia Seleksi Nasional Panselnas di bawah komando Kementerian Koordinator Bidang Pangan Bukan dibawah Kementerian Koperasi lho Sangat jelas bahwa Kementerian ini tidak paham bahwa kemampuan manajerial itu perpaduan dari ilmu seni dan pengalaman Mungkin kebiasaan pejabat berpikir instan ya Saya 20 tahun lebih punya pengalaman urusan HRD baru kali ini ada rekrutmen dagelan Lebih konyol lagi harus ikut Pelatihan Pembinaan Pembentukan Karakter dari Kementerian Pertahanan Saya bayangkan seperti pelatihan para Kepala Daerah tempo hari di Rindam Pertanyaannya adalah mau dilantik menjadi Manajer KDMP atau Pasukan yang akan dikirim ke medan tempur Fakta yang terjadi Kepala Daerah yang sudah dibina karakternya di Rindam tampil gagah dengan seragam doreng toh banyak yang ditangkap KPK bukan Saya membayangkan Komandan Rindam sedih karena gagal membentuk karakter alumninya Ini membuktikan membentuk karakter seseorang itu tidak seperti sulapan tetapi dibentuk sejak usia dini Atau Apakah pemimpin2 kita saat ini murid Pak Tarno pesulap legendaris Indonesia ya Bimsalabim jadi apa prok prok prok Saya jadi bingung negara ini pura2 goblok atau memang goblok beneran ya Uang trilyunan digunakan seperti main2 Rasanya negara ini benar2 akan bangkrut Semoga saja prediksi saya salah;siapa pejabat konseptor rekrut manajer koperasi desa merah putih ini fakta rekrutmen 1 tujuan rekrut untuk posisi top manajemen koperasi desa merah putih manajer 2 tidak dibutuhkan pengalaman kerja untuk formasi ini 3 materi seleksi hanya standart seleksi asn yaitu seleksi administrasi seleksi kompetensi terdiri dari skd dan skb cat seleksi kompetensi tambahan skt yang meliputi tes mental dan ideologi serta pemeriksaan kesehatan 4 bersedia mengikuti pelatihan pembinaan pembentukan karakter dari kementerian pertahanan serta pelatihan manajerial dari kementerian koperasi syarat lain tidak penting dibahas terlalu remeh temeh perhatikan nomor 1 dan 2 seorang manajer diangkat tanpa pengalaman kerja level manajer bahkan pengalaman jadi tukang batu pun tidak dipersyaratkan padahal jabatannya adalah manajer jabatan tertinggi di koperasi desa merah putih yang memegang decision maker gila bukan perhatikan angka 4 indikasi koperasi desa merah putih akan asal jalan atau jalan asal2an ya adalah ditempatkannya seorang top manajer koperasi desa merah putih yang hanya berbekal pelatihan manajerial ini memperlihatkan kekonyolan panitia seleksi nasional panselnas di bawah komando kementerian koordinator bidang pangan bukan dibawah kementerian koperasi lho sangat jelas bahwa kementerian ini tidak paham bahwa kemampuan manajerial itu perpaduan dari ilmu seni dan pengalaman mungkin kebiasaan pejabat berpikir instan ya saya 20 tahun lebih punya pengalaman urusan hrd baru kali ini ada rekrutmen dagelan lebih konyol lagi harus ikut pelatihan pembinaan pembentukan karakter dari kementerian pertahanan saya bayangkan seperti pelatihan para kepala daerah tempo hari di rindam pertanyaannya adalah mau dilantik menjadi manajer koperasi desa merah putih atau pasukan yang akan dikirim ke medan tempur fakta yang terjadi kepala daerah yang sudah dibina karakternya di rindam tampil gagah dengan seragam doreng toh banyak yang ditangkap kpk bukan saya membayangkan komandan rindam sedih karena gagal membentuk karakter alumninya ini membuktikan membentuk karakter seseorang itu tidak seperti sulapan tetapi dibentuk sejak usia dini atau apakah pemimpin2 kita saat ini murid pak tarno pesulap legendaris indonesia ya bimsalabim jadi apa prok prok prok saya jadi bingung negara ini pura2 goblok atau memang goblok beneran ya uang trilyunan digunakan seperti main2 rasanya negara ini benar2 akan bangkrut semoga saja prediksi saya salah;siapa pejabat konseptor rekrut manajer koperasi desa merah putih ini fakta rekrutmen tujuan rekrut untuk posisi top manajemen koperasi desa merah putih manajer tidak dibutuhkan pengalaman kerja untuk formasi ini materi seleksi hanya standart seleksi asn yaitu seleksi administrasi seleksi kompetensi terdiri dari skd dan skb cat seleksi kompetensi tambahan skt yang meliputi tes mental dan ideologi serta pemeriksaan kesehatan bersedia mengikuti pelatihan pembinaan pembentukan karakter dari kementerian pertahanan serta pelatihan manajerial dari kementerian koperasi syarat lain tidak penting dibahas terlalu remeh temeh perhatikan nomor dan seorang manajer diangkat tanpa pengalaman kerja level manajer bahkan pengalaman jadi tukang batu pun tidak dipersyaratkan padahal jabatannya adalah manajer jabatan tertinggi di koperasi desa merah putih yang memegang decision maker gila bukan perhatikan angka indikasi koperasi desa merah putih akan asal jalan atau jalan asal2an adalah ditempatkannya seorang top manajer koperasi desa merah putih yang hanya berbekal pelatihan manajerial ini memperlihatkan kekonyolan panitia seleksi nasional panselnas di bawah komando kementerian koordinator bidang pangan bukan dibawah kementerian koperasi lho sangat jelas bahwa kementerian ini tidak paham bahwa kemampuan manajerial itu perpaduan dari ilmu seni dan pengalaman mungkin kebiasaan pejabat berpikir instan saya 20 tahun lebih punya pengalaman urusan hrd baru kali ini ada rekrutmen dagelan lebih konyol lagi harus ikut pelatihan pembinaan pembentukan karakter dari kementerian pertahanan saya bayangkan seperti pelatihan para kepala daerah tempo hari di rindam pertanyaannya adalah mau dilantik menjadi manajer koperasi desa merah putih atau pasukan yang akan dikirim ke medan tempur fakta yang terjadi kepala daerah yang sudah dibina karakternya di rindam tampil gagah dengan seragam doreng toh banyak yang ditangkap kpk bukan saya membayangkan komandan rindam sedih karena gagal membentuk karakter alumninya ini membuktikan membentuk karakter seseorang itu tidak seperti sulapan tetapi dibentuk sejak usia dini atau apakah pemimpin2 kita saat ini murid pak tarno pesulap legendaris indonesia bimsalabim jadi apa prok prok prok saya jadi bingung negara ini pura2 goblok atau memang goblok beneran uang trilyunan digunakan seperti main2 rasanya negara ini benar2 akan bangkrut semoga saja prediksi saya salah;['siapa', 'pejabat', 'konseptor', 'rekrut', 'manajer', 'koperasi', 'desa', 'merah', 'putih', 'ini', 'fakta', 'rekrutmen', 'tujuan', 'rekrut', 'untuk', 'posisi', 'top', 'manajemen', 'koperasi', 'desa', 'merah', 'putih', 'manajer', 'tidak', 'dibutuhkan', 'pengalaman', 'kerja', 'untuk', 'formasi', 'ini', 'materi', 'seleksi', 'hanya', 'standart', 'seleksi', 'asn', 'yaitu', 'seleksi', 'administrasi', 'seleksi', 'kompetensi', 'terdiri', 'dari', 'skd', 'dan', 'skb', 'cat', 'seleksi', 'kompetensi', 'tambahan', 'skt', 'yang', 'meliputi', 'tes', 'mental', 'dan', 'ideologi', 'serta', 'pemeriksaan', 'kesehatan', 'bersedia', 'mengikuti', 'pelatihan', 'pembinaan', 'pembentukan', 'karakter', 'dari', 'kementerian', 'pertahanan', 'serta', 'pelatihan', 'manajerial', 'dari', 'kementerian', 'koperasi', 'syarat', 'lain', 'tidak', 'penting', 'dibahas', 'terlalu', 'remeh', 'temeh', 'perhatikan', 'nomor', 'dan', 'seorang', 'manajer', 'diangkat', 'tanpa', 'pengalaman', 'kerja', 'level', 'manajer', 'bahkan', 'pengalaman', 'jadi', 'tukang', 'batu', 'pun', 'tidak', 'dipersyaratkan', 'padahal', 'jabatannya', 'adalah', 'manajer', 'jabatan', 'tertinggi', 'di', 'koperasi', 'desa', 'merah', 'putih', 'yang', 'memegang', 'decision', 'maker', 'gila', 'bukan', 'perhatikan', 'angka', 'indikasi', 'koperasi', 'desa', 'merah', 'putih', 'akan', 'asal', 'jalan', 'atau', 'jalan', 'asal2an', 'adalah', 'ditempatkannya', 'seorang', 'top', 'manajer', 'koperasi', 'desa', 'merah', 'putih', 'yang', 'hanya', 'berbekal', 'pelatihan', 'manajerial', 'ini', 'memperlihatkan', 'kekonyolan', 'panitia', 'seleksi', 'nasional', 'panselnas', 'di', 'bawah', 'komando', 'kementerian', 'koordinator', 'bidang', 'pangan', 'bukan', 'dibawah', 'kementerian', 'koperasi', 'lho', 'sangat', 'jelas', 'bahwa', 'kementerian', 'ini', 'tidak', 'paham', 'bahwa', 'kemampuan', 'manajerial', 'itu', 'perpaduan', 'dari', 'ilmu', 'seni', 'dan', 'pengalaman', 'mungkin', 'kebiasaan', 'pejabat', 'berpikir', 'instan', 'saya', '20', 'tahun', 'lebih', 'punya', 'pengalaman', 'urusan', 'hrd', 'baru', 'kali', 'ini', 'ada', 'rekrutmen', 'dagelan', 'lebih', 'konyol', 'lagi', 'harus', 'ikut', 'pelatihan', 'pembinaan', 'pembentukan', 'karakter', 'dari', 'kementerian', 'pertahanan', 'saya', 'bayangkan', 'seperti', 'pelatihan', 'para', 'kepala', 'daerah', 'tempo', 'hari', 'di', 'rindam', 'pertanyaannya', 'adalah', 'mau', 'dilantik', 'menjadi', 'manajer', 'koperasi', 'desa', 'merah', 'putih', 'atau', 'pasukan', 'yang', 'akan', 'dikirim', 'ke', 'medan', 'tempur', 'fakta', 'yang', 'terjadi', 'kepala', 'daerah', 'yang', 'sudah', 'dibina', 'karakternya', 'di', 'rindam', 'tampil', 'gagah', 'dengan', 'seragam', 'doreng', 'toh', 'banyak', 'yang', 'ditangkap', 'kpk', 'bukan', 'saya', 'membayangkan', 'komandan', 'rindam', 'sedih', 'karena', 'gagal', 'membentuk', 'karakter', 'alumninya', 'ini', 'membuktikan', 'membentuk', 'karakter', 'seseorang', 'itu', 'tidak', 'seperti', 'sulapan', 'tetapi', 'dibentuk', 'sejak', 'usia', 'dini', 'atau', 'apakah', 'pemimpin2', 'kita', 'saat', 'ini', 'murid', 'pak', 'tarno', 'pesulap', 'legendaris', 'indonesia', 'bimsalabim', 'jadi', 'apa', 'prok', 'prok', 'prok', 'saya', 'jadi', 'bingung', 'negara', 'ini', 'pura2', 'goblok', 'atau', 'memang', 'goblok', 'beneran', 'uang', 'trilyunan', 'digunakan', 'seperti', 'main2', 'rasanya', 'negara', 'ini', 'benar2', 'akan', 'bangkrut', 'semoga', 'saja', 'prediksi', 'saya', 'salah'];Tempo, KDMP;Pengelolaan, Media;Diskusi;Diskusi;Diskusi
Import aja dulu ntar juga disetujui, semua bisa diatur;Import aja dulu ntar juga disetujui semua bisa diatur;import saja dulu nanti juga disetujui semua bisa diatur;import saja dulu nanti juga disetujui semua bisa diatur;['import', 'saja', 'dulu', 'nanti', 'juga', 'disetujui', 'semua', 'bisa', 'diatur'];Tidak Terdeteksi;Lainnya;Diskusi;Diskusi;Menolak
Tata kelola yang baik dari berbagai hal sekarang ini sepertinya tidak perlu.;Tata kelola yang baik dari berbagai hal sekarang ini sepertinya tidak perlu;tata kelola yang baik dari berbagai hal sekarang ini sepertinya tidak perlu;tata kelola yang baik dari berbagai hal sekarang ini sepertinya tidak perlu;['tata', 'kelola', 'yang', 'baik', 'dari', 'berbagai', 'hal', 'sekarang', 'ini', 'sepertinya', 'tidak', 'perlu'];Tidak Terdeteksi;Lainnya;Mendukung;Mendukung;Menolak
Bubar2 negara ini, wowo paling ikhlas;Bubar2 negara ini wowo paling ikhlas;bubar2 negara ini prabowo paling ikhlas;bubar2 negara ini prabowo paling ikhlas;['bubar2', 'negara', 'ini', 'prabowo', 'paling', 'ikhlas'];Prabowo;Lainnya;Netral;Netral;Menolak
"Hitungan ""Efisiensi"" sebenarnya bukan hanya masalah ""Harga"" saja, tetapi juga harus diperhitungkan : 
1. TKDN 100%
2. Kualitas Mesin 
3. Keberlanjutan (Sales After Service)
Jadi walaupun ""Mobil Lokal"" harganya lebih mahal (jangka pendek), tetapi ketiga poin tersebut justru menjadi ""Andalan Utama"".";Hitungan Efisiensi sebenarnya bukan hanya masalah Harga saja tetapi juga harus diperhitungkan 1 TKDN 100 2 Kualitas Mesin 3 Keberlanjutan Sales After Service Jadi walaupun Mobil Lokal harganya lebih mahal jangka pendek tetapi ketiga poin tersebut justru menjadi Andalan Utama;hitungan efisiensi sebenarnya bukan hanya masalah harga saja tetapi juga harus diperhitungkan 1 tkdn 100 2 kualitas mesin 3 keberlanjutan sales after service jadi walaupun mobil lokal harganya lebih mahal jangka pendek tetapi ketiga poin tersebut justru menjadi andalan utama;hitungan efisiensi sebenarnya bukan hanya masalah harga saja tetapi juga harus diperhitungkan tkdn 100 kualitas mesin keberlanjutan sales after service jadi walaupun mobil lokal harganya lebih mahal jangka pendek tetapi ketiga poin tersebut justru menjadi andalan utama;['hitungan', 'efisiensi', 'sebenarnya', 'bukan', 'hanya', 'masalah', 'harga', 'saja', 'tetapi', 'juga', 'harus', 'diperhitungkan', 'tkdn', '100', 'kualitas', 'mesin', 'keberlanjutan', 'sales', 'after', 'service', 'jadi', 'walaupun', 'mobil', 'lokal', 'harganya', 'lebih', 'mahal', 'jangka', 'pendek', 'tetapi', 'ketiga', 'poin', 'tersebut', 'justru', 'menjadi', 'andalan', 'utama'];Tidak Terdeteksi;Lainnya;Diskusi;Diskusi;Diskusi
saya pernah ikut seleksi terkait kopdes tapi sulit banget pas lihat yang lulus saya cari di linkedin pada gaada, ini selundupan apa gimana wkwkwk;saya pernah ikut seleksi terkait kopdes tapi sulit banget pas lihat yang lulus saya cari di linkedin pada gaada ini selundupan apa gimana wkwkwk;saya pernah ikut seleksi terkait koperasi desa tapi sulit sekali pas lihat yang lulus saya cari di linkedin pada gaada ini selundupan apa bagaimana wkwkwk;saya pernah ikut seleksi terkait koperasi desa tapi sulit sekali pas lihat yang lulus saya cari di linkedin pada gaada ini selundupan apa bagaimana wkwkwk;['saya', 'pernah', 'ikut', 'seleksi', 'terkait', 'koperasi', 'desa', 'tapi', 'sulit', 'sekali', 'pas', 'lihat', 'yang', 'lulus', 'saya', 'cari', 'di', 'linkedin', 'pada', 'gaada', 'ini', 'selundupan', 'apa', 'bagaimana', 'wkwkwk'];KDMP;Lainnya;Netral;Netral;Menolak
Perusahaan siapa yang mensuply barang ke koperasi Desa.;Perusahaan siapa yang mensuply barang ke koperasi Desa;perusahaan siapa yang mensuply barang ke koperasi desa;perusahaan siapa yang mensuply barang ke koperasi desa;['perusahaan', 'siapa', 'yang', 'mensuply', 'barang', 'ke', 'koperasi', 'desa'];KDMP;Lainnya;Netral;Netral;Diskusi
Ini benar benar mengangkangi  dan meremehkan mobil ESEMKA , milik psk jokowi , TERLAAALUUUU;Ini benar benar mengangkangi dan meremehkan mobil ESEMKA milik psk jokowi TERLAAALUUUU;ini benar benar mengangkangi dan meremehkan mobil esemka milik psk jokowi terlaaaluuuu;ini benar benar mengangkangi dan meremehkan mobil esemka milik psk jokowi terlaaaluuuu;['ini', 'benar', 'benar', 'mengangkangi', 'dan', 'meremehkan', 'mobil', 'esemka', 'milik', 'psk', 'jokowi', 'terlaaaluuuu'];Tidak Terdeteksi;Lainnya;Netral;Netral;Menolak
Pasti orang2 partai juga yang jadi manajernya....??????????????;Pasti orang2 partai juga yang jadi manajernya;pasti orang2 partai juga yang jadi manajernya;pasti orang2 partai juga yang jadi manajernya;['pasti', 'orang2', 'partai', 'juga', 'yang', 'jadi', 'manajernya'];Tidak Terdeteksi;Lainnya;Netral;Netral;Menolak
Sebentar lagi...Indonesia bangkrut.;Sebentar lagi Indonesia bangkrut;sebentar lagi indonesia bangkrut;sebentar lagi indonesia bangkrut;['sebentar', 'lagi', 'indonesia', 'bangkrut'];Tidak Terdeteksi;Lainnya;Netral;Netral;Menolak
CSR lebih baik dinikmati masyarakat desa daripada selama ini hanya dinikmati seelintir orang yang berada di Pemerintahan, baik eksekutif maupun legislatif...;CSR lebih baik dinikmati masyarakat desa daripada selama ini hanya dinikmati seelintir orang yang berada di Pemerintahan baik eksekutif maupun legislatif;csr lebih baik dinikmati masyarakat desa daripada selama ini hanya dinikmati seelintir orang yang berada di pemerintahan baik eksekutif maupun legislatif;csr lebih baik dinikmati masyarakat desa daripada selama ini hanya dinikmati seelintir orang yang berada di pemerintahan baik eksekutif maupun legislatif;['csr', 'lebih', 'baik', 'dinikmati', 'masyarakat', 'desa', 'daripada', 'selama', 'ini', 'hanya', 'dinikmati', 'seelintir', 'orang', 'yang', 'berada', 'di', 'pemerintahan', 'baik', 'eksekutif', 'maupun', 'legislatif'];Tidak Terdeteksi;Kebijakan;Mendukung;Mendukung;Menolak
Bagus lah TNI masuk koperasi desa biar transparan;Bagus lah TNI masuk koperasi desa biar transparan;bagus tni masuk koperasi desa biar transparan;bagus tni masuk koperasi desa biar transparan;['bagus', 'tni', 'masuk', 'koperasi', 'desa', 'biar', 'transparan'];TNI, KDMP;Militerisasi;Mendukung;Mendukung;Mendukung
Modus bancakan baru;Modus bancakan baru;modus bancakan baru;modus bancakan baru;['modus', 'bancakan', 'baru'];Tidak Terdeteksi;Korupsi;Menolak;Menolak;Menolak
Sinergi sipil–militer dalam konteks pembangunan bukan hal baru di Indonesia. Dengan pengawasan yang baik, kolaborasi ini bisa mempercepat pemerataan kesejahteraan hingga pelosok;Sinergi sipil militer dalam konteks pembangunan bukan hal baru di Indonesia Dengan pengawasan yang baik kolaborasi ini bisa mempercepat pemerataan kesejahteraan hingga pelosok;sinergi sipil tni dalam konteks pembangunan bukan hal baru di indonesia dengan pengawasan yang baik kolaborasi ini bisa mempercepat pemerataan kesejahteraan hingga pelosok;sinergi sipil tni dalam konteks pembangunan bukan hal baru di indonesia dengan pengawasan yang baik kolaborasi ini bisa mempercepat pemerataan kesejahteraan hingga pelosok;['sinergi', 'sipil', 'tni', 'dalam', 'konteks', 'pembangunan', 'bukan', 'hal', 'baru', 'di', 'indonesia', 'dengan', 'pengawasan', 'yang', 'baik', 'kolaborasi', 'ini', 'bisa', 'mempercepat', 'pemerataan', 'kesejahteraan', 'hingga', 'pelosok'];TNI;Militerisasi;Mendukung;Mendukung;Mendukung
"Dan Pemerintah Desa ""dipaksa""  untuk menyiapkan Lahan untuk Gerai KDMP";Dan Pemerintah Desa dipaksa untuk menyiapkan Lahan untuk Gerai KDMP;dan pemerintah desa dipaksa untuk menyiapkan lahan untuk gerai koperasi desa merah putih;dan pemerintah desa dipaksa untuk menyiapkan lahan untuk gerai koperasi desa merah putih;['dan', 'pemerintah', 'desa', 'dipaksa', 'untuk', 'menyiapkan', 'lahan', 'untuk', 'gerai', 'koperasi', 'desa', 'merah', 'putih'];KDMP;Kebijakan;Netral;Netral;Menolak
"Koperasi dikampung gue ada, tapi dikelola sama sesepuh desa sampai ke anaknya, setiap kali warga mau pinjam dananya selalu egak ada tapi kalo keluarga yahh yang pinjam ada. Aneh banget kan 


Anaknya punya usaha perternakan sapi modalnya dari koperasi desa wkwkwkw 

Udah minta ganti tapi egak pernah diganti wkwkwk";Koperasi dikampung gue ada tapi dikelola sama sesepuh desa sampai ke anaknya setiap kali warga mau pinjam dananya selalu egak ada tapi kalo keluarga yahh yang pinjam ada Aneh banget kan Anaknya punya usaha perternakan sapi modalnya dari koperasi desa wkwkwkw Udah minta ganti tapi egak pernah diganti wkwkwk;koperasi dikampung saya ada tapi dikelola sama sesepuh desa sampai ke anaknya setiap kali warga mau pinjam dananya selalu egak ada tapi kalau keluarga yahh yang pinjam ada aneh sekali anaknya punya usaha perternakan sapi modalnya dari koperasi desa wkwkwkw sudah minta ganti tapi egak pernah diganti wkwkwk;koperasi dikampung saya ada tapi dikelola sama sesepuh desa sampai ke anaknya setiap kali warga mau pinjam dananya selalu egak ada tapi kalau keluarga yahh yang pinjam ada aneh sekali anaknya punya usaha perternakan sapi modalnya dari koperasi desa wkwkwkw sudah minta ganti tapi egak pernah diganti wkwkwk;['koperasi', 'dikampung', 'saya', 'ada', 'tapi', 'dikelola', 'sama', 'sesepuh', 'desa', 'sampai', 'ke', 'anaknya', 'setiap', 'kali', 'warga', 'mau', 'pinjam', 'dananya', 'selalu', 'egak', 'ada', 'tapi', 'kalau', 'keluarga', 'yahh', 'yang', 'pinjam', 'ada', 'aneh', 'sekali', 'anaknya', 'punya', 'usaha', 'perternakan', 'sapi', 'modalnya', 'dari', 'koperasi', 'desa', 'wkwkwkw', 'sudah', 'minta', 'ganti', 'tapi', 'egak', 'pernah', 'diganti', 'wkwkwk'];KDMP;Lainnya;Menolak;Menolak;Menolak
Saya gk ngerti kenapa prabowo begini. Padahal dia udah kaya. Ini siapa yang niat menghancurkan tata kelola negara. Sehingga rakyat saling berbenturan di bawah. Antara manager dan pengurus, antara tukang cuci ompreng dan para honorer. Antara pedagang warung dan makanan dengan koperasi dan mbg. Antara rakyat dan ekonomi yang terus merosot, harga tidak terjangkau, barang jelek. Sebenarnya apa mau prabowo. Atau ini maunya siapa? Siapa yang bertanggung jawab?;Saya gk ngerti kenapa prabowo begini Padahal dia udah kaya Ini siapa yang niat menghancurkan tata kelola negara Sehingga rakyat saling berbenturan di bawah Antara manager dan pengurus antara tukang cuci ompreng dan para honorer Antara pedagang warung dan makanan dengan koperasi dan mbg Antara rakyat dan ekonomi yang terus merosot harga tidak terjangkau barang jelek Sebenarnya apa mau prabowo Atau ini maunya siapa Siapa yang bertanggung jawab;saya tidak mengerti kenapa prabowo begini padahal dia sudah kaya ini siapa yang niat menghancurkan tata kelola negara sehingga rakyat saling berbenturan di bawah antara manager dan pengurus antara tukang cuci ompreng dan para honorer antara pedagang warung dan makanan dengan koperasi dan mbg antara rakyat dan ekonomi yang terus merosot harga tidak terjangkau barang jelek sebenarnya apa mau prabowo atau ini maunya siapa siapa yang bertanggung jawab;saya tidak mengerti kenapa prabowo begini padahal dia sudah kaya ini siapa yang niat menghancurkan tata kelola negara sehingga rakyat saling berbenturan di bawah antara manager dan pengurus antara tukang cuci ompreng dan para honorer antara pedagang warung dan makanan dengan koperasi dan mbg antara rakyat dan ekonomi yang terus merosot harga tidak terjangkau barang jelek sebenarnya apa mau prabowo atau ini maunya siapa siapa yang bertanggung jawab;['saya', 'tidak', 'mengerti', 'kenapa', 'prabowo', 'begini', 'padahal', 'dia', 'sudah', 'kaya', 'ini', 'siapa', 'yang', 'niat', 'menghancurkan', 'tata', 'kelola', 'negara', 'sehingga', 'rakyat', 'saling', 'berbenturan', 'di', 'bawah', 'antara', 'manager', 'dan', 'pengurus', 'antara', 'tukang', 'cuci', 'ompreng', 'dan', 'para', 'honorer', 'antara', 'pedagang', 'warung', 'dan', 'makanan', 'dengan', 'koperasi', 'dan', 'mbg', 'antara', 'rakyat', 'dan', 'ekonomi', 'yang', 'terus', 'merosot', 'harga', 'tidak', 'terjangkau', 'barang', 'jelek', 'sebenarnya', 'apa', 'mau', 'prabowo', 'atau', 'ini', 'maunya', 'siapa', 'siapa', 'yang', 'bertanggung', 'jawab'];Prabowo;Pengelolaan;Menolak;Menolak;Menolak
Kepala desa harus waspada bilamana dikemudian hari terjadi korupsi dlm pembiayaan KMP akan jadi TUMBALLLLLLLL.;Kepala desa harus waspada bilamana dikemudian hari terjadi korupsi dlm pembiayaan KMP akan jadi TUMBALLLLLLLL;kepala desa harus waspada bilamana dikemudian hari terjadi korupsi dalam pembiayaan koperasi desa merah putih akan jadi tumballllllll;kepala desa harus waspada bilamana dikemudian hari terjadi korupsi dalam pembiayaan koperasi desa merah putih akan jadi tumballllllll;['kepala', 'desa', 'harus', 'waspada', 'bilamana', 'dikemudian', 'hari', 'terjadi', 'korupsi', 'dalam', 'pembiayaan', 'koperasi', 'desa', 'merah', 'putih', 'akan', 'jadi', 'tumballllllll'];Kades, KDMP;Korupsi;Menolak;Menolak;Menolak
Biarin aja bro, prabowo susa dikasi taw, ingat chat ini PROGRAM DANA DESA DAN MBG TDK AKA BERHASIL, YG BERHASIL KIRUP NYA;Biarin aja bro prabowo susa dikasi taw ingat chat ini PROGRAM DANA DESA DAN MBG TDK AKA BERHASIL YG BERHASIL KIRUP NYA;biarin saja bro prabowo susa dikasi taw ingat chat ini program dana desa dan mbg tidak aka berhasil yang berhasil kirup nya;biarin saja prabowo susa dikasi taw ingat chat ini program dana desa dan mbg tidak aka berhasil yang berhasil kirup nya;['biarin', 'saja', 'prabowo', 'susa', 'dikasi', 'taw', 'ingat', 'chat', 'ini', 'program', 'dana', 'desa', 'dan', 'mbg', 'tidak', 'aka', 'berhasil', 'yang', 'berhasil', 'kirup', 'nya'];Prabowo;Dana Desa, Kebijakan;Mendukung;Mendukung;Menolak
namanya juga presiden omon omon, lupa apa pura pura lupa apa yang diomonginnya, atau ada tekanan dari pengusaha imfor kaliyeh;namanya juga presiden omon omon lupa apa pura pura lupa apa yang diomonginnya atau ada tekanan dari pengusaha imfor kaliyeh;namanya juga presiden omon omon lupa apa pura pura lupa apa yang diomonginnya atau ada tekanan dari pengusaha imfor kaliyeh;namanya juga presiden omon omon lupa apa pura pura lupa apa yang diomonginnya atau ada tekanan dari pengusaha imfor kaliyeh;['namanya', 'juga', 'presiden', 'omon', 'omon', 'lupa', 'apa', 'pura', 'pura', 'lupa', 'apa', 'yang', 'diomonginnya', 'atau', 'ada', 'tekanan', 'dari', 'pengusaha', 'imfor', 'kaliyeh'];Prabowo;Lainnya;Netral;Netral;Menolak
Dibolak balik soal makan isi perut bukan tidak ada manfaatnya akan tetapi lebih bermanfaat uang/dana begitu besar lebih baik untuk dana pendidikan itu lebih berguna karna untuk anak indonesia bebas biaya pendidikan untuk anak indonesia lebih maju dan pintar.;Dibolak balik soal makan isi perut bukan tidak ada manfaatnya akan tetapi lebih bermanfaat uang dana begitu besar lebih baik untuk dana pendidikan itu lebih berguna karna untuk anak indonesia bebas biaya pendidikan untuk anak indonesia lebih maju dan pintar;dibolak balik soal makan isi perut bukan tidak ada manfaatnya akan tetapi lebih bermanfaat uang dana begitu besar lebih baik untuk dana pendidikan itu lebih berguna karna untuk anak indonesia bebas biaya pendidikan untuk anak indonesia lebih maju dan pintar;dibolak balik soal makan isi perut bukan tidak ada manfaatnya akan tetapi lebih bermanfaat uang dana begitu besar lebih baik untuk dana pendidikan itu lebih berguna karna untuk anak indonesia bebas biaya pendidikan untuk anak indonesia lebih maju dan pintar;['dibolak', 'balik', 'soal', 'makan', 'isi', 'perut', 'bukan', 'tidak', 'ada', 'manfaatnya', 'akan', 'tetapi', 'lebih', 'bermanfaat', 'uang', 'dana', 'begitu', 'besar', 'lebih', 'baik', 'untuk', 'dana', 'pendidikan', 'itu', 'lebih', 'berguna', 'karna', 'untuk', 'anak', 'indonesia', 'bebas', 'biaya', 'pendidikan', 'untuk', 'anak', 'indonesia', 'lebih', 'maju', 'dan', 'pintar'];Tidak Terdeteksi;Lainnya;Diskusi;Diskusi;Menolak
Betapa horornya negeriku ini, rusakkk disegala lini.. dan pemimpinnya asyiikk plesiran teroosss.. kacaauu;Betapa horornya negeriku ini rusakkk disegala lini dan pemimpinnya asyiikk plesiran teroosss kacaauu;betapa horornya negeriku ini rusakkk disegala lini dan pemimpinnya asyiikk plesiran teroosss kacaauu;betapa horornya negeriku ini rusakkk disegala lini dan pemimpinnya asyiikk plesiran teroosss kacaauu;['betapa', 'horornya', 'negeriku', 'ini', 'rusakkk', 'disegala', 'lini', 'dan', 'pemimpinnya', 'asyiikk', 'plesiran', 'teroosss', 'kacaauu'];Tidak Terdeteksi;Lainnya;Netral;Netral;Menolak
Kalau beli di luar ada V yg di berikan dari industri India kalau beli Indonesia pabriknya tidak mau kasih uang Calo pengadaan mobil nya ???? Cuan Bosss???? BPK saja mendukung kenapa harus ribut sih ????;Kalau beli di luar ada V yg di berikan dari industri India kalau beli Indonesia pabriknya tidak mau kasih uang Calo pengadaan mobil nya Cuan Bosss BPK saja mendukung kenapa harus ribut sih;kalau beli di luar ada v yang di berikan dari industri india kalau beli indonesia pabriknya tidak mau kasih uang calo pengadaan mobil nya keuntungan bosss bpk saja mendukung kenapa harus ribut;kalau beli di luar ada yang di berikan dari industri india kalau beli indonesia pabriknya tidak mau kasih uang calo pengadaan mobil nya keuntungan bosss bpk saja mendukung kenapa harus ribut;['kalau', 'beli', 'di', 'luar', 'ada', 'yang', 'di', 'berikan', 'dari', 'industri', 'india', 'kalau', 'beli', 'indonesia', 'pabriknya', 'tidak', 'mau', 'kasih', 'uang', 'calo', 'pengadaan', 'mobil', 'nya', 'keuntungan', 'bosss', 'bpk', 'saja', 'mendukung', 'kenapa', 'harus', 'ribut'];Tidak Terdeteksi;Lainnya;Mendukung;Mendukung;Mendukung
Setiap program pasti ada plus minusnya. Klo hanya khawatir minusnya saja gak akan maju-maju negeri ini.;Setiap program pasti ada plus minusnya Klo hanya khawatir minusnya saja gak akan maju maju negeri ini;setiap program pasti ada plus minusnya kalau hanya khawatir minusnya saja tidak akan maju maju negeri ini;setiap program pasti ada plus minusnya kalau hanya khawatir minusnya saja tidak akan maju maju negeri ini;['setiap', 'program', 'pasti', 'ada', 'plus', 'minusnya', 'kalau', 'hanya', 'khawatir', 'minusnya', 'saja', 'tidak', 'akan', 'maju', 'maju', 'negeri', 'ini'];Tidak Terdeteksi;Kebijakan;Mendukung;Mendukung;Mendukung
presiden miring pikiran nya;presiden miring pikiran nya;presiden miring pikiran nya;presiden miring pikiran nya;['presiden', 'miring', 'pikiran', 'nya'];Prabowo;Lainnya;Netral;Netral;Menolak
Emang di Indonesia g ada mobil lagi malah di import tuh Gibran kenapa ga mobil Ayahnya Mobil Esemka? Import mobil yg g ada pabriknya atau Show Roomnya di sini ntar rusak masal suku cadang noh import lagi Hadew korupsi Legal bau-bsunya nie, ini persiapan kumpul dana 2029 nie;Emang di Indonesia g ada mobil lagi malah di import tuh Gibran kenapa ga mobil Ayahnya Mobil Esemka Import mobil yg g ada pabriknya atau Show Roomnya di sini ntar rusak masal suku cadang noh import lagi Hadew korupsi Legal bau bsunya nie ini persiapan kumpul dana 2029 nie;emang di indonesia tidak ada mobil lagi malah di import tuh gibran kenapa tidak mobil ayahnya mobil esemka import mobil yang tidak ada pabriknya atau show roomnya di sini nanti rusak masal suku cadang noh import lagi hadew korupsi legal bau bsunya nie ini persiapan kumpul dana 2029 nie;emang di indonesia tidak ada mobil lagi malah di import tuh gibran kenapa tidak mobil ayahnya mobil esemka import mobil yang tidak ada pabriknya atau show roomnya di sini nanti rusak masal suku cadang noh import lagi hadew korupsi legal bau bsunya nie ini persiapan kumpul dana 2029 nie;['emang', 'di', 'indonesia', 'tidak', 'ada', 'mobil', 'lagi', 'malah', 'di', 'import', 'tuh', 'gibran', 'kenapa', 'tidak', 'mobil', 'ayahnya', 'mobil', 'esemka', 'import', 'mobil', 'yang', 'tidak', 'ada', 'pabriknya', 'atau', 'show', 'roomnya', 'di', 'sini', 'nanti', 'rusak', 'masal', 'suku', 'cadang', 'noh', 'import', 'lagi', 'hadew', 'korupsi', 'legal', 'bau', 'bsunya', 'nie', 'ini', 'persiapan', 'kumpul', 'dana', '2029', 'nie'];Tidak Terdeteksi;Korupsi;Menolak;Menolak;Menolak
"Banyak yg nilai bangunannya antara 800 sp 900 jt...
Pd hal hrsnya 1,2 M...sisanya kmn ??????";Banyak yg nilai bangunannya antara 800 sp 900 jt Pd hal hrsnya 1 2 M sisanya kmn;banyak yang nilai bangunannya antara 800 sp 900 jt pd hal hrsnya 1 2 m sisanya kmn;banyak yang nilai bangunannya antara 800 sp 900 jt pd hal hrsnya sisanya kmn;['banyak', 'yang', 'nilai', 'bangunannya', 'antara', '800', 'sp', '900', 'jt', 'pd', 'hal', 'hrsnya', 'sisanya', 'kmn'];Tidak Terdeteksi;Lainnya;Netral;Netral;Menolak
Karna ga ada kerjaan, ga ada perang mknya urus kebun jagung, operasi pasar, koperasi... Lebih baik kirim ke Afganistan Ukraina Iran biar kerja;Karna ga ada kerjaan ga ada perang mknya urus kebun jagung operasi pasar koperasi Lebih baik kirim ke Afganistan Ukraina Iran biar kerja;karna tidak ada kerjaan tidak ada perang mknya urus kebun jagung operasi pasar koperasi lebih baik kirim ke afganistan ukraina iran biar kerja;karna tidak ada kerjaan tidak ada perang mknya urus kebun jagung operasi pasar koperasi lebih baik kirim ke afganistan ukraina iran biar kerja;['karna', 'tidak', 'ada', 'kerjaan', 'tidak', 'ada', 'perang', 'mknya', 'urus', 'kebun', 'jagung', 'operasi', 'pasar', 'koperasi', 'lebih', 'baik', 'kirim', 'ke', 'afganistan', 'ukraina', 'iran', 'biar', 'kerja'];Tidak Terdeteksi;Lainnya;Mendukung;Mendukung;Menolak
bisa gak RI lewati 2030 ?;bisa gak RI lewati 2030;bisa tidak ri lewati 2030;bisa tidak ri lewati 2030;['bisa', 'tidak', 'ri', 'lewati', '2030'];Tidak Terdeteksi;Lainnya;Netral;Netral;Menolak
Warung merah putih;Warung merah putih;warung merah putih;warung merah putih;['warung', 'merah', 'putih'];Tidak Terdeteksi;Lainnya;Netral;Netral;Netral
Jadi teringat ada Media yg minta 55 Miliar untuk meberitakan kinerja Jokowi selama 2 Periode, di masa akhir jabatan nya, akan di muat di media cetak, on line, banner dan Medsos selama 30 hari alias 1 bulan, tapi di tolak ?????? ??????;Jadi teringat ada Media yg minta 55 Miliar untuk meberitakan kinerja Jokowi selama 2 Periode di masa akhir jabatan nya akan di muat di media cetak on line banner dan Medsos selama 30 hari alias 1 bulan tapi di tolak;jadi teringat ada media yang minta 55 miliar untuk meberitakan kinerja jokowi selama 2 periode di masa akhir jabatan nya akan di muat di media cetak on line banner dan medsos selama 30 hari alias 1 bulan tapi di tolak;jadi teringat ada media yang minta 55 miliar untuk meberitakan kinerja jokowi selama periode di masa akhir jabatan nya akan di muat di media cetak on line banner dan medsos selama 30 hari alias bulan tapi di tolak;['jadi', 'teringat', 'ada', 'media', 'yang', 'minta', '55', 'miliar', 'untuk', 'meberitakan', 'kinerja', 'jokowi', 'selama', 'periode', 'di', 'masa', 'akhir', 'jabatan', 'nya', 'akan', 'di', 'muat', 'di', 'media', 'cetak', 'on', 'line', 'banner', 'dan', 'medsos', 'selama', '30', 'hari', 'alias', 'bulan', 'tapi', 'di', 'tolak'];Tidak Terdeteksi;Lainnya;Menolak;Menolak;Menolak
Itu uang KOPERASI MERAH PUTIH nya untuk apa ???, bukannya untuk membantu Desa ? ??;Itu uang KOPERASI MERAH PUTIH nya untuk apa bukannya untuk membantu Desa;itu uang koperasi desa merah putih nya untuk apa bukannya untuk membantu desa;itu uang koperasi desa merah putih nya untuk apa bukannya untuk membantu desa;['itu', 'uang', 'koperasi', 'desa', 'merah', 'putih', 'nya', 'untuk', 'apa', 'bukannya', 'untuk', 'membantu', 'desa'];KDMP;Lainnya;Mendukung;Mendukung;Menolak
"Harusnya agrinas membuka  tender dengan menentukan spek mobil yg dibutuhkan, kemudian semua produsen mobil diminta menawarkan produknya terdribusi sampai di koperasi harganya berapa.
Dari situ akan ada persaingan harga yg fair.

Kalau hanya berdasarkan harga pasaran sekarang, produk Indonesia memang kalah jauh dgn harga india.

Skrg ini ambil india dianggap gak nasionalis, tapi ambil lokal dianggap kkn";Harusnya agrinas membuka tender dengan menentukan spek mobil yg dibutuhkan kemudian semua produsen mobil diminta menawarkan produknya terdribusi sampai di koperasi harganya berapa Dari situ akan ada persaingan harga yg fair Kalau hanya berdasarkan harga pasaran sekarang produk Indonesia memang kalah jauh dgn harga india Skrg ini ambil india dianggap gak nasionalis tapi ambil lokal dianggap kkn;harusnya agrinas membuka tender dengan menentukan spek mobil yang dibutuhkan kemudian semua produsen mobil diminta menawarkan produknya terdribusi sampai di koperasi harganya berapa dari situ akan ada persaingan harga yang fair kalau hanya berdasarkan harga pasaran sekarang produk indonesia memang kalah jauh dengan harga india sekarang ini ambil india dianggap tidak nasionalis tapi ambil lokal dianggap kkn;harusnya agrinas membuka tender dengan menentukan spek mobil yang dibutuhkan kemudian semua produsen mobil diminta menawarkan produknya terdribusi sampai di koperasi harganya berapa dari situ akan ada persaingan harga yang fair kalau hanya berdasarkan harga pasaran sekarang produk indonesia memang kalah jauh dengan harga india sekarang ini ambil india dianggap tidak nasionalis tapi ambil lokal dianggap kkn;['harusnya', 'agrinas', 'membuka', 'tender', 'dengan', 'menentukan', 'spek', 'mobil', 'yang', 'dibutuhkan', 'kemudian', 'semua', 'produsen', 'mobil', 'diminta', 'menawarkan', 'produknya', 'terdribusi', 'sampai', 'di', 'koperasi', 'harganya', 'berapa', 'dari', 'situ', 'akan', 'ada', 'persaingan', 'harga', 'yang', 'fair', 'kalau', 'hanya', 'berdasarkan', 'harga', 'pasaran', 'sekarang', 'produk', 'indonesia', 'memang', 'kalah', 'jauh', 'dengan', 'harga', 'india', 'sekarang', 'ini', 'ambil', 'india', 'dianggap', 'tidak', 'nasionalis', 'tapi', 'ambil', 'lokal', 'dianggap', 'kkn'];Tidak Terdeteksi;Lainnya;Netral;Netral;Netral
Ya ya  ya  inget pidato soal geteng.  Pi bangun gedung KDMP kok gk pake geteng. Wkwkwkw;Ya ya ya inget pidato soal geteng Pi bangun gedung KDMP kok gk pake geteng Wkwkwkw;ya ya ya inget pidato soal geteng pi bangun gedung koperasi desa merah putih tidak pakai geteng wkwkwkw;inget pidato soal geteng pi bangun gedung koperasi desa merah putih tidak pakai geteng wkwkwkw;['inget', 'pidato', 'soal', 'geteng', 'pi', 'bangun', 'gedung', 'koperasi', 'desa', 'merah', 'putih', 'tidak', 'pakai', 'geteng', 'wkwkwkw'];KDMP;Lainnya;Netral;Netral;Menolak
Maaf klo saya kurang Update, Bpk menteri keuangan apakah bisa menolak rencana pembelian mobil india india walaupun uangnya dari Bank Himbara. Setahu saya Bpk  menkeu bisa berkeberatan Utang woosh dibayar pake ABPN;Maaf klo saya kurang Update Bpk menteri keuangan apakah bisa menolak rencana pembelian mobil india india walaupun uangnya dari Bank Himbara Setahu saya Bpk menkeu bisa berkeberatan Utang woosh dibayar pake ABPN;maaf kalau saya kurang update bpk menteri keuangan apakah bisa menolak rencana pembelian mobil india india walaupun uangnya dari bank himbara setahu saya bpk menkeu bisa berkeberatan utang woosh dibayar pakai abpn;maaf kalau saya kurang update bpk menteri keuangan apakah bisa menolak rencana pembelian mobil india india walaupun uangnya dari bank himbara setahu saya bpk menkeu bisa berkeberatan utang woosh dibayar pakai abpn;['maaf', 'kalau', 'saya', 'kurang', 'update', 'bpk', 'menteri', 'keuangan', 'apakah', 'bisa', 'menolak', 'rencana', 'pembelian', 'mobil', 'india', 'india', 'walaupun', 'uangnya', 'dari', 'bank', 'himbara', 'setahu', 'saya', 'bpk', 'menkeu', 'bisa', 'berkeberatan', 'utang', 'woosh', 'dibayar', 'pakai', 'abpn'];Tidak Terdeteksi;Lainnya;Diskusi;Diskusi;Menolak
jogetin aja bang....;jogetin aja bang;jogetin saja bang;jogetin saja;['jogetin', 'saja'];Tidak Terdeteksi;Lainnya;Netral;Netral;Netral
Kok bisa kepikiran program yang bikin rakyat sengsara tapi dibungkus yang gak dukung antek asing haduuhhhh;Kok bisa kepikiran program yang bikin rakyat sengsara tapi dibungkus yang gak dukung antek asing haduuhhhh;bisa kepikiran program yang membuat rakyat sengsara tapi dibungkus yang tidak dukung antek asing haduuhhhh;bisa kepikiran program yang membuat rakyat sengsara tapi dibungkus yang tidak dukung antek asing haduuhhhh;['bisa', 'kepikiran', 'program', 'yang', 'membuat', 'rakyat', 'sengsara', 'tapi', 'dibungkus', 'yang', 'tidak', 'dukung', 'antek', 'asing', 'haduuhhhh'];Tidak Terdeteksi;Kebijakan;Mendukung;Mendukung;Menolak
Semua ada pertimbangan tersendiri oleh pemerintah, mungkin itu lebih baik saaat ini. kita harus dukung dan terus mengawasi jalannya pemerintahan;Semua ada pertimbangan tersendiri oleh pemerintah mungkin itu lebih baik saaat ini kita harus dukung dan terus mengawasi jalannya pemerintahan;semua ada pertimbangan tersendiri oleh pemerintah mungkin itu lebih baik saaat ini kita harus dukung dan terus mengawasi jalannya pemerintahan;semua ada pertimbangan tersendiri oleh pemerintah mungkin itu lebih baik saaat ini kita harus dukung dan terus mengawasi jalannya pemerintahan;['semua', 'ada', 'pertimbangan', 'tersendiri', 'oleh', 'pemerintah', 'mungkin', 'itu', 'lebih', 'baik', 'saaat', 'ini', 'kita', 'harus', 'dukung', 'dan', 'terus', 'mengawasi', 'jalannya', 'pemerintahan'];Tidak Terdeteksi;Kebijakan;Mendukung;Mendukung;Mendukung
Presiden gagal, bukan berpihak pada rakyat dan menciptakan lapangan kerja;Presiden gagal bukan berpihak pada rakyat dan menciptakan lapangan kerja;presiden gagal bukan berpihak pada rakyat dan menciptakan lapangan kerja;presiden gagal bukan berpihak pada rakyat dan menciptakan lapangan kerja;['presiden', 'gagal', 'bukan', 'berpihak', 'pada', 'rakyat', 'dan', 'menciptakan', 'lapangan', 'kerja'];Prabowo;Lainnya;Menolak;Menolak;Menolak
Nggak KDMP nggak MBG ..Bikin KACAU Ekonomi , Ngabisin ANGGARAN, Sarang Korupsi .!!;Nggak KDMP nggak MBG Bikin KACAU Ekonomi Ngabisin ANGGARAN Sarang Korupsi;tidak koperasi desa merah putih tidak mbg membuat kacau ekonomi ngabisin anggaran sarang korupsi;tidak koperasi desa merah putih tidak mbg membuat kacau ekonomi ngabisin anggaran sarang korupsi;['tidak', 'koperasi', 'desa', 'merah', 'putih', 'tidak', 'mbg', 'membuat', 'kacau', 'ekonomi', 'ngabisin', 'anggaran', 'sarang', 'korupsi'];KDMP;Korupsi;Menolak;Menolak;Menolak
Tata negara nya hancur, maka yakin lah negara tidak akan pernah maju....yakin!??;Tata negara nya hancur maka yakin lah negara tidak akan pernah maju yakin;tata negara nya hancur maka yakin negara tidak akan pernah maju yakin;tata negara nya hancur maka yakin negara tidak akan pernah maju yakin;['tata', 'negara', 'nya', 'hancur', 'maka', 'yakin', 'negara', 'tidak', 'akan', 'pernah', 'maju', 'yakin'];Tidak Terdeteksi;Lainnya;Mendukung;Mendukung;Menolak
"Maaf kritik utk PROGRAM pemerintah :
1. Koperasi Desa Merah Putih berpotensi bisa membunuh toko kelontong/toko sembako disekitarnya. Bukan memajukan umkm tapi merontokan

2. Program MBG, 
Yang terkena dampak langsung pedagang kantin, pedagang umkm kecil keliling, harga sembakk jadi naik misal telur dan ayam jadi memberatkan warga malah pada umumnya

Program pemerintah dengan dana besar ini dinilai TIDAK BAGUS DAN TIDAK TEPAT SASARAN, 
Mengingat yang kita butuhkan sekarang ini adalah MEMBERI PEKERJAAN DAN PEMASUKAN PADA WARGA/MENAIKAN DAYA BELI KONSUMEN bukan menyaingi pedagang kecil, menaikan daya beli konsumen bisa dengan program padat karya menyerap tenaga kerja banyak membangun infrastruktur irigasi sawah, jalan, jembatan, bendungan, dll yang nantinya ada manfaat ekonomi petani, pedagang, nelayan dll";Maaf kritik utk PROGRAM pemerintah 1 Koperasi Desa Merah Putih berpotensi bisa membunuh toko kelontong toko sembako disekitarnya Bukan memajukan umkm tapi merontokan 2 Program MBG Yang terkena dampak langsung pedagang kantin pedagang umkm kecil keliling harga sembakk jadi naik misal telur dan ayam jadi memberatkan warga malah pada umumnya Program pemerintah dengan dana besar ini dinilai TIDAK BAGUS DAN TIDAK TEPAT SASARAN Mengingat yang kita butuhkan sekarang ini adalah MEMBERI PEKERJAAN DAN PEMASUKAN PADA WARGA MENAIKAN DAYA BELI KONSUMEN bukan menyaingi pedagang kecil menaikan daya beli konsumen bisa dengan program padat karya menyerap tenaga kerja banyak membangun infrastruktur irigasi sawah jalan jembatan bendungan dll yang nantinya ada manfaat ekonomi petani pedagang nelayan dll;maaf kritik untuk program pemerintah 1 koperasi desa merah putih berpotensi bisa membunuh toko kelontong toko sembako disekitarnya bukan memajukan usaha mikro kecil menengah tapi merontokan 2 program mbg yang terkena dampak langsung pedagang kantin pedagang usaha mikro kecil menengah kecil keliling harga sembakk jadi naik misal telur dan ayam jadi memberatkan warga malah pada umumnya program pemerintah dengan dana besar ini dinilai tidak bagus dan tidak tepat sasaran mengingat yang kita butuhkan sekarang ini adalah memberi pekerjaan dan pemasukan pada warga menaikan daya beli konsumen bukan menyaingi pedagang kecil menaikan daya beli konsumen bisa dengan program padat karya menyerap tenaga kerja banyak membangun infrastruktur irigasi sawah jalan jembatan bendungan dan lain-lain yang nantinya ada manfaat ekonomi petani pedagang nelayan dan lain-lain;maaf kritik untuk program pemerintah koperasi desa merah putih berpotensi bisa membunuh toko kelontong toko sembako disekitarnya bukan memajukan usaha mikro kecil menengah tapi merontokan program mbg yang terkena dampak langsung pedagang kantin pedagang usaha mikro kecil menengah kecil keliling harga sembakk jadi naik misal telur dan ayam jadi memberatkan warga malah pada umumnya program pemerintah dengan dana besar ini dinilai tidak bagus dan tidak tepat sasaran mengingat yang kita butuhkan sekarang ini adalah memberi pekerjaan dan pemasukan pada warga menaikan daya beli konsumen bukan menyaingi pedagang kecil menaikan daya beli konsumen bisa dengan program padat karya menyerap tenaga kerja banyak membangun infrastruktur irigasi sawah jalan jembatan bendungan dan lain-lain yang nantinya ada manfaat ekonomi petani pedagang nelayan dan lain-lain;['maaf', 'kritik', 'untuk', 'program', 'pemerintah', 'koperasi', 'desa', 'merah', 'putih', 'berpotensi', 'bisa', 'membunuh', 'toko', 'kelontong', 'toko', 'sembako', 'disekitarnya', 'bukan', 'memajukan', 'usaha', 'mikro', 'kecil', 'menengah', 'tapi', 'merontokan', 'program', 'mbg', 'yang', 'terkena', 'dampak', 'langsung', 'pedagang', 'kantin', 'pedagang', 'usaha', 'mikro', 'kecil', 'menengah', 'kecil', 'keliling', 'harga', 'sembakk', 'jadi', 'naik', 'misal', 'telur', 'dan', 'ayam', 'jadi', 'memberatkan', 'warga', 'malah', 'pada', 'umumnya', 'program', 'pemerintah', 'dengan', 'dana', 'besar', 'ini', 'dinilai', 'tidak', 'bagus', 'dan', 'tidak', 'tepat', 'sasaran', 'mengingat', 'yang', 'kita', 'butuhkan', 'sekarang', 'ini', 'adalah', 'memberi', 'pekerjaan', 'dan', 'pemasukan', 'pada', 'warga', 'menaikan', 'daya', 'beli', 'konsumen', 'bukan', 'menyaingi', 'pedagang', 'kecil', 'menaikan', 'daya', 'beli', 'konsumen', 'bisa', 'dengan', 'program', 'padat', 'karya', 'menyerap', 'tenaga', 'kerja', 'banyak', 'membangun', 'infrastruktur', 'irigasi', 'sawah', 'jalan', 'jembatan', 'bendungan', 'dan', 'lain-lain', 'yang', 'nantinya', 'ada', 'manfaat', 'ekonomi', 'petani', 'pedagang', 'nelayan', 'dan', 'lain-lain'];KDMP;Kebijakan;Mendukung;Mendukung;Menolak
Kaum lompat tali mah otaknya yg penting cuannnnnnn. Soal cara nya gimana urusan belakangan. Rakus mirip kayak raja2 nya.;Kaum lompat tali mah otaknya yg penting cuannnnnnn Soal cara nya gimana urusan belakangan Rakus mirip kayak raja2 nya;kaum lompat tali mah otaknya yang penting cuannnnnnn soal cara nya bagaimana urusan belakangan rakus mirip kayak raja2 nya;kaum lompat tali mah otaknya yang penting cuannnnnnn soal cara nya bagaimana urusan belakangan rakus mirip kayak raja2 nya;['kaum', 'lompat', 'tali', 'mah', 'otaknya', 'yang', 'penting', 'cuannnnnnn', 'soal', 'cara', 'nya', 'bagaimana', 'urusan', 'belakangan', 'rakus', 'mirip', 'kayak', 'raja2', 'nya'];Tidak Terdeteksi;Lainnya;Netral;Netral;Menolak
Dalam seluruh aspek kehidupan termasuk ekonomi rakyat,sudah seharusnya melibatkan TNI,supaya terjaga dan tumbuh kepercayaan masyarakat pada kepentingan masyarakat banyak;Dalam seluruh aspek kehidupan termasuk ekonomi rakyat sudah seharusnya melibatkan TNI supaya terjaga dan tumbuh kepercayaan masyarakat pada kepentingan masyarakat banyak;dalam seluruh aspek kehidupan termasuk ekonomi rakyat sudah seharusnya melibatkan tni supaya terjaga dan tumbuh kepercayaan masyarakat pada kepentingan masyarakat banyak;dalam seluruh aspek kehidupan termasuk ekonomi rakyat sudah seharusnya melibatkan tni supaya terjaga dan tumbuh kepercayaan masyarakat pada kepentingan masyarakat banyak;['dalam', 'seluruh', 'aspek', 'kehidupan', 'termasuk', 'ekonomi', 'rakyat', 'sudah', 'seharusnya', 'melibatkan', 'tni', 'supaya', 'terjaga', 'dan', 'tumbuh', 'kepercayaan', 'masyarakat', 'pada', 'kepentingan', 'masyarakat', 'banyak'];TNI;Militerisasi;Diskusi;Diskusi;Mendukung
"Zaman orde baru aja yg mana kondisi benar2 terkendali ..koperasi susah berkembang. ... apalagi sekarang yg kacau balau ... semua saling mengintai dan  berebut bagian.. bahkan menterinya pun sangat2 diragukan kemampuan dan kejujurannya.......
1000% yakin ini akan gagal dan menguap nggak jelas.....??";Zaman orde baru aja yg mana kondisi benar2 terkendali koperasi susah berkembang apalagi sekarang yg kacau balau semua saling mengintai dan berebut bagian bahkan menterinya pun sangat2 diragukan kemampuan dan kejujurannya 1000 yakin ini akan gagal dan menguap nggak jelas;zaman orde baru saja yang mana kondisi benar2 terkendali koperasi susah berkembang apalagi sekarang yang kacau balau semua saling mengintai dan berebut bagian bahkan menterinya pun sangat2 diragukan kemampuan dan kejujurannya 1000 yakin ini akan gagal dan menguap tidak jelas;zaman orde baru saja yang mana kondisi benar2 terkendali koperasi susah berkembang apalagi sekarang yang kacau balau semua saling mengintai dan berebut bagian bahkan menterinya pun sangat2 diragukan kemampuan dan kejujurannya 1000 yakin ini akan gagal dan menguap tidak jelas;['zaman', 'orde', 'baru', 'saja', 'yang', 'mana', 'kondisi', 'benar2', 'terkendali', 'koperasi', 'susah', 'berkembang', 'apalagi', 'sekarang', 'yang', 'kacau', 'balau', 'semua', 'saling', 'mengintai', 'dan', 'berebut', 'bagian', 'bahkan', 'menterinya', 'pun', 'sangat2', 'diragukan', 'kemampuan', 'dan', 'kejujurannya', '1000', 'yakin', 'ini', 'akan', 'gagal', 'dan', 'menguap', 'tidak', 'jelas'];Tidak Terdeteksi;Militerisasi;Menolak;Menolak;Menolak
Yang pasti keberadaan koperasi merah putih ini BUMDES bakal bubar, dan bila koperasi berjalan lancar peran pasar tradisional juga meredup. Namun demikian koperasi merah putih masih harus bersaing dengan toko2 retail yang berjualan langsung produk2 China yang sudah menjamur di Indonesia. Belum lagi koperasi merah putih akan menjadi lahan baru korupsi buat pejabat desa, kecamatan dan kabupaten/kota..;Yang pasti keberadaan koperasi merah putih ini BUMDES bakal bubar dan bila koperasi berjalan lancar peran pasar tradisional juga meredup Namun demikian koperasi merah putih masih harus bersaing dengan toko2 retail yang berjualan langsung produk2 China yang sudah menjamur di Indonesia Belum lagi koperasi merah putih akan menjadi lahan baru korupsi buat pejabat desa kecamatan dan kabupaten kota;yang pasti keberadaan koperasi desa merah putih ini badan usaha milik desa bakal bubar dan bila koperasi berjalan lancar peran pasar tradisional juga meredup namun demikian koperasi desa merah putih masih harus bersaing dengan toko2 retail yang berjualan langsung produk2 china yang sudah menjamur di indonesia belum lagi koperasi desa merah putih akan menjadi lahan baru korupsi untuk pejabat desa kecamatan dan kabupaten kota;yang pasti keberadaan koperasi desa merah putih ini badan usaha milik desa bakal bubar dan bila koperasi berjalan lancar peran pasar tradisional juga meredup namun demikian koperasi desa merah putih masih harus bersaing dengan toko2 retail yang berjualan langsung produk2 china yang sudah menjamur di indonesia belum lagi koperasi desa merah putih akan menjadi lahan baru korupsi untuk pejabat desa kecamatan dan kabupaten kota;['yang', 'pasti', 'keberadaan', 'koperasi', 'desa', 'merah', 'putih', 'ini', 'badan', 'usaha', 'milik', 'desa', 'bakal', 'bubar', 'dan', 'bila', 'koperasi', 'berjalan', 'lancar', 'peran', 'pasar', 'tradisional', 'juga', 'meredup', 'namun', 'demikian', 'koperasi', 'desa', 'merah', 'putih', 'masih', 'harus', 'bersaing', 'dengan', 'toko2', 'retail', 'yang', 'berjualan', 'langsung', 'produk2', 'china', 'yang', 'sudah', 'menjamur', 'di', 'indonesia', 'belum', 'lagi', 'koperasi', 'desa', 'merah', 'putih', 'akan', 'menjadi', 'lahan', 'baru', 'korupsi', 'untuk', 'pejabat', 'desa', 'kecamatan', 'dan', 'kabupaten', 'kota'];KDMP;Korupsi;Diskusi;Diskusi;Diskusi
"Gasskeuun aja udah, ngapain sih pake di tunda2 segala, duit udah terlanjur masuk ke India DP 30% dari nilai kontrak, kagak bisa balik + pembatalan sepihak kontrak akan dikenai denda dan hubungan diplomasi dengan india akan menegang. klo mau protes harusnya sebelum kontrak diteken. toh kalopun dioper ke dalam negeri TKDN untuk kendaraan niaga paling tinggi PT Hino Motors cuma 45-55% artinya klo pesan skala besar, negara tetap akan impor 50% komponen dalam bentuk part dan itu biaya per unitnya jatuhnya malah jauh lebih mahal daripada beli kendaraan utuh ""gile ngak tuh, ini buat bisnis bro, kemungkinan korupsinya malah lebih gede"". kedepannya juga klo kendaraan masuk otomatis india akan buka bengkel di indonesia untuk maintenance kendaraan. logika saya begitu klo mau diskusi monggo.";Gasskeuun aja udah ngapain sih pake di tunda2 segala duit udah terlanjur masuk ke India DP 30 dari nilai kontrak kagak bisa balik pembatalan sepihak kontrak akan dikenai denda dan hubungan diplomasi dengan india akan menegang klo mau protes harusnya sebelum kontrak diteken toh kalopun dioper ke dalam negeri TKDN untuk kendaraan niaga paling tinggi PT Hino Motors cuma 45 55 artinya klo pesan skala besar negara tetap akan impor 50 komponen dalam bentuk part dan itu biaya per unitnya jatuhnya malah jauh lebih mahal daripada beli kendaraan utuh gile ngak tuh ini buat bisnis bro kemungkinan korupsinya malah lebih gede kedepannya juga klo kendaraan masuk otomatis india akan buka bengkel di indonesia untuk maintenance kendaraan logika saya begitu klo mau diskusi monggo;gasskeuun saja sudah ngapain pakai di tunda2 segala uang sudah terlanjur masuk ke india dp 30 dari nilai kontrak kagak bisa balik pembatalan sepihak kontrak akan dikenai denda dan hubungan diplomasi dengan india akan menegang kalau mau protes harusnya sebelum kontrak diteken toh kalopun dioper ke dalam negeri tkdn untuk kendaraan niaga paling tinggi pt hino motors hanya 45 55 artinya kalau pesan skala besar negara tetap akan impor 50 komponen dalam bentuk part dan itu biaya per unitnya jatuhnya malah jauh lebih mahal daripada beli kendaraan utuh gile tidak tuh ini untuk bisnis bro kemungkinan korupsinya malah lebih gede kedepannya juga kalau kendaraan masuk otomatis india akan buka bengkel di indonesia untuk maintenance kendaraan logika saya begitu kalau mau diskusi monggo;gasskeuun saja sudah ngapain pakai di tunda2 segala uang sudah terlanjur masuk ke india dp 30 dari nilai kontrak kagak bisa balik pembatalan sepihak kontrak akan dikenai denda dan hubungan diplomasi dengan india akan menegang kalau mau protes harusnya sebelum kontrak diteken toh kalopun dioper ke dalam negeri tkdn untuk kendaraan niaga paling tinggi pt hino motors hanya 45 55 artinya kalau pesan skala besar negara tetap akan impor 50 komponen dalam bentuk part dan itu biaya per unitnya jatuhnya malah jauh lebih mahal daripada beli kendaraan utuh gile tidak tuh ini untuk bisnis kemungkinan korupsinya malah lebih gede kedepannya juga kalau kendaraan masuk otomatis india akan buka bengkel di indonesia untuk maintenance kendaraan logika saya begitu kalau mau diskusi monggo;['gasskeuun', 'saja', 'sudah', 'ngapain', 'pakai', 'di', 'tunda2', 'segala', 'uang', 'sudah', 'terlanjur', 'masuk', 'ke', 'india', 'dp', '30', 'dari', 'nilai', 'kontrak', 'kagak', 'bisa', 'balik', 'pembatalan', 'sepihak', 'kontrak', 'akan', 'dikenai', 'denda', 'dan', 'hubungan', 'diplomasi', 'dengan', 'india', 'akan', 'menegang', 'kalau', 'mau', 'protes', 'harusnya', 'sebelum', 'kontrak', 'diteken', 'toh', 'kalopun', 'dioper', 'ke', 'dalam', 'negeri', 'tkdn', 'untuk', 'kendaraan', 'niaga', 'paling', 'tinggi', 'pt', 'hino', 'motors', 'hanya', '45', '55', 'artinya', 'kalau', 'pesan', 'skala', 'besar', 'negara', 'tetap', 'akan', 'impor', '50', 'komponen', 'dalam', 'bentuk', 'part', 'dan', 'itu', 'biaya', 'per', 'unitnya', 'jatuhnya', 'malah', 'jauh', 'lebih', 'mahal', 'daripada', 'beli', 'kendaraan', 'utuh', 'gile', 'tidak', 'tuh', 'ini', 'untuk', 'bisnis', 'kemungkinan', 'korupsinya', 'malah', 'lebih', 'gede', 'kedepannya', 'juga', 'kalau', 'kendaraan', 'masuk', 'otomatis', 'india', 'akan', 'buka', 'bengkel', 'di', 'indonesia', 'untuk', 'maintenance', 'kendaraan', 'logika', 'saya', 'begitu', 'kalau', 'mau', 'diskusi', 'monggo'];Tidak Terdeteksi;Korupsi;Menolak;Menolak;Mendukung
Program Prabowo gak ada yg bagus dilihat lihat;Program Prabowo gak ada yg bagus dilihat lihat;program prabowo tidak ada yang bagus dilihat lihat;program prabowo tidak ada yang bagus dilihat lihat;['program', 'prabowo', 'tidak', 'ada', 'yang', 'bagus', 'dilihat', 'lihat'];Prabowo;Kebijakan;Mendukung;Mendukung;Menolak
Setelah Jokowi dan Prabowo lewat, Indonesia memerlukan Presiden yg super sakti, krn kerusakan yg ditimbulkan keduanya sgt parah.;Setelah Jokowi dan Prabowo lewat Indonesia memerlukan Presiden yg super sakti krn kerusakan yg ditimbulkan keduanya sgt parah;setelah jokowi dan prabowo lewat indonesia memerlukan presiden yang super sakti karena kerusakan yang ditimbulkan keduanya sgt parah;setelah jokowi dan prabowo lewat indonesia memerlukan presiden yang super sakti karena kerusakan yang ditimbulkan keduanya sgt parah;['setelah', 'jokowi', 'dan', 'prabowo', 'lewat', 'indonesia', 'memerlukan', 'presiden', 'yang', 'super', 'sakti', 'karena', 'kerusakan', 'yang', 'ditimbulkan', 'keduanya', 'sgt', 'parah'];Prabowo;Lainnya;Diskusi;Diskusi;Menolak
Satu lg proyek top down yg pasti gagal;Satu lg proyek top down yg pasti gagal;satu lg proyek top down yang pasti gagal;satu lg proyek top down yang pasti gagal;['satu', 'lg', 'proyek', 'top', 'down', 'yang', 'pasti', 'gagal'];Tidak Terdeteksi;Lainnya;Menolak;Menolak;Menolak
Saya kira niat baik pak Presiden perlu kita dukung memang selama ini kami masyarakat bawah mau berusaha tapi kami punya keterbatasan modal terpaksa modal nya seadanya akhirnya keuntungannya tidak bisa menanggulangi kebutuhan kami SE hari.;Saya kira niat baik pak Presiden perlu kita dukung memang selama ini kami masyarakat bawah mau berusaha tapi kami punya keterbatasan modal terpaksa modal nya seadanya akhirnya keuntungannya tidak bisa menanggulangi kebutuhan kami SE hari;saya kira niat baik pak presiden perlu kita dukung memang selama ini kami masyarakat bawah mau berusaha tapi kami punya keterbatasan modal terpaksa modal nya seadanya akhirnya keuntungannya tidak bisa menanggulangi kebutuhan kami se hari;saya kira niat baik pak presiden perlu kita dukung memang selama ini kami masyarakat bawah mau berusaha tapi kami punya keterbatasan modal terpaksa modal nya seadanya akhirnya keuntungannya tidak bisa menanggulangi kebutuhan kami se hari;['saya', 'kira', 'niat', 'baik', 'pak', 'presiden', 'perlu', 'kita', 'dukung', 'memang', 'selama', 'ini', 'kami', 'masyarakat', 'bawah', 'mau', 'berusaha', 'tapi', 'kami', 'punya', 'keterbatasan', 'modal', 'terpaksa', 'modal', 'nya', 'seadanya', 'akhirnya', 'keuntungannya', 'tidak', 'bisa', 'menanggulangi', 'kebutuhan', 'kami', 'se', 'hari'];Prabowo;Lainnya;Mendukung;Mendukung;Mendukung
Media tempe menjijikkan selalau goreng menggoreng....apapun kata lo...tetap g percaya..????;Media tempe menjijikkan selalau goreng menggoreng apapun kata lo tetap g percaya;media tempe menjijikkan selalau goreng menggoreng apapun kata kamu tetap tidak percaya;media tempe menjijikkan selalau goreng menggoreng apapun kata kamu tetap tidak percaya;['media', 'tempe', 'menjijikkan', 'selalau', 'goreng', 'menggoreng', 'apapun', 'kata', 'kamu', 'tetap', 'tidak', 'percaya'];Tempo;Media;Menolak;Menolak;Menolak
"TAMPAKNYA SANG JENDRAL BANGGA
DI MIMBAR DIA BERKATA .....UNTUK.....??????????";TAMPAKNYA SANG JENDRAL BANGGA DI MIMBAR DIA BERKATA UNTUK;tampaknya sang jendral bangga di mimbar dia berkata untuk;tampaknya sang jendral bangga di mimbar dia berkata untuk;['tampaknya', 'sang', 'jendral', 'bangga', 'di', 'mimbar', 'dia', 'berkata', 'untuk'];Tidak Terdeteksi;Lainnya;Mendukung;Mendukung;Menolak
Bener, kalo' maju tidak nya suatu usaha /koprasi itu tergantung pada pemimpin kepengurusan nya..;Bener kalo maju tidak nya suatu usaha koprasi itu tergantung pada pemimpin kepengurusan nya;benar kalau maju tidak nya suatu usaha koperasi itu tergantung pada pemimpin kepengurusan nya;benar kalau maju tidak nya suatu usaha koperasi itu tergantung pada pemimpin kepengurusan nya;['benar', 'kalau', 'maju', 'tidak', 'nya', 'suatu', 'usaha', 'koperasi', 'itu', 'tergantung', 'pada', 'pemimpin', 'kepengurusan', 'nya'];Tidak Terdeteksi;Pengelolaan;Mendukung;Mendukung;Mendukung
Mencela tampa mengasih solusi;Mencela tampa mengasih solusi;mencela tampa mengasih solusi;mencela tampa mengasih solusi;['mencela', 'tampa', 'mengasih', 'solusi'];Tempo;Media;Mendukung;Mendukung;Mendukung
"MBG aja di ladang korupsi.
Apa lagi ini koprasi..
Akal akalan pejabat aja ini mah buat bikin proyek..
Biar dananya bisa menguap kekantong pejabat";MBG aja di ladang korupsi Apa lagi ini koprasi Akal akalan pejabat aja ini mah buat bikin proyek Biar dananya bisa menguap kekantong pejabat;mbg saja di korupsi apa lagi ini koperasi akal akalan pejabat saja ini mah untuk membuat proyek biar dananya bisa menguap kekantong pejabat;mbg saja di korupsi apa lagi ini koperasi akal akalan pejabat saja ini mah untuk membuat proyek biar dananya bisa menguap kekantong pejabat;['mbg', 'saja', 'di', 'korupsi', 'apa', 'lagi', 'ini', 'koperasi', 'akal', 'akalan', 'pejabat', 'saja', 'ini', 'mah', 'untuk', 'membuat', 'proyek', 'biar', 'dananya', 'bisa', 'menguap', 'kekantong', 'pejabat'];Tidak Terdeteksi;Korupsi;Menolak;Menolak;Menolak
analisa baik... Tapi tetap percaya kekuatan tetap di tangan rakyat...;analisa baik Tapi tetap percaya kekuatan tetap di tangan rakyat;analisis baik tapi tetap percaya kekuatan tetap di tangan rakyat;analisis baik tapi tetap percaya kekuatan tetap di tangan rakyat;['analisis', 'baik', 'tapi', 'tetap', 'percaya', 'kekuatan', 'tetap', 'di', 'tangan', 'rakyat'];Tempo;Media;Mendukung;Mendukung;Mendukung
"Selembar uang alat- negara berputar 20- 25 kali pindah tangan sebagai alat- tukar manfaat, barang, jasa& cicilan humanis fungsi musim-?? mongso/ lintang- wuku, dhino- pasaran/ 'time- schedule', wethon- horoskop( karakter- emosi ), dan RTRWilayah cs Detail pada sistem aritmathika lakuPandai@ per bank- koperasi- pos- an dalam pembangunan Adab Komunikasi Halal Sosial Budaya Ekonomi, Hukum& Politik/ Geo-( baca: ""Negara Pancasila Jalan Kemaslahatan Berbangsa""- LP3ES, UUD '45 psl. 31- 34, ZEE- zona exclusive economy; ELSI- ethics legalcy social impact ).";Selembar uang alat negara berputar 20 25 kali pindah tangan sebagai alat tukar manfaat barang jasa cicilan humanis fungsi musim mongso lintang wuku dhino pasaran time schedule wethon horoskop karakter emosi dan RTRWilayah cs Detail pada sistem aritmathika lakuPandai per bank koperasi pos an dalam pembangunan Adab Komunikasi Halal Sosial Budaya Ekonomi Hukum Politik Geo baca Negara Pancasila Jalan Kemaslahatan Berbangsa LP3ES UUD 45 psl 31 34 ZEE zona exclusive economy ELSI ethics legalcy social impact;selembar uang alat negara berputar 20 25 kali pindah tangan sebagai alat tukar manfaat barang jasa cicilan humanis fungsi musim mongso lintang wuku dhino pasaran time schedule wethon horoskop karakter emosi dan rtrwilayah cs detail pada sistem aritmathika lakupandai per bank koperasi pos an dalam pembangunan adab komunikasi halal sosial budaya ekonomi hukum politik geo baca negara pancasila jalan kemaslahatan berbangsa lp3es uud 45 psl 31 34 zee zona exclusive economy elsi ethics legalcy social impact;selembar uang alat negara berputar 20 25 kali pindah tangan sebagai alat tukar manfaat barang jasa cicilan humanis fungsi musim mongso lintang wuku dhino pasaran time schedule wethon horoskop karakter emosi dan rtrwilayah cs detail pada sistem aritmathika lakupandai per bank koperasi pos an dalam pembangunan adab komunikasi halal sosial budaya ekonomi hukum politik geo baca negara pancasila jalan kemaslahatan berbangsa lp3es uud 45 psl 31 34 zee zona exclusive economy elsi ethics legalcy social impact;['selembar', 'uang', 'alat', 'negara', 'berputar', '20', '25', 'kali', 'pindah', 'tangan', 'sebagai', 'alat', 'tukar', 'manfaat', 'barang', 'jasa', 'cicilan', 'humanis', 'fungsi', 'musim', 'mongso', 'lintang', 'wuku', 'dhino', 'pasaran', 'time', 'schedule', 'wethon', 'horoskop', 'karakter', 'emosi', 'dan', 'rtrwilayah', 'cs', 'detail', 'pada', 'sistem', 'aritmathika', 'lakupandai', 'per', 'bank', 'koperasi', 'pos', 'an', 'dalam', 'pembangunan', 'adab', 'komunikasi', 'halal', 'sosial', 'budaya', 'ekonomi', 'hukum', 'politik', 'geo', 'baca', 'negara', 'pancasila', 'jalan', 'kemaslahatan', 'berbangsa', 'lp3es', 'uud', '45', 'psl', '31', '34', 'zee', 'zona', 'exclusive', 'economy', 'elsi', 'ethics', 'legalcy', 'social', 'impact'];Tidak Terdeteksi;Lainnya;Netral;Netral;Netral
"Biasa....cari cara baru.,. untuk mengais suara....dengan memanfaatkan uang negara.... untuk kepentingan berkuasa....dan da bisa di lihat orang orang mana aja yg ngotot buat koperasi ini... mereka ini yg berkempentingan...
Ambil uangnya.....dan jangan pilih partai itu....itu juga uang rakyat....bukan milik partai licik...";Biasa cari cara baru untuk mengais suara dengan memanfaatkan uang negara untuk kepentingan berkuasa dan da bisa di lihat orang orang mana aja yg ngotot buat koperasi ini mereka ini yg berkempentingan Ambil uangnya dan jangan pilih partai itu itu juga uang rakyat bukan milik partai licik;biasa cari cara baru untuk mengais suara dengan memanfaatkan uang negara untuk kepentingan berkuasa dan da bisa di lihat orang orang mana saja yang ngotot untuk koperasi ini mereka ini yang berkempentingan ambil uangnya dan jangan pilih partai itu itu juga dana masyarakat bukan milik partai licik;biasa cari cara baru untuk mengais suara dengan memanfaatkan uang negara untuk kepentingan berkuasa dan da bisa di lihat orang orang mana saja yang ngotot untuk koperasi ini mereka ini yang berkempentingan ambil uangnya dan jangan pilih partai itu itu juga dana masyarakat bukan milik partai licik;['biasa', 'cari', 'cara', 'baru', 'untuk', 'mengais', 'suara', 'dengan', 'memanfaatkan', 'uang', 'negara', 'untuk', 'kepentingan', 'berkuasa', 'dan', 'da', 'bisa', 'di', 'lihat', 'orang', 'orang', 'mana', 'saja', 'yang', 'ngotot', 'untuk', 'koperasi', 'ini', 'mereka', 'ini', 'yang', 'berkempentingan', 'ambil', 'uangnya', 'dan', 'jangan', 'pilih', 'partai', 'itu', 'itu', 'juga', 'dana', 'masyarakat', 'bukan', 'milik', 'partai', 'licik'];Tidak Terdeteksi;Lainnya;Menolak;Menolak;Menolak
Kami tetap monitor seluruh info dan ilmu terkait koperasi..semoga apapun itu sbg referensi sbg pengurus koperasi merah putih utk berbenah dan lebih baik;Kami tetap monitor seluruh info dan ilmu terkait koperasi semoga apapun itu sbg referensi sbg pengurus koperasi merah putih utk berbenah dan lebih baik;kami tetap monitor seluruh info dan ilmu terkait koperasi semoga apapun itu sbg referensi sbg pengurus koperasi desa merah putih untuk berbenah dan lebih baik;kami tetap monitor seluruh info dan ilmu terkait koperasi semoga apapun itu sbg referensi sbg pengurus koperasi desa merah putih untuk berbenah dan lebih baik;['kami', 'tetap', 'monitor', 'seluruh', 'info', 'dan', 'ilmu', 'terkait', 'koperasi', 'semoga', 'apapun', 'itu', 'sbg', 'referensi', 'sbg', 'pengurus', 'koperasi', 'desa', 'merah', 'putih', 'untuk', 'berbenah', 'dan', 'lebih', 'baik'];KDMP;Pengelolaan;Mendukung;Mendukung;Mendukung
Makanya jangan lagi pilih Wowo, pilih yg lain aja;Makanya jangan lagi pilih Wowo pilih yg lain aja;makanya jangan lagi pilih prabowo pilih yang lain saja;makanya jangan lagi pilih prabowo pilih yang lain saja;['makanya', 'jangan', 'lagi', 'pilih', 'prabowo', 'pilih', 'yang', 'lain', 'saja'];Prabowo;Lainnya;Menolak;Menolak;Menolak
Assalamualaikum wrwb...salam waras semua rakyat Indonesia!!!....semua org yg korupsi...makan keringat rakyat...atas nama MBG...koperasi red white...akan sgr dihukum oleh alam...detik ini..besok..atau lusa!...dari presiden sp lurah....pesimis..mbg...koperasi....hanya kedok politik???...;Assalamualaikum wrwb salam waras semua rakyat Indonesia semua org yg korupsi makan keringat rakyat atas nama MBG koperasi red white akan sgr dihukum oleh alam detik ini besok atau lusa dari presiden sp lurah pesimis mbg koperasi hanya kedok politik;assalamualaikum wrwb salam waras semua rakyat indonesia semua orang yang korupsi makan keringat rakyat atas nama mbg koperasi red white akan sgr dihukum oleh alam detik ini besok atau lusa dari presiden sp lurah pesimis mbg koperasi hanya kedok politik;assalamualaikum wrwb salam waras semua rakyat indonesia semua orang yang korupsi makan keringat rakyat atas nama mbg koperasi red white akan sgr dihukum oleh alam detik ini besok atau lusa dari presiden sp lurah pesimis mbg koperasi hanya kedok politik;['assalamualaikum', 'wrwb', 'salam', 'waras', 'semua', 'rakyat', 'indonesia', 'semua', 'orang', 'yang', 'korupsi', 'makan', 'keringat', 'rakyat', 'atas', 'nama', 'mbg', 'koperasi', 'red', 'white', 'akan', 'sgr', 'dihukum', 'oleh', 'alam', 'detik', 'ini', 'besok', 'atau', 'lusa', 'dari', 'presiden', 'sp', 'lurah', 'pesimis', 'mbg', 'koperasi', 'hanya', 'kedok', 'politik'];Prabowo;Korupsi;Menolak;Menolak;Menolak
Memang ini syarat kepentingan politik, apapun program nya jika dijalankan dgn maksimal pasti kembali nya untuk rakyat, begitu jg BUMDES ataupun koperasi, kamu benar bang tempo;Memang ini syarat kepentingan politik apapun program nya jika dijalankan dgn maksimal pasti kembali nya untuk rakyat begitu jg BUMDES ataupun koperasi kamu benar bang tempo;memang ini syarat kepentingan politik apapun program nya jika dijalankan dengan maksimal pasti kembali nya untuk rakyat begitu juga badan usaha milik desa ataupun koperasi kamu benar bang tempo;memang ini syarat kepentingan politik apapun program nya jika dijalankan dengan maksimal pasti kembali nya untuk rakyat begitu juga badan usaha milik desa ataupun koperasi kamu benar tempo;['memang', 'ini', 'syarat', 'kepentingan', 'politik', 'apapun', 'program', 'nya', 'jika', 'dijalankan', 'dengan', 'maksimal', 'pasti', 'kembali', 'nya', 'untuk', 'rakyat', 'begitu', 'juga', 'badan', 'usaha', 'milik', 'desa', 'ataupun', 'koperasi', 'kamu', 'benar', 'tempo'];Tempo;Kebijakan, Media;Diskusi;Diskusi;Menolak
Koperasi desa insyaallah akan berhasil di bidang korupsi Bancakan ??;Koperasi desa insyaallah akan berhasil di bidang korupsi Bancakan;koperasi desa insyaallah akan berhasil di bidang korupsi bancakan;koperasi desa insyaallah akan berhasil di bidang korupsi bancakan;['koperasi', 'desa', 'insyaallah', 'akan', 'berhasil', 'di', 'bidang', 'korupsi', 'bancakan'];KDMP;Korupsi;Menolak;Menolak;Menolak
koperasi merah putih banyak membantu rakyat kecil di desa desa;koperasi merah putih banyak membantu rakyat kecil di desa desa;koperasi desa merah putih banyak membantu rakyat kecil di desa desa;koperasi desa merah putih banyak membantu rakyat kecil di desa desa;['koperasi', 'desa', 'merah', 'putih', 'banyak', 'membantu', 'rakyat', 'kecil', 'di', 'desa', 'desa'];KDMP;Lainnya;Mendukung;Mendukung;Mendukung
"Koperasi desa sedot uang 400T... Banyak idea gak punya uang meminta bantuan dari himbara...Koperasi dari dulu juga hancur..
modal dikorupsi pengurusnya...iya..uang himbara bakal lenyap..kapan2 kembali..
.Kok kita cepat lupa kejadian2 berapa tahun yl..Memory gak pernah disimpan di museum
.hilang memory percuma....


..";Koperasi desa sedot uang 400T Banyak idea gak punya uang meminta bantuan dari himbara Koperasi dari dulu juga hancur modal dikorupsi pengurusnya iya uang himbara bakal lenyap kapan2 kembali Kok kita cepat lupa kejadian2 berapa tahun yl Memory gak pernah disimpan di museum hilang memory percuma;koperasi desa sedot uang 400t banyak idea tidak punya uang meminta bantuan dari himbara koperasi dari dulu juga hancur modal dikorupsi pengurusnya iya uang himbara bakal lenyap kapan2 kembali kita cepat lupa kejadian2 berapa tahun yl memory tidak pernah disimpan di museum hilang memory percuma;koperasi desa sedot uang 400t banyak idea tidak punya uang meminta bantuan dari himbara koperasi dari dulu juga hancur modal dikorupsi pengurusnya iya uang himbara bakal lenyap kapan2 kembali kita cepat lupa kejadian2 berapa tahun yl memory tidak pernah disimpan di museum hilang memory percuma;['koperasi', 'desa', 'sedot', 'uang', '400t', 'banyak', 'idea', 'tidak', 'punya', 'uang', 'meminta', 'bantuan', 'dari', 'himbara', 'koperasi', 'dari', 'dulu', 'juga', 'hancur', 'modal', 'dikorupsi', 'pengurusnya', 'iya', 'uang', 'himbara', 'bakal', 'lenyap', 'kapan2', 'kembali', 'kita', 'cepat', 'lupa', 'kejadian2', 'berapa', 'tahun', 'yl', 'memory', 'tidak', 'pernah', 'disimpan', 'di', 'museum', 'hilang', 'memory', 'percuma'];KDMP;Korupsi, Pengelolaan;Diskusi;Diskusi;Menolak
Berarti bukan di wilayah kami saja TNI bikin proyek kopdes,,,, perlahan kita perhatikan memang rezim sekarang ini mau menuju ke orde baru,,,, kemarin dia suruh bikin laporan kalau ada orang atau warga yang menghina menu MBG,,,,;Berarti bukan di wilayah kami saja TNI bikin proyek kopdes perlahan kita perhatikan memang rezim sekarang ini mau menuju ke orde baru kemarin dia suruh bikin laporan kalau ada orang atau warga yang menghina menu MBG;berarti bukan di wilayah kami saja tni membuat proyek koperasi desa perlahan kita perhatikan memang pemerintah sekarang ini mau menuju ke orde baru kemarin dia suruh membuat laporan kalau ada orang atau warga yang menghina menu mbg;berarti bukan di wilayah kami saja tni membuat proyek koperasi desa perlahan kita perhatikan memang pemerintah sekarang ini mau menuju ke orde baru kemarin dia suruh membuat laporan kalau ada orang atau warga yang menghina menu mbg;['berarti', 'bukan', 'di', 'wilayah', 'kami', 'saja', 'tni', 'membuat', 'proyek', 'koperasi', 'desa', 'perlahan', 'kita', 'perhatikan', 'memang', 'pemerintah', 'sekarang', 'ini', 'mau', 'menuju', 'ke', 'orde', 'baru', 'kemarin', 'dia', 'suruh', 'membuat', 'laporan', 'kalau', 'ada', 'orang', 'atau', 'warga', 'yang', 'menghina', 'menu', 'mbg'];TNI, KDMP;Militerisasi, Kebijakan;Menolak;Menolak;Menolak
"Jadi apa jawaban dari pertanyaan ""apa pentingnya program koperasi merah putih ini padahal desa cenderung stagnan dan banyak koperasi yang sudah fraud?'";Jadi apa jawaban dari pertanyaan apa pentingnya program koperasi merah putih ini padahal desa cenderung stagnan dan banyak koperasi yang sudah fraud;jadi apa jawaban dari pertanyaan apa pentingnya program koperasi desa merah putih ini padahal desa cenderung stagnan dan banyak koperasi yang sudah fraud;jadi apa jawaban dari pertanyaan apa pentingnya program koperasi desa merah putih ini padahal desa cenderung stagnan dan banyak koperasi yang sudah fraud;['jadi', 'apa', 'jawaban', 'dari', 'pertanyaan', 'apa', 'pentingnya', 'program', 'koperasi', 'desa', 'merah', 'putih', 'ini', 'padahal', 'desa', 'cenderung', 'stagnan', 'dan', 'banyak', 'koperasi', 'yang', 'sudah', 'fraud'];KDMP;Kebijakan;Netral;Netral;Menolak
Ibaraynya loe punya uang, loe  bisa buat beberapa unit bisnis, lah ini APBN aja defisit maksa dengan ide aneh2,,??????;Ibaraynya loe punya uang loe bisa buat beberapa unit bisnis lah ini APBN aja defisit maksa dengan ide aneh2;ibaraynya kamu punya uang kamu bisa untuk beberapa unit bisnis ini anggaran pendapatan dan belanja negara saja defisit maksa dengan ide aneh2;ibaraynya kamu punya uang kamu bisa untuk beberapa unit bisnis ini anggaran pendapatan dan belanja negara saja defisit maksa dengan ide aneh2;['ibaraynya', 'kamu', 'punya', 'uang', 'kamu', 'bisa', 'untuk', 'beberapa', 'unit', 'bisnis', 'ini', 'anggaran', 'pendapatan', 'dan', 'belanja', 'negara', 'saja', 'defisit', 'maksa', 'dengan', 'ide', 'aneh2'];Tidak Terdeteksi;Lainnya;Menolak;Menolak;Menolak
Rasanya muak lihat pemerintahan..dri mulai desa..??;Rasanya muak lihat pemerintahan dri mulai desa;rasanya muak lihat pemerintahan dari mulai desa;rasanya muak lihat pemerintahan dari mulai desa;['rasanya', 'muak', 'lihat', 'pemerintahan', 'dari', 'mulai', 'desa'];Tidak Terdeteksi;Kebijakan;Menolak;Menolak;Menolak
Ngapain melibatkan kepala2 desa tukang korupsi  dana desa itu??? ??;Ngapain melibatkan kepala2 desa tukang korupsi dana desa itu;ngapain melibatkan kepala2 desa tukang korupsi dana desa itu;ngapain melibatkan kepala2 desa tukang korupsi dana desa itu;['ngapain', 'melibatkan', 'kepala2', 'desa', 'tukang', 'korupsi', 'dana', 'desa', 'itu'];Tidak Terdeteksi;Korupsi, Dana Desa;Menolak;Menolak;Menolak
"Pem.militeristik ala prabowk. 
Puyeng liat nya";Pem militeristik ala prabowk Puyeng liat nya;pem militeristik ala prabowk puyeng liat nya;pem militeristik ala prabowk puyeng liat nya;['pem', 'militeristik', 'ala', 'prabowk', 'puyeng', 'liat', 'nya'];TNI;Militerisasi;Netral;Netral;Menolak
Buatan jepang yg bagus;Buatan jepang yg bagus;buatan jepang yang bagus;buatan jepang yang bagus;['buatan', 'jepang', 'yang', 'bagus'];Tidak Terdeteksi;Lainnya;Mendukung;Mendukung;Out_of_Topic
Ya jangan ngomong seluruh Indonesia lah.. Ini sama saja nipu masyarakat lagi.. Karna kalau aku cek di wilayah Randublatung blora jawa Tengah, kantor koprasi merah putih itu juga nggak ada... Tambah yg mati matian berjuang memberi pinjaman masyarakat itu tambah bank pencit/ bank titil ,bank suwasta.. ? Bank yg berbau pemerintah, seperti BRI, mandiri, BNI.. Di Randublatung juga cuma buat pajangan saja.. Masyarakat mengajukan pinjaman kalau tak punya jabatan dan tak punya sertifikat tanah juga di tolak mentah mentah... Lebih baik ngomong apa adanya dari pada bohongin masyarakat..;Ya jangan ngomong seluruh Indonesia lah Ini sama saja nipu masyarakat lagi Karna kalau aku cek di wilayah Randublatung blora jawa Tengah kantor koprasi merah putih itu juga nggak ada Tambah yg mati matian berjuang memberi pinjaman masyarakat itu tambah bank pencit bank titil bank suwasta Bank yg berbau pemerintah seperti BRI mandiri BNI Di Randublatung juga cuma buat pajangan saja Masyarakat mengajukan pinjaman kalau tak punya jabatan dan tak punya sertifikat tanah juga di tolak mentah mentah Lebih baik ngomong apa adanya dari pada bohongin masyarakat;ya jangan ngomong seluruh indonesia ini sama saja nipu masyarakat lagi karna kalau saya cek di wilayah randublatung blora jawa tengah kantor koperasi merah putih itu juga tidak ada tambah yang mati matian berjuang memberi pinjaman masyarakat itu tambah bank pencit bank titil bank suwasta bank yang berbau pemerintah seperti bri mandiri bni di randublatung juga hanya untuk pajangan saja masyarakat mengajukan pinjaman kalau tidak punya jabatan dan tidak punya sertifikat tanah juga di tolak mentah mentah lebih baik ngomong apa adanya dari pada bohongin masyarakat;jangan ngomong seluruh indonesia ini sama saja nipu masyarakat lagi karna kalau saya cek di wilayah randublatung blora jawa tengah kantor koperasi merah putih itu juga tidak ada tambah yang mati matian berjuang memberi pinjaman masyarakat itu tambah bank pencit bank titil bank suwasta bank yang berbau pemerintah seperti bri mandiri bni di randublatung juga hanya untuk pajangan saja masyarakat mengajukan pinjaman kalau tidak punya jabatan dan tidak punya sertifikat tanah juga di tolak mentah mentah lebih baik ngomong apa adanya dari pada bohongin masyarakat;['jangan', 'ngomong', 'seluruh', 'indonesia', 'ini', 'sama', 'saja', 'nipu', 'masyarakat', 'lagi', 'karna', 'kalau', 'saya', 'cek', 'di', 'wilayah', 'randublatung', 'blora', 'jawa', 'tengah', 'kantor', 'koperasi', 'merah', 'putih', 'itu', 'juga', 'tidak', 'ada', 'tambah', 'yang', 'mati', 'matian', 'berjuang', 'memberi', 'pinjaman', 'masyarakat', 'itu', 'tambah', 'bank', 'pencit', 'bank', 'titil', 'bank', 'suwasta', 'bank', 'yang', 'berbau', 'pemerintah', 'seperti', 'bri', 'mandiri', 'bni', 'di', 'randublatung', 'juga', 'hanya', 'untuk', 'pajangan', 'saja', 'masyarakat', 'mengajukan', 'pinjaman', 'kalau', 'tidak', 'punya', 'jabatan', 'dan', 'tidak', 'punya', 'sertifikat', 'tanah', 'juga', 'di', 'tolak', 'mentah', 'mentah', 'lebih', 'baik', 'ngomong', 'apa', 'adanya', 'dari', 'pada', 'bohongin', 'masyarakat'];Tidak Terdeteksi;Kebijakan;Menolak;Menolak;Menolak
Jika pinjam uang di Kopersai Desa pakai jaminan atau tidak........?;Jika pinjam uang di Kopersai Desa pakai jaminan atau tidak;jika pinjam uang di kopersai desa pakai jaminan atau tidak;jika pinjam uang di kopersai desa pakai jaminan atau tidak;['jika', 'pinjam', 'uang', 'di', 'kopersai', 'desa', 'pakai', 'jaminan', 'atau', 'tidak'];Tidak Terdeteksi;Lainnya;Diskusi;Diskusi;Diskusi
D perusahaan saya jg ada unit Mahindra...terus terang dr segi kualitas jujur Mahindra kalah dgn unit2 lokal kita...dan sparepart susah...itu aja.. walaupun harga murah tp KLO kualitas rendah buat apa...sama aja bohong;D perusahaan saya jg ada unit Mahindra terus terang dr segi kualitas jujur Mahindra kalah dgn unit2 lokal kita dan sparepart susah itu aja walaupun harga murah tp KLO kualitas rendah buat apa sama aja bohong;d perusahaan saya juga ada unit mahindra terus terang dari segi kualitas jujur mahindra kalah dengan unit2 lokal kita dan sparepart susah itu saja walaupun harga murah tapi kalau kualitas rendah untuk apa sama saja bohong;perusahaan saya juga ada unit mahindra terus terang dari segi kualitas jujur mahindra kalah dengan unit2 lokal kita dan sparepart susah itu saja walaupun harga murah tapi kalau kualitas rendah untuk apa sama saja bohong;['perusahaan', 'saya', 'juga', 'ada', 'unit', 'mahindra', 'terus', 'terang', 'dari', 'segi', 'kualitas', 'jujur', 'mahindra', 'kalah', 'dengan', 'unit2', 'lokal', 'kita', 'dan', 'sparepart', 'susah', 'itu', 'saja', 'walaupun', 'harga', 'murah', 'tapi', 'kalau', 'kualitas', 'rendah', 'untuk', 'apa', 'sama', 'saja', 'bohong'];Tidak Terdeteksi;Lainnya;Diskusi;Diskusi;Menolak
MBG, dan kopdes  merah putih itu program pemerintah yang mubazir yang cuma menghamburkan uang . Program yang gagal;MBG dan kopdes merah putih itu program pemerintah yang mubazir yang cuma menghamburkan uang Program yang gagal;mbg dan koperasi desa merah putih itu program pemerintah yang mubazir yang hanya menghamburkan uang program yang gagal;mbg dan koperasi desa merah putih itu program pemerintah yang mubazir yang hanya menghamburkan uang program yang gagal;['mbg', 'dan', 'koperasi', 'desa', 'merah', 'putih', 'itu', 'program', 'pemerintah', 'yang', 'mubazir', 'yang', 'hanya', 'menghamburkan', 'uang', 'program', 'yang', 'gagal'];KDMP;Kebijakan;Menolak;Menolak;Menolak
Koperasi mp jangan sampai mematikan usaha rakyat kecil juga seperti warung kebutuhan sehari hari milik warga;Koperasi mp jangan sampai mematikan usaha rakyat kecil juga seperti warung kebutuhan sehari hari milik warga;koperasi mp jangan sampai mematikan usaha rakyat kecil juga seperti warung kebutuhan sehari hari milik warga;koperasi mp jangan sampai mematikan usaha rakyat kecil juga seperti warung kebutuhan sehari hari milik warga;['koperasi', 'mp', 'jangan', 'sampai', 'mematikan', 'usaha', 'rakyat', 'kecil', 'juga', 'seperti', 'warung', 'kebutuhan', 'sehari', 'hari', 'milik', 'warga'];Tidak Terdeteksi;Lainnya;Menolak;Menolak;Diskusi
"Sdh diduga bhw gebrakan purbaya soal duit yg ngendap di BI 400T itu ternyata ditujukan utk mendanai program pmrntah kopdes MP yg disinyalir kental dg unsur kpntingan politik

Cuma dg narasi seolah utk mnggerakkan ekonomi dg membanjiri bank² himbara dg 200T utk kperluan itu
Hal ini sdh diprediksi oleh para ahli krn bank² himbara sndiri saat ini lg surplus dana krn kredit tersendat akibat krisis & ekonomi yg melambat
Jd penggelontoran dana dr BI itu dipertanyakan utk kperluan apa?
Ternyata diduga utk jalan berliku mendanai kopdes MP, SPPG MBG dll";Sdh diduga bhw gebrakan purbaya soal duit yg ngendap di BI 400T itu ternyata ditujukan utk mendanai program pmrntah kopdes MP yg disinyalir kental dg unsur kpntingan politik Cuma dg narasi seolah utk mnggerakkan ekonomi dg membanjiri bank2 himbara dg 200T utk kperluan itu Hal ini sdh diprediksi oleh para ahli krn bank2 himbara sndiri saat ini lg surplus dana krn kredit tersendat akibat krisis ekonomi yg melambat Jd penggelontoran dana dr BI itu dipertanyakan utk kperluan apa Ternyata diduga utk jalan berliku mendanai kopdes MP SPPG MBG dll;sudah diduga bhw gebrakan purbaya soal uang yang ngendap di bi 400t itu ternyata ditujukan untuk mendanai program pmrntah koperasi desa mp yang disinyalir kental dengan unsur kpntingan politik hanya dengan narasi seolah untuk mnggerakkan ekonomi dengan membanjiri bank2 himbara dengan 200t untuk kperluan itu hal ini sudah diprediksi oleh para ahli karena bank2 himbara sndiri saat ini lg surplus dana karena kredit tersendat akibat krisis ekonomi yang melambat jadi penggelontoran dana dari bi itu dipertanyakan untuk kperluan apa ternyata diduga untuk jalan berliku mendanai koperasi desa mp sppg mbg dan lain-lain;sudah diduga bhw gebrakan purbaya soal uang yang ngendap di bi 400t itu ternyata ditujukan untuk mendanai program pmrntah koperasi desa mp yang disinyalir kental dengan unsur kpntingan politik hanya dengan narasi seolah untuk mnggerakkan ekonomi dengan membanjiri bank2 himbara dengan 200t untuk kperluan itu hal ini sudah diprediksi oleh para ahli karena bank2 himbara sndiri saat ini lg surplus dana karena kredit tersendat akibat krisis ekonomi yang melambat jadi penggelontoran dana dari bi itu dipertanyakan untuk kperluan apa ternyata diduga untuk jalan berliku mendanai koperasi desa mp sppg mbg dan lain-lain;['sudah', 'diduga', 'bhw', 'gebrakan', 'purbaya', 'soal', 'uang', 'yang', 'ngendap', 'di', 'bi', '400t', 'itu', 'ternyata', 'ditujukan', 'untuk', 'mendanai', 'program', 'pmrntah', 'koperasi', 'desa', 'mp', 'yang', 'disinyalir', 'kental', 'dengan', 'unsur', 'kpntingan', 'politik', 'hanya', 'dengan', 'narasi', 'seolah', 'untuk', 'mnggerakkan', 'ekonomi', 'dengan', 'membanjiri', 'bank2', 'himbara', 'dengan', '200t', 'untuk', 'kperluan', 'itu', 'hal', 'ini', 'sudah', 'diprediksi', 'oleh', 'para', 'ahli', 'karena', 'bank2', 'himbara', 'sndiri', 'saat', 'ini', 'lg', 'surplus', 'dana', 'karena', 'kredit', 'tersendat', 'akibat', 'krisis', 'ekonomi', 'yang', 'melambat', 'jadi', 'penggelontoran', 'dana', 'dari', 'bi', 'itu', 'dipertanyakan', 'untuk', 'kperluan', 'apa', 'ternyata', 'diduga', 'untuk', 'jalan', 'berliku', 'mendanai', 'koperasi', 'desa', 'mp', 'sppg', 'mbg', 'dan', 'lain-lain'];KDMP;Kebijakan;Diskusi;Diskusi;Diskusi
Yg waras jangan ikut ngelamar;Yg waras jangan ikut ngelamar;yang waras jangan ikut ngelamar;yang waras jangan ikut ngelamar;['yang', 'waras', 'jangan', 'ikut', 'ngelamar'];Tidak Terdeteksi;Lainnya;Menolak;Menolak;Menolak
Berarti Pemerintahan yang akan kembali ke orde baru dengan lebih otoriter.... sangat berbahaya bagi Rakyat Indonesia;Berarti Pemerintahan yang akan kembali ke orde baru dengan lebih otoriter sangat berbahaya bagi Rakyat Indonesia;berarti pemerintahan yang akan kembali ke orde baru dengan lebih otoriter sangat berbahaya bagi rakyat indonesia;berarti pemerintahan yang akan kembali ke orde baru dengan lebih otoriter sangat berbahaya bagi rakyat indonesia;['berarti', 'pemerintahan', 'yang', 'akan', 'kembali', 'ke', 'orde', 'baru', 'dengan', 'lebih', 'otoriter', 'sangat', 'berbahaya', 'bagi', 'rakyat', 'indonesia'];Tidak Terdeteksi;Militerisasi, Kebijakan;Menolak;Menolak;Menolak
Justru koperasi merah putih ini yang saya tunggu ketika dulu saya mempelajari pemikiran pak hatta founding father koperasi Indonesia;Justru koperasi merah putih ini yang saya tunggu ketika dulu saya mempelajari pemikiran pak hatta founding father koperasi Indonesia;justru koperasi desa merah putih ini yang saya tunggu ketika dulu saya mempelajari pemikiran pak hatta founding father koperasi indonesia;justru koperasi desa merah putih ini yang saya tunggu ketika dulu saya mempelajari pemikiran pak hatta founding father koperasi indonesia;['justru', 'koperasi', 'desa', 'merah', 'putih', 'ini', 'yang', 'saya', 'tunggu', 'ketika', 'dulu', 'saya', 'mempelajari', 'pemikiran', 'pak', 'hatta', 'founding', 'father', 'koperasi', 'indonesia'];KDMP;Lainnya;Diskusi;Diskusi;Mendukung
tes CAT-nya KDMP kok gak dibahas?;tes CAT nya KDMP kok gak dibahas;tes cat nya koperasi desa merah putih tidak dibahas;tes cat nya koperasi desa merah putih tidak dibahas;['tes', 'cat', 'nya', 'koperasi', 'desa', 'merah', 'putih', 'tidak', 'dibahas'];KDMP;Lainnya;Netral;Netral;Netral
NEGRI BANCAKAN SUKA SUKA GUAH. AJI MUMPUNG LAGI BERKUASA YO EXPLOITE SAMPE TETES DUIT PENGHABISAN. LALU SEBAR AMPLOP DAN INTIMIDASI UNTUK PEMILU BERIKUT;NEGRI BANCAKAN SUKA SUKA GUAH AJI MUMPUNG LAGI BERKUASA YO EXPLOITE SAMPE TETES DUIT PENGHABISAN LALU SEBAR AMPLOP DAN INTIMIDASI UNTUK PEMILU BERIKUT;negeri bancakan suka suka guah aji mumpung lagi berkuasa yo exploite sampe tetes uang penghabisan lalu sebar amplop dan intimidasi untuk pemilu berikut;negeri bancakan suka suka guah aji mumpung lagi berkuasa yo exploite sampe tetes uang penghabisan lalu sebar amplop dan intimidasi untuk pemilu berikut;['negeri', 'bancakan', 'suka', 'suka', 'guah', 'aji', 'mumpung', 'lagi', 'berkuasa', 'yo', 'exploite', 'sampe', 'tetes', 'uang', 'penghabisan', 'lalu', 'sebar', 'amplop', 'dan', 'intimidasi', 'untuk', 'pemilu', 'berikut'];Tidak Terdeteksi;Korupsi;Menolak;Menolak;Menolak
Ide kami masyarakat kecil,bahwa kami apresiasi pembentukan kopdes merah putih di setiap desa di seluruh Indonesia, namun ada beberapa isi hati kami merasakan yg tlh terjadi dari tahun ketahun penggunaan dana desa hingga kami merasa kembali digulirkan dana desa buat kopdes dari dana desa yg begitu luar biasa, pertama bahwa tdk semua desa ketahanan pangannya  memadai khususnya di desa kami ini contohnya GK punya sawah ladang pertanian yg terkoordinir hanya menyadap karet,pinang jadi gimana itu?terus pemilihan pengurus dilibatkan masyarakat desa atau tidak,terus harga pangan di kopdes lebih murah dari warung pengecer lokal?,terus satgas independen atau tidak?soalnya bisa bisa saja kades dan kecamatan ambisi buat kopdes sementara dgn maksud dapat dana di luncurkan,sehingga jadi bulan-bulanan segelintir org yg menikmati dana tsb, dan diakal akalin pembuatan pertanggung jawaban serta kongkanglingkong dgn satgas sehingga masyarakat hanya menonton sebagai topeng demi kepentingan segelintir oknum, mohon ditinjau di setiap desa layak buat kopdes atau tidak, apalagi desa terpencil contoh Pulau Nias, maaf ide kami ini berkesalahan mengutarakan ini, terima kasih ??;Ide kami masyarakat kecil bahwa kami apresiasi pembentukan kopdes merah putih di setiap desa di seluruh Indonesia namun ada beberapa isi hati kami merasakan yg tlh terjadi dari tahun ketahun penggunaan dana desa hingga kami merasa kembali digulirkan dana desa buat kopdes dari dana desa yg begitu luar biasa pertama bahwa tdk semua desa ketahanan pangannya memadai khususnya di desa kami ini contohnya GK punya sawah ladang pertanian yg terkoordinir hanya menyadap karet pinang jadi gimana itu terus pemilihan pengurus dilibatkan masyarakat desa atau tidak terus harga pangan di kopdes lebih murah dari warung pengecer lokal terus satgas independen atau tidak soalnya bisa bisa saja kades dan kecamatan ambisi buat kopdes sementara dgn maksud dapat dana di luncurkan sehingga jadi bulan bulanan segelintir org yg menikmati dana tsb dan diakal akalin pembuatan pertanggung jawaban serta kongkanglingkong dgn satgas sehingga masyarakat hanya menonton sebagai topeng demi kepentingan segelintir oknum mohon ditinjau di setiap desa layak buat kopdes atau tidak apalagi desa terpencil contoh Pulau Nias maaf ide kami ini berkesalahan mengutarakan ini terima kasih;ide kami masyarakat kecil bahwa kami apresiasi pembentukan koperasi desa merah putih di setiap desa di seluruh indonesia namun ada beberapa isi hati kami merasakan yang tlh terjadi dari tahun ketahun penggunaan dana desa hingga kami merasa kembali digulirkan dana desa untuk koperasi desa dari dana desa yang begitu luar biasa pertama bahwa tidak semua desa ketahanan pangannya memadai khususnya di desa kami ini contohnya tidak punya sawah ladang pertanian yang terkoordinir hanya menyadap karet pinang jadi bagaimana itu terus pemilihan pengurus dilibatkan masyarakat desa atau tidak terus harga pangan di koperasi desa lebih murah dari warung pengecer lokal terus satgas independen atau tidak soalnya bisa bisa saja kepala desa dan kecamatan ambisi untuk koperasi desa sementara dengan maksud dapat dana di luncurkan sehingga jadi bulan bulanan segelintir orang yang menikmati dana tsb dan diakal akalin pembuatan pertanggung jawaban serta kongkanglingkong dengan satgas sehingga masyarakat hanya menonton sebagai topeng demi kepentingan segelintir oknum mohon ditinjau di setiap desa layak untuk koperasi desa atau tidak apalagi desa terpencil contoh pulau nias maaf ide kami ini berkesalahan mengutarakan ini terima kasih;ide kami masyarakat kecil bahwa kami apresiasi pembentukan koperasi desa merah putih di setiap desa di seluruh indonesia namun ada beberapa isi hati kami merasakan yang tlh terjadi dari tahun ketahun penggunaan dana desa hingga kami merasa kembali digulirkan dana desa untuk koperasi desa dari dana desa yang begitu luar biasa pertama bahwa tidak semua desa ketahanan pangannya memadai khususnya di desa kami ini contohnya tidak punya sawah ladang pertanian yang terkoordinir hanya menyadap karet pinang jadi bagaimana itu terus pemilihan pengurus dilibatkan masyarakat desa atau tidak terus harga pangan di koperasi desa lebih murah dari warung pengecer lokal terus satgas independen atau tidak soalnya bisa bisa saja kepala desa dan kecamatan ambisi untuk koperasi desa sementara dengan maksud dapat dana di luncurkan sehingga jadi bulan bulanan segelintir orang yang menikmati dana tsb dan diakal akalin pembuatan pertanggung jawaban serta kongkanglingkong dengan satgas sehingga masyarakat hanya menonton sebagai topeng demi kepentingan segelintir oknum mohon ditinjau di setiap desa layak untuk koperasi desa atau tidak apalagi desa terpencil contoh pulau nias maaf ide kami ini berkesalahan mengutarakan ini terima kasih;['ide', 'kami', 'masyarakat', 'kecil', 'bahwa', 'kami', 'apresiasi', 'pembentukan', 'koperasi', 'desa', 'merah', 'putih', 'di', 'setiap', 'desa', 'di', 'seluruh', 'indonesia', 'namun', 'ada', 'beberapa', 'isi', 'hati', 'kami', 'merasakan', 'yang', 'tlh', 'terjadi', 'dari', 'tahun', 'ketahun', 'penggunaan', 'dana', 'desa', 'hingga', 'kami', 'merasa', 'kembali', 'digulirkan', 'dana', 'desa', 'untuk', 'koperasi', 'desa', 'dari', 'dana', 'desa', 'yang', 'begitu', 'luar', 'biasa', 'pertama', 'bahwa', 'tidak', 'semua', 'desa', 'ketahanan', 'pangannya', 'memadai', 'khususnya', 'di', 'desa', 'kami', 'ini', 'contohnya', 'tidak', 'punya', 'sawah', 'ladang', 'pertanian', 'yang', 'terkoordinir', 'hanya', 'menyadap', 'karet', 'pinang', 'jadi', 'bagaimana', 'itu', 'terus', 'pemilihan', 'pengurus', 'dilibatkan', 'masyarakat', 'desa', 'atau', 'tidak', 'terus', 'harga', 'pangan', 'di', 'koperasi', 'desa', 'lebih', 'murah', 'dari', 'warung', 'pengecer', 'lokal', 'terus', 'satgas', 'independen', 'atau', 'tidak', 'soalnya', 'bisa', 'bisa', 'saja', 'kepala', 'desa', 'dan', 'kecamatan', 'ambisi', 'untuk', 'koperasi', 'desa', 'sementara', 'dengan', 'maksud', 'dapat', 'dana', 'di', 'luncurkan', 'sehingga', 'jadi', 'bulan', 'bulanan', 'segelintir', 'orang', 'yang', 'menikmati', 'dana', 'tsb', 'dan', 'diakal', 'akalin', 'pembuatan', 'pertanggung', 'jawaban', 'serta', 'kongkanglingkong', 'dengan', 'satgas', 'sehingga', 'masyarakat', 'hanya', 'menonton', 'sebagai', 'topeng', 'demi', 'kepentingan', 'segelintir', 'oknum', 'mohon', 'ditinjau', 'di', 'setiap', 'desa', 'layak', 'untuk', 'koperasi', 'desa', 'atau', 'tidak', 'apalagi', 'desa', 'terpencil', 'contoh', 'pulau', 'nias', 'maaf', 'ide', 'kami', 'ini', 'berkesalahan', 'mengutarakan', 'ini', 'terima', 'kasih'];Kades, KDMP;Dana Desa, Pengelolaan;Out_of_Topic;Out_of_Topic;Diskusi
Betul tetap kepala desa mengeluh karena dana desa di potong, bukan di tambah;Betul tetap kepala desa mengeluh karena dana desa di potong bukan di tambah;betul tetap kepala desa mengeluh karena dana desa di potong bukan di tambah;betul tetap kepala desa mengeluh karena dana desa di potong bukan di tambah;['betul', 'tetap', 'kepala', 'desa', 'mengeluh', 'karena', 'dana', 'desa', 'di', 'potong', 'bukan', 'di', 'tambah'];Kades;Dana Desa;Diskusi;Diskusi;Menolak
Kopdes itu progam gagal seperti mbg  , semua itu hanya proyek .;Kopdes itu progam gagal seperti mbg semua itu hanya proyek;koperasi desa itu progam gagal seperti mbg semua itu hanya proyek;koperasi desa itu progam gagal seperti mbg semua itu hanya proyek;['koperasi', 'desa', 'itu', 'progam', 'gagal', 'seperti', 'mbg', 'semua', 'itu', 'hanya', 'proyek'];KDMP;Lainnya;Menolak;Menolak;Menolak
Belum kuat undang undang korupsinya malah sudah bagi bagi duit ,,,??????;Belum kuat undang undang korupsinya malah sudah bagi bagi duit;belum kuat undang undang korupsinya malah sudah bagi bagi uang;belum kuat undang undang korupsinya malah sudah bagi bagi uang;['belum', 'kuat', 'undang', 'undang', 'korupsinya', 'malah', 'sudah', 'bagi', 'bagi', 'uang'];Tidak Terdeteksi;Korupsi;Menolak;Menolak;Menolak
Asli ngakak nonton video ini, terus lanjut ketawa sendiri menang di PawPaw4D!;Asli ngakak nonton video ini terus lanjut ketawa sendiri menang di PawPaw4D;asli ngakak nonton video ini terus lanjut ketawa sendiri menang di pawpaw4d;asli ngakak nonton video ini terus lanjut ketawa sendiri menang di pawpaw4d;['asli', 'ngakak', 'nonton', 'video', 'ini', 'terus', 'lanjut', 'ketawa', 'sendiri', 'menang', 'di', 'pawpaw4d'];Tidak Terdeteksi;Lainnya;Netral;Netral;Netral
Narasi bohong, emangnya kades banyak yg kena ott;Narasi bohong emangnya kades banyak yg kena ott;narasi bohong emangnya kepala desa banyak yang kena ott;narasi bohong emangnya kepala desa banyak yang kena ott;['narasi', 'bohong', 'emangnya', 'kepala', 'desa', 'banyak', 'yang', 'kena', 'ott'];Kades;Lainnya;Menolak;Menolak;Menolak
Filosofi koperasi: dari anggota untuk anggota. Koperasi top down,  I am sure it Will fail. Kita tonton aja lima tahun ini. Sudah terdengar di NTB. Aparat pemerintah suruh tutup indomaret n alfamaret?? Nahh..gimana?;Filosofi koperasi dari anggota untuk anggota Koperasi top down I am sure it Will fail Kita tonton aja lima tahun ini Sudah terdengar di NTB Aparat pemerintah suruh tutup indomaret n alfamaret Nahh gimana;filosofi koperasi dari anggota untuk anggota koperasi top down i am sure it will fail kita tonton saja lima tahun ini sudah terdengar di ntb aparat pemerintah suruh tutup indomaret n alfamaret nahh bagaimana;filosofi koperasi dari anggota untuk anggota koperasi top down am sure it will fail kita tonton saja lima tahun ini sudah terdengar di ntb aparat pemerintah suruh tutup indomaret alfamaret nahh bagaimana;['filosofi', 'koperasi', 'dari', 'anggota', 'untuk', 'anggota', 'koperasi', 'top', 'down', 'am', 'sure', 'it', 'will', 'fail', 'kita', 'tonton', 'saja', 'lima', 'tahun', 'ini', 'sudah', 'terdengar', 'di', 'ntb', 'aparat', 'pemerintah', 'suruh', 'tutup', 'indomaret', 'alfamaret', 'nahh', 'bagaimana'];Tidak Terdeteksi;Pengelolaan, Kebijakan;Netral;Netral;Menolak
Dengan adanya koperasi merah putih di tiap desa, terus bagaimana dengan nasib kopwan yang di kelola ibu ibu di tiap desa se Jatim jangan sampai tumpang tindih;Dengan adanya koperasi merah putih di tiap desa terus bagaimana dengan nasib kopwan yang di kelola ibu ibu di tiap desa se Jatim jangan sampai tumpang tindih;dengan adanya koperasi desa merah putih di tiap desa terus bagaimana dengan nasib kopwan yang di kelola ibu ibu di tiap desa se jatim jangan sampai tumpang tindih;dengan adanya koperasi desa merah putih di tiap desa terus bagaimana dengan nasib kopwan yang di kelola ibu ibu di tiap desa se jatim jangan sampai tumpang tindih;['dengan', 'adanya', 'koperasi', 'desa', 'merah', 'putih', 'di', 'tiap', 'desa', 'terus', 'bagaimana', 'dengan', 'nasib', 'kopwan', 'yang', 'di', 'kelola', 'ibu', 'ibu', 'di', 'tiap', 'desa', 'se', 'jatim', 'jangan', 'sampai', 'tumpang', 'tindih'];KDMP;Lainnya;Menolak;Menolak;Menolak
Yaa Allah lindungilah kami dari pejabat yg zholim kepada rakyatnya... mohon ridhoMu utk mendapatkan Pemimpin Indonesia yang amanah;Yaa Allah lindungilah kami dari pejabat yg zholim kepada rakyatnya mohon ridhoMu utk mendapatkan Pemimpin Indonesia yang amanah;yaa allah lindungilah kami dari pejabat yang zholim kepada rakyatnya mohon ridhomu untuk mendapatkan pemimpin indonesia yang amanah;yaa allah lindungilah kami dari pejabat yang zholim kepada rakyatnya mohon ridhomu untuk mendapatkan pemimpin indonesia yang amanah;['yaa', 'allah', 'lindungilah', 'kami', 'dari', 'pejabat', 'yang', 'zholim', 'kepada', 'rakyatnya', 'mohon', 'ridhomu', 'untuk', 'mendapatkan', 'pemimpin', 'indonesia', 'yang', 'amanah'];Tidak Terdeteksi;Lainnya;Mendukung;Mendukung;Menolak
Gak papa,indonesia tetap negara termaju dan terkaya diasia,semua itu berkat jokowi,budi dan bahlil,mereka itu berjaya membawa indonesia selangkah lebih maju;Gak papa indonesia tetap negara termaju dan terkaya diasia semua itu berkat jokowi budi dan bahlil mereka itu berjaya membawa indonesia selangkah lebih maju;tidak papa indonesia tetap negara termaju dan terkaya diasia semua itu berkat jokowi budi dan bahlil mereka itu berjaya membawa indonesia selangkah lebih maju;tidak papa indonesia tetap negara termaju dan terkaya diasia semua itu berkat jokowi budi dan bahlil mereka itu berjaya membawa indonesia selangkah lebih maju;['tidak', 'papa', 'indonesia', 'tetap', 'negara', 'termaju', 'dan', 'terkaya', 'diasia', 'semua', 'itu', 'berkat', 'jokowi', 'budi', 'dan', 'bahlil', 'mereka', 'itu', 'berjaya', 'membawa', 'indonesia', 'selangkah', 'lebih', 'maju'];Tidak Terdeteksi;Lainnya;Mendukung;Mendukung;Netral
Tujuan koprasi adalah untuk mensejahterakan anggotanya. Keanggotaan koprasi bersifat terbuka. Prinsip koprasi: dari anggota oleh anggota untuk anggota. Jangan dikait kaitkan koprasi dengan politik/tokoh politik Krn koperasi itu milik anggota. Keputusan tertinggi adalah rapat anggota. Masyarakat harus cerdas dan paham akan koperasi.;Tujuan koprasi adalah untuk mensejahterakan anggotanya Keanggotaan koprasi bersifat terbuka Prinsip koprasi dari anggota oleh anggota untuk anggota Jangan dikait kaitkan koprasi dengan politik tokoh politik Krn koperasi itu milik anggota Keputusan tertinggi adalah rapat anggota Masyarakat harus cerdas dan paham akan koperasi;tujuan koperasi adalah untuk mensejahterakan anggotanya keanggotaan koperasi bersifat terbuka prinsip koperasi dari anggota oleh anggota untuk anggota jangan dikait kaitkan koperasi dengan politik tokoh politik karena koperasi itu milik anggota keputusan tertinggi adalah rapat anggota masyarakat harus cerdas dan paham akan koperasi;tujuan koperasi adalah untuk mensejahterakan anggotanya keanggotaan koperasi bersifat terbuka prinsip koperasi dari anggota oleh anggota untuk anggota jangan dikait kaitkan koperasi dengan politik tokoh politik karena koperasi itu milik anggota keputusan tertinggi adalah rapat anggota masyarakat harus cerdas dan paham akan koperasi;['tujuan', 'koperasi', 'adalah', 'untuk', 'mensejahterakan', 'anggotanya', 'keanggotaan', 'koperasi', 'bersifat', 'terbuka', 'prinsip', 'koperasi', 'dari', 'anggota', 'oleh', 'anggota', 'untuk', 'anggota', 'jangan', 'dikait', 'kaitkan', 'koperasi', 'dengan', 'politik', 'tokoh', 'politik', 'karena', 'koperasi', 'itu', 'milik', 'anggota', 'keputusan', 'tertinggi', 'adalah', 'rapat', 'anggota', 'masyarakat', 'harus', 'cerdas', 'dan', 'paham', 'akan', 'koperasi'];Tidak Terdeteksi;Pengelolaan;Diskusi;Diskusi;Diskusi
"Typo pertama kali baca "" korupsi merah putih"" wkwk";Typo pertama kali baca korupsi merah putih wkwk;typo pertama kali baca korupsi merah putih wkwk;typo pertama kali baca korupsi merah putih wkwk;['typo', 'pertama', 'kali', 'baca', 'korupsi', 'merah', 'putih', 'wkwk'];Tidak Terdeteksi;Korupsi;Out_of_Topic;Out_of_Topic;Menolak
Kembali ke sistem orde baru. KKN dan NEPOTISME;Kembali ke sistem orde baru KKN dan NEPOTISME;kembali ke sistem orde baru kkn dan nepotisme;kembali ke sistem orde baru kkn dan nepotisme;['kembali', 'ke', 'sistem', 'orde', 'baru', 'kkn', 'dan', 'nepotisme'];Tidak Terdeteksi;Militerisasi;Menolak;Menolak;Menolak
Next presiden yg jujur amanah tdk korup maka hrs dihukum mati semua pelaku terlibat mulai dr atas sd kroco !!;Next presiden yg jujur amanah tdk korup maka hrs dihukum mati semua pelaku terlibat mulai dr atas sd kroco;next presiden yang jujur amanah tidak korup maka harus dihukum mati semua pelaku terlibat mulai dari atas sd kroco;next presiden yang jujur amanah tidak korup maka harus dihukum mati semua pelaku terlibat mulai dari atas sd kroco;['next', 'presiden', 'yang', 'jujur', 'amanah', 'tidak', 'korup', 'maka', 'harus', 'dihukum', 'mati', 'semua', 'pelaku', 'terlibat', 'mulai', 'dari', 'atas', 'sd', 'kroco'];Prabowo;Lainnya;Mendukung;Mendukung;Menolak
Sudahlah masalah genteng biarkan sesuai selera masing-masing yg penting tidak merugikan oranglain,  nanti suruh pake genteng, pabrik atap lainya sepi karyawan dirumahkan;Sudahlah masalah genteng biarkan sesuai selera masing masing yg penting tidak merugikan oranglain nanti suruh pake genteng pabrik atap lainya sepi karyawan dirumahkan;sudahlah masalah genteng biarkan sesuai selera masing masing yang penting tidak merugikan oranglain nanti suruh pakai genteng pabrik atap lainya sepi karyawan dirumahkan;sudahlah masalah genteng biarkan sesuai selera masing masing yang penting tidak merugikan oranglain nanti suruh pakai genteng pabrik atap lainya sepi karyawan dirumahkan;['sudahlah', 'masalah', 'genteng', 'biarkan', 'sesuai', 'selera', 'masing', 'masing', 'yang', 'penting', 'tidak', 'merugikan', 'oranglain', 'nanti', 'suruh', 'pakai', 'genteng', 'pabrik', 'atap', 'lainya', 'sepi', 'karyawan', 'dirumahkan'];Tidak Terdeteksi;Lainnya;Netral;Netral;Netral
Coba di check kak siapa yg punya izin import mobil indianya... Apakah dia terlibat team pemenangan...?;Coba di check kak siapa yg punya izin import mobil indianya Apakah dia terlibat team pemenangan;coba di check kak siapa yang punya izin import mobil indianya apakah dia terlibat team pemenangan;coba di check kak siapa yang punya izin import mobil indianya apakah dia terlibat team pemenangan;['coba', 'di', 'check', 'kak', 'siapa', 'yang', 'punya', 'izin', 'import', 'mobil', 'indianya', 'apakah', 'dia', 'terlibat', 'team', 'pemenangan'];Tidak Terdeteksi;Lainnya;Netral;Netral;Diskusi
Direm.doang, nnti klo udah lampu ijo gas lg;Direm doang nnti klo udah lampu ijo gas lg;direm doang nnti kalau sudah lampu ijo gas lg;direm doang nnti kalau sudah lampu ijo gas lg;['direm', 'doang', 'nnti', 'kalau', 'sudah', 'lampu', 'ijo', 'gas', 'lg'];Tidak Terdeteksi;Lainnya;Netral;Netral;Menolak
Mbaduut aja yuk;Mbaduut aja yuk;mbaduut saja yuk;mbaduut saja yuk;['mbaduut', 'saja', 'yuk'];Tidak Terdeteksi;Lainnya;Netral;Netral;Menolak
"kalo dikerjakan sipil percayalah banyak tendensi nya... mulai politik sampai korupsi... paling nalar sekarang memang dikerjakan aparatur TNI rantai komando jelas... aliran dana mudah di audit....
Toh ini memang untuk kemajuan bangsa Indonesia.. setidaknya untuk membela Tanah air dalam bentuk pembangunan koperasi merah putih.... menurut saya sih ini... dari pada di kerjakan orang parpol... banyak resikonya... hehehhe";kalo dikerjakan sipil percayalah banyak tendensi nya mulai politik sampai korupsi paling nalar sekarang memang dikerjakan aparatur TNI rantai komando jelas aliran dana mudah di audit Toh ini memang untuk kemajuan bangsa Indonesia setidaknya untuk membela Tanah air dalam bentuk pembangunan koperasi merah putih menurut saya sih ini dari pada di kerjakan orang parpol banyak resikonya hehehhe;kalau dikerjakan sipil percayalah banyak tendensi nya mulai politik sampai korupsi paling nalar sekarang memang dikerjakan aparatur tni rantai komando jelas aliran dana mudah di audit toh ini memang untuk kemajuan bangsa indonesia setidaknya untuk membela tanah air dalam bentuk pembangunan koperasi desa merah putih menurut saya ini dari pada di kerjakan orang parpol banyak resikonya hehehhe;kalau dikerjakan sipil percayalah banyak tendensi nya mulai politik sampai korupsi paling nalar sekarang memang dikerjakan aparatur tni rantai komando jelas aliran dana mudah di audit toh ini memang untuk kemajuan bangsa indonesia setidaknya untuk membela tanah air dalam bentuk pembangunan koperasi desa merah putih menurut saya ini dari pada di kerjakan orang parpol banyak resikonya hehehhe;['kalau', 'dikerjakan', 'sipil', 'percayalah', 'banyak', 'tendensi', 'nya', 'mulai', 'politik', 'sampai', 'korupsi', 'paling', 'nalar', 'sekarang', 'memang', 'dikerjakan', 'aparatur', 'tni', 'rantai', 'komando', 'jelas', 'aliran', 'dana', 'mudah', 'di', 'audit', 'toh', 'ini', 'memang', 'untuk', 'kemajuan', 'bangsa', 'indonesia', 'setidaknya', 'untuk', 'membela', 'tanah', 'air', 'dalam', 'bentuk', 'pembangunan', 'koperasi', 'desa', 'merah', 'putih', 'menurut', 'saya', 'ini', 'dari', 'pada', 'di', 'kerjakan', 'orang', 'parpol', 'banyak', 'resikonya', 'hehehhe'];TNI, KDMP;Korupsi, Militerisasi;Diskusi;Diskusi;Diskusi
Di negeri indonesia ini semua bersifat transaksional. Kamu mau dukungan saya? Apa yang bisa kamu kasih ke saya sebagai balas jasa dukungan saya? Tidak ada dukungan atas dasar ideologi gitu… mau dr jaman Suharto sampai sekarang. Kalau nggak dibalas dengan duit, bansos, ya jatah menteri, proyek pemerintah, atau kebijakan. Mulai dr 9 naga, ormas, kepala2 desa, partai politik, masyarakat, media, LSM, dkk …. Semua minta balas jasa. Semua tidak ada yg tulus di negeri bobrok ini.;Di negeri indonesia ini semua bersifat transaksional Kamu mau dukungan saya Apa yang bisa kamu kasih ke saya sebagai balas jasa dukungan saya Tidak ada dukungan atas dasar ideologi gitu mau dr jaman Suharto sampai sekarang Kalau nggak dibalas dengan duit bansos ya jatah menteri proyek pemerintah atau kebijakan Mulai dr 9 naga ormas kepala2 desa partai politik masyarakat media LSM dkk Semua minta balas jasa Semua tidak ada yg tulus di negeri bobrok ini;di negeri indonesia ini semua bersifat transaksional kamu mau dukungan saya apa yang bisa kamu kasih ke saya sebagai balas jasa dukungan saya tidak ada dukungan atas dasar ideologi gitu mau dari zaman suharto sampai sekarang kalau tidak dibalas dengan uang bansos ya jatah menteri proyek pemerintah atau kebijakan mulai dari 9 naga ormas kepala2 desa partai politik masyarakat media lsm dkk semua minta balas jasa semua tidak ada yang tulus di negeri bobrok ini;di negeri indonesia ini semua bersifat transaksional kamu mau dukungan saya apa yang bisa kamu kasih ke saya sebagai balas jasa dukungan saya tidak ada dukungan atas dasar ideologi gitu mau dari zaman suharto sampai sekarang kalau tidak dibalas dengan uang bansos jatah menteri proyek pemerintah atau kebijakan mulai dari naga ormas kepala2 desa partai politik masyarakat media lsm dkk semua minta balas jasa semua tidak ada yang tulus di negeri bobrok ini;['di', 'negeri', 'indonesia', 'ini', 'semua', 'bersifat', 'transaksional', 'kamu', 'mau', 'dukungan', 'saya', 'apa', 'yang', 'bisa', 'kamu', 'kasih', 'ke', 'saya', 'sebagai', 'balas', 'jasa', 'dukungan', 'saya', 'tidak', 'ada', 'dukungan', 'atas', 'dasar', 'ideologi', 'gitu', 'mau', 'dari', 'zaman', 'suharto', 'sampai', 'sekarang', 'kalau', 'tidak', 'dibalas', 'dengan', 'uang', 'bansos', 'jatah', 'menteri', 'proyek', 'pemerintah', 'atau', 'kebijakan', 'mulai', 'dari', 'naga', 'ormas', 'kepala2', 'desa', 'partai', 'politik', 'masyarakat', 'media', 'lsm', 'dkk', 'semua', 'minta', 'balas', 'jasa', 'semua', 'tidak', 'ada', 'yang', 'tulus', 'di', 'negeri', 'bobrok', 'ini'];Tidak Terdeteksi;Kebijakan;Mendukung;Mendukung;Menolak
Coba cek ada siapa aja di dalam PT Agrinas koperasi...gak jauh2 dari korupsi;Coba cek ada siapa aja di dalam PT Agrinas koperasi gak jauh2 dari korupsi;coba cek ada siapa saja di dalam pt agrinas koperasi tidak jauh2 dari korupsi;coba cek ada siapa saja di dalam pt agrinas koperasi tidak jauh2 dari korupsi;['coba', 'cek', 'ada', 'siapa', 'saja', 'di', 'dalam', 'pt', 'agrinas', 'koperasi', 'tidak', 'jauh2', 'dari', 'korupsi'];Tidak Terdeteksi;Korupsi;Menolak;Menolak;Menolak
Nah, ini sinyal Indomaret, Alfamart, warung Madura dan sejenisnya bakal disuntik mati oleh pemerintahan Prabowo. Kalau ada yang ngusik warung Madura bakal ada leher menteri yang digrendel  clurit orang madura..;Nah ini sinyal Indomaret Alfamart warung Madura dan sejenisnya bakal disuntik mati oleh pemerintahan Prabowo Kalau ada yang ngusik warung Madura bakal ada leher menteri yang digrendel clurit orang madura;nah ini sinyal indomaret alfamart warung madura dan sejenisnya bakal disuntik mati oleh pemerintahan prabowo kalau ada yang ngusik warung madura bakal ada leher menteri yang digrendel clurit orang madura;nah ini sinyal indomaret alfamart warung madura dan sejenisnya bakal disuntik mati oleh pemerintahan prabowo kalau ada yang ngusik warung madura bakal ada leher menteri yang digrendel clurit orang madura;['nah', 'ini', 'sinyal', 'indomaret', 'alfamart', 'warung', 'madura', 'dan', 'sejenisnya', 'bakal', 'disuntik', 'mati', 'oleh', 'pemerintahan', 'prabowo', 'kalau', 'ada', 'yang', 'ngusik', 'warung', 'madura', 'bakal', 'ada', 'leher', 'menteri', 'yang', 'digrendel', 'clurit', 'orang', 'madura'];Prabowo;Kebijakan;Netral;Netral;Menolak
Mbg parcok... kmp parjo ????;Mbg parcok kmp parjo;mbg partai coklat koperasi desa merah putih partai hijau;mbg partai coklat koperasi desa merah putih partai hijau;['mbg', 'partai', 'coklat', 'koperasi', 'desa', 'merah', 'putih', 'partai', 'hijau'];KDMP;Lainnya;Netral;Netral;Menolak
Setuju..kalau mau bantu modal usaha, jangan pakai denda harian, bukti pembayaran bunga dan pokok harus dipisah. karena usaha bisa saja hanya bisa bayar bunga bulanan. dan jangan ada denda pembayaran lunas jika blm waktu pelunasan.;Setuju kalau mau bantu modal usaha jangan pakai denda harian bukti pembayaran bunga dan pokok harus dipisah karena usaha bisa saja hanya bisa bayar bunga bulanan dan jangan ada denda pembayaran lunas jika blm waktu pelunasan;setuju kalau mau bantu modal usaha jangan pakai denda harian bukti pembayaran bunga dan pokok harus dipisah karena usaha bisa saja hanya bisa bayar bunga bulanan dan jangan ada denda pembayaran lunas jika belum waktu pelunasan;setuju kalau mau bantu modal usaha jangan pakai denda harian bukti pembayaran bunga dan pokok harus dipisah karena usaha bisa saja hanya bisa bayar bunga bulanan dan jangan ada denda pembayaran lunas jika belum waktu pelunasan;['setuju', 'kalau', 'mau', 'bantu', 'modal', 'usaha', 'jangan', 'pakai', 'denda', 'harian', 'bukti', 'pembayaran', 'bunga', 'dan', 'pokok', 'harus', 'dipisah', 'karena', 'usaha', 'bisa', 'saja', 'hanya', 'bisa', 'bayar', 'bunga', 'bulanan', 'dan', 'jangan', 'ada', 'denda', 'pembayaran', 'lunas', 'jika', 'belum', 'waktu', 'pelunasan'];Tidak Terdeteksi;Lainnya;Diskusi;Diskusi;Diskusi
".. Optimisme Menkop-Budi Ari bhw KopDes MP pasti berjalan di desa mmg patut diacungi JEMPOL. Namun, apakah keyakinan itu sdh didasari oleh data & fakta kehidupan yg ada di desa? 
SDM pengelola koperasi, sdh pasti akan jd persoalan klasik yg blunder, blm lg soal2 lainnya yg bakal wujud & tdk menutup kemungkinan akan terjadi ""repetisi budaya"" koperasi masa lalu.";Optimisme Menkop Budi Ari bhw KopDes MP pasti berjalan di desa mmg patut diacungi JEMPOL Namun apakah keyakinan itu sdh didasari oleh data fakta kehidupan yg ada di desa SDM pengelola koperasi sdh pasti akan jd persoalan klasik yg blunder blm lg soal2 lainnya yg bakal wujud tdk menutup kemungkinan akan terjadi repetisi budaya koperasi masa lalu;optimisme menkop budi ari bhw koperasi desa mp pasti berjalan di desa mmg patut diacungi jempol namun apakah keyakinan itu sudah didasari oleh data fakta kehidupan yang ada di desa sdm pengelola koperasi sudah pasti akan jadi persoalan klasik yang blunder belum lg soal2 lainnya yang bakal wujud tidak menutup kemungkinan akan terjadi repetisi budaya koperasi masa lalu;optimisme menkop budi ari bhw koperasi desa mp pasti berjalan di desa mmg patut diacungi jempol namun apakah keyakinan itu sudah didasari oleh data fakta kehidupan yang ada di desa sdm pengelola koperasi sudah pasti akan jadi persoalan klasik yang blunder belum lg soal2 lainnya yang bakal wujud tidak menutup kemungkinan akan terjadi repetisi budaya koperasi masa lalu;['optimisme', 'menkop', 'budi', 'ari', 'bhw', 'koperasi', 'desa', 'mp', 'pasti', 'berjalan', 'di', 'desa', 'mmg', 'patut', 'diacungi', 'jempol', 'namun', 'apakah', 'keyakinan', 'itu', 'sudah', 'didasari', 'oleh', 'data', 'fakta', 'kehidupan', 'yang', 'ada', 'di', 'desa', 'sdm', 'pengelola', 'koperasi', 'sudah', 'pasti', 'akan', 'jadi', 'persoalan', 'klasik', 'yang', 'blunder', 'belum', 'lg', 'soal2', 'lainnya', 'yang', 'bakal', 'wujud', 'tidak', 'menutup', 'kemungkinan', 'akan', 'terjadi', 'repetisi', 'budaya', 'koperasi', 'masa', 'lalu'];KDMP;Lainnya;Diskusi;Diskusi;Diskusi
Ayo yg bilang g ternak/buzzer Wowo/Wiwi...bangga g lawan para penghianat d penjual bangsa...macan loreng harus dilawan?!!!;Ayo yg bilang g ternak buzzer Wowo Wiwi bangga g lawan para penghianat d penjual bangsa macan loreng harus dilawan;ayo yang bilang tidak ternak buzzer prabowo wiwi bangga tidak lawan para penghianat d penjual bangsa macan loreng harus dilawan;ayo yang bilang tidak ternak buzzer prabowo wiwi bangga tidak lawan para penghianat penjual bangsa macan loreng harus dilawan;['ayo', 'yang', 'bilang', 'tidak', 'ternak', 'buzzer', 'prabowo', 'wiwi', 'bangga', 'tidak', 'lawan', 'para', 'penghianat', 'penjual', 'bangsa', 'macan', 'loreng', 'harus', 'dilawan'];Prabowo;Lainnya;Mendukung;Mendukung;Menolak
"Yang sering dilupakan adalah :
Yang baik itu belum tentu benar, tetapi yang benar itu pasti baik.
Tentara jadi tukang koperasi? Baik ya, benar? Belum tentu. 
Coba yang terjadi di Indonesia ini. Berapa banyak Polisi dan TNI yang menjadi backing Pengusaha? Pengawal Pengusaha? Tanpa sadar mereka bukan lagi Patriot Bangsa yang menjadi Bunga Kesuma Bangsa. Tetapi Tentara mencaplok domain Sarjana Koperasi.
Ini penjajahan terstruktur dalam dunia pekerjaan. Tidak terjadi The right man in the right place.";Yang sering dilupakan adalah Yang baik itu belum tentu benar tetapi yang benar itu pasti baik Tentara jadi tukang koperasi Baik ya benar Belum tentu Coba yang terjadi di Indonesia ini Berapa banyak Polisi dan TNI yang menjadi backing Pengusaha Pengawal Pengusaha Tanpa sadar mereka bukan lagi Patriot Bangsa yang menjadi Bunga Kesuma Bangsa Tetapi Tentara mencaplok domain Sarjana Koperasi Ini penjajahan terstruktur dalam dunia pekerjaan Tidak terjadi The right man in the right place;yang sering dilupakan adalah yang baik itu belum tentu benar tetapi yang benar itu pasti baik tni jadi tukang koperasi baik ya benar belum tentu coba yang terjadi di indonesia ini berapa banyak polisi dan tni yang menjadi backing pengusaha pengawal pengusaha tanpa sadar mereka bukan lagi patriot bangsa yang menjadi bunga kesuma bangsa tetapi tni mencaplok domain sarjana koperasi ini penjajahan terstruktur dalam dunia pekerjaan tidak terjadi the right man in the right place;yang sering dilupakan adalah yang baik itu belum tentu benar tetapi yang benar itu pasti baik tni jadi tukang koperasi baik benar belum tentu coba yang terjadi di indonesia ini berapa banyak polisi dan tni yang menjadi backing pengusaha pengawal pengusaha tanpa sadar mereka bukan lagi patriot bangsa yang menjadi bunga kesuma bangsa tetapi tni mencaplok domain sarjana koperasi ini penjajahan terstruktur dalam dunia pekerjaan tidak terjadi the right man in the right place;['yang', 'sering', 'dilupakan', 'adalah', 'yang', 'baik', 'itu', 'belum', 'tentu', 'benar', 'tetapi', 'yang', 'benar', 'itu', 'pasti', 'baik', 'tni', 'jadi', 'tukang', 'koperasi', 'baik', 'benar', 'belum', 'tentu', 'coba', 'yang', 'terjadi', 'di', 'indonesia', 'ini', 'berapa', 'banyak', 'polisi', 'dan', 'tni', 'yang', 'menjadi', 'backing', 'pengusaha', 'pengawal', 'pengusaha', 'tanpa', 'sadar', 'mereka', 'bukan', 'lagi', 'patriot', 'bangsa', 'yang', 'menjadi', 'bunga', 'kesuma', 'bangsa', 'tetapi', 'tni', 'mencaplok', 'domain', 'sarjana', 'koperasi', 'ini', 'penjajahan', 'terstruktur', 'dalam', 'dunia', 'pekerjaan', 'tidak', 'terjadi', 'the', 'right', 'man', 'in', 'the', 'right', 'place'];TNI;Militerisasi;Diskusi;Diskusi;Diskusi
tempo media anntek asing pemecah belah rakyat;tempo media anntek asing pemecah belah rakyat;tempo media anntek asing pemecah belah rakyat;tempo media anntek asing pemecah belah rakyat;['tempo', 'media', 'anntek', 'asing', 'pemecah', 'belah', 'rakyat'];Tempo;Media;Netral;Netral;Menolak
Yang MBG aja udah bermasalah apalagi ini yang ada kaitannya dengan bupati/walikota. Fiks, saatnya pindahkan tabungan dari bank plat merah;Yang MBG aja udah bermasalah apalagi ini yang ada kaitannya dengan bupati walikota Fiks saatnya pindahkan tabungan dari bank plat merah;yang mbg saja sudah bermasalah apalagi ini yang ada kaitannya dengan bupati walikota fiks saatnya pindahkan tabungan dari bank plat merah;yang mbg saja sudah bermasalah apalagi ini yang ada kaitannya dengan bupati walikota fiks saatnya pindahkan tabungan dari bank plat merah;['yang', 'mbg', 'saja', 'sudah', 'bermasalah', 'apalagi', 'ini', 'yang', 'ada', 'kaitannya', 'dengan', 'bupati', 'walikota', 'fiks', 'saatnya', 'pindahkan', 'tabungan', 'dari', 'bank', 'plat', 'merah'];Tidak Terdeteksi;Lainnya;Netral;Netral;Menolak
Beras luar negri sekarang sedang lebih murah dari dalam negri, bahan bangunan juga. Jika menggunakan logika lebih murah dan efisien impor, barang lain juga impor juga, parah.;Beras luar negri sekarang sedang lebih murah dari dalam negri bahan bangunan juga Jika menggunakan logika lebih murah dan efisien impor barang lain juga impor juga parah;beras luar negeri sekarang sedang lebih murah dari dalam negeri bahan bangunan juga jika menggunakan logika lebih murah dan efisien impor barang lain juga impor juga parah;beras luar negeri sekarang sedang lebih murah dari dalam negeri bahan bangunan juga jika menggunakan logika lebih murah dan efisien impor barang lain juga impor juga parah;['beras', 'luar', 'negeri', 'sekarang', 'sedang', 'lebih', 'murah', 'dari', 'dalam', 'negeri', 'bahan', 'bangunan', 'juga', 'jika', 'menggunakan', 'logika', 'lebih', 'murah', 'dan', 'efisien', 'impor', 'barang', 'lain', 'juga', 'impor', 'juga', 'parah'];Tidak Terdeteksi;Lainnya;Diskusi;Diskusi;Menolak
kacau- kacau.. ga ada koordinasi..;kacau kacau ga ada koordinasi;kacau kacau tidak ada koordinasi;kacau kacau tidak ada koordinasi;['kacau', 'kacau', 'tidak', 'ada', 'koordinasi'];Tidak Terdeteksi;Lainnya;Netral;Netral;Menolak
Bantu dukung pemerintah, kecil-kecil juga bakal berpengaruh buat kemajuan bareng;Bantu dukung pemerintah kecil kecil juga bakal berpengaruh buat kemajuan bareng;bantu dukung pemerintah kecil kecil juga bakal berpengaruh untuk kemajuan bareng;bantu dukung pemerintah kecil kecil juga bakal berpengaruh untuk kemajuan bareng;['bantu', 'dukung', 'pemerintah', 'kecil', 'kecil', 'juga', 'bakal', 'berpengaruh', 'untuk', 'kemajuan', 'bareng'];Tidak Terdeteksi;Kebijakan;Mendukung;Mendukung;Mendukung
Pada intinya ketika koperasi merah putih sudah berjalan semua akan fokus ke pemerintahan paling bawah yaitu desa, dari pemerhati sampai pemeriksaan... Dan yang di atas ongkang ongkang kaki melenggang mulus tanpa hambatan... Membuat sebuah program itu harus melalui riset yang menyeluruh, jenis usah yang di tentukan bertolak belakang dengan kearifan lokal yang ada di desa dan mencidrai kewenangan lokal berskala desa...Madesuuuu????;Pada intinya ketika koperasi merah putih sudah berjalan semua akan fokus ke pemerintahan paling bawah yaitu desa dari pemerhati sampai pemeriksaan Dan yang di atas ongkang ongkang kaki melenggang mulus tanpa hambatan Membuat sebuah program itu harus melalui riset yang menyeluruh jenis usah yang di tentukan bertolak belakang dengan kearifan lokal yang ada di desa dan mencidrai kewenangan lokal berskala desa Madesuuuu;pada intinya ketika koperasi desa merah putih sudah berjalan semua akan fokus ke pemerintahan paling bawah yaitu desa dari pemerhati sampai pemeriksaan dan yang di atas ongkang ongkang kaki melenggang mulus tanpa hambatan membuat sebuah program itu harus melalui riset yang menyeluruh jenis usah yang di tentukan bertolak belakang dengan kearifan lokal yang ada di desa dan mencidrai kewenangan lokal berskala desa madesuuuu;pada intinya ketika koperasi desa merah putih sudah berjalan semua akan fokus ke pemerintahan paling bawah yaitu desa dari pemerhati sampai pemeriksaan dan yang di atas ongkang ongkang kaki melenggang mulus tanpa hambatan membuat sebuah program itu harus melalui riset yang menyeluruh jenis usah yang di tentukan bertolak belakang dengan kearifan lokal yang ada di desa dan mencidrai kewenangan lokal berskala desa madesuuuu;['pada', 'intinya', 'ketika', 'koperasi', 'desa', 'merah', 'putih', 'sudah', 'berjalan', 'semua', 'akan', 'fokus', 'ke', 'pemerintahan', 'paling', 'bawah', 'yaitu', 'desa', 'dari', 'pemerhati', 'sampai', 'pemeriksaan', 'dan', 'yang', 'di', 'atas', 'ongkang', 'ongkang', 'kaki', 'melenggang', 'mulus', 'tanpa', 'hambatan', 'membuat', 'sebuah', 'program', 'itu', 'harus', 'melalui', 'riset', 'yang', 'menyeluruh', 'jenis', 'usah', 'yang', 'di', 'tentukan', 'bertolak', 'belakang', 'dengan', 'kearifan', 'lokal', 'yang', 'ada', 'di', 'desa', 'dan', 'mencidrai', 'kewenangan', 'lokal', 'berskala', 'desa', 'madesuuuu'];KDMP;Kebijakan;Menolak;Menolak;Menolak
Si wowo plin plan;Si wowo plin plan;si prabowo plin plan;si prabowo plin plan;['si', 'prabowo', 'plin', 'plan'];Prabowo;Lainnya;Netral;Netral;Menolak
"Memang kita harus dukung produk Indonesia.  Harus majukan Indonesia.  Dukung banget senang banget. 
Tapi nyatanya produk lokal kalah saing dgn kwalitas. Sy juga pencinta produk lokal. Contoh kecil sy pernah pakai pisau cukur tapi begitu dipakai seperti dicakar. Sakit rasanya.
Produk luar usia panjang. Kwalitas lumayan bagus.
Kalo begini kita hilang kepercayaan. Sampai skrng Toyota berkuasa. Di Malaysia bnyk terlihat mobil pribadi lokal. 

Satu lagi jgn blng  dpr itu suara rakyat. Dengar hati nurani sendiri. 
Apa benar dpr itu suara rakyat?
Pikirkanlah dgn jernih ??????";Memang kita harus dukung produk Indonesia Harus majukan Indonesia Dukung banget senang banget Tapi nyatanya produk lokal kalah saing dgn kwalitas Sy juga pencinta produk lokal Contoh kecil sy pernah pakai pisau cukur tapi begitu dipakai seperti dicakar Sakit rasanya Produk luar usia panjang Kwalitas lumayan bagus Kalo begini kita hilang kepercayaan Sampai skrng Toyota berkuasa Di Malaysia bnyk terlihat mobil pribadi lokal Satu lagi jgn blng dpr itu suara rakyat Dengar hati nurani sendiri Apa benar dpr itu suara rakyat Pikirkanlah dgn jernih;memang kita harus dukung produk indonesia harus majukan indonesia dukung sekali senang sekali tapi nyatanya produk lokal kalah saing dengan kwalitas saya juga pencinta produk lokal contoh kecil saya pernah pakai pisau cukur tapi begitu dipakai seperti dicakar sakit rasanya produk luar usia panjang kwalitas lumayan bagus kalau begini kita hilang kepercayaan sampai sekarang toyota berkuasa di malaysia bnyk terlihat mobil pribadi lokal satu lagi jgn blng dpr itu suara rakyat dengar hati nurani sendiri apa benar dpr itu suara rakyat pikirkanlah dengan jernih;memang kita harus dukung produk indonesia harus majukan indonesia dukung sekali senang sekali tapi nyatanya produk lokal kalah saing dengan kwalitas saya juga pencinta produk lokal contoh kecil saya pernah pakai pisau cukur tapi begitu dipakai seperti dicakar sakit rasanya produk luar usia panjang kwalitas lumayan bagus kalau begini kita hilang kepercayaan sampai sekarang toyota berkuasa di malaysia bnyk terlihat mobil pribadi lokal satu lagi jgn blng dpr itu suara rakyat dengar hati nurani sendiri apa benar dpr itu suara rakyat pikirkanlah dengan jernih;['memang', 'kita', 'harus', 'dukung', 'produk', 'indonesia', 'harus', 'majukan', 'indonesia', 'dukung', 'sekali', 'senang', 'sekali', 'tapi', 'nyatanya', 'produk', 'lokal', 'kalah', 'saing', 'dengan', 'kwalitas', 'saya', 'juga', 'pencinta', 'produk', 'lokal', 'contoh', 'kecil', 'saya', 'pernah', 'pakai', 'pisau', 'cukur', 'tapi', 'begitu', 'dipakai', 'seperti', 'dicakar', 'sakit', 'rasanya', 'produk', 'luar', 'usia', 'panjang', 'kwalitas', 'lumayan', 'bagus', 'kalau', 'begini', 'kita', 'hilang', 'kepercayaan', 'sampai', 'sekarang', 'toyota', 'berkuasa', 'di', 'malaysia', 'bnyk', 'terlihat', 'mobil', 'pribadi', 'lokal', 'satu', 'lagi', 'jgn', 'blng', 'dpr', 'itu', 'suara', 'rakyat', 'dengar', 'hati', 'nurani', 'sendiri', 'apa', 'benar', 'dpr', 'itu', 'suara', 'rakyat', 'pikirkanlah', 'dengan', 'jernih'];Tidak Terdeteksi;Lainnya;Mendukung;Mendukung;Menolak
Dimasa lalu 95 persen koperasi bangkrut akan menyusul KMP yang pembentukannya tanpa analisa SDM dan SDE masyarakat;Dimasa lalu 95 persen koperasi bangkrut akan menyusul KMP yang pembentukannya tanpa analisa SDM dan SDE masyarakat;dimasa lalu 95 persen koperasi bangkrut akan menyusul koperasi desa merah putih yang pembentukannya tanpa analisis sdm dan sde masyarakat;dimasa lalu 95 persen koperasi bangkrut akan menyusul koperasi desa merah putih yang pembentukannya tanpa analisis sdm dan sde masyarakat;['dimasa', 'lalu', '95', 'persen', 'koperasi', 'bangkrut', 'akan', 'menyusul', 'koperasi', 'desa', 'merah', 'putih', 'yang', 'pembentukannya', 'tanpa', 'analisis', 'sdm', 'dan', 'sde', 'masyarakat'];KDMP;Lainnya;Netral;Netral;Menolak
Cuma tempo yg berani jujur keadaan/situasi yg sebenarnya. Mantappp ??;Cuma tempo yg berani jujur keadaan situasi yg sebenarnya Mantappp;hanya tempo yang berani jujur keadaan situasi yang sebenarnya mantap;hanya tempo yang berani jujur keadaan situasi yang sebenarnya mantap;['hanya', 'tempo', 'yang', 'berani', 'jujur', 'keadaan', 'situasi', 'yang', 'sebenarnya', 'mantap'];Tempo;Media;Mendukung;Mendukung;Netral
Bukan memajukan daerah tapi malah memeras desa....fakta kepala desa yg bnyak mengeluh;Bukan memajukan daerah tapi malah memeras desa fakta kepala desa yg bnyak mengeluh;bukan memajukan daerah tapi malah memeras desa fakta kepala desa yang bnyak mengeluh;bukan memajukan daerah tapi malah memeras desa fakta kepala desa yang bnyak mengeluh;['bukan', 'memajukan', 'daerah', 'tapi', 'malah', 'memeras', 'desa', 'fakta', 'kepala', 'desa', 'yang', 'bnyak', 'mengeluh'];Kades;Lainnya;Mendukung;Mendukung;Menolak
Bakal gagal Kop Des tunggu aja buyarnya;Bakal gagal Kop Des tunggu aja buyarnya;bakal gagal kop des tunggu saja buyarnya;bakal gagal kop des tunggu saja buyarnya;['bakal', 'gagal', 'kop', 'des', 'tunggu', 'saja', 'buyarnya'];Tidak Terdeteksi;Lainnya;Menolak;Menolak;Menolak
UUD..Ujung Ujungnya Dikorupsi..;UUD Ujung Ujungnya Dikorupsi;uud ujung ujungnya dikorupsi;uud ujung ujungnya dikorupsi;['uud', 'ujung', 'ujungnya', 'dikorupsi'];Tidak Terdeteksi;Korupsi;Menolak;Menolak;Menolak
Koperasi yg ada aja banyak minjam dari pada nyimpan.. ??;Koperasi yg ada aja banyak minjam dari pada nyimpan;koperasi yang ada saja banyak minjam dari pada nyimpan;koperasi yang ada saja banyak minjam dari pada nyimpan;['koperasi', 'yang', 'ada', 'saja', 'banyak', 'minjam', 'dari', 'pada', 'nyimpan'];Tidak Terdeteksi;Lainnya;Netral;Netral;Menolak
Kalou koprasi resiko tinggi  kenapa mau kasi jalan koprasi untuk mengikat tim koprasi  lebibaik di bagi masyarakat saja supaya aman TDK ada beban  kalau meman mau mensejahterakan masyarakat;Kalou koprasi resiko tinggi kenapa mau kasi jalan koprasi untuk mengikat tim koprasi lebibaik di bagi masyarakat saja supaya aman TDK ada beban kalau meman mau mensejahterakan masyarakat;kalou koperasi risiko tinggi kenapa mau kasi jalan koperasi untuk mengikat tim koperasi lebibaik di bagi masyarakat saja supaya aman tidak ada beban kalau meman mau mensejahterakan masyarakat;kalou koperasi risiko tinggi kenapa mau kasi jalan koperasi untuk mengikat tim koperasi lebibaik di bagi masyarakat saja supaya aman tidak ada beban kalau meman mau mensejahterakan masyarakat;['kalou', 'koperasi', 'risiko', 'tinggi', 'kenapa', 'mau', 'kasi', 'jalan', 'koperasi', 'untuk', 'mengikat', 'tim', 'koperasi', 'lebibaik', 'di', 'bagi', 'masyarakat', 'saja', 'supaya', 'aman', 'tidak', 'ada', 'beban', 'kalau', 'meman', 'mau', 'mensejahterakan', 'masyarakat'];Tidak Terdeteksi;Lainnya;Mendukung;Mendukung;Diskusi
Saya kemaren kaget...di Bandara yang ngamanin TNI, luar biasa beda klo yang ngepam TNI sama Polisi. Klo polisi cuma tongkrang tongkrong, macet saja di biarin...klo TNI keren, bahkan ngatur lalu lintas, bantu penumpang yang kesulitan bawa barang bawaan. Kerenlah...pantesan pak prabowo hanya percaya TNI;Saya kemaren kaget di Bandara yang ngamanin TNI luar biasa beda klo yang ngepam TNI sama Polisi Klo polisi cuma tongkrang tongkrong macet saja di biarin klo TNI keren bahkan ngatur lalu lintas bantu penumpang yang kesulitan bawa barang bawaan Kerenlah pantesan pak prabowo hanya percaya TNI;saya kemaren kaget di bandara yang ngamanin tni luar biasa beda kalau yang ngepam tni sama polisi kalau polisi hanya tongkrang tongkrong macet saja di biarin kalau tni keren bahkan ngatur lalu lintas bantu penumpang yang kesulitan bawa barang bawaan kerenlah pantesan pak prabowo hanya percaya tni;saya kemaren kaget di bandara yang ngamanin tni luar biasa beda kalau yang ngepam tni sama polisi kalau polisi hanya tongkrang tongkrong macet saja di biarin kalau tni keren bahkan ngatur lalu lintas bantu penumpang yang kesulitan bawa barang bawaan kerenlah pantesan pak prabowo hanya percaya tni;['saya', 'kemaren', 'kaget', 'di', 'bandara', 'yang', 'ngamanin', 'tni', 'luar', 'biasa', 'beda', 'kalau', 'yang', 'ngepam', 'tni', 'sama', 'polisi', 'kalau', 'polisi', 'hanya', 'tongkrang', 'tongkrong', 'macet', 'saja', 'di', 'biarin', 'kalau', 'tni', 'keren', 'bahkan', 'ngatur', 'lalu', 'lintas', 'bantu', 'penumpang', 'yang', 'kesulitan', 'bawa', 'barang', 'bawaan', 'kerenlah', 'pantesan', 'pak', 'prabowo', 'hanya', 'percaya', 'tni'];TNI, Prabowo;Militerisasi;Mendukung;Mendukung;Mendukung
Pemerintah terus berupaya lakukan yang terbaik untuk masyarakat Indonesia;Pemerintah terus berupaya lakukan yang terbaik untuk masyarakat Indonesia;pemerintah terus berupaya lakukan yang terbaik untuk masyarakat indonesia;pemerintah terus berupaya lakukan yang terbaik untuk masyarakat indonesia;['pemerintah', 'terus', 'berupaya', 'lakukan', 'yang', 'terbaik', 'untuk', 'masyarakat', 'indonesia'];Tidak Terdeteksi;Kebijakan;Mendukung;Mendukung;Mendukung
Di desa sudah ada koperasi unit desa.Yang harus diperbaiki itu perkembangan SDM dan Usahanya. KMP itu proyek pemerintah khususnya MENTERI KOPERASI tujuan mendapatkan dana untuk kepentingan dirinya dan kelompoknya. Apalagi KLINIK DESA masuk di Koperasi Desa tidak sesuai dengan kemampuan anggota koperasi Desa yang mana KLINIK Desa biaya operasional,alat medis dan obat obat mahal.Klinik Desa itu dibawah BUMDes dan dibiaya oleh pemerintahan. Klinik Desa dibawah koperasi unit Desa kelihatan pemerintah lepas tangan diserahkan ke anggota koperasi desa. Awal pemerintah membantu Anggaran dan tindak lanjut klinik desa diserahkan ke anggota koperasi desa.;Di desa sudah ada koperasi unit desa Yang harus diperbaiki itu perkembangan SDM dan Usahanya KMP itu proyek pemerintah khususnya MENTERI KOPERASI tujuan mendapatkan dana untuk kepentingan dirinya dan kelompoknya Apalagi KLINIK DESA masuk di Koperasi Desa tidak sesuai dengan kemampuan anggota koperasi Desa yang mana KLINIK Desa biaya operasional alat medis dan obat obat mahal Klinik Desa itu dibawah BUMDes dan dibiaya oleh pemerintahan Klinik Desa dibawah koperasi unit Desa kelihatan pemerintah lepas tangan diserahkan ke anggota koperasi desa Awal pemerintah membantu Anggaran dan tindak lanjut klinik desa diserahkan ke anggota koperasi desa;di desa sudah ada koperasi unit desa yang harus diperbaiki itu perkembangan sdm dan usahanya koperasi desa merah putih itu proyek pemerintah khususnya menteri koperasi tujuan mendapatkan dana untuk kepentingan dirinya dan kelompoknya apalagi klinik desa masuk di koperasi desa tidak sesuai dengan kemampuan anggota koperasi desa yang mana klinik desa biaya operasional alat medis dan obat obat mahal klinik desa itu dibawah badan usaha milik desa dan dibiaya oleh pemerintahan klinik desa dibawah koperasi unit desa kelihatan pemerintah lepas tangan diserahkan ke anggota koperasi desa awal pemerintah membantu anggaran dan tindak lanjut klinik desa diserahkan ke anggota koperasi desa;di desa sudah ada koperasi unit desa yang harus diperbaiki itu perkembangan sdm dan usahanya koperasi desa merah putih itu proyek pemerintah khususnya menteri koperasi tujuan mendapatkan dana untuk kepentingan dirinya dan kelompoknya apalagi klinik desa masuk di koperasi desa tidak sesuai dengan kemampuan anggota koperasi desa yang mana klinik desa biaya operasional alat medis dan obat obat mahal klinik desa itu dibawah badan usaha milik desa dan dibiaya oleh pemerintahan klinik desa dibawah koperasi unit desa kelihatan pemerintah lepas tangan diserahkan ke anggota koperasi desa awal pemerintah membantu anggaran dan tindak lanjut klinik desa diserahkan ke anggota koperasi desa;['di', 'desa', 'sudah', 'ada', 'koperasi', 'unit', 'desa', 'yang', 'harus', 'diperbaiki', 'itu', 'perkembangan', 'sdm', 'dan', 'usahanya', 'koperasi', 'desa', 'merah', 'putih', 'itu', 'proyek', 'pemerintah', 'khususnya', 'menteri', 'koperasi', 'tujuan', 'mendapatkan', 'dana', 'untuk', 'kepentingan', 'dirinya', 'dan', 'kelompoknya', 'apalagi', 'klinik', 'desa', 'masuk', 'di', 'koperasi', 'desa', 'tidak', 'sesuai', 'dengan', 'kemampuan', 'anggota', 'koperasi', 'desa', 'yang', 'mana', 'klinik', 'desa', 'biaya', 'operasional', 'alat', 'medis', 'dan', 'obat', 'obat', 'mahal', 'klinik', 'desa', 'itu', 'dibawah', 'badan', 'usaha', 'milik', 'desa', 'dan', 'dibiaya', 'oleh', 'pemerintahan', 'klinik', 'desa', 'dibawah', 'koperasi', 'unit', 'desa', 'kelihatan', 'pemerintah', 'lepas', 'tangan', 'diserahkan', 'ke', 'anggota', 'koperasi', 'desa', 'awal', 'pemerintah', 'membantu', 'anggaran', 'dan', 'tindak', 'lanjut', 'klinik', 'desa', 'diserahkan', 'ke', 'anggota', 'koperasi', 'desa'];KDMP;Pengelolaan, Kebijakan, KUD;Mendukung;Mendukung;Mendukung
Enak nih skema nya : kasih duit > dapat ceperan > rugi > bailout > kasih duit > dapat ceperan. Korbanya pengurus tingkat bawah tinggal ditumbalin > diancem > harus dukung X .;Enak nih skema nya kasih duit dapat ceperan rugi bailout kasih duit dapat ceperan Korbanya pengurus tingkat bawah tinggal ditumbalin diancem harus dukung X;enak skema nya kasih uang dapat ceperan rugi bailout kasih uang dapat ceperan korbanya pengurus tingkat bawah tinggal ditumbalin diancem harus dukung tidak;enak skema nya kasih uang dapat ceperan rugi bailout kasih uang dapat ceperan korbanya pengurus tingkat bawah tinggal ditumbalin diancem harus dukung tidak;['enak', 'skema', 'nya', 'kasih', 'uang', 'dapat', 'ceperan', 'rugi', 'bailout', 'kasih', 'uang', 'dapat', 'ceperan', 'korbanya', 'pengurus', 'tingkat', 'bawah', 'tinggal', 'ditumbalin', 'diancem', 'harus', 'dukung', 'tidak'];Tidak Terdeteksi;Pengelolaan;Mendukung;Mendukung;Menolak
Kalau saja dana utk koperasi ini di pakai utk melunasi kredit macet pada koperasi atau CU yg sudah ada saat ini, akan sangat membantu mengurangi beban anggota yang punya hutang macet dan memperkuat koperasi dan CU yg sudah ada;Kalau saja dana utk koperasi ini di pakai utk melunasi kredit macet pada koperasi atau CU yg sudah ada saat ini akan sangat membantu mengurangi beban anggota yang punya hutang macet dan memperkuat koperasi dan CU yg sudah ada;kalau saja dana untuk koperasi ini di pakai untuk melunasi kredit macet pada koperasi atau cu yang sudah ada saat ini akan sangat membantu mengurangi beban anggota yang punya hutang macet dan memperkuat koperasi dan cu yang sudah ada;kalau saja dana untuk koperasi ini di pakai untuk melunasi kredit macet pada koperasi atau cu yang sudah ada saat ini akan sangat membantu mengurangi beban anggota yang punya hutang macet dan memperkuat koperasi dan cu yang sudah ada;['kalau', 'saja', 'dana', 'untuk', 'koperasi', 'ini', 'di', 'pakai', 'untuk', 'melunasi', 'kredit', 'macet', 'pada', 'koperasi', 'atau', 'cu', 'yang', 'sudah', 'ada', 'saat', 'ini', 'akan', 'sangat', 'membantu', 'mengurangi', 'beban', 'anggota', 'yang', 'punya', 'hutang', 'macet', 'dan', 'memperkuat', 'koperasi', 'dan', 'cu', 'yang', 'sudah', 'ada'];Tidak Terdeteksi;Pengelolaan;Mendukung;Mendukung;Diskusi
Program  KORUPSI MERAH PUTIH.;Program KORUPSI MERAH PUTIH;program korupsi merah putih;program korupsi merah putih;['program', 'korupsi', 'merah', 'putih'];Tidak Terdeteksi;Korupsi, Kebijakan;Menolak;Menolak;Menolak
"""Korupsi tidak apa-apa asal tidak seberapa""

NB: Teriak seorang capres dalam debat pilpres 2019 lalu";Korupsi tidak apa apa asal tidak seberapa NB Teriak seorang capres dalam debat pilpres 2019 lalu;korupsi tidak apa apa asal tidak seberapa nb teriak seorang capres dalam debat pilpres 2019 lalu;korupsi tidak apa apa asal tidak seberapa nb teriak seorang capres dalam debat pilpres 2019 lalu;['korupsi', 'tidak', 'apa', 'apa', 'asal', 'tidak', 'seberapa', 'nb', 'teriak', 'seorang', 'capres', 'dalam', 'debat', 'pilpres', '2019', 'lalu'];Tidak Terdeteksi;Korupsi;Menolak;Menolak;Menolak
memang desa kurang bisa dipercaya dalam pengelolaan anggaran desa apalagi dana desa banyak bocornya kenapa saya bilang begitu kerena saya seorang perangkat desa dengan adanya tni kepala desa ga bisa apa apa mau korup ga bisa;memang desa kurang bisa dipercaya dalam pengelolaan anggaran desa apalagi dana desa banyak bocornya kenapa saya bilang begitu kerena saya seorang perangkat desa dengan adanya tni kepala desa ga bisa apa apa mau korup ga bisa;memang desa kurang bisa dipercaya dalam pengelolaan anggaran desa apalagi dana desa banyak bocornya kenapa saya bilang begitu kerena saya seorang perangkat desa dengan adanya tni kepala desa tidak bisa apa apa mau korup tidak bisa;memang desa kurang bisa dipercaya dalam pengelolaan anggaran desa apalagi dana desa banyak bocornya kenapa saya bilang begitu kerena saya seorang perangkat desa dengan adanya tni kepala desa tidak bisa apa apa mau korup tidak bisa;['memang', 'desa', 'kurang', 'bisa', 'dipercaya', 'dalam', 'pengelolaan', 'anggaran', 'desa', 'apalagi', 'dana', 'desa', 'banyak', 'bocornya', 'kenapa', 'saya', 'bilang', 'begitu', 'kerena', 'saya', 'seorang', 'perangkat', 'desa', 'dengan', 'adanya', 'tni', 'kepala', 'desa', 'tidak', 'bisa', 'apa', 'apa', 'mau', 'korup', 'tidak', 'bisa'];TNI, Kades;Militerisasi, Dana Desa;Mendukung;Mendukung;Mendukung
Fakta di lapangan,,, setiap desa DI HARUSKAN memiliki Kopdes akan tetapi tidak di kasih modal (uang ????+gedung) justru di suruh ngutang ke bank (notabene utang bank harus di bayar) pertanyaannya: pengurus tidak di gaji oleh pemerintah desa melainkan dari laba kopdes (boro boro dapat laba, mau berdiri aja kopdes begitu rumit persyaratannya(tidak ada gedung, tidak ada laptop dan harus setor 20% ke desa);Fakta di lapangan setiap desa DI HARUSKAN memiliki Kopdes akan tetapi tidak di kasih modal uang gedung justru di suruh ngutang ke bank notabene utang bank harus di bayar pertanyaannya pengurus tidak di gaji oleh pemerintah desa melainkan dari laba kopdes boro boro dapat laba mau berdiri aja kopdes begitu rumit persyaratannya tidak ada gedung tidak ada laptop dan harus setor 20 ke desa;fakta di lapangan setiap desa di haruskan memiliki koperasi desa akan tetapi tidak di kasih modal uang gedung justru di suruh ngutang ke bank notabene utang bank harus di bayar pertanyaannya pengurus tidak di gaji oleh pemerintah desa melainkan dari laba koperasi desa boro boro dapat laba mau berdiri saja koperasi desa begitu rumit persyaratannya tidak ada gedung tidak ada laptop dan harus setor 20 ke desa;fakta di lapangan setiap desa di haruskan memiliki koperasi desa akan tetapi tidak di kasih modal uang gedung justru di suruh ngutang ke bank notabene utang bank harus di bayar pertanyaannya pengurus tidak di gaji oleh pemerintah desa melainkan dari laba koperasi desa boro boro dapat laba mau berdiri saja koperasi desa begitu rumit persyaratannya tidak ada gedung tidak ada laptop dan harus setor 20 ke desa;['fakta', 'di', 'lapangan', 'setiap', 'desa', 'di', 'haruskan', 'memiliki', 'koperasi', 'desa', 'akan', 'tetapi', 'tidak', 'di', 'kasih', 'modal', 'uang', 'gedung', 'justru', 'di', 'suruh', 'ngutang', 'ke', 'bank', 'notabene', 'utang', 'bank', 'harus', 'di', 'bayar', 'pertanyaannya', 'pengurus', 'tidak', 'di', 'gaji', 'oleh', 'pemerintah', 'desa', 'melainkan', 'dari', 'laba', 'koperasi', 'desa', 'boro', 'boro', 'dapat', 'laba', 'mau', 'berdiri', 'saja', 'koperasi', 'desa', 'begitu', 'rumit', 'persyaratannya', 'tidak', 'ada', 'gedung', 'tidak', 'ada', 'laptop', 'dan', 'harus', 'setor', '20', 'ke', 'desa'];KDMP;Pengelolaan, Kebijakan;Diskusi;Diskusi;Diskusi
Proyek baru dimulai, tar ujung2nya kalo tidak separtai dipersulit oleh koperasi.??????;Proyek baru dimulai tar ujung2nya kalo tidak separtai dipersulit oleh koperasi;proyek baru dimulai tar ujung2nya kalau tidak separtai dipersulit oleh koperasi;proyek baru dimulai tar ujung2nya kalau tidak separtai dipersulit oleh koperasi;['proyek', 'baru', 'dimulai', 'tar', 'ujung2nya', 'kalau', 'tidak', 'separtai', 'dipersulit', 'oleh', 'koperasi'];Tidak Terdeteksi;Lainnya;Netral;Netral;Menolak
Tidak aneh begitulah indonesia doakan saja semoga sadar dan disadarkan untuk kembali amanah pemerintah nya menjadi amanah sesuai janji nya sumpah jabatan untuk mensejatrakan rakyat kalau tidak amanah semoga terkubur manusia tidak tumbuh kalau ada niat buruk;Tidak aneh begitulah indonesia doakan saja semoga sadar dan disadarkan untuk kembali amanah pemerintah nya menjadi amanah sesuai janji nya sumpah jabatan untuk mensejatrakan rakyat kalau tidak amanah semoga terkubur manusia tidak tumbuh kalau ada niat buruk;tidak aneh begitulah indonesia doakan saja semoga sadar dan disadarkan untuk kembali amanah pemerintah nya menjadi amanah sesuai janji nya sumpah jabatan untuk mensejatrakan rakyat kalau tidak amanah semoga terkubur manusia tidak tumbuh kalau ada niat buruk;tidak aneh begitulah indonesia doakan saja semoga sadar dan disadarkan untuk kembali amanah pemerintah nya menjadi amanah sesuai janji nya sumpah jabatan untuk mensejatrakan rakyat kalau tidak amanah semoga terkubur manusia tidak tumbuh kalau ada niat buruk;['tidak', 'aneh', 'begitulah', 'indonesia', 'doakan', 'saja', 'semoga', 'sadar', 'dan', 'disadarkan', 'untuk', 'kembali', 'amanah', 'pemerintah', 'nya', 'menjadi', 'amanah', 'sesuai', 'janji', 'nya', 'sumpah', 'jabatan', 'untuk', 'mensejatrakan', 'rakyat', 'kalau', 'tidak', 'amanah', 'semoga', 'terkubur', 'manusia', 'tidak', 'tumbuh', 'kalau', 'ada', 'niat', 'buruk'];Tidak Terdeteksi;Kebijakan;Menolak;Menolak;Menolak
Betul kali bg,, hambur2in uang, sdngkan kita mash kurang infrastruktur dasar.;Betul kali bg hambur2in uang sdngkan kita mash kurang infrastruktur dasar;betul kali bg hambur2in uang sdngkan kita mash kurang infrastruktur dasar;betul kali bg hambur2in uang sdngkan kita mash kurang infrastruktur dasar;['betul', 'kali', 'bg', 'hambur2in', 'uang', 'sdngkan', 'kita', 'mash', 'kurang', 'infrastruktur', 'dasar'];Tidak Terdeteksi;Lainnya;Netral;Netral;Menolak
Apakah rakyat  mau kehadiran koprasi merah putih untuk menysejahtrakan rakyat;Apakah rakyat mau kehadiran koprasi merah putih untuk menysejahtrakan rakyat;apakah rakyat mau kehadiran koperasi merah putih untuk menysejahtrakan rakyat;apakah rakyat mau kehadiran koperasi merah putih untuk menysejahtrakan rakyat;['apakah', 'rakyat', 'mau', 'kehadiran', 'koperasi', 'merah', 'putih', 'untuk', 'menysejahtrakan', 'rakyat'];Tidak Terdeteksi;Lainnya;Out_of_Topic;Out_of_Topic;Diskusi
Episode bansos jilid 2;Episode bansos jilid 2;episode bansos jilid 2;episode bansos jilid;['episode', 'bansos', 'jilid'];Tidak Terdeteksi;Lainnya;Netral;Netral;Netral
"Mau berharap apa kalo ""rusak"" sedari recruitment ....padahal itungan koperasi tidak sekedar ""asal jalan""..*itu baru recruitment manajer kdpm";Mau berharap apa kalo rusak sedari recruitment padahal itungan koperasi tidak sekedar asal jalan itu baru recruitment manajer kdpm;mau berharap apa kalau rusak sedari recruitment padahal itungan koperasi tidak sekedar asal jalan itu baru recruitment manajer kdpm;mau berharap apa kalau rusak sedari recruitment padahal itungan koperasi tidak sekedar asal jalan itu baru recruitment manajer kdpm;['mau', 'berharap', 'apa', 'kalau', 'rusak', 'sedari', 'recruitment', 'padahal', 'itungan', 'koperasi', 'tidak', 'sekedar', 'asal', 'jalan', 'itu', 'baru', 'recruitment', 'manajer', 'kdpm'];Tidak Terdeteksi;Lainnya;Netral;Netral;Menolak
TENTARA NGGAK PUNYA KERJAAN , KINI NGURUS KOPERASI DESA MP , KOK LUCU AJA IDE MENDADAK INI ,;TENTARA NGGAK PUNYA KERJAAN KINI NGURUS KOPERASI DESA MP KOK LUCU AJA IDE MENDADAK INI;tni tidak punya kerjaan kini ngurus koperasi desa mp lucu saja ide mendadak ini;tni tidak punya kerjaan kini ngurus koperasi desa mp lucu saja ide mendadak ini;['tni', 'tidak', 'punya', 'kerjaan', 'kini', 'ngurus', 'koperasi', 'desa', 'mp', 'lucu', 'saja', 'ide', 'mendadak', 'ini'];TNI, KDMP;Militerisasi;Netral;Netral;Menolak
Ladang baru ??;Ladang baru;ladang baru;ladang baru;['ladang', 'baru'];Tidak Terdeteksi;Lainnya;Netral;Netral;Menolak
Sdh jadi rahasia umum itu....Dwi fungsi ABRI muncul lagi....tanda reformasi gagal....;Sdh jadi rahasia umum itu Dwi fungsi ABRI muncul lagi tanda reformasi gagal;sudah jadi rahasia umum itu dwi fungsi abri muncul lagi tanda reformasi gagal;sudah jadi rahasia umum itu dwi fungsi abri muncul lagi tanda reformasi gagal;['sudah', 'jadi', 'rahasia', 'umum', 'itu', 'dwi', 'fungsi', 'abri', 'muncul', 'lagi', 'tanda', 'reformasi', 'gagal'];Tidak Terdeteksi;Lainnya;Menolak;Menolak;Menolak
Program Jokowi yang pro Rakyat di hilangkan Sama prabowo. Keberlanjutan gimna ini? ??;Program Jokowi yang pro Rakyat di hilangkan Sama prabowo Keberlanjutan gimna ini;program jokowi yang pro rakyat di hilangkan sama prabowo keberlanjutan gimna ini;program jokowi yang pro rakyat di hilangkan sama prabowo keberlanjutan gimna ini;['program', 'jokowi', 'yang', 'pro', 'rakyat', 'di', 'hilangkan', 'sama', 'prabowo', 'keberlanjutan', 'gimna', 'ini'];Prabowo;Kebijakan;Netral;Netral;Menolak
Emang udah berjalan kegiatan koperasinya butuh mobil segala? Serius nanya?;Emang udah berjalan kegiatan koperasinya butuh mobil segala Serius nanya;emang sudah berjalan kegiatan koperasinya butuh mobil segala serius nanya;emang sudah berjalan kegiatan koperasinya butuh mobil segala serius nanya;['emang', 'sudah', 'berjalan', 'kegiatan', 'koperasinya', 'butuh', 'mobil', 'segala', 'serius', 'nanya'];Tidak Terdeteksi;Lainnya;Netral;Netral;Diskusi
Nggak pa2 yg penting awet;Nggak pa2 yg penting awet;tidak pa2 yang penting awet;tidak pa2 yang penting awet;['tidak', 'pa2', 'yang', 'penting', 'awet'];Tidak Terdeteksi;Lainnya;Netral;Netral;Menolak
"Kalu negara/pejabat nya, ga menghargai produksi dlm negeri/memilih impor dr luar negeri.
Alasan efisiensi anggaran cuma baaccooot doang, yg pasti mencari peluang korupsi/markup harga.
Jadi kalu pengusaha lokal/rakyat Indonesia di di doktrin nasionalisme(beli peroduk lokal) lawan/brontak, karena rahayat juga lebih memilih produk luar";Kalu negara pejabat nya ga menghargai produksi dlm negeri memilih impor dr luar negeri Alasan efisiensi anggaran cuma baaccooot doang yg pasti mencari peluang korupsi markup harga Jadi kalu pengusaha lokal rakyat Indonesia di di doktrin nasionalisme beli peroduk lokal lawan brontak karena rahayat juga lebih memilih produk luar;kalu negara pejabat nya tidak menghargai produksi dalam negeri memilih impor dari luar negeri alasan efisiensi anggaran hanya baaccooot doang yang pasti mencari peluang korupsi markup harga jadi kalu pengusaha lokal rakyat indonesia di di doktrin nasionalisme beli peroduk lokal lawan brontak karena rahayat juga lebih memilih produk luar;kalu negara pejabat nya tidak menghargai produksi dalam negeri memilih impor dari luar negeri alasan efisiensi anggaran hanya baaccooot doang yang pasti mencari peluang korupsi markup harga jadi kalu pengusaha lokal rakyat indonesia di di doktrin nasionalisme beli peroduk lokal lawan brontak karena rahayat juga lebih memilih produk luar;['kalu', 'negara', 'pejabat', 'nya', 'tidak', 'menghargai', 'produksi', 'dalam', 'negeri', 'memilih', 'impor', 'dari', 'luar', 'negeri', 'alasan', 'efisiensi', 'anggaran', 'hanya', 'baaccooot', 'doang', 'yang', 'pasti', 'mencari', 'peluang', 'korupsi', 'markup', 'harga', 'jadi', 'kalu', 'pengusaha', 'lokal', 'rakyat', 'indonesia', 'di', 'di', 'doktrin', 'nasionalisme', 'beli', 'peroduk', 'lokal', 'lawan', 'brontak', 'karena', 'rahayat', 'juga', 'lebih', 'memilih', 'produk', 'luar'];Tidak Terdeteksi;Korupsi;Diskusi;Diskusi;Diskusi
Kok jadi semakin banyak kesemrawutan acak acakan .Halo Orang2 Pandai para ahli lakukan keahliannya untuk perbaikan negeri ini.;Kok jadi semakin banyak kesemrawutan acak acakan Halo Orang2 Pandai para ahli lakukan keahliannya untuk perbaikan negeri ini;jadi semakin banyak kesemrawutan acak acakan halo orang2 pandai para ahli lakukan keahliannya untuk perbaikan negeri ini;jadi semakin banyak kesemrawutan acak acakan halo orang2 pandai para ahli lakukan keahliannya untuk perbaikan negeri ini;['jadi', 'semakin', 'banyak', 'kesemrawutan', 'acak', 'acakan', 'halo', 'orang2', 'pandai', 'para', 'ahli', 'lakukan', 'keahliannya', 'untuk', 'perbaikan', 'negeri', 'ini'];Tidak Terdeteksi;Lainnya;Mendukung;Mendukung;Menolak
Aneh usulan gaji manager KDMP dibiayai APBN kan ada keuntungan koperasi yang bisa dipakai;Aneh usulan gaji manager KDMP dibiayai APBN kan ada keuntungan koperasi yang bisa dipakai;aneh usulan gaji manager koperasi desa merah putih dibiayai anggaran pendapatan dan belanja negara ada keuntungan koperasi yang bisa dipakai;aneh usulan gaji manager koperasi desa merah putih dibiayai anggaran pendapatan dan belanja negara ada keuntungan koperasi yang bisa dipakai;['aneh', 'usulan', 'gaji', 'manager', 'koperasi', 'desa', 'merah', 'putih', 'dibiayai', 'anggaran', 'pendapatan', 'dan', 'belanja', 'negara', 'ada', 'keuntungan', 'koperasi', 'yang', 'bisa', 'dipakai'];KDMP;Lainnya;Menolak;Menolak;Menolak
"Kok mobil India......? 
Kl impor dari jepang atau korea masih masuk akal, mutu diatas kita, laaah india mutunya aja jauh dari cina, jauh dari produk kita, gemana jadinya. 
Mau korupsi yaa.....?";Kok mobil India Kl impor dari jepang atau korea masih masuk akal mutu diatas kita laaah india mutunya aja jauh dari cina jauh dari produk kita gemana jadinya Mau korupsi yaa;mobil india kalau impor dari jepang atau korea masih masuk akal mutu diatas kita laaah india mutunya saja jauh dari cina jauh dari produk kita gemana jadinya mau korupsi yaa;mobil india kalau impor dari jepang atau korea masih masuk akal mutu diatas kita laaah india mutunya saja jauh dari cina jauh dari produk kita gemana jadinya mau korupsi yaa;['mobil', 'india', 'kalau', 'impor', 'dari', 'jepang', 'atau', 'korea', 'masih', 'masuk', 'akal', 'mutu', 'diatas', 'kita', 'laaah', 'india', 'mutunya', 'saja', 'jauh', 'dari', 'cina', 'jauh', 'dari', 'produk', 'kita', 'gemana', 'jadinya', 'mau', 'korupsi', 'yaa'];Tidak Terdeteksi;Korupsi;Menolak;Menolak;Menolak
Modal dari Dana Desa maka pengurus koperasi akan di audit oleh BPK;Modal dari Dana Desa maka pengurus koperasi akan di audit oleh BPK;modal dari dana desa maka pengurus koperasi akan di audit oleh bpk;modal dari dana desa maka pengurus koperasi akan di audit oleh bpk;['modal', 'dari', 'dana', 'desa', 'maka', 'pengurus', 'koperasi', 'akan', 'di', 'audit', 'oleh', 'bpk'];Tidak Terdeteksi;Dana Desa, Pengelolaan;Netral;Netral;Netral
Kdmp seharusnya ya dikkelola warga desa itu sendiri. Bukan dari orang luar desa yg ditempati kdmp, klu diisi orang luar sama saja pengangguran di desa yg ketempatan kdmp percuma saja,;Kdmp seharusnya ya dikkelola warga desa itu sendiri Bukan dari orang luar desa yg ditempati kdmp klu diisi orang luar sama saja pengangguran di desa yg ketempatan kdmp percuma saja;koperasi desa merah putih seharusnya ya dikkelola warga desa itu sendiri bukan dari orang luar desa yang ditempati koperasi desa merah putih kalau diisi orang luar sama saja pengangguran di desa yang ketempatan koperasi desa merah putih percuma saja;koperasi desa merah putih seharusnya dikkelola warga desa itu sendiri bukan dari orang luar desa yang ditempati koperasi desa merah putih kalau diisi orang luar sama saja pengangguran di desa yang ketempatan koperasi desa merah putih percuma saja;['koperasi', 'desa', 'merah', 'putih', 'seharusnya', 'dikkelola', 'warga', 'desa', 'itu', 'sendiri', 'bukan', 'dari', 'orang', 'luar', 'desa', 'yang', 'ditempati', 'koperasi', 'desa', 'merah', 'putih', 'kalau', 'diisi', 'orang', 'luar', 'sama', 'saja', 'pengangguran', 'di', 'desa', 'yang', 'ketempatan', 'koperasi', 'desa', 'merah', 'putih', 'percuma', 'saja'];KDMP;Lainnya;Diskusi;Diskusi;Menolak
"Apk. munkin "" seragam doreng "" diberi tgs awasi proyek sarpras, munkin agr g ada korupsi, & lbh baik hsl & lbh cpt ?";Apk munkin seragam doreng diberi tgs awasi proyek sarpras munkin agr g ada korupsi lbh baik hsl lbh cpt;apk munkin seragam doreng diberi tgs awasi proyek sarpras munkin agr tidak ada korupsi lbh baik hsl lbh cpt;apk munkin seragam doreng diberi tgs awasi proyek sarpras munkin agr tidak ada korupsi lbh baik hsl lbh cpt;['apk', 'munkin', 'seragam', 'doreng', 'diberi', 'tgs', 'awasi', 'proyek', 'sarpras', 'munkin', 'agr', 'tidak', 'ada', 'korupsi', 'lbh', 'baik', 'hsl', 'lbh', 'cpt'];Tidak Terdeteksi;Korupsi;Netral;Netral;Menolak
Ayooo partai partai pendukung majuuu.... ada cuan di koperasi nihh ??????;Ayooo partai partai pendukung majuuu ada cuan di koperasi nihh;ayooo partai partai pendukung majuuu ada keuntungan di koperasi nihh;ayooo partai partai pendukung majuuu ada keuntungan di koperasi nihh;['ayooo', 'partai', 'partai', 'pendukung', 'majuuu', 'ada', 'keuntungan', 'di', 'koperasi', 'nihh'];Tidak Terdeteksi;Lainnya;Mendukung;Mendukung;Menolak
Koprasi KUD merah putih sangat membantu sekali bagi rakyat kecil yang ada di desa kami;Koprasi KUD merah putih sangat membantu sekali bagi rakyat kecil yang ada di desa kami;koperasi koperasi unit desa merah putih sangat membantu sekali bagi rakyat kecil yang ada di desa kami;koperasi koperasi unit desa merah putih sangat membantu sekali bagi rakyat kecil yang ada di desa kami;['koperasi', 'koperasi', 'unit', 'desa', 'merah', 'putih', 'sangat', 'membantu', 'sekali', 'bagi', 'rakyat', 'kecil', 'yang', 'ada', 'di', 'desa', 'kami'];Tidak Terdeteksi;KUD;Mendukung;Mendukung;Mendukung
kereen kan presiden kita?????!!! MBG-KOPERASI MERAH PUTIH DAN PROYEK2 lainnya saat ini jadi bancakan para kroni2 wowo, ternyata mskin lana makin kacau;kereen kan presiden kita MBG KOPERASI MERAH PUTIH DAN PROYEK2 lainnya saat ini jadi bancakan para kroni2 wowo ternyata mskin lana makin kacau;kereen presiden kita mbg koperasi desa merah putih dan proyek2 lainnya saat ini jadi bancakan para kroni2 prabowo ternyata mskin lana makin kacau;kereen presiden kita mbg koperasi desa merah putih dan proyek2 lainnya saat ini jadi bancakan para kroni2 prabowo ternyata mskin lana makin kacau;['kereen', 'presiden', 'kita', 'mbg', 'koperasi', 'desa', 'merah', 'putih', 'dan', 'proyek2', 'lainnya', 'saat', 'ini', 'jadi', 'bancakan', 'para', 'kroni2', 'prabowo', 'ternyata', 'mskin', 'lana', 'makin', 'kacau'];Prabowo, KDMP;Korupsi;Menolak;Menolak;Menolak
dengan maraknya kasus korupsi di negeri ini, bukan kita pesimis dengan kebijakan pemerintah, tp ini bisa menjadi incaran para begundal negeri sebagai ladang baru untuk dikorupsi.;dengan maraknya kasus korupsi di negeri ini bukan kita pesimis dengan kebijakan pemerintah tp ini bisa menjadi incaran para begundal negeri sebagai ladang baru untuk dikorupsi;dengan maraknya kasus korupsi di negeri ini bukan kita pesimis dengan kebijakan pemerintah tapi ini bisa menjadi incaran para begundal negeri sebagai ladang baru untuk dikorupsi;dengan maraknya kasus korupsi di negeri ini bukan kita pesimis dengan kebijakan pemerintah tapi ini bisa menjadi incaran para begundal negeri sebagai ladang baru untuk dikorupsi;['dengan', 'maraknya', 'kasus', 'korupsi', 'di', 'negeri', 'ini', 'bukan', 'kita', 'pesimis', 'dengan', 'kebijakan', 'pemerintah', 'tapi', 'ini', 'bisa', 'menjadi', 'incaran', 'para', 'begundal', 'negeri', 'sebagai', 'ladang', 'baru', 'untuk', 'dikorupsi'];Tidak Terdeteksi;Korupsi, Kebijakan;Menolak;Menolak;Menolak
Pemerintah itu dalam kata lain si pak wowo kan? ??;Pemerintah itu dalam kata lain si pak wowo kan;pemerintah itu dalam kata lain si pak prabowo;pemerintah itu dalam kata lain si pak prabowo;['pemerintah', 'itu', 'dalam', 'kata', 'lain', 'si', 'pak', 'prabowo'];Prabowo;Kebijakan;Netral;Netral;Menolak
Utk honor kades dan prangkat itu idak ada sangkut pautnya dgn DD ( APBN ) tp dari ADD ( APBD ). Desa itu wilayah pemerintahan yg Otonom  mknya optimalkan pendapatan asli desa ( kan ada contoh desa2 yg pendapatan asli desanya miliaran ). utk pos yandu itu kynya ada anggaran dr apbn melalui kementrian kesehatan dibayar lewat puskesmas. Malu dong desa yg otonom gak mampu hidup mandiri ??? sdh terlanjur manja krn disuapin oleh pemerintah tingkat atas ??!;Utk honor kades dan prangkat itu idak ada sangkut pautnya dgn DD APBN tp dari ADD APBD Desa itu wilayah pemerintahan yg Otonom mknya optimalkan pendapatan asli desa kan ada contoh desa2 yg pendapatan asli desanya miliaran utk pos yandu itu kynya ada anggaran dr apbn melalui kementrian kesehatan dibayar lewat puskesmas Malu dong desa yg otonom gak mampu hidup mandiri sdh terlanjur manja krn disuapin oleh pemerintah tingkat atas;untuk honor kepala desa dan prangkat itu idak ada sangkut pautnya dengan dd anggaran pendapatan dan belanja negara tapi dari add anggaran pendapatan dan belanja daerah desa itu wilayah pemerintahan yang otonom mknya optimalkan pendapatan asli desa ada contoh desa2 yang pendapatan asli desanya miliaran untuk pos yandu itu kynya ada anggaran dari anggaran pendapatan dan belanja negara melalui kementrian kesehatan dibayar lewat puskesmas malu desa yang otonom tidak mampu hidup mandiri sudah terlanjur manja karena disuapin oleh pemerintah tingkat atas;untuk honor kepala desa dan prangkat itu idak ada sangkut pautnya dengan dd anggaran pendapatan dan belanja negara tapi dari add anggaran pendapatan dan belanja daerah desa itu wilayah pemerintahan yang otonom mknya optimalkan pendapatan asli desa ada contoh desa2 yang pendapatan asli desanya miliaran untuk pos yandu itu kynya ada anggaran dari anggaran pendapatan dan belanja negara melalui kementrian kesehatan dibayar lewat puskesmas malu desa yang otonom tidak mampu hidup mandiri sudah terlanjur manja karena disuapin oleh pemerintah tingkat atas;['untuk', 'honor', 'kepala', 'desa', 'dan', 'prangkat', 'itu', 'idak', 'ada', 'sangkut', 'pautnya', 'dengan', 'dd', 'anggaran', 'pendapatan', 'dan', 'belanja', 'negara', 'tapi', 'dari', 'add', 'anggaran', 'pendapatan', 'dan', 'belanja', 'daerah', 'desa', 'itu', 'wilayah', 'pemerintahan', 'yang', 'otonom', 'mknya', 'optimalkan', 'pendapatan', 'asli', 'desa', 'ada', 'contoh', 'desa2', 'yang', 'pendapatan', 'asli', 'desanya', 'miliaran', 'untuk', 'pos', 'yandu', 'itu', 'kynya', 'ada', 'anggaran', 'dari', 'anggaran', 'pendapatan', 'dan', 'belanja', 'negara', 'melalui', 'kementrian', 'kesehatan', 'dibayar', 'lewat', 'puskesmas', 'malu', 'desa', 'yang', 'otonom', 'tidak', 'mampu', 'hidup', 'mandiri', 'sudah', 'terlanjur', 'manja', 'karena', 'disuapin', 'oleh', 'pemerintah', 'tingkat', 'atas'];Kades;Kebijakan;Diskusi;Diskusi;Diskusi
Di daerahku belum ada koprasinya tapi susunan personelnya sudah terbentuk, keren sih??;Di daerahku belum ada koprasinya tapi susunan personelnya sudah terbentuk keren sih;di daerahku belum ada koprasinya tapi susunan personelnya sudah terbentuk keren;di daerahku belum ada koprasinya tapi susunan personelnya sudah terbentuk keren;['di', 'daerahku', 'belum', 'ada', 'koprasinya', 'tapi', 'susunan', 'personelnya', 'sudah', 'terbentuk', 'keren'];Tidak Terdeteksi;Lainnya;Mendukung;Mendukung;Netral
Selama di senayan belum memulai dan menerapkan hukuman mati koruptor, sampai kebawah sama saja KKN.;Selama di senayan belum memulai dan menerapkan hukuman mati koruptor sampai kebawah sama saja KKN;selama di senayan belum memulai dan menerapkan hukuman mati koruptor sampai kebawah sama saja kkn;selama di senayan belum memulai dan menerapkan hukuman mati koruptor sampai kebawah sama saja kkn;['selama', 'di', 'senayan', 'belum', 'memulai', 'dan', 'menerapkan', 'hukuman', 'mati', 'koruptor', 'sampai', 'kebawah', 'sama', 'saja', 'kkn'];Tidak Terdeteksi;Korupsi;Menolak;Menolak;Menolak
Koperasi paling ujung ujungnya rugi... dikorupsi rame rame;Koperasi paling ujung ujungnya rugi dikorupsi rame rame;koperasi paling ujung ujungnya rugi dikorupsi rame rame;koperasi paling ujung ujungnya rugi dikorupsi rame rame;['koperasi', 'paling', 'ujung', 'ujungnya', 'rugi', 'dikorupsi', 'rame', 'rame'];Tidak Terdeteksi;Korupsi;Menolak;Menolak;Menolak
Kalo abis nonton manfaat koprasi ini sih positif untuk orang kaya saya yang di daerah dengan harga gas 3kg 45rb, semoga beneran jadi sembako murah, dan untuk tni ikut turun menurutku untuk sekarang ok gak si buat sama2 mengawasi pembangunanya sama keuanganya, dari pada takutnya kurang pengawasan ntar ada belok anggaran, semoga program ini lebih baik dari pada program makan siang yang anak saya 3 nya dapet makan siang semua, tapi saya masih pusing untuk cari kerja untuk makan 3 kali, apa gak lebih baik makan sinagnya di ganti sama  lapangan kerja aja gak si??;Kalo abis nonton manfaat koprasi ini sih positif untuk orang kaya saya yang di daerah dengan harga gas 3kg 45rb semoga beneran jadi sembako murah dan untuk tni ikut turun menurutku untuk sekarang ok gak si buat sama2 mengawasi pembangunanya sama keuanganya dari pada takutnya kurang pengawasan ntar ada belok anggaran semoga program ini lebih baik dari pada program makan siang yang anak saya 3 nya dapet makan siang semua tapi saya masih pusing untuk cari kerja untuk makan 3 kali apa gak lebih baik makan sinagnya di ganti sama lapangan kerja aja gak si;kalau abis nonton manfaat koperasi ini positif untuk orang kaya saya yang di daerah dengan harga gas 3kg 45rb semoga beneran jadi sembako murah dan untuk tni ikut turun menurutku untuk sekarang ok tidak si untuk sama2 mengawasi pembangunanya sama keuanganya dari pada takutnya kurang pengawasan nanti ada belok anggaran semoga program ini lebih baik dari pada program makan siang yang anak saya 3 nya dapet makan siang semua tapi saya masih pusing untuk cari kerja untuk makan 3 kali apa tidak lebih baik makan sinagnya di ganti sama lapangan kerja saja tidak si;kalau abis nonton manfaat koperasi ini positif untuk orang kaya saya yang di daerah dengan harga gas 3kg 45rb semoga beneran jadi sembako murah dan untuk tni ikut turun menurutku untuk sekarang ok tidak si untuk sama2 mengawasi pembangunanya sama keuanganya dari pada takutnya kurang pengawasan nanti ada belok anggaran semoga program ini lebih baik dari pada program makan siang yang anak saya nya dapet makan siang semua tapi saya masih pusing untuk cari kerja untuk makan kali apa tidak lebih baik makan sinagnya di ganti sama lapangan kerja saja tidak si;['kalau', 'abis', 'nonton', 'manfaat', 'koperasi', 'ini', 'positif', 'untuk', 'orang', 'kaya', 'saya', 'yang', 'di', 'daerah', 'dengan', 'harga', 'gas', '3kg', '45rb', 'semoga', 'beneran', 'jadi', 'sembako', 'murah', 'dan', 'untuk', 'tni', 'ikut', 'turun', 'menurutku', 'untuk', 'sekarang', 'ok', 'tidak', 'si', 'untuk', 'sama2', 'mengawasi', 'pembangunanya', 'sama', 'keuanganya', 'dari', 'pada', 'takutnya', 'kurang', 'pengawasan', 'nanti', 'ada', 'belok', 'anggaran', 'semoga', 'program', 'ini', 'lebih', 'baik', 'dari', 'pada', 'program', 'makan', 'siang', 'yang', 'anak', 'saya', 'nya', 'dapet', 'makan', 'siang', 'semua', 'tapi', 'saya', 'masih', 'pusing', 'untuk', 'cari', 'kerja', 'untuk', 'makan', 'kali', 'apa', 'tidak', 'lebih', 'baik', 'makan', 'sinagnya', 'di', 'ganti', 'sama', 'lapangan', 'kerja', 'saja', 'tidak', 'si'];TNI;Militerisasi, Kebijakan;Mendukung;Mendukung;Mendukung
??!n!kah  peluang kesempatan tuk revolusi people!!!!!;n kah peluang kesempatan tuk revolusi people;n kah peluang kesempatan tuk revolusi people;kah peluang kesempatan tuk revolusi people;['kah', 'peluang', 'kesempatan', 'tuk', 'revolusi', 'people'];Tidak Terdeteksi;Lainnya;Netral;Netral;Mendukung
Kita harus dukung pemerintah. Indonesia akan jaya ?;Kita harus dukung pemerintah Indonesia akan jaya;kita harus dukung pemerintah indonesia akan jaya;kita harus dukung pemerintah indonesia akan jaya;['kita', 'harus', 'dukung', 'pemerintah', 'indonesia', 'akan', 'jaya'];Tidak Terdeteksi;Kebijakan;Mendukung;Mendukung;Mendukung
Apa hebatnya si koperasi. Kabinet koplak, masalah negara apa solusinya apa.;Apa hebatnya si koperasi Kabinet koplak masalah negara apa solusinya apa;apa hebatnya si koperasi kabinet koplak masalah negara apa solusinya apa;apa hebatnya si koperasi kabinet koplak masalah negara apa solusinya apa;['apa', 'hebatnya', 'si', 'koperasi', 'kabinet', 'koplak', 'masalah', 'negara', 'apa', 'solusinya', 'apa'];Tidak Terdeteksi;Lainnya;Mendukung;Mendukung;Menolak
Prabowo presiden paling gagal ????;Prabowo presiden paling gagal;prabowo presiden paling gagal;prabowo presiden paling gagal;['prabowo', 'presiden', 'paling', 'gagal'];Prabowo;Lainnya;Menolak;Menolak;Menolak
Kenapa dulu gak dibiarin mundur aja ??? Biar gak jadi blunder;Kenapa dulu gak dibiarin mundur aja Biar gak jadi blunder;kenapa dulu tidak dibiarin mundur saja biar tidak jadi blunder;kenapa dulu tidak dibiarin mundur saja biar tidak jadi blunder;['kenapa', 'dulu', 'tidak', 'dibiarin', 'mundur', 'saja', 'biar', 'tidak', 'jadi', 'blunder'];Tidak Terdeteksi;Lainnya;Diskusi;Diskusi;Menolak
"haduw banyak banget trobosan yg rentan banget jadi lahan korupsi dan butuh pengawasan yg sangat"" ketat
Makan siang gratis
danantara
sekarang koperasi desa

ga dipikirin kesitu ape ye???";haduw banyak banget trobosan yg rentan banget jadi lahan korupsi dan butuh pengawasan yg sangat ketat Makan siang gratis danantara sekarang koperasi desa ga dipikirin kesitu ape ye;haduw banyak sekali trobosan yang rentan sekali jadi lahan korupsi dan butuh pengawasan yang sangat ketat makan siang gratis danantara sekarang koperasi desa tidak dipikirin kesitu ape ye;haduw banyak sekali trobosan yang rentan sekali jadi lahan korupsi dan butuh pengawasan yang sangat ketat makan siang gratis danantara sekarang koperasi desa tidak dipikirin kesitu ape ye;['haduw', 'banyak', 'sekali', 'trobosan', 'yang', 'rentan', 'sekali', 'jadi', 'lahan', 'korupsi', 'dan', 'butuh', 'pengawasan', 'yang', 'sangat', 'ketat', 'makan', 'siang', 'gratis', 'danantara', 'sekarang', 'koperasi', 'desa', 'tidak', 'dipikirin', 'kesitu', 'ape', 'ye'];KDMP;Korupsi;Menolak;Menolak;Menolak
Bagus klw kpla desa tdk bnyak terlibat,,;Bagus klw kpla desa tdk bnyak terlibat;bagus klw kpla desa tidak bnyak terlibat;bagus klw kpla desa tidak bnyak terlibat;['bagus', 'klw', 'kpla', 'desa', 'tidak', 'bnyak', 'terlibat'];Tidak Terdeteksi;Lainnya;Mendukung;Mendukung;Mendukung
Kehadiran TNI dalam pembangunan desa adalah bentuk nyata kemanunggalan TNI dengan rakyat. Dengan disiplin dan kerja keras mereka, program Koperasi Desa Merah Putih bisa berjalan lebih cepat dan terarah.;Kehadiran TNI dalam pembangunan desa adalah bentuk nyata kemanunggalan TNI dengan rakyat Dengan disiplin dan kerja keras mereka program Koperasi Desa Merah Putih bisa berjalan lebih cepat dan terarah;kehadiran tni dalam pembangunan desa adalah bentuk nyata kemanunggalan tni dengan rakyat dengan disiplin dan kerja keras mereka program koperasi desa merah putih bisa berjalan lebih cepat dan terarah;kehadiran tni dalam pembangunan desa adalah bentuk nyata kemanunggalan tni dengan rakyat dengan disiplin dan kerja keras mereka program koperasi desa merah putih bisa berjalan lebih cepat dan terarah;['kehadiran', 'tni', 'dalam', 'pembangunan', 'desa', 'adalah', 'bentuk', 'nyata', 'kemanunggalan', 'tni', 'dengan', 'rakyat', 'dengan', 'disiplin', 'dan', 'kerja', 'keras', 'mereka', 'program', 'koperasi', 'desa', 'merah', 'putih', 'bisa', 'berjalan', 'lebih', 'cepat', 'dan', 'terarah'];TNI, KDMP;Militerisasi, Kebijakan;Out_of_Topic;Out_of_Topic;Mendukung
Sebagai pemilih pak Prabowo kalau soal koperasi merah putih saya tidak setuju, karena koperasi sepatutnya dibangun dari bawah ke atas, bukan sebaliknya. Jangan mengulang kegagalan koperasi era demokrasi terpimpin dan KUD era orde baru. Koperasi tuh harus bebas dari intervensi pemerintah supaya bisa kompetitif dan orientasinya bisnis bersama yang efisien. Pemerintah cukup jadi katalisator dan regulator.;Sebagai pemilih pak Prabowo kalau soal koperasi merah putih saya tidak setuju karena koperasi sepatutnya dibangun dari bawah ke atas bukan sebaliknya Jangan mengulang kegagalan koperasi era demokrasi terpimpin dan KUD era orde baru Koperasi tuh harus bebas dari intervensi pemerintah supaya bisa kompetitif dan orientasinya bisnis bersama yang efisien Pemerintah cukup jadi katalisator dan regulator;sebagai pemilih pak prabowo kalau soal koperasi desa merah putih saya tidak setuju karena koperasi sepatutnya dibangun dari bawah ke atas bukan sebaliknya jangan mengulang kegagalan koperasi era demokrasi terpimpin dan koperasi unit desa era orde baru koperasi tuh harus bebas dari intervensi pemerintah supaya bisa kompetitif dan orientasinya bisnis bersama yang efisien pemerintah cukup jadi katalisator dan regulator;sebagai pemilih pak prabowo kalau soal koperasi desa merah putih saya tidak setuju karena koperasi sepatutnya dibangun dari bawah ke atas bukan sebaliknya jangan mengulang kegagalan koperasi era demokrasi terpimpin dan koperasi unit desa era orde baru koperasi tuh harus bebas dari intervensi pemerintah supaya bisa kompetitif dan orientasinya bisnis bersama yang efisien pemerintah cukup jadi katalisator dan regulator;['sebagai', 'pemilih', 'pak', 'prabowo', 'kalau', 'soal', 'koperasi', 'desa', 'merah', 'putih', 'saya', 'tidak', 'setuju', 'karena', 'koperasi', 'sepatutnya', 'dibangun', 'dari', 'bawah', 'ke', 'atas', 'bukan', 'sebaliknya', 'jangan', 'mengulang', 'kegagalan', 'koperasi', 'era', 'demokrasi', 'terpimpin', 'dan', 'koperasi', 'unit', 'desa', 'era', 'orde', 'baru', 'koperasi', 'tuh', 'harus', 'bebas', 'dari', 'intervensi', 'pemerintah', 'supaya', 'bisa', 'kompetitif', 'dan', 'orientasinya', 'bisnis', 'bersama', 'yang', 'efisien', 'pemerintah', 'cukup', 'jadi', 'katalisator', 'dan', 'regulator'];Prabowo, KDMP;Militerisasi, Kebijakan, KUD;Diskusi;Diskusi;Menolak
Sementara Gapoktan nggak jalan untuk masyarakat di pakai kepala desa gitu juga Bundes masarakat jadi alat kepala desa aja terutama di Lampung Utara kecamatan Abung Surakarta desa tatakarya tolong di priksa dulu DPD nya dan LPM nya dana dd aja banyak yang nggak jelas banyak yang korupsi di desa tolong di tinjau dilokasi;Sementara Gapoktan nggak jalan untuk masyarakat di pakai kepala desa gitu juga Bundes masarakat jadi alat kepala desa aja terutama di Lampung Utara kecamatan Abung Surakarta desa tatakarya tolong di priksa dulu DPD nya dan LPM nya dana dd aja banyak yang nggak jelas banyak yang korupsi di desa tolong di tinjau dilokasi;sementara gapoktan tidak jalan untuk masyarakat di pakai kepala desa gitu juga bundes masarakat jadi alat kepala desa saja terutama di lampung utara kecamatan abung surakarta desa tatakarya tolong di priksa dulu dpd nya dan lpm nya dana dd saja banyak yang tidak jelas banyak yang korupsi di desa tolong di tinjau dilokasi;sementara gapoktan tidak jalan untuk masyarakat di pakai kepala desa gitu juga bundes masarakat jadi alat kepala desa saja terutama di lampung utara kecamatan abung surakarta desa tatakarya tolong di priksa dulu dpd nya dan lpm nya dana dd saja banyak yang tidak jelas banyak yang korupsi di desa tolong di tinjau dilokasi;['sementara', 'gapoktan', 'tidak', 'jalan', 'untuk', 'masyarakat', 'di', 'pakai', 'kepala', 'desa', 'gitu', 'juga', 'bundes', 'masarakat', 'jadi', 'alat', 'kepala', 'desa', 'saja', 'terutama', 'di', 'lampung', 'utara', 'kecamatan', 'abung', 'surakarta', 'desa', 'tatakarya', 'tolong', 'di', 'priksa', 'dulu', 'dpd', 'nya', 'dan', 'lpm', 'nya', 'dana', 'dd', 'saja', 'banyak', 'yang', 'tidak', 'jelas', 'banyak', 'yang', 'korupsi', 'di', 'desa', 'tolong', 'di', 'tinjau', 'dilokasi'];Kades;Korupsi;Diskusi;Diskusi;Menolak
tempo antek asing,,,,pengkhianat bangsa;tempo antek asing pengkhianat bangsa;tempo antek asing pengkhianat bangsa;tempo antek asing pengkhianat bangsa;['tempo', 'antek', 'asing', 'pengkhianat', 'bangsa'];Tempo;Media;Netral;Netral;Menolak
Yakin nih ...;Yakin nih;yakin;yakin;['yakin'];Tidak Terdeteksi;Lainnya;Netral;Netral;Menolak
engga konsisten;engga konsisten;engga konsisten;engga konsisten;['engga', 'konsisten'];Tidak Terdeteksi;Lainnya;Netral;Netral;Menolak
Pegang omongan saya Kopdes pasti gagal, dibangun hanya untuk tujuan Pilpres 2029.;Pegang omongan saya Kopdes pasti gagal dibangun hanya untuk tujuan Pilpres 2029;pegang omongan saya koperasi desa pasti gagal dibangun hanya untuk tujuan pilpres 2029;pegang omongan saya koperasi desa pasti gagal dibangun hanya untuk tujuan pilpres 2029;['pegang', 'omongan', 'saya', 'koperasi', 'desa', 'pasti', 'gagal', 'dibangun', 'hanya', 'untuk', 'tujuan', 'pilpres', '2029'];KDMP;Lainnya;Menolak;Menolak;Menolak
gawat negara dibikin bancakan begini, role model awalnya siapa lagi kalo bukan geng solo;gawat negara dibikin bancakan begini role model awalnya siapa lagi kalo bukan geng solo;gawat negara dibikin bancakan begini role model awalnya siapa lagi kalau bukan geng solo;gawat negara dibikin bancakan begini role model awalnya siapa lagi kalau bukan geng solo;['gawat', 'negara', 'dibikin', 'bancakan', 'begini', 'role', 'model', 'awalnya', 'siapa', 'lagi', 'kalau', 'bukan', 'geng', 'solo'];Tidak Terdeteksi;Korupsi;Menolak;Menolak;Menolak
Setuju lebih baik sekolah gratis dan berobat gratis dan mudah pelayanan nya,;Setuju lebih baik sekolah gratis dan berobat gratis dan mudah pelayanan nya;setuju lebih baik sekolah gratis dan berobat gratis dan mudah pelayanan nya;setuju lebih baik sekolah gratis dan berobat gratis dan mudah pelayanan nya;['setuju', 'lebih', 'baik', 'sekolah', 'gratis', 'dan', 'berobat', 'gratis', 'dan', 'mudah', 'pelayanan', 'nya'];Tidak Terdeteksi;Lainnya;Mendukung;Mendukung;Menolak
BISMILLAH.....,TETAP LEBIH MURAH, HANDAL DAN EFISIENSI '' TOYOTO, MITHSUBISI, IZUZU, SUSUZI, DLL DARI SPESIFIKASI, UJI KELAYAKAN, NILAI JUAL DAN SECURITY SERTA MAINTENENCE DAN OPERASIANOL, TITIK;BISMILLAH TETAP LEBIH MURAH HANDAL DAN EFISIENSI TOYOTO MITHSUBISI IZUZU SUSUZI DLL DARI SPESIFIKASI UJI KELAYAKAN NILAI JUAL DAN SECURITY SERTA MAINTENENCE DAN OPERASIANOL TITIK;bismillah tetap lebih murah handal dan efisiensi toyoto mithsubisi izuzu susuzi dan lain-lain dari spesifikasi uji kelayakan nilai jual dan security serta maintenence dan operasianol titik;bismillah tetap lebih murah handal dan efisiensi toyoto mithsubisi izuzu susuzi dan lain-lain dari spesifikasi uji kelayakan nilai jual dan security serta maintenence dan operasianol titik;['bismillah', 'tetap', 'lebih', 'murah', 'handal', 'dan', 'efisiensi', 'toyoto', 'mithsubisi', 'izuzu', 'susuzi', 'dan', 'lain-lain', 'dari', 'spesifikasi', 'uji', 'kelayakan', 'nilai', 'jual', 'dan', 'security', 'serta', 'maintenence', 'dan', 'operasianol', 'titik'];Tidak Terdeteksi;Lainnya;Netral;Netral;Menolak
Untuk menekan korupsi kades.;Untuk menekan korupsi kades;untuk menekan korupsi kepala desa;untuk menekan korupsi kepala desa;['untuk', 'menekan', 'korupsi', 'kepala', 'desa'];Kades;Korupsi;Menolak;Menolak;Mendukung
SAYA PASTIKAN KOPERASI MERAH PUTIH AKAN MENJADI LADANG KORUPSI, SEPERTI PNPM, MANA ADA JEJAKNYA SAMPAI SEKARANG;SAYA PASTIKAN KOPERASI MERAH PUTIH AKAN MENJADI LADANG KORUPSI SEPERTI PNPM MANA ADA JEJAKNYA SAMPAI SEKARANG;saya pastikan koperasi desa merah putih akan menjadi korupsi seperti pnpm mana ada jejaknya sampai sekarang;saya pastikan koperasi desa merah putih akan menjadi korupsi seperti pnpm mana ada jejaknya sampai sekarang;['saya', 'pastikan', 'koperasi', 'desa', 'merah', 'putih', 'akan', 'menjadi', 'korupsi', 'seperti', 'pnpm', 'mana', 'ada', 'jejaknya', 'sampai', 'sekarang'];KDMP;Korupsi;Menolak;Menolak;Menolak
Solusinya sinergi antara KDMP dan MBG sebagai bisnis utamanya dengan tata kelolanya diserahkan seluruhnya kepada Desa sebagai Investasi Pemerintah yang berkelanjutan.??;Solusinya sinergi antara KDMP dan MBG sebagai bisnis utamanya dengan tata kelolanya diserahkan seluruhnya kepada Desa sebagai Investasi Pemerintah yang berkelanjutan;solusinya sinergi antara koperasi desa merah putih dan mbg sebagai bisnis utamanya dengan tata kelolanya diserahkan seluruhnya kepada desa sebagai investasi pemerintah yang berkelanjutan;solusinya sinergi antara koperasi desa merah putih dan mbg sebagai bisnis utamanya dengan tata kelolanya diserahkan seluruhnya kepada desa sebagai investasi pemerintah yang berkelanjutan;['solusinya', 'sinergi', 'antara', 'koperasi', 'desa', 'merah', 'putih', 'dan', 'mbg', 'sebagai', 'bisnis', 'utamanya', 'dengan', 'tata', 'kelolanya', 'diserahkan', 'seluruhnya', 'kepada', 'desa', 'sebagai', 'investasi', 'pemerintah', 'yang', 'berkelanjutan'];KDMP;Kebijakan;Mendukung;Mendukung;Mendukung
Kalo di kampung, kalo itu duit dr negara, lebih leluasa utk di korupsi !!!!, yang Atas, juga korupsi, yg bawah nggak mau kalah doooong ????????;Kalo di kampung kalo itu duit dr negara lebih leluasa utk di korupsi yang Atas juga korupsi yg bawah nggak mau kalah doooong;kalau di kampung kalau itu uang dari negara lebih leluasa untuk di korupsi yang atas juga korupsi yang bawah tidak mau kalah doooong;kalau di kampung kalau itu uang dari negara lebih leluasa untuk di korupsi yang atas juga korupsi yang bawah tidak mau kalah doooong;['kalau', 'di', 'kampung', 'kalau', 'itu', 'uang', 'dari', 'negara', 'lebih', 'leluasa', 'untuk', 'di', 'korupsi', 'yang', 'atas', 'juga', 'korupsi', 'yang', 'bawah', 'tidak', 'mau', 'kalah', 'doooong'];Tidak Terdeteksi;Korupsi;Menolak;Menolak;Menolak
Kdm lebih baik di hapuskan biar TDK merigikan negara Dan pengusaha kecil;Kdm lebih baik di hapuskan biar TDK merigikan negara Dan pengusaha kecil;koperasi desa merah putih lebih baik di hapuskan biar tidak merigikan negara dan pengusaha kecil;koperasi desa merah putih lebih baik di hapuskan biar tidak merigikan negara dan pengusaha kecil;['koperasi', 'desa', 'merah', 'putih', 'lebih', 'baik', 'di', 'hapuskan', 'biar', 'tidak', 'merigikan', 'negara', 'dan', 'pengusaha', 'kecil'];KDMP;Lainnya;Mendukung;Mendukung;Menolak
Demokrasi tanpa kendali akan lelet dan kehilangan arah , namun penyelenggaraan negara mengandalkan sistem komando , maka akan berjalan kaku dan dangkal.. ambil saja jalan tengah dengan Manajemen dan leadership yang tegas namun bijaksana.;Demokrasi tanpa kendali akan lelet dan kehilangan arah namun penyelenggaraan negara mengandalkan sistem komando maka akan berjalan kaku dan dangkal ambil saja jalan tengah dengan Manajemen dan leadership yang tegas namun bijaksana;demokrasi tanpa kendali akan lelet dan kehilangan arah namun penyelenggaraan negara mengandalkan sistem komando maka akan berjalan kaku dan dangkal ambil saja jalan tengah dengan manajemen dan leadership yang tegas namun bijaksana;demokrasi tanpa kendali akan lelet dan kehilangan arah namun penyelenggaraan negara mengandalkan sistem komando maka akan berjalan kaku dan dangkal ambil saja jalan tengah dengan manajemen dan leadership yang tegas namun bijaksana;['demokrasi', 'tanpa', 'kendali', 'akan', 'lelet', 'dan', 'kehilangan', 'arah', 'namun', 'penyelenggaraan', 'negara', 'mengandalkan', 'sistem', 'komando', 'maka', 'akan', 'berjalan', 'kaku', 'dan', 'dangkal', 'ambil', 'saja', 'jalan', 'tengah', 'dengan', 'manajemen', 'dan', 'leadership', 'yang', 'tegas', 'namun', 'bijaksana'];Tidak Terdeteksi;Pengelolaan;Diskusi;Diskusi;Diskusi
Ok gas ok gas.. selamat menikmati goyang gemoy kalian.. wkwkwk;Ok gas ok gas selamat menikmati goyang gemoy kalian wkwkwk;ok gas ok gas selamat menikmati goyang gemoy kalian wkwkwk;ok gas ok gas selamat menikmati goyang gemoy kalian wkwkwk;['ok', 'gas', 'ok', 'gas', 'selamat', 'menikmati', 'goyang', 'gemoy', 'kalian', 'wkwkwk'];Tidak Terdeteksi;Lainnya;Netral;Netral;Menolak
Gapapa menurutku kalau struktur komando. Karena Indonesia sejak lama sudah trial lewat cara yang demokratis tp gitu gitu aja. Mental korupnya sampe level bawah, gak ada ide kreatif dkk.;Gapapa menurutku kalau struktur komando Karena Indonesia sejak lama sudah trial lewat cara yang demokratis tp gitu gitu aja Mental korupnya sampe level bawah gak ada ide kreatif dkk;gapapa menurutku kalau struktur komando karena indonesia sejak lama sudah trial lewat cara yang demokratis tapi gitu gitu saja mental korupnya sampe level bawah tidak ada ide kreatif dkk;gapapa menurutku kalau struktur komando karena indonesia sejak lama sudah trial lewat cara yang demokratis tapi gitu gitu saja mental korupnya sampe level bawah tidak ada ide kreatif dkk;['gapapa', 'menurutku', 'kalau', 'struktur', 'komando', 'karena', 'indonesia', 'sejak', 'lama', 'sudah', 'trial', 'lewat', 'cara', 'yang', 'demokratis', 'tapi', 'gitu', 'gitu', 'saja', 'mental', 'korupnya', 'sampe', 'level', 'bawah', 'tidak', 'ada', 'ide', 'kreatif', 'dkk'];Tidak Terdeteksi;Lainnya;Diskusi;Diskusi;Mendukung
Waduhhh bertambah ladang buat korupsi dana desa saja belum beresss;Waduhhh bertambah ladang buat korupsi dana desa saja belum beresss;waduhhh bertambah ladang untuk korupsi dana desa saja belum beresss;waduhhh bertambah ladang untuk korupsi dana desa saja belum beresss;['waduhhh', 'bertambah', 'ladang', 'untuk', 'korupsi', 'dana', 'desa', 'saja', 'belum', 'beresss'];Tidak Terdeteksi;Korupsi, Dana Desa;Menolak;Menolak;Menolak
Kalau lagi bosan, nonton video ini + PawPaw4D bisa jadi solusi!;Kalau lagi bosan nonton video ini PawPaw4D bisa jadi solusi;kalau lagi bosan nonton video ini pawpaw4d bisa jadi solusi;kalau lagi bosan nonton video ini pawpaw4d bisa jadi solusi;['kalau', 'lagi', 'bosan', 'nonton', 'video', 'ini', 'pawpaw4d', 'bisa', 'jadi', 'solusi'];Tidak Terdeteksi;Lainnya;Mendukung;Mendukung;Out_of_Topic
Korupsi model orde baru telah diaktifkan kembali ????????????????????;Korupsi model orde baru telah diaktifkan kembali;korupsi model orde baru telah diaktifkan kembali;korupsi model orde baru telah diaktifkan kembali;['korupsi', 'model', 'orde', 'baru', 'telah', 'diaktifkan', 'kembali'];Tidak Terdeteksi;Korupsi, Militerisasi;Menolak;Menolak;Menolak
Kenapa sih anda2 itu suka sekali impor sesuatu yg sebenarnya ddlm negeri sendiri itu ada & bisa.ayolah diubah pola pikir yg dari konsumen menjadi ke produsen,bekerjalah dengan otak & hati untuk negara & rakyat jadilah pemimpin yg amanah,cerdas ,visioner & revolusioner;Kenapa sih anda2 itu suka sekali impor sesuatu yg sebenarnya ddlm negeri sendiri itu ada bisa ayolah diubah pola pikir yg dari konsumen menjadi ke produsen bekerjalah dengan otak hati untuk negara rakyat jadilah pemimpin yg amanah cerdas visioner revolusioner;kenapa anda2 itu suka sekali impor sesuatu yang sebenarnya ddlm negeri sendiri itu ada bisa ayolah diubah pola pikir yang dari konsumen menjadi ke produsen bekerjalah dengan otak hati untuk negara rakyat jadilah pemimpin yang amanah cerdas visioner revolusioner;kenapa anda2 itu suka sekali impor sesuatu yang sebenarnya ddlm negeri sendiri itu ada bisa ayolah diubah pola pikir yang dari konsumen menjadi ke produsen bekerjalah dengan otak hati untuk negara rakyat jadilah pemimpin yang amanah cerdas visioner revolusioner;['kenapa', 'anda2', 'itu', 'suka', 'sekali', 'impor', 'sesuatu', 'yang', 'sebenarnya', 'ddlm', 'negeri', 'sendiri', 'itu', 'ada', 'bisa', 'ayolah', 'diubah', 'pola', 'pikir', 'yang', 'dari', 'konsumen', 'menjadi', 'ke', 'produsen', 'bekerjalah', 'dengan', 'otak', 'hati', 'untuk', 'negara', 'rakyat', 'jadilah', 'pemimpin', 'yang', 'amanah', 'cerdas', 'visioner', 'revolusioner'];Tidak Terdeteksi;Lainnya;Mendukung;Mendukung;Mendukung
Semoga niat dan tujuan baik akan berhasil dengan baik jua;Semoga niat dan tujuan baik akan berhasil dengan baik jua;semoga niat dan tujuan baik akan berhasil dengan baik jua;semoga niat dan tujuan baik akan berhasil dengan baik jua;['semoga', 'niat', 'dan', 'tujuan', 'baik', 'akan', 'berhasil', 'dengan', 'baik', 'jua'];Tidak Terdeteksi;Lainnya;Mendukung;Mendukung;Mendukung
Jadi ingat Bangladesh yang akhirnya mahasiswa marah karena kesempatan kerja habis oleh partai pemerintah;Jadi ingat Bangladesh yang akhirnya mahasiswa marah karena kesempatan kerja habis oleh partai pemerintah;jadi ingat bangladesh yang akhirnya mahasiswa marah karena kesempatan kerja habis oleh partai pemerintah;jadi ingat bangladesh yang akhirnya mahasiswa marah karena kesempatan kerja habis oleh partai pemerintah;['jadi', 'ingat', 'bangladesh', 'yang', 'akhirnya', 'mahasiswa', 'marah', 'karena', 'kesempatan', 'kerja', 'habis', 'oleh', 'partai', 'pemerintah'];Tidak Terdeteksi;Kebijakan;Diskusi;Diskusi;Menolak
Buat kalian yg g lolos bersyukur lah..karena jeratan politik telah menjauh dari anda;Buat kalian yg g lolos bersyukur lah karena jeratan politik telah menjauh dari anda;untuk kalian yang tidak lolos bersyukur karena jeratan politik telah menjauh dari kamu;untuk kalian yang tidak lolos bersyukur karena jeratan politik telah menjauh dari kamu;['untuk', 'kalian', 'yang', 'tidak', 'lolos', 'bersyukur', 'karena', 'jeratan', 'politik', 'telah', 'menjauh', 'dari', 'kamu'];Tidak Terdeteksi;Lainnya;Diskusi;Diskusi;Menolak
Ajang korupsi.  Kl punya  banyak uang  lbh baik  hapus aja pajak  pajak spt pajak umkm.;Ajang korupsi Kl punya banyak uang lbh baik hapus aja pajak pajak spt pajak umkm;ajang korupsi kalau punya banyak uang lbh baik hapus saja pajak pajak seperti pajak usaha mikro kecil menengah;ajang korupsi kalau punya banyak uang lbh baik hapus saja pajak pajak seperti pajak usaha mikro kecil menengah;['ajang', 'korupsi', 'kalau', 'punya', 'banyak', 'uang', 'lbh', 'baik', 'hapus', 'saja', 'pajak', 'pajak', 'seperti', 'pajak', 'usaha', 'mikro', 'kecil', 'menengah'];Tidak Terdeteksi;Korupsi;Netral;Netral;Menolak
Pemerintah mau menghambur ² kan uang ??????1 Desa kurleb 5 M beeeeehhh ga dikit ini, untuk DD saja 1 M sudah untuk infrastruktur dll,lha ini apa mau untuk Bancakan ?????? astaghfirullah halaadzim naudzubillahi mindzalik...pajak kita mau d hambur ² kan??????;Pemerintah mau menghambur 2 kan uang 1 Desa kurleb 5 M beeeeehhh ga dikit ini untuk DD saja 1 M sudah untuk infrastruktur dll lha ini apa mau untuk Bancakan astaghfirullah halaadzim naudzubillahi mindzalik pajak kita mau d hambur 2 kan;pemerintah mau menghambur 2 uang 1 desa kurleb 5 m beeeeehhh tidak dikit ini untuk dd saja 1 m sudah untuk infrastruktur dan lain-lain lha ini apa mau untuk bancakan astaghfirullah halaadzim naudzubillahi mindzalik pajak kita mau d hambur 2;pemerintah mau menghambur uang desa kurleb beeeeehhh tidak dikit ini untuk dd saja sudah untuk infrastruktur dan lain-lain lha ini apa mau untuk bancakan astaghfirullah halaadzim naudzubillahi mindzalik pajak kita mau hambur;['pemerintah', 'mau', 'menghambur', 'uang', 'desa', 'kurleb', 'beeeeehhh', 'tidak', 'dikit', 'ini', 'untuk', 'dd', 'saja', 'sudah', 'untuk', 'infrastruktur', 'dan', 'lain-lain', 'lha', 'ini', 'apa', 'mau', 'untuk', 'bancakan', 'astaghfirullah', 'halaadzim', 'naudzubillahi', 'mindzalik', 'pajak', 'kita', 'mau', 'hambur'];Tidak Terdeteksi;Korupsi, Kebijakan;Menolak;Menolak;Menolak
Malah bagus ada ritel modern di desa, nggak kalah dengan kota, bisa tarik tunai, bahan makanan nggak ada yg kadaluarsa, menyerap tenaga kerja;Malah bagus ada ritel modern di desa nggak kalah dengan kota bisa tarik tunai bahan makanan nggak ada yg kadaluarsa menyerap tenaga kerja;malah bagus ada ritel modern di desa tidak kalah dengan kota bisa tarik tunai bahan makanan tidak ada yang kadaluarsa menyerap tenaga kerja;malah bagus ada ritel modern di desa tidak kalah dengan kota bisa tarik tunai bahan makanan tidak ada yang kadaluarsa menyerap tenaga kerja;['malah', 'bagus', 'ada', 'ritel', 'modern', 'di', 'desa', 'tidak', 'kalah', 'dengan', 'kota', 'bisa', 'tarik', 'tunai', 'bahan', 'makanan', 'tidak', 'ada', 'yang', 'kadaluarsa', 'menyerap', 'tenaga', 'kerja'];Tidak Terdeteksi;Lainnya;Mendukung;Mendukung;Mendukung
kopdes merah putih = KUD = Ketua Untung Duluan;kopdes merah putih KUD Ketua Untung Duluan;koperasi desa merah putih koperasi unit desa ketua untung duluan;koperasi desa merah putih koperasi unit desa ketua untung duluan;['koperasi', 'desa', 'merah', 'putih', 'koperasi', 'unit', 'desa', 'ketua', 'untung', 'duluan'];KDMP;KUD;Diskusi;Diskusi;Menolak
Biar spt dulu saja ... Sebelum ada dana desa.. Biar dana gak dikorupsi;Biar spt dulu saja Sebelum ada dana desa Biar dana gak dikorupsi;biar seperti dulu saja sebelum ada dana desa biar dana tidak dikorupsi;biar seperti dulu saja sebelum ada dana desa biar dana tidak dikorupsi;['biar', 'seperti', 'dulu', 'saja', 'sebelum', 'ada', 'dana', 'desa', 'biar', 'dana', 'tidak', 'dikorupsi'];Tidak Terdeteksi;Korupsi, Dana Desa;Diskusi;Diskusi;Mendukung
kalau Statusnya kepegawaiannya adalah PNS, sungguh sangat rusak dan saya tidak setuju, kenapa ??? KARENA INI SIFATNYA PROGRAM, nanti beda rezim 2029 gimana nasibnya ??? kalau gak lanjut. kedua, kalau statusnya PNS, maka tidakcocok juga, karena sifat dari Kopdes ini kan BADAN USAHA. kalau PNS kan digaji Rakyat dari APBN. GAK BENER ini. harusnya Manajer KopDes ya digaji dari hasil usaha KopDes itu sendiri. maka benar kalau status kepegawaiannya mending kayak karyawan BUMN. bukan PNS. ;kalau Statusnya kepegawaiannya adalah PNS sungguh sangat rusak dan saya tidak setuju kenapa KARENA INI SIFATNYA PROGRAM nanti beda rezim 2029 gimana nasibnya kalau gak lanjut kedua kalau statusnya PNS maka tidakcocok juga karena sifat dari Kopdes ini kan BADAN USAHA kalau PNS kan digaji Rakyat dari APBN GAK BENER ini harusnya Manajer KopDes ya digaji dari hasil usaha KopDes itu sendiri maka benar kalau status kepegawaiannya mending kayak karyawan BUMN bukan PNS;kalau statusnya kepegawaiannya adalah pns sungguh sangat rusak dan saya tidak setuju kenapa karena ini sifatnya program nanti beda pemerintah 2029 bagaimana nasibnya kalau tidak lanjut kedua kalau statusnya pns maka tidakcocok juga karena sifat dari koperasi desa ini badan usaha kalau pns digaji rakyat dari anggaran pendapatan dan belanja negara tidak benar ini harusnya manajer koperasi desa ya digaji dari hasil usaha koperasi desa itu sendiri maka benar kalau status kepegawaiannya mending kayak karyawan bumn bukan pns;kalau statusnya kepegawaiannya adalah pns sungguh sangat rusak dan saya tidak setuju kenapa karena ini sifatnya program nanti beda pemerintah 2029 bagaimana nasibnya kalau tidak lanjut kedua kalau statusnya pns maka tidakcocok juga karena sifat dari koperasi desa ini badan usaha kalau pns digaji rakyat dari anggaran pendapatan dan belanja negara tidak benar ini harusnya manajer koperasi desa digaji dari hasil usaha koperasi desa itu sendiri maka benar kalau status kepegawaiannya mending kayak karyawan bumn bukan pns;['kalau', 'statusnya', 'kepegawaiannya', 'adalah', 'pns', 'sungguh', 'sangat', 'rusak', 'dan', 'saya', 'tidak', 'setuju', 'kenapa', 'karena', 'ini', 'sifatnya', 'program', 'nanti', 'beda', 'pemerintah', '2029', 'bagaimana', 'nasibnya', 'kalau', 'tidak', 'lanjut', 'kedua', 'kalau', 'statusnya', 'pns', 'maka', 'tidakcocok', 'juga', 'karena', 'sifat', 'dari', 'koperasi', 'desa', 'ini', 'badan', 'usaha', 'kalau', 'pns', 'digaji', 'rakyat', 'dari', 'anggaran', 'pendapatan', 'dan', 'belanja', 'negara', 'tidak', 'benar', 'ini', 'harusnya', 'manajer', 'koperasi', 'desa', 'digaji', 'dari', 'hasil', 'usaha', 'koperasi', 'desa', 'itu', 'sendiri', 'maka', 'benar', 'kalau', 'status', 'kepegawaiannya', 'mending', 'kayak', 'karyawan', 'bumn', 'bukan', 'pns'];KDMP;Kebijakan;Diskusi;Diskusi;Menolak
Yang untung MENTRI koperasi...... JUDOL ya kasusnya berhenti;Yang untung MENTRI koperasi JUDOL ya kasusnya berhenti;yang untung mentri koperasi judol ya kasusnya berhenti;yang untung mentri koperasi judol kasusnya berhenti;['yang', 'untung', 'mentri', 'koperasi', 'judol', 'kasusnya', 'berhenti'];Tidak Terdeteksi;Lainnya;Netral;Netral;Menolak
Koperasi Desa merah putih bagus .. Back Up nya untuk Himbara adalah Dana Desa berapa persen nya begitu;Koperasi Desa merah putih bagus Back Up nya untuk Himbara adalah Dana Desa berapa persen nya begitu;koperasi desa merah putih bagus back up nya untuk himbara adalah dana desa berapa persen nya begitu;koperasi desa merah putih bagus back up nya untuk himbara adalah dana desa berapa persen nya begitu;['koperasi', 'desa', 'merah', 'putih', 'bagus', 'back', 'up', 'nya', 'untuk', 'himbara', 'adalah', 'dana', 'desa', 'berapa', 'persen', 'nya', 'begitu'];KDMP;Dana Desa;Mendukung;Mendukung;Menolak
"Ini cirikas oknom sok hebat apa yg diprogramkan presiden salah, pd blm di jalankan sfh komen yg blm ada bukti, hanya omongan bayangan , akan gagal ,dst. Ini ciri oknom sok pinter ,bukti jalan tol di babgin ,vanyak oknom yg komen, ipi rakyat suruh makan jkn tok, setelah jadi ternyata besar manfaatnya, dst  jgn di tanggapi seriun yg diberi waktu komenta, program oresiden ttp di jalankan, krn program presiden, :
PEMBERANTASAN KOPEASI
MENCIPTAKAN PANGAN BERAS, MENGAMVIL HSL BUMI KENEFARA, ERNEGY, AIR, MBF,KOMDES,UNDUSTRI, PENYITAAN ASET HSL KOROPSI, DAN PENGAMBILAN LAHAN TANAH YG DI KUASAI UNTANSI TERTENTU ,YG TDK SYAH KRMBALI KE NEGARA utk rakyat, jadi program baru di runtus bkm verjalan sdh banyak yg komen, i ikarajter oknom rakyat NKRI bila sdh berhadil baru diam tapi cari cara utk menggal galkan. Itu oknom yg sdh menikmati hsl koprasi yg di keloka tapi di kalahkan oleh KOMDES, termasuk kuntah darat ,kprasi swasta,vahkan bank bank dlk.akan mati krn di kuasai KIMDES, 
Kondes hslnya utk eakyat merata,
Bank, koprasi swastmta, litah darat dlk itu hslnya uktuk prubadi yg mendirikan .
Maka dana da. Di potong, dana gaji DPR MOR, ONA TNI PILRI DI PITONG DANA OPRASIONALNYA KRN BYK YG BOCOR. DAN DARI SEMUA PROGEAM PRESISEN KEJAYASN DI GUNSKSN UTK DEVISA NEGARA DAN DI SALURKAN KE RAKYAT TAPI DI JELOLA YG BENAR TDK ADA LAGI DIKOROPSI, OKNOM YG SDH MENIJMATI HSL KOROPSI,DI GANGGU, MAKA SAKIT HATINYA TRUS MUSUHI NEGARA, DEMO DLK, SEPERTI YG SFH TERJADI SAST INI, TAPI NEGARA TDK BOLEH KALAH DGN OKNOM YG MELAWAN BEGARA, TTP DI BRABTAS TUNTAS SD 7  KETURUNANYA SMG DI MUDAHKAN ALKOH AAMIIN.";Ini cirikas oknom sok hebat apa yg diprogramkan presiden salah pd blm di jalankan sfh komen yg blm ada bukti hanya omongan bayangan akan gagal dst Ini ciri oknom sok pinter bukti jalan tol di babgin vanyak oknom yg komen ipi rakyat suruh makan jkn tok setelah jadi ternyata besar manfaatnya dst jgn di tanggapi seriun yg diberi waktu komenta program oresiden ttp di jalankan krn program presiden PEMBERANTASAN KOPEASI MENCIPTAKAN PANGAN BERAS MENGAMVIL HSL BUMI KENEFARA ERNEGY AIR MBF KOMDES UNDUSTRI PENYITAAN ASET HSL KOROPSI DAN PENGAMBILAN LAHAN TANAH YG DI KUASAI UNTANSI TERTENTU YG TDK SYAH KRMBALI KE NEGARA utk rakyat jadi program baru di runtus bkm verjalan sdh banyak yg komen i ikarajter oknom rakyat NKRI bila sdh berhadil baru diam tapi cari cara utk menggal galkan Itu oknom yg sdh menikmati hsl koprasi yg di keloka tapi di kalahkan oleh KOMDES termasuk kuntah darat kprasi swasta vahkan bank bank dlk akan mati krn di kuasai KIMDES Kondes hslnya utk eakyat merata Bank koprasi swastmta litah darat dlk itu hslnya uktuk prubadi yg mendirikan Maka dana da Di potong dana gaji DPR MOR ONA TNI PILRI DI PITONG DANA OPRASIONALNYA KRN BYK YG BOCOR DAN DARI SEMUA PROGEAM PRESISEN KEJAYASN DI GUNSKSN UTK DEVISA NEGARA DAN DI SALURKAN KE RAKYAT TAPI DI JELOLA YG BENAR TDK ADA LAGI DIKOROPSI OKNOM YG SDH MENIJMATI HSL KOROPSI DI GANGGU MAKA SAKIT HATINYA TRUS MUSUHI NEGARA DEMO DLK SEPERTI YG SFH TERJADI SAST INI TAPI NEGARA TDK BOLEH KALAH DGN OKNOM YG MELAWAN BEGARA TTP DI BRABTAS TUNTAS SD 7 KETURUNANYA SMG DI MUDAHKAN ALKOH AAMIIN;ini cirikas oknom sok hebat apa yang diprogramkan presiden salah pd belum di jalankan sfh komen yang belum ada bukti hanya omongan bayangan akan gagal dst ini ciri oknom sok pinter bukti jalan tol di babgin vanyak oknom yang komen ipi rakyat suruh makan jkn tok setelah jadi ternyata besar manfaatnya dst jgn di tanggapi seriun yang diberi waktu komenta program oresiden tetap di jalankan karena program presiden pemberantasan kopeasi menciptakan pangan beras mengamvil hsl bumi kenefara ernegy air mbf komdes undustri penyitaan aset hsl koropsi dan pengambilan lahan tanah yang di kuasai untansi tertentu yang tidak syah krmbali ke negara untuk rakyat jadi program baru di runtus bkm verjalan sudah banyak yang komen i ikarajter oknom rakyat nkri bila sudah berhadil baru diam tapi cari cara untuk menggal galkan itu oknom yang sudah menikmati hsl koperasi yang di keloka tapi di kalahkan oleh komdes termasuk kuntah darat kprasi swasta vahkan bank bank dlk akan mati karena di kuasai kimdes kondes hslnya untuk eakyat merata bank koperasi swastmta litah darat dlk itu hslnya uktuk prubadi yang mendirikan maka dana da di potong dana gaji dpr mor ona tni pilri di pitong dana oprasionalnya karena byk yang bocor dan dari semua progeam presisen kejayasn di gunsksn untuk devisa negara dan di salurkan ke rakyat tapi di jelola yang benar tidak ada lagi dikoropsi oknom yang sudah menijmati hsl koropsi di ganggu maka sakit hatinya terus musuhi negara demo dlk seperti yang sfh terjadi sast ini tapi negara tidak boleh kalah dengan oknom yang melawan begara tetap di brabtas tuntas sd 7 keturunanya smg di mudahkan alkoh aamiin;ini cirikas oknom sok hebat apa yang diprogramkan presiden salah pd belum di jalankan sfh komen yang belum ada bukti hanya omongan bayangan akan gagal dst ini ciri oknom sok pinter bukti jalan tol di babgin vanyak oknom yang komen ipi rakyat suruh makan jkn tok setelah jadi ternyata besar manfaatnya dst jgn di tanggapi seriun yang diberi waktu komenta program oresiden tetap di jalankan karena program presiden pemberantasan kopeasi menciptakan pangan beras mengamvil hsl bumi kenefara ernegy air mbf komdes undustri penyitaan aset hsl koropsi dan pengambilan lahan tanah yang di kuasai untansi tertentu yang tidak syah krmbali ke negara untuk rakyat jadi program baru di runtus bkm verjalan sudah banyak yang komen ikarajter oknom rakyat nkri bila sudah berhadil baru diam tapi cari cara untuk menggal galkan itu oknom yang sudah menikmati hsl koperasi yang di keloka tapi di kalahkan oleh komdes termasuk kuntah darat kprasi swasta vahkan bank bank dlk akan mati karena di kuasai kimdes kondes hslnya untuk eakyat merata bank koperasi swastmta litah darat dlk itu hslnya uktuk prubadi yang mendirikan maka dana da di potong dana gaji dpr mor ona tni pilri di pitong dana oprasionalnya karena byk yang bocor dan dari semua progeam presisen kejayasn di gunsksn untuk devisa negara dan di salurkan ke rakyat tapi di jelola yang benar tidak ada lagi dikoropsi oknom yang sudah menijmati hsl koropsi di ganggu maka sakit hatinya terus musuhi negara demo dlk seperti yang sfh terjadi sast ini tapi negara tidak boleh kalah dengan oknom yang melawan begara tetap di brabtas tuntas sd keturunanya smg di mudahkan alkoh aamiin;['ini', 'cirikas', 'oknom', 'sok', 'hebat', 'apa', 'yang', 'diprogramkan', 'presiden', 'salah', 'pd', 'belum', 'di', 'jalankan', 'sfh', 'komen', 'yang', 'belum', 'ada', 'bukti', 'hanya', 'omongan', 'bayangan', 'akan', 'gagal', 'dst', 'ini', 'ciri', 'oknom', 'sok', 'pinter', 'bukti', 'jalan', 'tol', 'di', 'babgin', 'vanyak', 'oknom', 'yang', 'komen', 'ipi', 'rakyat', 'suruh', 'makan', 'jkn', 'tok', 'setelah', 'jadi', 'ternyata', 'besar', 'manfaatnya', 'dst', 'jgn', 'di', 'tanggapi', 'seriun', 'yang', 'diberi', 'waktu', 'komenta', 'program', 'oresiden', 'tetap', 'di', 'jalankan', 'karena', 'program', 'presiden', 'pemberantasan', 'kopeasi', 'menciptakan', 'pangan', 'beras', 'mengamvil', 'hsl', 'bumi', 'kenefara', 'ernegy', 'air', 'mbf', 'komdes', 'undustri', 'penyitaan', 'aset', 'hsl', 'koropsi', 'dan', 'pengambilan', 'lahan', 'tanah', 'yang', 'di', 'kuasai', 'untansi', 'tertentu', 'yang', 'tidak', 'syah', 'krmbali', 'ke', 'negara', 'untuk', 'rakyat', 'jadi', 'program', 'baru', 'di', 'runtus', 'bkm', 'verjalan', 'sudah', 'banyak', 'yang', 'komen', 'ikarajter', 'oknom', 'rakyat', 'nkri', 'bila', 'sudah', 'berhadil', 'baru', 'diam', 'tapi', 'cari', 'cara', 'untuk', 'menggal', 'galkan', 'itu', 'oknom', 'yang', 'sudah', 'menikmati', 'hsl', 'koperasi', 'yang', 'di', 'keloka', 'tapi', 'di', 'kalahkan', 'oleh', 'komdes', 'termasuk', 'kuntah', 'darat', 'kprasi', 'swasta', 'vahkan', 'bank', 'bank', 'dlk', 'akan', 'mati', 'karena', 'di', 'kuasai', 'kimdes', 'kondes', 'hslnya', 'untuk', 'eakyat', 'merata', 'bank', 'koperasi', 'swastmta', 'litah', 'darat', 'dlk', 'itu', 'hslnya', 'uktuk', 'prubadi', 'yang', 'mendirikan', 'maka', 'dana', 'da', 'di', 'potong', 'dana', 'gaji', 'dpr', 'mor', 'ona', 'tni', 'pilri', 'di', 'pitong', 'dana', 'oprasionalnya', 'karena', 'byk', 'yang', 'bocor', 'dan', 'dari', 'semua', 'progeam', 'presisen', 'kejayasn', 'di', 'gunsksn', 'untuk', 'devisa', 'negara', 'dan', 'di', 'salurkan', 'ke', 'rakyat', 'tapi', 'di', 'jelola', 'yang', 'benar', 'tidak', 'ada', 'lagi', 'dikoropsi', 'oknom', 'yang', 'sudah', 'menijmati', 'hsl', 'koropsi', 'di', 'ganggu', 'maka', 'sakit', 'hatinya', 'terus', 'musuhi', 'negara', 'demo', 'dlk', 'seperti', 'yang', 'sfh', 'terjadi', 'sast', 'ini', 'tapi', 'negara', 'tidak', 'boleh', 'kalah', 'dengan', 'oknom', 'yang', 'melawan', 'begara', 'tetap', 'di', 'brabtas', 'tuntas', 'sd', 'keturunanya', 'smg', 'di', 'mudahkan', 'alkoh', 'aamiin'];TNI, Prabowo;Militerisasi, Kebijakan;Diskusi;Diskusi;Mendukung
"Kenapa CBU?
Karena kalo rakitan lokal entar ketahuan rincian kontrak dan biayanya ??";Kenapa CBU Karena kalo rakitan lokal entar ketahuan rincian kontrak dan biayanya;kenapa cbu karena kalau rakitan lokal entar ketahuan rincian kontrak dan biayanya;kenapa cbu karena kalau rakitan lokal entar ketahuan rincian kontrak dan biayanya;['kenapa', 'cbu', 'karena', 'kalau', 'rakitan', 'lokal', 'entar', 'ketahuan', 'rincian', 'kontrak', 'dan', 'biayanya'];Tidak Terdeteksi;Lainnya;Diskusi;Diskusi;Menolak
"Presiden aslinya kolonel Teddy bukan sih...???
Kan semua lporan harus msuknya ke teddy semua,bisa jadi kan lporanya ke presiden yang baik2 aja mungkin??";Presiden aslinya kolonel Teddy bukan sih Kan semua lporan harus msuknya ke teddy semua bisa jadi kan lporanya ke presiden yang baik2 aja mungkin;presiden aslinya kolonel teddy bukan semua lporan harus msuknya ke teddy semua bisa jadi lporanya ke presiden yang baik2 saja mungkin;presiden aslinya kolonel teddy bukan semua lporan harus msuknya ke teddy semua bisa jadi lporanya ke presiden yang baik2 saja mungkin;['presiden', 'aslinya', 'kolonel', 'teddy', 'bukan', 'semua', 'lporan', 'harus', 'msuknya', 'ke', 'teddy', 'semua', 'bisa', 'jadi', 'lporanya', 'ke', 'presiden', 'yang', 'baik2', 'saja', 'mungkin'];Prabowo;Lainnya;Mendukung;Mendukung;Menolak
Koperasi merah putih smoga bisa mebjadi mtr penggerak ekonomi masyrkt d luar perbank kan??;Koperasi merah putih smoga bisa mebjadi mtr penggerak ekonomi masyrkt d luar perbank kan;koperasi desa merah putih smoga bisa mebjadi mtr penggerak ekonomi masyrkt d luar perbank;koperasi desa merah putih smoga bisa mebjadi mtr penggerak ekonomi masyrkt luar perbank;['koperasi', 'desa', 'merah', 'putih', 'smoga', 'bisa', 'mebjadi', 'mtr', 'penggerak', 'ekonomi', 'masyrkt', 'luar', 'perbank'];KDMP;Lainnya;Netral;Netral;Mendukung
"Program gak jelas
buang buang anggaran tanpa hasil apapun buat rakyat dan bangsa ini";Program gak jelas buang buang anggaran tanpa hasil apapun buat rakyat dan bangsa ini;program tidak jelas buang buang anggaran tanpa hasil apapun untuk rakyat dan bangsa ini;program tidak jelas buang buang anggaran tanpa hasil apapun untuk rakyat dan bangsa ini;['program', 'tidak', 'jelas', 'buang', 'buang', 'anggaran', 'tanpa', 'hasil', 'apapun', 'untuk', 'rakyat', 'dan', 'bangsa', 'ini'];Tidak Terdeteksi;Kebijakan;Mendukung;Mendukung;Menolak
Koperasi desa ditangani menteri Budi Arie yg disebut ikut terlibat judol bahkan dia sdah pernah diperiksa polisi dia pernah mengatakan butuh 400 triliun? presiden Prabowo harus hati² jangan sampai uang sebanyak itu akan menyimpang.;Koperasi desa ditangani menteri Budi Arie yg disebut ikut terlibat judol bahkan dia sdah pernah diperiksa polisi dia pernah mengatakan butuh 400 triliun presiden Prabowo harus hati2 jangan sampai uang sebanyak itu akan menyimpang;koperasi desa ditangani menteri budi arie yang disebut ikut terlibat judol bahkan dia sdah pernah diperiksa polisi dia pernah mengatakan butuh 400 triliun presiden prabowo harus hati2 jangan sampai uang sebanyak itu akan menyimpang;koperasi desa ditangani menteri budi arie yang disebut ikut terlibat judol bahkan dia sdah pernah diperiksa polisi dia pernah mengatakan butuh 400 triliun presiden prabowo harus hati2 jangan sampai uang sebanyak itu akan menyimpang;['koperasi', 'desa', 'ditangani', 'menteri', 'budi', 'arie', 'yang', 'disebut', 'ikut', 'terlibat', 'judol', 'bahkan', 'dia', 'sdah', 'pernah', 'diperiksa', 'polisi', 'dia', 'pernah', 'mengatakan', 'butuh', '400', 'triliun', 'presiden', 'prabowo', 'harus', 'hati2', 'jangan', 'sampai', 'uang', 'sebanyak', 'itu', 'akan', 'menyimpang'];Prabowo, KDMP;Lainnya;Menolak;Menolak;Menolak
Aku bangga dengan pemerintah indo;Aku bangga dengan pemerintah indo;saya bangga dengan pemerintah indo;saya bangga dengan pemerintah indo;['saya', 'bangga', 'dengan', 'pemerintah', 'indo'];Tidak Terdeteksi;Kebijakan;Mendukung;Mendukung;Mendukung
Menurut saya pak Prabowo harus basmi para-para koruptor dan petinggi jabatan jangan dari kalangan koruptor sehingga cita-cita bangsa dapat tercapai demi kesejahteraan semua kalangan masyarakat;Menurut saya pak Prabowo harus basmi para para koruptor dan petinggi jabatan jangan dari kalangan koruptor sehingga cita cita bangsa dapat tercapai demi kesejahteraan semua kalangan masyarakat;menurut saya pak prabowo harus basmi para para koruptor dan petinggi jabatan jangan dari kalangan koruptor sehingga cita cita bangsa dapat tercapai demi kesejahteraan semua kalangan masyarakat;menurut saya pak prabowo harus basmi para para koruptor dan petinggi jabatan jangan dari kalangan koruptor sehingga cita cita bangsa dapat tercapai demi kesejahteraan semua kalangan masyarakat;['menurut', 'saya', 'pak', 'prabowo', 'harus', 'basmi', 'para', 'para', 'koruptor', 'dan', 'petinggi', 'jabatan', 'jangan', 'dari', 'kalangan', 'koruptor', 'sehingga', 'cita', 'cita', 'bangsa', 'dapat', 'tercapai', 'demi', 'kesejahteraan', 'semua', 'kalangan', 'masyarakat'];Prabowo;Korupsi;Diskusi;Diskusi;Diskusi
ORBA REBORN;ORBA REBORN;orde baru reborn;orde baru reborn;['orde', 'baru', 'reborn'];Tidak Terdeteksi;Militerisasi;Menolak;Menolak;Menolak
"Koperasi gak jelas, bangunan belum jadi struktur keanggotaannya sudah jadi di desaku ???? 
Ujung2nya lak kadang korupsi ????";Koperasi gak jelas bangunan belum jadi struktur keanggotaannya sudah jadi di desaku Ujung2nya lak kadang korupsi;koperasi tidak jelas bangunan belum jadi struktur keanggotaannya sudah jadi di desaku ujung2nya lak kadang korupsi;koperasi tidak jelas bangunan belum jadi struktur keanggotaannya sudah jadi di desaku ujung2nya lak kadang korupsi;['koperasi', 'tidak', 'jelas', 'bangunan', 'belum', 'jadi', 'struktur', 'keanggotaannya', 'sudah', 'jadi', 'di', 'desaku', 'ujung2nya', 'lak', 'kadang', 'korupsi'];Tidak Terdeteksi;Korupsi, Pengelolaan;Menolak;Menolak;Menolak
"Transformasi Digital Birokrasi: Teknologi Saja Tidak Cukup

Oleh: Ir. Bagus Budi Hermanto, MM
(Opini)

Indonesia sedang berada di tengah arus perubahan besar dunia. Revolusi digital telah mengubah hampir seluruh aspek kehidupan manusia, mulai dari perdagangan, pendidikan, transportasi, hingga pelayanan publik. Masyarakat kini hidup dalam budaya serba cepat, serba praktis, dan serba digital. Dalam situasi seperti ini, birokrasi pemerintahan tidak bisa lagi berjalan dengan pola lama yang lambat, kaku, dan terfragmentasi.

Karena itu, transformasi digital birokrasi bukan lagi pilihan, melainkan kebutuhan nasional.

Namun perlu dipahami, transformasi digital bukan sekadar membuat aplikasi, membangun dashboard, atau memindahkan dokumen kertas menjadi file elektronik. Digitalisasi sejati adalah perubahan cara berpikir, cara bekerja, dan cara melayani masyarakat. Teknologi hanyalah alat. Yang paling menentukan adalah kepemimpinan, budaya kerja, dan keberanian untuk berubah.

Di sinilah tantangan terbesar birokrasi Indonesia sesungguhnya berada.

Presiden Visioner Menjadi Penentu Arah

Transformasi besar sebuah negara membutuhkan pemimpin yang mampu melihat jauh melampaui zamannya. Presiden tidak cukup hanya menjadi administrator pemerintahan, tetapi harus menjadi arsitek masa depan bangsa.

Presiden yang visioner memahami bahwa kekuatan negara modern tidak hanya diukur dari sumber daya alam atau pembangunan fisik, tetapi juga dari kualitas tata kelola pemerintahannya. Negara yang mampu bergerak cepat, mengambil keputusan berbasis data, dan memberikan pelayanan publik yang efisien akan memiliki daya saing yang jauh lebih kuat.

Dalam konteks ini, Presiden ibarat nahkoda kapal besar bernama Indonesia. Kapal sebesar Indonesia tidak mungkin bergerak menuju masa depan tanpa arah yang jelas. Nahkoda harus mampu membaca perubahan zaman, menentukan tujuan pelayaran, sekaligus menjaga seluruh awak kapal tetap bergerak dalam satu irama.

Karena itu, arah transformasi digital nasional membutuhkan kepemimpinan yang berani mengambil keputusan besar, termasuk menyederhanakan birokrasi, mengintegrasikan layanan publik, dan mengubah budaya kerja pemerintahan menjadi lebih adaptif.

Dunia Bergerak Cepat, Pemerintah Harus Adaptif

Perubahan global hari ini terjadi sangat cepat. Teknologi kecerdasan buatan, big data, cloud computing, dan internet of things telah mengubah pola kerja pemerintahan di berbagai negara. Jika birokrasi tidak mampu beradaptasi, maka pelayanan publik akan tertinggal dari kebutuhan masyarakatnya sendiri.

Presiden dan seluruh pimpinan pemerintahan harus memiliki budaya kerja adaptif. Artinya, tidak terjebak pada pola lama yang merasa nyaman dengan rutinitas administratif. Pemerintah harus berani mengevaluasi sistem yang sudah tidak relevan dan menggantinya dengan pendekatan yang lebih modern, efisien, dan terintegrasi.

Masyarakat hari ini tidak ingin lagi dipersulit oleh banyak meja, banyak tanda tangan, atau banyak aplikasi yang tidak saling terhubung. Rakyat membutuhkan pelayanan yang sederhana, cepat, dan mudah diakses.

Di sinilah pentingnya keberanian untuk berubah.

Keterbukaan terhadap Inovasi

Transformasi digital juga membutuhkan pimpinan kementerian, lembaga, dan pemerintah daerah yang terbuka terhadap inovasi. Banyak program digital gagal bukan karena teknologinya buruk, tetapi karena pola pikir birokrasi masih mempertahankan ego sektoral dan cara kerja lama.

Padahal inovasi lahir dari keterbukaan terhadap gagasan baru, kolaborasi, dan keberanian mencoba pendekatan berbeda.

Setiap kementerian dan pemerintah daerah seharusnya tidak lagi berjalan sendiri-sendiri. Data, sistem, dan layanan publik harus mulai diintegrasikan agar masyarakat tidak menjadi korban kerumitan administrasi.

Bila satu instansi meminta data yang sama berulang-ulang kepada masyarakat, maka sesungguhnya birokrasi belum benar-benar digital. Teknologi seharusnya mempermudah, bukan justru memperumit pelayanan.

Karena itu, transformasi digital membutuhkan aparatur yang tidak alergi terhadap perubahan. ASN masa depan bukan hanya dituntut loyal dan disiplin, tetapi juga kreatif, kolaboratif, dan melek teknologi.

Kolaborasi Menjadi Kunci

Transformasi digital tidak bisa dilakukan secara parsial. Tidak ada kementerian yang mampu bekerja sendiri menghadapi kompleksitas pelayanan publik modern.

Kolaborasi lintas sektor menjadi kunci utama.

Kementerian, pemerintah daerah, BUMN, perguruan tinggi, sektor swasta, hingga komunitas digital harus mampu membangun ekosistem bersama. Integrasi data nasional, keamanan siber, pelayanan kesehatan digital, pendidikan digital, hingga sistem bantuan sosial membutuhkan kerja bersama lintas lembaga.

Transformasi birokrasi ibarat orkestra besar. Presiden adalah dirigen utamanya, tetapi harmoni hanya tercipta bila seluruh instrumen bekerja selaras.

Tanpa kolaborasi, digitalisasi hanya akan melahirkan ribuan aplikasi yang berjalan sendiri-sendiri tanpa dampak nyata bagi masyarakat.

Menuju Indonesia yang Lebih Modern

Pada akhirnya, tujuan transformasi digital bukan sekadar mengejar modernitas teknologi. Tujuan utamanya adalah menghadirkan pemerintahan yang lebih melayani, lebih transparan, lebih cepat, dan lebih dipercaya rakyat.

Indonesia memiliki peluang besar menjadi negara dengan birokrasi modern yang kuat. Namun peluang itu hanya dapat diwujudkan bila ada:

* kepemimpinan nasional yang visioner,
* budaya kerja yang adaptif,
* keterbukaan terhadap inovasi,
* serta kolaborasi lintas sektor yang solid.

Karena bangsa yang maju bukan hanya bangsa yang memiliki teknologi canggih, tetapi bangsa yang mampu menggunakan teknologi untuk memperkuat pelayanan, keadilan, dan kesejahteraan masyarakatnya.

Dan transformasi besar itu harus dimulai dari keberanian untuk berubah.";Transformasi Digital Birokrasi Teknologi Saja Tidak Cukup Oleh Ir Bagus Budi Hermanto MM Opini Indonesia sedang berada di tengah arus perubahan besar dunia Revolusi digital telah mengubah hampir seluruh aspek kehidupan manusia mulai dari perdagangan pendidikan transportasi hingga pelayanan publik Masyarakat kini hidup dalam budaya serba cepat serba praktis dan serba digital Dalam situasi seperti ini birokrasi pemerintahan tidak bisa lagi berjalan dengan pola lama yang lambat kaku dan terfragmentasi Karena itu transformasi digital birokrasi bukan lagi pilihan melainkan kebutuhan nasional Namun perlu dipahami transformasi digital bukan sekadar membuat aplikasi membangun dashboard atau memindahkan dokumen kertas menjadi file elektronik Digitalisasi sejati adalah perubahan cara berpikir cara bekerja dan cara melayani masyarakat Teknologi hanyalah alat Yang paling menentukan adalah kepemimpinan budaya kerja dan keberanian untuk berubah Di sinilah tantangan terbesar birokrasi Indonesia sesungguhnya berada Presiden Visioner Menjadi Penentu Arah Transformasi besar sebuah negara membutuhkan pemimpin yang mampu melihat jauh melampaui zamannya Presiden tidak cukup hanya menjadi administrator pemerintahan tetapi harus menjadi arsitek masa depan bangsa Presiden yang visioner memahami bahwa kekuatan negara modern tidak hanya diukur dari sumber daya alam atau pembangunan fisik tetapi juga dari kualitas tata kelola pemerintahannya Negara yang mampu bergerak cepat mengambil keputusan berbasis data dan memberikan pelayanan publik yang efisien akan memiliki daya saing yang jauh lebih kuat Dalam konteks ini Presiden ibarat nahkoda kapal besar bernama Indonesia Kapal sebesar Indonesia tidak mungkin bergerak menuju masa depan tanpa arah yang jelas Nahkoda harus mampu membaca perubahan zaman menentukan tujuan pelayaran sekaligus menjaga seluruh awak kapal tetap bergerak dalam satu irama Karena itu arah transformasi digital nasional membutuhkan kepemimpinan yang berani mengambil keputusan besar termasuk menyederhanakan birokrasi mengintegrasikan layanan publik dan mengubah budaya kerja pemerintahan menjadi lebih adaptif Dunia Bergerak Cepat Pemerintah Harus Adaptif Perubahan global hari ini terjadi sangat cepat Teknologi kecerdasan buatan big data cloud computing dan internet of things telah mengubah pola kerja pemerintahan di berbagai negara Jika birokrasi tidak mampu beradaptasi maka pelayanan publik akan tertinggal dari kebutuhan masyarakatnya sendiri Presiden dan seluruh pimpinan pemerintahan harus memiliki budaya kerja adaptif Artinya tidak terjebak pada pola lama yang merasa nyaman dengan rutinitas administratif Pemerintah harus berani mengevaluasi sistem yang sudah tidak relevan dan menggantinya dengan pendekatan yang lebih modern efisien dan terintegrasi Masyarakat hari ini tidak ingin lagi dipersulit oleh banyak meja banyak tanda tangan atau banyak aplikasi yang tidak saling terhubung Rakyat membutuhkan pelayanan yang sederhana cepat dan mudah diakses Di sinilah pentingnya keberanian untuk berubah Keterbukaan terhadap Inovasi Transformasi digital juga membutuhkan pimpinan kementerian lembaga dan pemerintah daerah yang terbuka terhadap inovasi Banyak program digital gagal bukan karena teknologinya buruk tetapi karena pola pikir birokrasi masih mempertahankan ego sektoral dan cara kerja lama Padahal inovasi lahir dari keterbukaan terhadap gagasan baru kolaborasi dan keberanian mencoba pendekatan berbeda Setiap kementerian dan pemerintah daerah seharusnya tidak lagi berjalan sendiri sendiri Data sistem dan layanan publik harus mulai diintegrasikan agar masyarakat tidak menjadi korban kerumitan administrasi Bila satu instansi meminta data yang sama berulang ulang kepada masyarakat maka sesungguhnya birokrasi belum benar benar digital Teknologi seharusnya mempermudah bukan justru memperumit pelayanan Karena itu transformasi digital membutuhkan aparatur yang tidak alergi terhadap perubahan ASN masa depan bukan hanya dituntut loyal dan disiplin tetapi juga kreatif kolaboratif dan melek teknologi Kolaborasi Menjadi Kunci Transformasi digital tidak bisa dilakukan secara parsial Tidak ada kementerian yang mampu bekerja sendiri menghadapi kompleksitas pelayanan publik modern Kolaborasi lintas sektor menjadi kunci utama Kementerian pemerintah daerah BUMN perguruan tinggi sektor swasta hingga komunitas digital harus mampu membangun ekosistem bersama Integrasi data nasional keamanan siber pelayanan kesehatan digital pendidikan digital hingga sistem bantuan sosial membutuhkan kerja bersama lintas lembaga Transformasi birokrasi ibarat orkestra besar Presiden adalah dirigen utamanya tetapi harmoni hanya tercipta bila seluruh instrumen bekerja selaras Tanpa kolaborasi digitalisasi hanya akan melahirkan ribuan aplikasi yang berjalan sendiri sendiri tanpa dampak nyata bagi masyarakat Menuju Indonesia yang Lebih Modern Pada akhirnya tujuan transformasi digital bukan sekadar mengejar modernitas teknologi Tujuan utamanya adalah menghadirkan pemerintahan yang lebih melayani lebih transparan lebih cepat dan lebih dipercaya rakyat Indonesia memiliki peluang besar menjadi negara dengan birokrasi modern yang kuat Namun peluang itu hanya dapat diwujudkan bila ada kepemimpinan nasional yang visioner budaya kerja yang adaptif keterbukaan terhadap inovasi serta kolaborasi lintas sektor yang solid Karena bangsa yang maju bukan hanya bangsa yang memiliki teknologi canggih tetapi bangsa yang mampu menggunakan teknologi untuk memperkuat pelayanan keadilan dan kesejahteraan masyarakatnya Dan transformasi besar itu harus dimulai dari keberanian untuk berubah;transformasi digital birokrasi teknologi saja tidak cukup oleh ir bagus budi hermanto mm opini indonesia sedang berada di tengah arus perubahan besar dunia revolusi digital telah mengubah hampir seluruh aspek kehidupan manusia mulai dari perdagangan pendidikan transportasi hingga pelayanan publik masyarakat kini hidup dalam budaya serba cepat serba praktis dan serba digital dalam situasi seperti ini birokrasi pemerintahan tidak bisa lagi berjalan dengan pola lama yang lambat kaku dan terfragmentasi karena itu transformasi digital birokrasi bukan lagi pilihan melainkan kebutuhan nasional namun perlu dipahami transformasi digital bukan sekadar membuat aplikasi membangun dashboard atau memindahkan dokumen kertas menjadi file elektronik digitalisasi sejati adalah perubahan cara berpikir cara bekerja dan cara melayani masyarakat teknologi hanyalah alat yang paling menentukan adalah kepemimpinan budaya kerja dan keberanian untuk berubah di sinilah tantangan terbesar birokrasi indonesia sesungguhnya berada presiden visioner menjadi penentu arah transformasi besar sebuah negara membutuhkan pemimpin yang mampu melihat jauh melampaui zamannya presiden tidak cukup hanya menjadi administrator pemerintahan tetapi harus menjadi arsitek masa depan bangsa presiden yang visioner memahami bahwa kekuatan negara modern tidak hanya diukur dari sumber daya alam atau pembangunan fisik tetapi juga dari kualitas tata kelola pemerintahannya negara yang mampu bergerak cepat mengambil keputusan berbasis data dan memberikan pelayanan publik yang efisien akan memiliki daya saing yang jauh lebih kuat dalam konteks ini presiden ibarat nahkoda kapal besar bernama indonesia kapal sebesar indonesia tidak mungkin bergerak menuju masa depan tanpa arah yang jelas nahkoda harus mampu membaca perubahan zaman menentukan tujuan pelayaran sekaligus menjaga seluruh awak kapal tetap bergerak dalam satu irama karena itu arah transformasi digital nasional membutuhkan kepemimpinan yang berani mengambil keputusan besar termasuk menyederhanakan birokrasi mengintegrasikan layanan publik dan mengubah budaya kerja pemerintahan menjadi lebih adaptif dunia bergerak cepat pemerintah harus adaptif perubahan global hari ini terjadi sangat cepat teknologi kecerdasan buatan big data cloud computing dan internet of things telah mengubah pola kerja pemerintahan di berbagai negara jika birokrasi tidak mampu beradaptasi maka pelayanan publik akan tertinggal dari kebutuhan masyarakatnya sendiri presiden dan seluruh pimpinan pemerintahan harus memiliki budaya kerja adaptif artinya tidak terjebak pada pola lama yang merasa nyaman dengan rutinitas administratif pemerintah harus berani mengevaluasi sistem yang sudah tidak relevan dan menggantinya dengan pendekatan yang lebih modern efisien dan terintegrasi masyarakat hari ini tidak ingin lagi dipersulit oleh banyak meja banyak tanda tangan atau banyak aplikasi yang tidak saling terhubung rakyat membutuhkan pelayanan yang sederhana cepat dan mudah diakses di sinilah pentingnya keberanian untuk berubah keterbukaan terhadap inovasi transformasi digital juga membutuhkan pimpinan kementerian lembaga dan pemerintah daerah yang terbuka terhadap inovasi banyak program digital gagal bukan karena teknologinya buruk tetapi karena pola pikir birokrasi masih mempertahankan ego sektoral dan cara kerja lama padahal inovasi lahir dari keterbukaan terhadap gagasan baru kolaborasi dan keberanian mencoba pendekatan berbeda setiap kementerian dan pemerintah daerah seharusnya tidak lagi berjalan sendiri sendiri data sistem dan layanan publik harus mulai diintegrasikan agar masyarakat tidak menjadi korban kerumitan administrasi bila satu instansi meminta data yang sama berulang ulang kepada masyarakat maka sesungguhnya birokrasi belum benar benar digital teknologi seharusnya mempermudah bukan justru memperumit pelayanan karena itu transformasi digital membutuhkan aparatur yang tidak alergi terhadap perubahan asn masa depan bukan hanya dituntut loyal dan disiplin tetapi juga kreatif kolaboratif dan melek teknologi kolaborasi menjadi kunci transformasi digital tidak bisa dilakukan secara parsial tidak ada kementerian yang mampu bekerja sendiri menghadapi kompleksitas pelayanan publik modern kolaborasi lintas sektor menjadi kunci utama kementerian pemerintah daerah bumn perguruan tinggi sektor swasta hingga komunitas digital harus mampu membangun ekosistem bersama integrasi data nasional keamanan siber pelayanan kesehatan digital pendidikan digital hingga sistem bantuan sosial membutuhkan kerja bersama lintas lembaga transformasi birokrasi ibarat orkestra besar presiden adalah dirigen utamanya tetapi harmoni hanya tercipta bila seluruh instrumen bekerja selaras tanpa kolaborasi digitalisasi hanya akan melahirkan ribuan aplikasi yang berjalan sendiri sendiri tanpa dampak nyata bagi masyarakat menuju indonesia yang lebih modern pada akhirnya tujuan transformasi digital bukan sekadar mengejar modernitas teknologi tujuan utamanya adalah menghadirkan pemerintahan yang lebih melayani lebih transparan lebih cepat dan lebih dipercaya rakyat indonesia memiliki peluang besar menjadi negara dengan birokrasi modern yang kuat namun peluang itu hanya dapat diwujudkan bila ada kepemimpinan nasional yang visioner budaya kerja yang adaptif keterbukaan terhadap inovasi serta kolaborasi lintas sektor yang solid karena bangsa yang maju bukan hanya bangsa yang memiliki teknologi canggih tetapi bangsa yang mampu menggunakan teknologi untuk memperkuat pelayanan keadilan dan kesejahteraan masyarakatnya dan transformasi besar itu harus dimulai dari keberanian untuk berubah;transformasi digital birokrasi teknologi saja tidak cukup oleh ir bagus budi hermanto mm opini indonesia sedang berada di tengah arus perubahan besar dunia revolusi digital telah mengubah hampir seluruh aspek kehidupan manusia mulai dari perdagangan pendidikan transportasi hingga pelayanan publik masyarakat kini hidup dalam budaya serba cepat serba praktis dan serba digital dalam situasi seperti ini birokrasi pemerintahan tidak bisa lagi berjalan dengan pola lama yang lambat kaku dan terfragmentasi karena itu transformasi digital birokrasi bukan lagi pilihan melainkan kebutuhan nasional namun perlu dipahami transformasi digital bukan sekadar membuat aplikasi membangun dashboard atau memindahkan dokumen kertas menjadi file elektronik digitalisasi sejati adalah perubahan cara berpikir cara bekerja dan cara melayani masyarakat teknologi hanyalah alat yang paling menentukan adalah kepemimpinan budaya kerja dan keberanian untuk berubah di sinilah tantangan terbesar birokrasi indonesia sesungguhnya berada presiden visioner menjadi penentu arah transformasi besar sebuah negara membutuhkan pemimpin yang mampu melihat jauh melampaui zamannya presiden tidak cukup hanya menjadi administrator pemerintahan tetapi harus menjadi arsitek masa depan bangsa presiden yang visioner memahami bahwa kekuatan negara modern tidak hanya diukur dari sumber daya alam atau pembangunan fisik tetapi juga dari kualitas tata kelola pemerintahannya negara yang mampu bergerak cepat mengambil keputusan berbasis data dan memberikan pelayanan publik yang efisien akan memiliki daya saing yang jauh lebih kuat dalam konteks ini presiden ibarat nahkoda kapal besar bernama indonesia kapal sebesar indonesia tidak mungkin bergerak menuju masa depan tanpa arah yang jelas nahkoda harus mampu membaca perubahan zaman menentukan tujuan pelayaran sekaligus menjaga seluruh awak kapal tetap bergerak dalam satu irama karena itu arah transformasi digital nasional membutuhkan kepemimpinan yang berani mengambil keputusan besar termasuk menyederhanakan birokrasi mengintegrasikan layanan publik dan mengubah budaya kerja pemerintahan menjadi lebih adaptif dunia bergerak cepat pemerintah harus adaptif perubahan global hari ini terjadi sangat cepat teknologi kecerdasan buatan big data cloud computing dan internet of things telah mengubah pola kerja pemerintahan di berbagai negara jika birokrasi tidak mampu beradaptasi maka pelayanan publik akan tertinggal dari kebutuhan masyarakatnya sendiri presiden dan seluruh pimpinan pemerintahan harus memiliki budaya kerja adaptif artinya tidak terjebak pada pola lama yang merasa nyaman dengan rutinitas administratif pemerintah harus berani mengevaluasi sistem yang sudah tidak relevan dan menggantinya dengan pendekatan yang lebih modern efisien dan terintegrasi masyarakat hari ini tidak ingin lagi dipersulit oleh banyak meja banyak tanda tangan atau banyak aplikasi yang tidak saling terhubung rakyat membutuhkan pelayanan yang sederhana cepat dan mudah diakses di sinilah pentingnya keberanian untuk berubah keterbukaan terhadap inovasi transformasi digital juga membutuhkan pimpinan kementerian lembaga dan pemerintah daerah yang terbuka terhadap inovasi banyak program digital gagal bukan karena teknologinya buruk tetapi karena pola pikir birokrasi masih mempertahankan ego sektoral dan cara kerja lama padahal inovasi lahir dari keterbukaan terhadap gagasan baru kolaborasi dan keberanian mencoba pendekatan berbeda setiap kementerian dan pemerintah daerah seharusnya tidak lagi berjalan sendiri sendiri data sistem dan layanan publik harus mulai diintegrasikan agar masyarakat tidak menjadi korban kerumitan administrasi bila satu instansi meminta data yang sama berulang ulang kepada masyarakat maka sesungguhnya birokrasi belum benar benar digital teknologi seharusnya mempermudah bukan justru memperumit pelayanan karena itu transformasi digital membutuhkan aparatur yang tidak alergi terhadap perubahan asn masa depan bukan hanya dituntut loyal dan disiplin tetapi juga kreatif kolaboratif dan melek teknologi kolaborasi menjadi kunci transformasi digital tidak bisa dilakukan secara parsial tidak ada kementerian yang mampu bekerja sendiri menghadapi kompleksitas pelayanan publik modern kolaborasi lintas sektor menjadi kunci utama kementerian pemerintah daerah bumn perguruan tinggi sektor swasta hingga komunitas digital harus mampu membangun ekosistem bersama integrasi data nasional keamanan siber pelayanan kesehatan digital pendidikan digital hingga sistem bantuan sosial membutuhkan kerja bersama lintas lembaga transformasi birokrasi ibarat orkestra besar presiden adalah dirigen utamanya tetapi harmoni hanya tercipta bila seluruh instrumen bekerja selaras tanpa kolaborasi digitalisasi hanya akan melahirkan ribuan aplikasi yang berjalan sendiri sendiri tanpa dampak nyata bagi masyarakat menuju indonesia yang lebih modern pada akhirnya tujuan transformasi digital bukan sekadar mengejar modernitas teknologi tujuan utamanya adalah menghadirkan pemerintahan yang lebih melayani lebih transparan lebih cepat dan lebih dipercaya rakyat indonesia memiliki peluang besar menjadi negara dengan birokrasi modern yang kuat namun peluang itu hanya dapat diwujudkan bila ada kepemimpinan nasional yang visioner budaya kerja yang adaptif keterbukaan terhadap inovasi serta kolaborasi lintas sektor yang solid karena bangsa yang maju bukan hanya bangsa yang memiliki teknologi canggih tetapi bangsa yang mampu menggunakan teknologi untuk memperkuat pelayanan keadilan dan kesejahteraan masyarakatnya dan transformasi besar itu harus dimulai dari keberanian untuk berubah;['transformasi', 'digital', 'birokrasi', 'teknologi', 'saja', 'tidak', 'cukup', 'oleh', 'ir', 'bagus', 'budi', 'hermanto', 'mm', 'opini', 'indonesia', 'sedang', 'berada', 'di', 'tengah', 'arus', 'perubahan', 'besar', 'dunia', 'revolusi', 'digital', 'telah', 'mengubah', 'hampir', 'seluruh', 'aspek', 'kehidupan', 'manusia', 'mulai', 'dari', 'perdagangan', 'pendidikan', 'transportasi', 'hingga', 'pelayanan', 'publik', 'masyarakat', 'kini', 'hidup', 'dalam', 'budaya', 'serba', 'cepat', 'serba', 'praktis', 'dan', 'serba', 'digital', 'dalam', 'situasi', 'seperti', 'ini', 'birokrasi', 'pemerintahan', 'tidak', 'bisa', 'lagi', 'berjalan', 'dengan', 'pola', 'lama', 'yang', 'lambat', 'kaku', 'dan', 'terfragmentasi', 'karena', 'itu', 'transformasi', 'digital', 'birokrasi', 'bukan', 'lagi', 'pilihan', 'melainkan', 'kebutuhan', 'nasional', 'namun', 'perlu', 'dipahami', 'transformasi', 'digital', 'bukan', 'sekadar', 'membuat', 'aplikasi', 'membangun', 'dashboard', 'atau', 'memindahkan', 'dokumen', 'kertas', 'menjadi', 'file', 'elektronik', 'digitalisasi', 'sejati', 'adalah', 'perubahan', 'cara', 'berpikir', 'cara', 'bekerja', 'dan', 'cara', 'melayani', 'masyarakat', 'teknologi', 'hanyalah', 'alat', 'yang', 'paling', 'menentukan', 'adalah', 'kepemimpinan', 'budaya', 'kerja', 'dan', 'keberanian', 'untuk', 'berubah', 'di', 'sinilah', 'tantangan', 'terbesar', 'birokrasi', 'indonesia', 'sesungguhnya', 'berada', 'presiden', 'visioner', 'menjadi', 'penentu', 'arah', 'transformasi', 'besar', 'sebuah', 'negara', 'membutuhkan', 'pemimpin', 'yang', 'mampu', 'melihat', 'jauh', 'melampaui', 'zamannya', 'presiden', 'tidak', 'cukup', 'hanya', 'menjadi', 'administrator', 'pemerintahan', 'tetapi', 'harus', 'menjadi', 'arsitek', 'masa', 'depan', 'bangsa', 'presiden', 'yang', 'visioner', 'memahami', 'bahwa', 'kekuatan', 'negara', 'modern', 'tidak', 'hanya', 'diukur', 'dari', 'sumber', 'daya', 'alam', 'atau', 'pembangunan', 'fisik', 'tetapi', 'juga', 'dari', 'kualitas', 'tata', 'kelola', 'pemerintahannya', 'negara', 'yang', 'mampu', 'bergerak', 'cepat', 'mengambil', 'keputusan', 'berbasis', 'data', 'dan', 'memberikan', 'pelayanan', 'publik', 'yang', 'efisien', 'akan', 'memiliki', 'daya', 'saing', 'yang', 'jauh', 'lebih', 'kuat', 'dalam', 'konteks', 'ini', 'presiden', 'ibarat', 'nahkoda', 'kapal', 'besar', 'bernama', 'indonesia', 'kapal', 'sebesar', 'indonesia', 'tidak', 'mungkin', 'bergerak', 'menuju', 'masa', 'depan', 'tanpa', 'arah', 'yang', 'jelas', 'nahkoda', 'harus', 'mampu', 'membaca', 'perubahan', 'zaman', 'menentukan', 'tujuan', 'pelayaran', 'sekaligus', 'menjaga', 'seluruh', 'awak', 'kapal', 'tetap', 'bergerak', 'dalam', 'satu', 'irama', 'karena', 'itu', 'arah', 'transformasi', 'digital', 'nasional', 'membutuhkan', 'kepemimpinan', 'yang', 'berani', 'mengambil', 'keputusan', 'besar', 'termasuk', 'menyederhanakan', 'birokrasi', 'mengintegrasikan', 'layanan', 'publik', 'dan', 'mengubah', 'budaya', 'kerja', 'pemerintahan', 'menjadi', 'lebih', 'adaptif', 'dunia', 'bergerak', 'cepat', 'pemerintah', 'harus', 'adaptif', 'perubahan', 'global', 'hari', 'ini', 'terjadi', 'sangat', 'cepat', 'teknologi', 'kecerdasan', 'buatan', 'big', 'data', 'cloud', 'computing', 'dan', 'internet', 'of', 'things', 'telah', 'mengubah', 'pola', 'kerja', 'pemerintahan', 'di', 'berbagai', 'negara', 'jika', 'birokrasi', 'tidak', 'mampu', 'beradaptasi', 'maka', 'pelayanan', 'publik', 'akan', 'tertinggal', 'dari', 'kebutuhan', 'masyarakatnya', 'sendiri', 'presiden', 'dan', 'seluruh', 'pimpinan', 'pemerintahan', 'harus', 'memiliki', 'budaya', 'kerja', 'adaptif', 'artinya', 'tidak', 'terjebak', 'pada', 'pola', 'lama', 'yang', 'merasa', 'nyaman', 'dengan', 'rutinitas', 'administratif', 'pemerintah', 'harus', 'berani', 'mengevaluasi', 'sistem', 'yang', 'sudah', 'tidak', 'relevan', 'dan', 'menggantinya', 'dengan', 'pendekatan', 'yang', 'lebih', 'modern', 'efisien', 'dan', 'terintegrasi', 'masyarakat', 'hari', 'ini', 'tidak', 'ingin', 'lagi', 'dipersulit', 'oleh', 'banyak', 'meja', 'banyak', 'tanda', 'tangan', 'atau', 'banyak', 'aplikasi', 'yang', 'tidak', 'saling', 'terhubung', 'rakyat', 'membutuhkan', 'pelayanan', 'yang', 'sederhana', 'cepat', 'dan', 'mudah', 'diakses', 'di', 'sinilah', 'pentingnya', 'keberanian', 'untuk', 'berubah', 'keterbukaan', 'terhadap', 'inovasi', 'transformasi', 'digital', 'juga', 'membutuhkan', 'pimpinan', 'kementerian', 'lembaga', 'dan', 'pemerintah', 'daerah', 'yang', 'terbuka', 'terhadap', 'inovasi', 'banyak', 'program', 'digital', 'gagal', 'bukan', 'karena', 'teknologinya', 'buruk', 'tetapi', 'karena', 'pola', 'pikir', 'birokrasi', 'masih', 'mempertahankan', 'ego', 'sektoral', 'dan', 'cara', 'kerja', 'lama', 'padahal', 'inovasi', 'lahir', 'dari', 'keterbukaan', 'terhadap', 'gagasan', 'baru', 'kolaborasi', 'dan', 'keberanian', 'mencoba', 'pendekatan', 'berbeda', 'setiap', 'kementerian', 'dan', 'pemerintah', 'daerah', 'seharusnya', 'tidak', 'lagi', 'berjalan', 'sendiri', 'sendiri', 'data', 'sistem', 'dan', 'layanan', 'publik', 'harus', 'mulai', 'diintegrasikan', 'agar', 'masyarakat', 'tidak', 'menjadi', 'korban', 'kerumitan', 'administrasi', 'bila', 'satu', 'instansi', 'meminta', 'data', 'yang', 'sama', 'berulang', 'ulang', 'kepada', 'masyarakat', 'maka', 'sesungguhnya', 'birokrasi', 'belum', 'benar', 'benar', 'digital', 'teknologi', 'seharusnya', 'mempermudah', 'bukan', 'justru', 'memperumit', 'pelayanan', 'karena', 'itu', 'transformasi', 'digital', 'membutuhkan', 'aparatur', 'yang', 'tidak', 'alergi', 'terhadap', 'perubahan', 'asn', 'masa', 'depan', 'bukan', 'hanya', 'dituntut', 'loyal', 'dan', 'disiplin', 'tetapi', 'juga', 'kreatif', 'kolaboratif', 'dan', 'melek', 'teknologi', 'kolaborasi', 'menjadi', 'kunci', 'transformasi', 'digital', 'tidak', 'bisa', 'dilakukan', 'secara', 'parsial', 'tidak', 'ada', 'kementerian', 'yang', 'mampu', 'bekerja', 'sendiri', 'menghadapi', 'kompleksitas', 'pelayanan', 'publik', 'modern', 'kolaborasi', 'lintas', 'sektor', 'menjadi', 'kunci', 'utama', 'kementerian', 'pemerintah', 'daerah', 'bumn', 'perguruan', 'tinggi', 'sektor', 'swasta', 'hingga', 'komunitas', 'digital', 'harus', 'mampu', 'membangun', 'ekosistem', 'bersama', 'integrasi', 'data', 'nasional', 'keamanan', 'siber', 'pelayanan', 'kesehatan', 'digital', 'pendidikan', 'digital', 'hingga', 'sistem', 'bantuan', 'sosial', 'membutuhkan', 'kerja', 'bersama', 'lintas', 'lembaga', 'transformasi', 'birokrasi', 'ibarat', 'orkestra', 'besar', 'presiden', 'adalah', 'dirigen', 'utamanya', 'tetapi', 'harmoni', 'hanya', 'tercipta', 'bila', 'seluruh', 'instrumen', 'bekerja', 'selaras', 'tanpa', 'kolaborasi', 'digitalisasi', 'hanya', 'akan', 'melahirkan', 'ribuan', 'aplikasi', 'yang', 'berjalan', 'sendiri', 'sendiri', 'tanpa', 'dampak', 'nyata', 'bagi', 'masyarakat', 'menuju', 'indonesia', 'yang', 'lebih', 'modern', 'pada', 'akhirnya', 'tujuan', 'transformasi', 'digital', 'bukan', 'sekadar', 'mengejar', 'modernitas', 'teknologi', 'tujuan', 'utamanya', 'adalah', 'menghadirkan', 'pemerintahan', 'yang', 'lebih', 'melayani', 'lebih', 'transparan', 'lebih', 'cepat', 'dan', 'lebih', 'dipercaya', 'rakyat', 'indonesia', 'memiliki', 'peluang', 'besar', 'menjadi', 'negara', 'dengan', 'birokrasi', 'modern', 'yang', 'kuat', 'namun', 'peluang', 'itu', 'hanya', 'dapat', 'diwujudkan', 'bila', 'ada', 'kepemimpinan', 'nasional', 'yang', 'visioner', 'budaya', 'kerja', 'yang', 'adaptif', 'keterbukaan', 'terhadap', 'inovasi', 'serta', 'kolaborasi', 'lintas', 'sektor', 'yang', 'solid', 'karena', 'bangsa', 'yang', 'maju', 'bukan', 'hanya', 'bangsa', 'yang', 'memiliki', 'teknologi', 'canggih', 'tetapi', 'bangsa', 'yang', 'mampu', 'menggunakan', 'teknologi', 'untuk', 'memperkuat', 'pelayanan', 'keadilan', 'dan', 'kesejahteraan', 'masyarakatnya', 'dan', 'transformasi', 'besar', 'itu', 'harus', 'dimulai', 'dari', 'keberanian', 'untuk', 'berubah'];Prabowo;Kebijakan;Out_of_Topic;Out_of_Topic;Out_of_Topic
KORUPSI MERAH PUTIH...;KORUPSI MERAH PUTIH;korupsi merah putih;korupsi merah putih;['korupsi', 'merah', 'putih'];Tidak Terdeteksi;Korupsi;Menolak;Menolak;Netral
Bikin koperasi kalau modal awal didrop nggak bisa jalan itu mengajari mental ngemis membuat orang nggak produktif sebelum pemerintah menyebar duit dikoperasi tunjukkan koperasi yg sdh sukses mensejahterakan anggotanya;Bikin koperasi kalau modal awal didrop nggak bisa jalan itu mengajari mental ngemis membuat orang nggak produktif sebelum pemerintah menyebar duit dikoperasi tunjukkan koperasi yg sdh sukses mensejahterakan anggotanya;membuat koperasi kalau modal awal didrop tidak bisa jalan itu mengajari mental ngemis membuat orang tidak produktif sebelum pemerintah menyebar uang dikoperasi tunjukkan koperasi yang sudah sukses mensejahterakan anggotanya;membuat koperasi kalau modal awal didrop tidak bisa jalan itu mengajari mental ngemis membuat orang tidak produktif sebelum pemerintah menyebar uang dikoperasi tunjukkan koperasi yang sudah sukses mensejahterakan anggotanya;['membuat', 'koperasi', 'kalau', 'modal', 'awal', 'didrop', 'tidak', 'bisa', 'jalan', 'itu', 'mengajari', 'mental', 'ngemis', 'membuat', 'orang', 'tidak', 'produktif', 'sebelum', 'pemerintah', 'menyebar', 'uang', 'dikoperasi', 'tunjukkan', 'koperasi', 'yang', 'sudah', 'sukses', 'mensejahterakan', 'anggotanya'];Tidak Terdeteksi;Pengelolaan, Kebijakan;Mendukung;Mendukung;Menolak
?? Rezim Militer Baru;Rezim Militer Baru;pemerintah tni baru;pemerintah tni baru;['pemerintah', 'tni', 'baru'];TNI;Militerisasi, Kebijakan;Netral;Netral;Menolak
Dulu ada BUMDes sekarang kopdes bedanya gimana? Jangan nanti ambrol lagi.;Dulu ada BUMDes sekarang kopdes bedanya gimana Jangan nanti ambrol lagi;dulu ada badan usaha milik desa sekarang koperasi desa bedanya bagaimana jangan nanti ambrol lagi;dulu ada badan usaha milik desa sekarang koperasi desa bedanya bagaimana jangan nanti ambrol lagi;['dulu', 'ada', 'badan', 'usaha', 'milik', 'desa', 'sekarang', 'koperasi', 'desa', 'bedanya', 'bagaimana', 'jangan', 'nanti', 'ambrol', 'lagi'];KDMP;Lainnya;Diskusi;Diskusi;Menolak
Hal ini menunjukkan semangat gotong royong negara. TNI hadir bukan hanya menjaga keamanan, tapi juga membantu memperkuat ekonomi desa, memastikan program berjalan tertib, tepat sasaran, dan benar-benar dirasakan manfaatnya oleh masyarakat;Hal ini menunjukkan semangat gotong royong negara TNI hadir bukan hanya menjaga keamanan tapi juga membantu memperkuat ekonomi desa memastikan program berjalan tertib tepat sasaran dan benar benar dirasakan manfaatnya oleh masyarakat;hal ini menunjukkan semangat gotong royong negara tni hadir bukan hanya menjaga keamanan tapi juga membantu memperkuat ekonomi desa memastikan program berjalan tertib tepat sasaran dan benar benar dirasakan manfaatnya oleh masyarakat;hal ini menunjukkan semangat gotong royong negara tni bukan hanya menjaga keamanan tapi juga membantu memperkuat ekonomi desa memastikan program berjalan tertib tepat sasaran dan benar benar dirasakan manfaatnya oleh masyarakat;['hal', 'ini', 'menunjukkan', 'semangat', 'gotong', 'royong', 'negara', 'tni', 'bukan', 'hanya', 'menjaga', 'keamanan', 'tapi', 'juga', 'membantu', 'memperkuat', 'ekonomi', 'desa', 'memastikan', 'program', 'berjalan', 'tertib', 'tepat', 'sasaran', 'dan', 'benar', 'benar', 'dirasakan', 'manfaatnya', 'oleh', 'masyarakat'];TNI;Militerisasi, Kebijakan;Mendukung;Mendukung;Mendukung
Saya sebagai ketua koperasi melihat program ini bagus, tapi kalo modal awal nya saja dari bank yg pusing pasti pengurus, biaya operasional nya tentu tidak sedikit, sedangkan pemasukan dari anggota di desa tidak terlalu banyak, warga hanya melihat unit simpan pinjam nya itupun yg di cari pinjaman nya saja. Sedangkan kalo koperasi ingin membuka gerai unit lain juga butuh modal banyak;Saya sebagai ketua koperasi melihat program ini bagus tapi kalo modal awal nya saja dari bank yg pusing pasti pengurus biaya operasional nya tentu tidak sedikit sedangkan pemasukan dari anggota di desa tidak terlalu banyak warga hanya melihat unit simpan pinjam nya itupun yg di cari pinjaman nya saja Sedangkan kalo koperasi ingin membuka gerai unit lain juga butuh modal banyak;saya sebagai ketua koperasi melihat program ini bagus tapi kalau modal awal nya saja dari bank yang pusing pasti pengurus biaya operasional nya tentu tidak sedikit sedangkan pemasukan dari anggota di desa tidak terlalu banyak warga hanya melihat unit simpan pinjam nya itupun yang di cari pinjaman nya saja sedangkan kalau koperasi ingin membuka gerai unit lain juga butuh modal banyak;saya sebagai ketua koperasi melihat program ini bagus tapi kalau modal awal nya saja dari bank yang pusing pasti pengurus biaya operasional nya tentu tidak sedikit sedangkan pemasukan dari anggota di desa tidak terlalu banyak warga hanya melihat unit simpan pinjam nya itupun yang di cari pinjaman nya saja sedangkan kalau koperasi ingin membuka gerai unit lain juga butuh modal banyak;['saya', 'sebagai', 'ketua', 'koperasi', 'melihat', 'program', 'ini', 'bagus', 'tapi', 'kalau', 'modal', 'awal', 'nya', 'saja', 'dari', 'bank', 'yang', 'pusing', 'pasti', 'pengurus', 'biaya', 'operasional', 'nya', 'tentu', 'tidak', 'sedikit', 'sedangkan', 'pemasukan', 'dari', 'anggota', 'di', 'desa', 'tidak', 'terlalu', 'banyak', 'warga', 'hanya', 'melihat', 'unit', 'simpan', 'pinjam', 'nya', 'itupun', 'yang', 'di', 'cari', 'pinjaman', 'nya', 'saja', 'sedangkan', 'kalau', 'koperasi', 'ingin', 'membuka', 'gerai', 'unit', 'lain', 'juga', 'butuh', 'modal', 'banyak'];Tidak Terdeteksi;Pengelolaan, Kebijakan;Mendukung;Mendukung;Mendukung
Amerika Serikat dan antek2 nya yg sok nasionalis sedang memeras rakyat;Amerika Serikat dan antek2 nya yg sok nasionalis sedang memeras rakyat;amerika serikat dan antek2 nya yang sok nasionalis sedang memeras rakyat;amerika serikat dan antek2 nya yang sok nasionalis sedang memeras rakyat;['amerika', 'serikat', 'dan', 'antek2', 'nya', 'yang', 'sok', 'nasionalis', 'sedang', 'memeras', 'rakyat'];Tidak Terdeteksi;Lainnya;Netral;Netral;Menolak
kalau saya pribadi sementara ini lebih percaya dulu ke TNI daripada kepala desa dengan bantuan polisi.;kalau saya pribadi sementara ini lebih percaya dulu ke TNI daripada kepala desa dengan bantuan polisi;kalau saya pribadi sementara ini lebih percaya dulu ke tni daripada kepala desa dengan bantuan polisi;kalau saya pribadi sementara ini lebih percaya dulu ke tni daripada kepala desa dengan bantuan polisi;['kalau', 'saya', 'pribadi', 'sementara', 'ini', 'lebih', 'percaya', 'dulu', 'ke', 'tni', 'daripada', 'kepala', 'desa', 'dengan', 'bantuan', 'polisi'];TNI, Kades;Militerisasi;Diskusi;Diskusi;Mendukung
"CUKUP SATU RAJA JANGAN ADA RAJA2 AN LAGI. 
KALO NYUSAHIN RAKYAT SURUH TURUN";CUKUP SATU RAJA JANGAN ADA RAJA2 AN LAGI KALO NYUSAHIN RAKYAT SURUH TURUN;cukup satu raja jangan ada raja2 an lagi kalau nyusahin rakyat suruh turun;cukup satu raja jangan ada raja2 an lagi kalau nyusahin rakyat suruh turun;['cukup', 'satu', 'raja', 'jangan', 'ada', 'raja2', 'an', 'lagi', 'kalau', 'nyusahin', 'rakyat', 'suruh', 'turun'];Tidak Terdeteksi;Lainnya;Menolak;Menolak;Menolak
Koperasi ini akan mati dengan cepat apa ya bisa ngalahin indomart dan alfa yg sudah jago dibidang management retail dan distribusi;Koperasi ini akan mati dengan cepat apa ya bisa ngalahin indomart dan alfa yg sudah jago dibidang management retail dan distribusi;koperasi ini akan mati dengan cepat apa ya bisa ngalahin indomart dan alfa yang sudah jago dibidang management retail dan distribusi;koperasi ini akan mati dengan cepat apa bisa ngalahin indomart dan alfa yang sudah jago dibidang management retail dan distribusi;['koperasi', 'ini', 'akan', 'mati', 'dengan', 'cepat', 'apa', 'bisa', 'ngalahin', 'indomart', 'dan', 'alfa', 'yang', 'sudah', 'jago', 'dibidang', 'management', 'retail', 'dan', 'distribusi'];Tidak Terdeteksi;Lainnya;Netral;Netral;Menolak
Rantai korupsi berjamaah akan terjadi;Rantai korupsi berjamaah akan terjadi;rantai korupsi berjamaah akan terjadi;rantai korupsi berjamaah akan terjadi;['rantai', 'korupsi', 'berjamaah', 'akan', 'terjadi'];Tidak Terdeteksi;Korupsi;Menolak;Menolak;Menolak
Gila emang;Gila emang;gila emang;gila emang;['gila', 'emang'];Tidak Terdeteksi;Lainnya;Netral;Netral;Menolak
Belum apa” udah salah aja, dan akan selalu salah ketika memang yang dilihat dari sisi buruk dan kurangnya aja;Belum apa udah salah aja dan akan selalu salah ketika memang yang dilihat dari sisi buruk dan kurangnya aja;belum apa sudah salah saja dan akan selalu salah ketika memang yang dilihat dari sisi buruk dan kurangnya saja;belum apa sudah salah saja dan akan selalu salah ketika memang yang dilihat dari sisi buruk dan kurangnya saja;['belum', 'apa', 'sudah', 'salah', 'saja', 'dan', 'akan', 'selalu', 'salah', 'ketika', 'memang', 'yang', 'dilihat', 'dari', 'sisi', 'buruk', 'dan', 'kurangnya', 'saja'];Tidak Terdeteksi;Lainnya;Menolak;Menolak;Netral
Anak pemberontak dijadikan presiden, jelas dia merampok uang negara;Anak pemberontak dijadikan presiden jelas dia merampok uang negara;anak pemberontak dijadikan presiden jelas dia merampok uang negara;anak pemberontak dijadikan presiden jelas dia merampok uang negara;['anak', 'pemberontak', 'dijadikan', 'presiden', 'jelas', 'dia', 'merampok', 'uang', 'negara'];Prabowo;Lainnya;Netral;Netral;Menolak
400 T lebih baik buka besar2an mall mall produksi hasil petani sehigga mereka tdk perlu jual ke tengkulak. Petani sejahtera,hrga terjangkau ekonomi bergerak dan potensi berhasil lbh besar dan peluang korupsi lbh minim.;400 T lebih baik buka besar2an mall mall produksi hasil petani sehigga mereka tdk perlu jual ke tengkulak Petani sejahtera hrga terjangkau ekonomi bergerak dan potensi berhasil lbh besar dan peluang korupsi lbh minim;400 tidak lebih baik buka besar2an mall mall produksi hasil petani sehigga mereka tidak perlu jual ke tengkulak petani sejahtera hrga terjangkau ekonomi bergerak dan potensi berhasil lbh besar dan peluang korupsi lbh minim;400 tidak lebih baik buka besar2an mall mall produksi hasil petani sehigga mereka tidak perlu jual ke tengkulak petani sejahtera hrga terjangkau ekonomi bergerak dan potensi berhasil lbh besar dan peluang korupsi lbh minim;['400', 'tidak', 'lebih', 'baik', 'buka', 'besar2an', 'mall', 'mall', 'produksi', 'hasil', 'petani', 'sehigga', 'mereka', 'tidak', 'perlu', 'jual', 'ke', 'tengkulak', 'petani', 'sejahtera', 'hrga', 'terjangkau', 'ekonomi', 'bergerak', 'dan', 'potensi', 'berhasil', 'lbh', 'besar', 'dan', 'peluang', 'korupsi', 'lbh', 'minim'];Tidak Terdeteksi;Korupsi;Mendukung;Mendukung;Diskusi
"Mendirikan Koperasi kok atas perintah Top Down bukannya harus dari bawah atas inisiatif sekumpulan orang yang memiliki kepentingan ekonomi yang sama sesuai UU Koperasi No.25 tahun 1992.....
Khawatir saja apabila pak Prabowo selesai tidak lagi jadi Presiden RI dan dana APBN/APBD ataupun dari Bank HIMBARA sebagai modal dasar lenyap karena sebab sebab yang dikategorikan melanggar hukum dan UU, maka orang orang yang dibawah banyak yang memakai rompi orange dan yang diatas atas masih bisa tersenyum senyum...
Begitu juga untuk program MBG dan SEKOLAH RAKYAT...
SUDAH ADA BUMDES KENAPA INI TIDAK DIBERDAYAKAN SUPAYA SEHAT DAN HEBAT..?? 
???? ?? ????";Mendirikan Koperasi kok atas perintah Top Down bukannya harus dari bawah atas inisiatif sekumpulan orang yang memiliki kepentingan ekonomi yang sama sesuai UU Koperasi No 25 tahun 1992 Khawatir saja apabila pak Prabowo selesai tidak lagi jadi Presiden RI dan dana APBN APBD ataupun dari Bank HIMBARA sebagai modal dasar lenyap karena sebab sebab yang dikategorikan melanggar hukum dan UU maka orang orang yang dibawah banyak yang memakai rompi orange dan yang diatas atas masih bisa tersenyum senyum Begitu juga untuk program MBG dan SEKOLAH RAKYAT SUDAH ADA BUMDES KENAPA INI TIDAK DIBERDAYAKAN SUPAYA SEHAT DAN HEBAT;mendirikan koperasi atas perintah top down bukannya harus dari bawah atas inisiatif sekumpulan orang yang memiliki kepentingan ekonomi yang sama sesuai uu koperasi no 25 tahun 1992 khawatir saja apabila pak prabowo selesai tidak lagi jadi presiden ri dan dana anggaran pendapatan dan belanja negara anggaran pendapatan dan belanja daerah ataupun dari bank himbara sebagai modal dasar lenyap karena sebab sebab yang dikategorikan melanggar hukum dan uu maka orang orang yang dibawah banyak yang memakai rompi orange dan yang diatas atas masih bisa tersenyum senyum begitu juga untuk program mbg dan sekolah rakyat sudah ada badan usaha milik desa kenapa ini tidak diberdayakan supaya sehat dan hebat;mendirikan koperasi atas perintah top down bukannya harus dari bawah atas inisiatif sekumpulan orang yang memiliki kepentingan ekonomi yang sama sesuai uu koperasi no 25 tahun 1992 khawatir saja apabila pak prabowo selesai tidak lagi jadi presiden ri dan dana anggaran pendapatan dan belanja negara anggaran pendapatan dan belanja daerah ataupun dari bank himbara sebagai modal dasar lenyap karena sebab sebab yang dikategorikan melanggar hukum dan uu maka orang orang yang dibawah banyak yang memakai rompi orange dan yang diatas atas masih bisa tersenyum senyum begitu juga untuk program mbg dan sekolah rakyat sudah ada badan usaha milik desa kenapa ini tidak diberdayakan supaya sehat dan hebat;['mendirikan', 'koperasi', 'atas', 'perintah', 'top', 'down', 'bukannya', 'harus', 'dari', 'bawah', 'atas', 'inisiatif', 'sekumpulan', 'orang', 'yang', 'memiliki', 'kepentingan', 'ekonomi', 'yang', 'sama', 'sesuai', 'uu', 'koperasi', 'no', '25', 'tahun', '1992', 'khawatir', 'saja', 'apabila', 'pak', 'prabowo', 'selesai', 'tidak', 'lagi', 'jadi', 'presiden', 'ri', 'dan', 'dana', 'anggaran', 'pendapatan', 'dan', 'belanja', 'negara', 'anggaran', 'pendapatan', 'dan', 'belanja', 'daerah', 'ataupun', 'dari', 'bank', 'himbara', 'sebagai', 'modal', 'dasar', 'lenyap', 'karena', 'sebab', 'sebab', 'yang', 'dikategorikan', 'melanggar', 'hukum', 'dan', 'uu', 'maka', 'orang', 'orang', 'yang', 'dibawah', 'banyak', 'yang', 'memakai', 'rompi', 'orange', 'dan', 'yang', 'diatas', 'atas', 'masih', 'bisa', 'tersenyum', 'senyum', 'begitu', 'juga', 'untuk', 'program', 'mbg', 'dan', 'sekolah', 'rakyat', 'sudah', 'ada', 'badan', 'usaha', 'milik', 'desa', 'kenapa', 'ini', 'tidak', 'diberdayakan', 'supaya', 'sehat', 'dan', 'hebat'];Prabowo;Kebijakan;Diskusi;Diskusi;Diskusi
Ya, nggak apa lah selama ini ( tempo) diam, anda asal ngomong, selama ini koperasi mati suri, Anda tempo pendukungnya imperialis (oligarki);Ya nggak apa lah selama ini tempo diam anda asal ngomong selama ini koperasi mati suri Anda tempo pendukungnya imperialis oligarki;ya tidak apa selama ini tempo diam kamu asal ngomong selama ini koperasi mati suri kamu tempo pendukungnya imperialis oligarki;tidak apa selama ini tempo diam kamu asal ngomong selama ini koperasi mati suri kamu tempo pendukungnya imperialis oligarki;['tidak', 'apa', 'selama', 'ini', 'tempo', 'diam', 'kamu', 'asal', 'ngomong', 'selama', 'ini', 'koperasi', 'mati', 'suri', 'kamu', 'tempo', 'pendukungnya', 'imperialis', 'oligarki'];Tempo;Media;Mendukung;Mendukung;Menolak
Kekenyangan HOAK otak jadi PESIMIS dan tidak percaya diri sendiri kelamaan HOAK beginilah jadinya wajah sebagian KECIL rakyat NKRI kebanyakan orang PINTAR yg ASBUN masih ada Rakyat Indonesia yg tidak percaya NEGARAnya sendiri, atau jangan-jangan bukan rakyat INDONESIA tapi ngaku2 Warga Negara Indonesia kali yeeeh;Kekenyangan HOAK otak jadi PESIMIS dan tidak percaya diri sendiri kelamaan HOAK beginilah jadinya wajah sebagian KECIL rakyat NKRI kebanyakan orang PINTAR yg ASBUN masih ada Rakyat Indonesia yg tidak percaya NEGARAnya sendiri atau jangan jangan bukan rakyat INDONESIA tapi ngaku2 Warga Negara Indonesia kali yeeeh;kekenyangan hoak otak jadi pesimis dan tidak percaya diri sendiri kelamaan hoak beginilah jadinya wajah sebagian kecil rakyat nkri kebanyakan orang pintar yang asbun masih ada rakyat indonesia yang tidak percaya negaranya sendiri atau jangan jangan bukan rakyat indonesia tapi ngaku2 warga negara indonesia kali yeeeh;kekenyangan hoak otak jadi pesimis dan tidak percaya diri sendiri kelamaan hoak beginilah jadinya wajah sebagian kecil rakyat nkri kebanyakan orang pintar yang asbun masih ada rakyat indonesia yang tidak percaya negaranya sendiri atau jangan jangan bukan rakyat indonesia tapi ngaku2 warga negara indonesia kali yeeeh;['kekenyangan', 'hoak', 'otak', 'jadi', 'pesimis', 'dan', 'tidak', 'percaya', 'diri', 'sendiri', 'kelamaan', 'hoak', 'beginilah', 'jadinya', 'wajah', 'sebagian', 'kecil', 'rakyat', 'nkri', 'kebanyakan', 'orang', 'pintar', 'yang', 'asbun', 'masih', 'ada', 'rakyat', 'indonesia', 'yang', 'tidak', 'percaya', 'negaranya', 'sendiri', 'atau', 'jangan', 'jangan', 'bukan', 'rakyat', 'indonesia', 'tapi', 'ngaku2', 'warga', 'negara', 'indonesia', 'kali', 'yeeeh'];Tidak Terdeteksi;Lainnya;Menolak;Menolak;Diskusi
Era rezim mengedepankan militer berperan di segala bidang , sangat otoriter;Era rezim mengedepankan militer berperan di segala bidang sangat otoriter;era pemerintah mengedepankan tni berperan di segala bidang sangat otoriter;era pemerintah mengedepankan tni berperan di segala bidang sangat otoriter;['era', 'pemerintah', 'mengedepankan', 'tni', 'berperan', 'di', 'segala', 'bidang', 'sangat', 'otoriter'];TNI;Militerisasi, Kebijakan;Menolak;Menolak;Menolak
Negara lain ud mikir bikin rudal canggih militer kita malah ngurus koperasi....lama2 jadi bank emok harian mereka;Negara lain ud mikir bikin rudal canggih militer kita malah ngurus koperasi lama2 jadi bank emok harian mereka;negara lain ud mikir membuat rudal canggih tni kita malah ngurus koperasi lama2 jadi bank emok harian mereka;negara lain ud mikir membuat rudal canggih tni kita malah ngurus koperasi lama2 jadi bank emok harian mereka;['negara', 'lain', 'ud', 'mikir', 'membuat', 'rudal', 'canggih', 'tni', 'kita', 'malah', 'ngurus', 'koperasi', 'lama2', 'jadi', 'bank', 'emok', 'harian', 'mereka'];TNI;Militerisasi;Netral;Netral;Menolak
Kita masyarakat punya harapan besar dengan di bangunnya Koprasi ini, menuju kedaulatan rakyat yg selama ini di kuasai oleh segelintir orang dengan korporet2nya, hidup pak Prabowo semoga niat baikmu dapat terealisasi positif, amin;Kita masyarakat punya harapan besar dengan di bangunnya Koprasi ini menuju kedaulatan rakyat yg selama ini di kuasai oleh segelintir orang dengan korporet2nya hidup pak Prabowo semoga niat baikmu dapat terealisasi positif amin;kita masyarakat punya harapan besar dengan di bangunnya koperasi ini menuju kedaulatan rakyat yang selama ini di kuasai oleh segelintir orang dengan korporet2nya hidup pak prabowo semoga niat baikmu dapat terealisasi positif amin;kita masyarakat punya harapan besar dengan di bangunnya koperasi ini menuju kedaulatan rakyat yang selama ini di kuasai oleh segelintir orang dengan korporet2nya hidup pak prabowo semoga niat baikmu dapat terealisasi positif amin;['kita', 'masyarakat', 'punya', 'harapan', 'besar', 'dengan', 'di', 'bangunnya', 'koperasi', 'ini', 'menuju', 'kedaulatan', 'rakyat', 'yang', 'selama', 'ini', 'di', 'kuasai', 'oleh', 'segelintir', 'orang', 'dengan', 'korporet2nya', 'hidup', 'pak', 'prabowo', 'semoga', 'niat', 'baikmu', 'dapat', 'terealisasi', 'positif', 'amin'];Prabowo;Lainnya;Mendukung;Mendukung;Mendukung
Koruptorrrr merajalelah....ancurrr negara ini;Koruptorrrr merajalelah ancurrr negara ini;koruptorrrr merajalelah ancurrr negara ini;koruptorrrr merajalelah ancurrr negara ini;['koruptorrrr', 'merajalelah', 'ancurrr', 'negara', 'ini'];Tidak Terdeteksi;Korupsi;Menolak;Menolak;Menolak
Ya lebih baik beli produksi mobil dalam negeri. Agar dapat menjadikan maju produksi buatan anak bangsa. Hargai made in dan cintai produksi Indonesia .NKRI.;Ya lebih baik beli produksi mobil dalam negeri Agar dapat menjadikan maju produksi buatan anak bangsa Hargai made in dan cintai produksi Indonesia NKRI;ya lebih baik beli produksi mobil dalam negeri agar dapat menjadikan maju produksi buatan anak bangsa hargai made in dan cintai produksi indonesia nkri;lebih baik beli produksi mobil dalam negeri agar dapat menjadikan maju produksi buatan anak bangsa hargai made in dan cintai produksi indonesia nkri;['lebih', 'baik', 'beli', 'produksi', 'mobil', 'dalam', 'negeri', 'agar', 'dapat', 'menjadikan', 'maju', 'produksi', 'buatan', 'anak', 'bangsa', 'hargai', 'made', 'in', 'dan', 'cintai', 'produksi', 'indonesia', 'nkri'];Tidak Terdeteksi;Lainnya;Mendukung;Mendukung;Menolak
Koruptor : wah lahan baru ini;Koruptor wah lahan baru ini;koruptor wah lahan baru ini;koruptor wah lahan baru ini;['koruptor', 'wah', 'lahan', 'baru', 'ini'];Tidak Terdeteksi;Korupsi;Menolak;Menolak;Menolak
Keren banget prabowo bisa satukan TNI & sipil;Keren banget prabowo bisa satukan TNI sipil;keren sekali prabowo bisa satukan tni sipil;keren sekali prabowo bisa satukan tni sipil;['keren', 'sekali', 'prabowo', 'bisa', 'satukan', 'tni', 'sipil'];TNI, Prabowo;Militerisasi;Mendukung;Mendukung;Mendukung
kalau tdk di kawal pasti fi korupsi oleh oknum kades,;kalau tdk di kawal pasti fi korupsi oleh oknum kades;kalau tidak di kawal pasti fi korupsi oleh oknum kepala desa;kalau tidak di kawal pasti fi korupsi oleh oknum kepala desa;['kalau', 'tidak', 'di', 'kawal', 'pasti', 'fi', 'korupsi', 'oleh', 'oknum', 'kepala', 'desa'];Kades;Korupsi;Menolak;Menolak;Menolak
"Secara bisnis, koperasi tidak bisa diandalkan karena dimiliki banyak orang dan bisa banyak konflik. Yang lebih mendasar lagi, koperasi melayani pemilik sebagai konsumen dan mereka sebagai pemilik juga bisa mengganti pengurusnya, ini vested interest, ini konflik.

Contoh, koperasi beli bahan dari anggota harus lebih tinggi dari tengkulak, tapi jual ke anggota harus lebih murah dari tengkulak, nah kalo gini gimana mo untung.

Koperasi harusnya stabilisasi harga untuk melawan kartel, mafia...ini yang diharapkan saat harga dimainkan, koperasi beli di harga yang lemah, tapi bisa jual harga lebih tinggi, dan keuntungannya mensubsidi kerugian anggota karena harga yang melemah. Ini idealnya.

Tapi...anggota2 justru memanfaatkan koperasi untuk kepentingan masing2. Jadi, ya tadi beli mahal...jual murah. Makanya juaaarang banget koperasi itu well-perfomed, well-managed.";Secara bisnis koperasi tidak bisa diandalkan karena dimiliki banyak orang dan bisa banyak konflik Yang lebih mendasar lagi koperasi melayani pemilik sebagai konsumen dan mereka sebagai pemilik juga bisa mengganti pengurusnya ini vested interest ini konflik Contoh koperasi beli bahan dari anggota harus lebih tinggi dari tengkulak tapi jual ke anggota harus lebih murah dari tengkulak nah kalo gini gimana mo untung Koperasi harusnya stabilisasi harga untuk melawan kartel mafia ini yang diharapkan saat harga dimainkan koperasi beli di harga yang lemah tapi bisa jual harga lebih tinggi dan keuntungannya mensubsidi kerugian anggota karena harga yang melemah Ini idealnya Tapi anggota2 justru memanfaatkan koperasi untuk kepentingan masing2 Jadi ya tadi beli mahal jual murah Makanya juaaarang banget koperasi itu well perfomed well managed;secara bisnis koperasi tidak bisa diandalkan karena dimiliki banyak orang dan bisa banyak konflik yang lebih mendasar lagi koperasi melayani pemilik sebagai konsumen dan mereka sebagai pemilik juga bisa mengganti pengurusnya ini vested interest ini konflik contoh koperasi beli bahan dari anggota harus lebih tinggi dari tengkulak tapi jual ke anggota harus lebih murah dari tengkulak nah kalau gini bagaimana mo untung koperasi harusnya stabilisasi harga untuk melawan kartel mafia ini yang diharapkan saat harga dimainkan koperasi beli di harga yang lemah tapi bisa jual harga lebih tinggi dan keuntungannya mensubsidi kerugian anggota karena harga yang melemah ini idealnya tapi anggota2 justru memanfaatkan koperasi untuk kepentingan masing2 jadi ya tadi beli mahal jual murah makanya juaaarang sekali koperasi itu well perfomed well managed;secara bisnis koperasi tidak bisa diandalkan karena dimiliki banyak orang dan bisa banyak konflik yang lebih mendasar lagi koperasi melayani pemilik sebagai konsumen dan mereka sebagai pemilik juga bisa mengganti pengurusnya ini vested interest ini konflik contoh koperasi beli bahan dari anggota harus lebih tinggi dari tengkulak tapi jual ke anggota harus lebih murah dari tengkulak nah kalau gini bagaimana mo untung koperasi harusnya stabilisasi harga untuk melawan kartel mafia ini yang diharapkan saat harga dimainkan koperasi beli di harga yang lemah tapi bisa jual harga lebih tinggi dan keuntungannya mensubsidi kerugian anggota karena harga yang melemah ini idealnya tapi anggota2 justru memanfaatkan koperasi untuk kepentingan masing2 jadi tadi beli mahal jual murah makanya juaaarang sekali koperasi itu well perfomed well managed;['secara', 'bisnis', 'koperasi', 'tidak', 'bisa', 'diandalkan', 'karena', 'dimiliki', 'banyak', 'orang', 'dan', 'bisa', 'banyak', 'konflik', 'yang', 'lebih', 'mendasar', 'lagi', 'koperasi', 'melayani', 'pemilik', 'sebagai', 'konsumen', 'dan', 'mereka', 'sebagai', 'pemilik', 'juga', 'bisa', 'mengganti', 'pengurusnya', 'ini', 'vested', 'interest', 'ini', 'konflik', 'contoh', 'koperasi', 'beli', 'bahan', 'dari', 'anggota', 'harus', 'lebih', 'tinggi', 'dari', 'tengkulak', 'tapi', 'jual', 'ke', 'anggota', 'harus', 'lebih', 'murah', 'dari', 'tengkulak', 'nah', 'kalau', 'gini', 'bagaimana', 'mo', 'untung', 'koperasi', 'harusnya', 'stabilisasi', 'harga', 'untuk', 'melawan', 'kartel', 'mafia', 'ini', 'yang', 'diharapkan', 'saat', 'harga', 'dimainkan', 'koperasi', 'beli', 'di', 'harga', 'yang', 'lemah', 'tapi', 'bisa', 'jual', 'harga', 'lebih', 'tinggi', 'dan', 'keuntungannya', 'mensubsidi', 'kerugian', 'anggota', 'karena', 'harga', 'yang', 'melemah', 'ini', 'idealnya', 'tapi', 'anggota2', 'justru', 'memanfaatkan', 'koperasi', 'untuk', 'kepentingan', 'masing2', 'jadi', 'tadi', 'beli', 'mahal', 'jual', 'murah', 'makanya', 'juaaarang', 'sekali', 'koperasi', 'itu', 'well', 'perfomed', 'well', 'managed'];Tidak Terdeteksi;Pengelolaan;Diskusi;Diskusi;Diskusi
Tp Mr. P sdg sibuk ke LN... gmn dong;Tp Mr P sdg sibuk ke LN gmn dong;tapi mr p sdg sibuk ke ln bagaimana;tapi mr sdg sibuk ke ln bagaimana;['tapi', 'mr', 'sdg', 'sibuk', 'ke', 'ln', 'bagaimana'];Tidak Terdeteksi;Lainnya;Netral;Netral;Menolak
Jangan curiga dulu. 3 th kdepan hasilny unt kdmp, manfaatny thd masyarkt desa.;Jangan curiga dulu 3 th kdepan hasilny unt kdmp manfaatny thd masyarkt desa;jangan curiga dulu 3 th kdepan hasilny unt koperasi desa merah putih manfaatny thd masyarkt desa;jangan curiga dulu th kdepan hasilny unt koperasi desa merah putih manfaatny thd masyarkt desa;['jangan', 'curiga', 'dulu', 'th', 'kdepan', 'hasilny', 'unt', 'koperasi', 'desa', 'merah', 'putih', 'manfaatny', 'thd', 'masyarkt', 'desa'];KDMP;Lainnya;Diskusi;Diskusi;Mendukung
"Tempo ini chanel oposisi.
Ngak ada yg benar kerjaan pemerintah di mata tempo.
Dari bocor alus dan hos penghina terus ini.";Tempo ini chanel oposisi Ngak ada yg benar kerjaan pemerintah di mata tempo Dari bocor alus dan hos penghina terus ini;tempo ini chanel oposisi tidak ada yang benar kerjaan pemerintah di mata tempo dari bocor alus dan hos penghina terus ini;tempo ini chanel oposisi tidak ada yang benar kerjaan pemerintah di mata tempo dari bocor alus dan hos penghina terus ini;['tempo', 'ini', 'chanel', 'oposisi', 'tidak', 'ada', 'yang', 'benar', 'kerjaan', 'pemerintah', 'di', 'mata', 'tempo', 'dari', 'bocor', 'alus', 'dan', 'hos', 'penghina', 'terus', 'ini'];Tempo;Kebijakan, Media;Netral;Netral;Menolak
Pilpres 2029 gejolak kembali karna orba sdh di mulai;Pilpres 2029 gejolak kembali karna orba sdh di mulai;pilpres 2029 gejolak kembali karna orde baru sudah di mulai;pilpres 2029 gejolak kembali karna orde baru sudah di mulai;['pilpres', '2029', 'gejolak', 'kembali', 'karna', 'orde', 'baru', 'sudah', 'di', 'mulai'];Tidak Terdeteksi;Militerisasi;Menolak;Menolak;Menolak
"ORDE BARU JILID 2....TENTARA BUKAN DWI FUNGSI LAGI...BERUBAH ""MULTIFUNGSI""";ORDE BARU JILID 2 TENTARA BUKAN DWI FUNGSI LAGI BERUBAH MULTIFUNGSI;orde baru jilid 2 tni bukan dwi fungsi lagi berubah multifungsi;orde baru jilid tni bukan dwi fungsi lagi berubah multifungsi;['orde', 'baru', 'jilid', 'tni', 'bukan', 'dwi', 'fungsi', 'lagi', 'berubah', 'multifungsi'];TNI;Militerisasi;Menolak;Menolak;Menolak
Dukungan TNI ngasih jaminan kalau program koperasi desa bakal tepat sasaran;Dukungan TNI ngasih jaminan kalau program koperasi desa bakal tepat sasaran;dukungan tni memberi jaminan kalau program koperasi desa bakal tepat sasaran;dukungan tni memberi jaminan kalau program koperasi desa bakal tepat sasaran;['dukungan', 'tni', 'memberi', 'jaminan', 'kalau', 'program', 'koperasi', 'desa', 'bakal', 'tepat', 'sasaran'];TNI, KDMP;Militerisasi, Kebijakan;Mendukung;Mendukung;Mendukung
Pengusaha genteng SIAP SIAP CUAN UANG HARAMMMMM pengusaha MBG UDAH GERAK JALAN TAPI SIAP2 DINEPALKAN YA;Pengusaha genteng SIAP SIAP CUAN UANG HARAMMMMM pengusaha MBG UDAH GERAK JALAN TAPI SIAP2 DINEPALKAN YA;pengusaha genteng siap siap keuntungan uang harammmmm pengusaha mbg sudah gerak jalan tapi siap2 dinepalkan ya;pengusaha genteng siap siap keuntungan uang harammmmm pengusaha mbg sudah gerak jalan tapi siap2 dinepalkan;['pengusaha', 'genteng', 'siap', 'siap', 'keuntungan', 'uang', 'harammmmm', 'pengusaha', 'mbg', 'sudah', 'gerak', 'jalan', 'tapi', 'siap2', 'dinepalkan'];Tidak Terdeteksi;Lainnya;Netral;Netral;Menolak
Tentara ngurusi koperasi. Polisi ngurusi MBG. Negeri yg aneh...;Tentara ngurusi koperasi Polisi ngurusi MBG Negeri yg aneh;tni ngurusi koperasi polisi ngurusi mbg negeri yang aneh;tni ngurusi koperasi polisi ngurusi mbg negeri yang aneh;['tni', 'ngurusi', 'koperasi', 'polisi', 'ngurusi', 'mbg', 'negeri', 'yang', 'aneh'];TNI;Militerisasi;Menolak;Menolak;Menolak
"Hai Pemerintah rakyat bangsa indonesia termasuk saya sudah kehilangan 8 Triliun Rupiah lebih dari Koperasi Sejahtera Bersama yang sampai saat ini kementerian koperasi diam saja. 
Bagaimana nasib kami nasabah jika satgas Kementrian Koperasi yang dibentuk sejak tahun 2020 mati suri dan tidak ada progress. 
Saya duga apakah ada kesepakatan jahat antara kementrian koperasi dan koperasi sejahtera bersama ??? Kasihan banyak nasabah yg meninggal karena stress. 
Tolong pak Prabowo jangan sampai Koperasi Merah Putih bakal membunuh lebih banyak nasabah untuk itu tolong dipertimbangkan.";Hai Pemerintah rakyat bangsa indonesia termasuk saya sudah kehilangan 8 Triliun Rupiah lebih dari Koperasi Sejahtera Bersama yang sampai saat ini kementerian koperasi diam saja Bagaimana nasib kami nasabah jika satgas Kementrian Koperasi yang dibentuk sejak tahun 2020 mati suri dan tidak ada progress Saya duga apakah ada kesepakatan jahat antara kementrian koperasi dan koperasi sejahtera bersama Kasihan banyak nasabah yg meninggal karena stress Tolong pak Prabowo jangan sampai Koperasi Merah Putih bakal membunuh lebih banyak nasabah untuk itu tolong dipertimbangkan;hai pemerintah rakyat bangsa indonesia termasuk saya sudah kehilangan 8 triliun rupiah lebih dari koperasi sejahtera bersama yang sampai saat ini kementerian koperasi diam saja bagaimana nasib kami nasabah jika satgas kementrian koperasi yang dibentuk sejak tahun 2020 mati suri dan tidak ada progress saya duga apakah ada kesepakatan jahat antara kementrian koperasi dan koperasi sejahtera bersama kasihan banyak nasabah yang meninggal karena stress tolong pak prabowo jangan sampai koperasi desa merah putih bakal membunuh lebih banyak nasabah untuk itu tolong dipertimbangkan;hai pemerintah rakyat bangsa indonesia termasuk saya sudah kehilangan triliun rupiah lebih dari koperasi sejahtera bersama yang sampai saat ini kementerian koperasi diam saja bagaimana nasib kami nasabah jika satgas kementrian koperasi yang dibentuk sejak tahun 2020 mati suri dan tidak ada progress saya duga apakah ada kesepakatan jahat antara kementrian koperasi dan koperasi sejahtera bersama kasihan banyak nasabah yang meninggal karena stress tolong pak prabowo jangan sampai koperasi desa merah putih bakal membunuh lebih banyak nasabah untuk itu tolong dipertimbangkan;['hai', 'pemerintah', 'rakyat', 'bangsa', 'indonesia', 'termasuk', 'saya', 'sudah', 'kehilangan', 'triliun', 'rupiah', 'lebih', 'dari', 'koperasi', 'sejahtera', 'bersama', 'yang', 'sampai', 'saat', 'ini', 'kementerian', 'koperasi', 'diam', 'saja', 'bagaimana', 'nasib', 'kami', 'nasabah', 'jika', 'satgas', 'kementrian', 'koperasi', 'yang', 'dibentuk', 'sejak', 'tahun', '2020', 'mati', 'suri', 'dan', 'tidak', 'ada', 'progress', 'saya', 'duga', 'apakah', 'ada', 'kesepakatan', 'jahat', 'antara', 'kementrian', 'koperasi', 'dan', 'koperasi', 'sejahtera', 'bersama', 'kasihan', 'banyak', 'nasabah', 'yang', 'meninggal', 'karena', 'stress', 'tolong', 'pak', 'prabowo', 'jangan', 'sampai', 'koperasi', 'desa', 'merah', 'putih', 'bakal', 'membunuh', 'lebih', 'banyak', 'nasabah', 'untuk', 'itu', 'tolong', 'dipertimbangkan'];Prabowo, KDMP;Kebijakan;Diskusi;Diskusi;Menolak
"Salam semangat untuk jurnalis tempo, saya selaku pendamping koperasi atau Exs PPKL dari berbagai angkatan mulai dari 2012-2019 (penempatan seluruh wilayah indonesia atau tiap kabupaten kota) yang telah di PHK secara sepihak per 1 januari 2025 oleh kemenkop RI dikarenakan efisiensi karena gaji kami sedari awal masuk kategori barang dan jasa, sampai saat ini nasib kami tidak tau bagaimana ujungnya, padahal kami pencari nafkah dan mengabdikan diri selama ber tahun-tahun untuk mendampingi koperasi. Apakah elok ditengah ketidak adilan pada kami, justru pemerintah punya program KDMP dengan biaya yang fantastis dibandingkan gaji kami yang perbulan masih di angka 2.600.000??? Dan apakah elok jika ada program pelatihan besar2 ran bagi calon yang nantinya akan jadi pengawas koperasi desa???
Semoga Allah membuka hati bapak dan ibu pejabat yang terhormat??";Salam semangat untuk jurnalis tempo saya selaku pendamping koperasi atau Exs PPKL dari berbagai angkatan mulai dari 2012 2019 penempatan seluruh wilayah indonesia atau tiap kabupaten kota yang telah di PHK secara sepihak per 1 januari 2025 oleh kemenkop RI dikarenakan efisiensi karena gaji kami sedari awal masuk kategori barang dan jasa sampai saat ini nasib kami tidak tau bagaimana ujungnya padahal kami pencari nafkah dan mengabdikan diri selama ber tahun tahun untuk mendampingi koperasi Apakah elok ditengah ketidak adilan pada kami justru pemerintah punya program KDMP dengan biaya yang fantastis dibandingkan gaji kami yang perbulan masih di angka 2 600 000 Dan apakah elok jika ada program pelatihan besar2 ran bagi calon yang nantinya akan jadi pengawas koperasi desa Semoga Allah membuka hati bapak dan ibu pejabat yang terhormat;salam semangat untuk jurnalis tempo saya selaku pendamping koperasi atau exs ppkl dari berbagai angkatan mulai dari 2012 2019 penempatan seluruh wilayah indonesia atau tiap kabupaten kota yang telah di phk secara sepihak per 1 januari 2025 oleh kemenkop ri dikarenakan efisiensi karena gaji kami sedari awal masuk kategori barang dan jasa sampai saat ini nasib kami tidak tahu bagaimana ujungnya padahal kami pencari nafkah dan mengabdikan diri selama ber tahun tahun untuk mendampingi koperasi apakah elok ditengah ketidak adilan pada kami justru pemerintah punya program koperasi desa merah putih dengan biaya yang fantastis dibandingkan gaji kami yang perbulan masih di angka 2 600 000 dan apakah elok jika ada program pelatihan besar2 ran bagi calon yang nantinya akan jadi pengawas koperasi desa semoga allah membuka hati bapak dan ibu pejabat yang terhormat;salam semangat untuk jurnalis tempo saya selaku pendamping koperasi atau exs ppkl dari berbagai angkatan mulai dari 2012 2019 penempatan seluruh wilayah indonesia atau tiap kabupaten kota yang telah di phk secara sepihak per januari 2025 oleh kemenkop ri dikarenakan efisiensi karena gaji kami sedari awal masuk kategori barang dan jasa sampai saat ini nasib kami tidak tahu bagaimana ujungnya padahal kami pencari nafkah dan mengabdikan diri selama ber tahun tahun untuk mendampingi koperasi apakah elok ditengah ketidak adilan pada kami justru pemerintah punya program koperasi desa merah putih dengan biaya yang fantastis dibandingkan gaji kami yang perbulan masih di angka 600 000 dan apakah elok jika ada program pelatihan besar2 ran bagi calon yang nantinya akan jadi pengawas koperasi desa semoga allah membuka hati bapak dan ibu pejabat yang terhormat;['salam', 'semangat', 'untuk', 'jurnalis', 'tempo', 'saya', 'selaku', 'pendamping', 'koperasi', 'atau', 'exs', 'ppkl', 'dari', 'berbagai', 'angkatan', 'mulai', 'dari', '2012', '2019', 'penempatan', 'seluruh', 'wilayah', 'indonesia', 'atau', 'tiap', 'kabupaten', 'kota', 'yang', 'telah', 'di', 'phk', 'secara', 'sepihak', 'per', 'januari', '2025', 'oleh', 'kemenkop', 'ri', 'dikarenakan', 'efisiensi', 'karena', 'gaji', 'kami', 'sedari', 'awal', 'masuk', 'kategori', 'barang', 'dan', 'jasa', 'sampai', 'saat', 'ini', 'nasib', 'kami', 'tidak', 'tahu', 'bagaimana', 'ujungnya', 'padahal', 'kami', 'pencari', 'nafkah', 'dan', 'mengabdikan', 'diri', 'selama', 'ber', 'tahun', 'tahun', 'untuk', 'mendampingi', 'koperasi', 'apakah', 'elok', 'ditengah', 'ketidak', 'adilan', 'pada', 'kami', 'justru', 'pemerintah', 'punya', 'program', 'koperasi', 'desa', 'merah', 'putih', 'dengan', 'biaya', 'yang', 'fantastis', 'dibandingkan', 'gaji', 'kami', 'yang', 'perbulan', 'masih', 'di', 'angka', '600', '000', 'dan', 'apakah', 'elok', 'jika', 'ada', 'program', 'pelatihan', 'besar2', 'ran', 'bagi', 'calon', 'yang', 'nantinya', 'akan', 'jadi', 'pengawas', 'koperasi', 'desa', 'semoga', 'allah', 'membuka', 'hati', 'bapak', 'dan', 'ibu', 'pejabat', 'yang', 'terhormat'];Tempo, KDMP;Kebijakan, Media;Diskusi;Diskusi;Diskusi
"Dengarkan pak presiden nih kritik&info mencerdaskan ini... 
Evaluasi&audit mekanisme KDKMP ini, 
Program benar+cara benar=sukses program";Dengarkan pak presiden nih kritik info mencerdaskan ini Evaluasi audit mekanisme KDKMP ini Program benar cara benar sukses program;dengarkan pak presiden kritik info mencerdaskan ini evaluasi audit mekanisme kdkmp ini program benar cara benar sukses program;dengarkan pak presiden kritik info mencerdaskan ini evaluasi audit mekanisme kdkmp ini program benar cara benar sukses program;['dengarkan', 'pak', 'presiden', 'kritik', 'info', 'mencerdaskan', 'ini', 'evaluasi', 'audit', 'mekanisme', 'kdkmp', 'ini', 'program', 'benar', 'cara', 'benar', 'sukses', 'program'];Prabowo;Kebijakan;Mendukung;Mendukung;Mendukung
Program pendampingan desa oleh TNI sudah lama dikenal. Perannya membantu masyarakat dan pemerintah setempat, bukan menggantikan fungsi sipil.;Program pendampingan desa oleh TNI sudah lama dikenal Perannya membantu masyarakat dan pemerintah setempat bukan menggantikan fungsi sipil;program pendampingan desa oleh tni sudah lama dikenal perannya membantu masyarakat dan pemerintah setempat bukan menggantikan fungsi sipil;program pendampingan desa oleh tni sudah lama dikenal perannya membantu masyarakat dan pemerintah setempat bukan menggantikan fungsi sipil;['program', 'pendampingan', 'desa', 'oleh', 'tni', 'sudah', 'lama', 'dikenal', 'perannya', 'membantu', 'masyarakat', 'dan', 'pemerintah', 'setempat', 'bukan', 'menggantikan', 'fungsi', 'sipil'];TNI;Militerisasi, Kebijakan;Mendukung;Mendukung;Mendukung
jadi ajang lahan basah korupsi;jadi ajang lahan basah korupsi;jadi ajang lahan basah korupsi;jadi ajang lahan basah korupsi;['jadi', 'ajang', 'lahan', 'basah', 'korupsi'];Tidak Terdeteksi;Korupsi;Menolak;Menolak;Menolak
Rasaain lu para kepala desa khususnya apdesi, dana desa di potong akan bat lu dukung pragib, puaass;Rasaain lu para kepala desa khususnya apdesi dana desa di potong akan bat lu dukung pragib puaass;rasaain kamu para kepala desa khususnya apdesi dana desa di potong akan bat kamu dukung pragib puaass;rasaain kamu para kepala desa khususnya apdesi dana desa di potong akan bat kamu dukung pragib puaass;['rasaain', 'kamu', 'para', 'kepala', 'desa', 'khususnya', 'apdesi', 'dana', 'desa', 'di', 'potong', 'akan', 'bat', 'kamu', 'dukung', 'pragib', 'puaass'];Kades;Dana Desa;Mendukung;Mendukung;Mendukung
PROGRAM2 MAKIN TAK MAMPU DINALAR   PENGGELONTORAN DANA SAAT MALING2 DUIT RAKYAT LAGI LAPAR2NYA?;PROGRAM2 MAKIN TAK MAMPU DINALAR PENGGELONTORAN DANA SAAT MALING2 DUIT RAKYAT LAGI LAPAR2NYA;program2 makin tidak mampu dinalar penggelontoran dana saat maling2 dana masyarakat lagi lapar2nya;program2 makin tidak mampu dinalar penggelontoran dana saat maling2 dana masyarakat lagi lapar2nya;['program2', 'makin', 'tidak', 'mampu', 'dinalar', 'penggelontoran', 'dana', 'saat', 'maling2', 'dana', 'masyarakat', 'lagi', 'lapar2nya'];Tidak Terdeteksi;Korupsi, Kebijakan;Menolak;Menolak;Menolak
Kehadirannya kan hanya mendukung sih. Bukannya apa;Kehadirannya kan hanya mendukung sih Bukannya apa;kehadirannya hanya mendukung bukannya apa;kehadirannya hanya mendukung bukannya apa;['kehadirannya', 'hanya', 'mendukung', 'bukannya', 'apa'];TNI;Militerisasi;Out_of_Topic;Out_of_Topic;Mendukung
Fakta yg tidak pernah muncul dipublik karena takut sehingga sulit dibuktikan;Fakta yg tidak pernah muncul dipublik karena takut sehingga sulit dibuktikan;fakta yang tidak pernah muncul dipublik karena takut sehingga sulit dibuktikan;fakta yang tidak pernah muncul dipublik karena takut sehingga sulit dibuktikan;['fakta', 'yang', 'tidak', 'pernah', 'muncul', 'dipublik', 'karena', 'takut', 'sehingga', 'sulit', 'dibuktikan'];Tidak Terdeteksi;Lainnya;Diskusi;Diskusi;Menolak
Eh bocah Tempe. Bocah CSIS jg nih;Eh bocah Tempe Bocah CSIS jg nih;eh bocah tempe bocah csis juga;bocah tempe bocah csis juga;['bocah', 'tempe', 'bocah', 'csis', 'juga'];Tempo;Media;Netral;Netral;Menolak
Didesaku sudah di bentuk pengurus KOPERASI Merah Putih, bersifat dadakan. Ketuanya punya pekerjaan yang lebih pokok sebagai guru. Otomatis tidak bisa bekerja full time untuk memajukan koperasi, menjadi pengurus koperasi hanyalah pekerjaan sambilan saja. KOPERASI Merah Putih yang biayanya sangat besar kalau pengurusnya punya pekerjaan lain yang lebih utama tentu saja tidak begitu menggembirakan buat cita2 memajukan koperasi..;Didesaku sudah di bentuk pengurus KOPERASI Merah Putih bersifat dadakan Ketuanya punya pekerjaan yang lebih pokok sebagai guru Otomatis tidak bisa bekerja full time untuk memajukan koperasi menjadi pengurus koperasi hanyalah pekerjaan sambilan saja KOPERASI Merah Putih yang biayanya sangat besar kalau pengurusnya punya pekerjaan lain yang lebih utama tentu saja tidak begitu menggembirakan buat cita2 memajukan koperasi;didesaku sudah di bentuk pengurus koperasi desa merah putih bersifat dadakan ketuanya punya pekerjaan yang lebih pokok sebagai guru otomatis tidak bisa bekerja full time untuk memajukan koperasi menjadi pengurus koperasi hanyalah pekerjaan sambilan saja koperasi desa merah putih yang biayanya sangat besar kalau pengurusnya punya pekerjaan lain yang lebih utama tentu saja tidak begitu menggembirakan untuk cita2 memajukan koperasi;didesaku sudah di bentuk pengurus koperasi desa merah putih bersifat dadakan ketuanya punya pekerjaan yang lebih pokok sebagai guru otomatis tidak bisa bekerja full time untuk memajukan koperasi menjadi pengurus koperasi hanyalah pekerjaan sambilan saja koperasi desa merah putih yang biayanya sangat besar kalau pengurusnya punya pekerjaan lain yang lebih utama tentu saja tidak begitu menggembirakan untuk cita2 memajukan koperasi;['didesaku', 'sudah', 'di', 'bentuk', 'pengurus', 'koperasi', 'desa', 'merah', 'putih', 'bersifat', 'dadakan', 'ketuanya', 'punya', 'pekerjaan', 'yang', 'lebih', 'pokok', 'sebagai', 'guru', 'otomatis', 'tidak', 'bisa', 'bekerja', 'full', 'time', 'untuk', 'memajukan', 'koperasi', 'menjadi', 'pengurus', 'koperasi', 'hanyalah', 'pekerjaan', 'sambilan', 'saja', 'koperasi', 'desa', 'merah', 'putih', 'yang', 'biayanya', 'sangat', 'besar', 'kalau', 'pengurusnya', 'punya', 'pekerjaan', 'lain', 'yang', 'lebih', 'utama', 'tentu', 'saja', 'tidak', 'begitu', 'menggembirakan', 'untuk', 'cita2', 'memajukan', 'koperasi'];KDMP;Pengelolaan;Mendukung;Mendukung;Mendukung
Tidak usahlah dipertanyakan siapa yang untung pasti sudah diatur-atur sebelum dilakukan, sebagai contohnya MBG yang pelaksanaannya juga itu orangnya dari pihak pemerintah itu juga!, persyaratan ormas itu hanya sekedar basa-basi, sebagaimana pengakuan Ahok itu banyak dapur MBG yang tidak jelas keberadaannya, tinggal dipanggil saja itu Basuki Tjahaja purnama yang pernah ditawarkan jadi pelaksana MBG?, terimakasih wassalam;Tidak usahlah dipertanyakan siapa yang untung pasti sudah diatur atur sebelum dilakukan sebagai contohnya MBG yang pelaksanaannya juga itu orangnya dari pihak pemerintah itu juga persyaratan ormas itu hanya sekedar basa basi sebagaimana pengakuan Ahok itu banyak dapur MBG yang tidak jelas keberadaannya tinggal dipanggil saja itu Basuki Tjahaja purnama yang pernah ditawarkan jadi pelaksana MBG terimakasih wassalam;tidak usahlah dipertanyakan siapa yang untung pasti sudah diatur atur sebelum dilakukan sebagai contohnya mbg yang pelaksanaannya juga itu orangnya dari pihak pemerintah itu juga persyaratan ormas itu hanya sekedar basa basi sebagaimana pengakuan ahok itu banyak dapur mbg yang tidak jelas keberadaannya tinggal dipanggil saja itu basuki tjahaja purnama yang pernah ditawarkan jadi pelaksana mbg terima kasih wassalam;tidak usahlah dipertanyakan siapa yang untung pasti sudah diatur atur sebelum dilakukan sebagai contohnya mbg yang pelaksanaannya juga itu orangnya dari pihak pemerintah itu juga persyaratan ormas itu hanya sekedar basa basi sebagaimana pengakuan ahok itu banyak dapur mbg yang tidak jelas keberadaannya tinggal dipanggil saja itu basuki tjahaja purnama yang pernah ditawarkan jadi pelaksana mbg terima kasih wassalam;['tidak', 'usahlah', 'dipertanyakan', 'siapa', 'yang', 'untung', 'pasti', 'sudah', 'diatur', 'atur', 'sebelum', 'dilakukan', 'sebagai', 'contohnya', 'mbg', 'yang', 'pelaksanaannya', 'juga', 'itu', 'orangnya', 'dari', 'pihak', 'pemerintah', 'itu', 'juga', 'persyaratan', 'ormas', 'itu', 'hanya', 'sekedar', 'basa', 'basi', 'sebagaimana', 'pengakuan', 'ahok', 'itu', 'banyak', 'dapur', 'mbg', 'yang', 'tidak', 'jelas', 'keberadaannya', 'tinggal', 'dipanggil', 'saja', 'itu', 'basuki', 'tjahaja', 'purnama', 'yang', 'pernah', 'ditawarkan', 'jadi', 'pelaksana', 'mbg', 'terima', 'kasih', 'wassalam'];Tidak Terdeteksi;Kebijakan;Mendukung;Mendukung;Menolak
lebih terhormat ditugaskan ke gaza.;lebih terhormat ditugaskan ke gaza;lebih terhormat ditugaskan ke gaza;lebih terhormat ditugaskan ke gaza;['lebih', 'terhormat', 'ditugaskan', 'ke', 'gaza'];TNI;Militerisasi;Netral;Netral;Menolak
Mantapp..Tempo ulasanya tepat sasaran. Kritis,Tajam & terpercaya!;Mantapp Tempo ulasanya tepat sasaran Kritis Tajam terpercaya;mantapp tempo ulasanya tepat sasaran kritis tajam terpercaya;mantapp tempo ulasanya tepat sasaran kritis tajam terpercaya;['mantapp', 'tempo', 'ulasanya', 'tepat', 'sasaran', 'kritis', 'tajam', 'terpercaya'];Tempo;Media;Mendukung;Mendukung;Netral
Setiap ganti rezim... Negeri ini bukan nya makin maju... Malah semakin Amburadul;Setiap ganti rezim Negeri ini bukan nya makin maju Malah semakin Amburadul;setiap ganti pemerintah negeri ini bukan nya makin maju malah semakin amburadul;setiap ganti pemerintah negeri ini bukan nya makin maju malah semakin amburadul;['setiap', 'ganti', 'pemerintah', 'negeri', 'ini', 'bukan', 'nya', 'makin', 'maju', 'malah', 'semakin', 'amburadul'];Tidak Terdeteksi;Kebijakan;Mendukung;Mendukung;Menolak
Kalau pengawasannya bagus, org2nya amanah dan bertanggung jwb maka hasilnya akan bagus. Tp apakah msh ada org jujur di negara kita utk bs mengelola koperasi? Krn korupsi telah terjadi semua lini??;Kalau pengawasannya bagus org2nya amanah dan bertanggung jwb maka hasilnya akan bagus Tp apakah msh ada org jujur di negara kita utk bs mengelola koperasi Krn korupsi telah terjadi semua lini;kalau pengawasannya bagus org2nya amanah dan bertanggung jwb maka hasilnya akan bagus tapi apakah msh ada orang jujur di negara kita untuk bisa mengelola koperasi karena korupsi telah terjadi semua lini;kalau pengawasannya bagus org2nya amanah dan bertanggung jwb maka hasilnya akan bagus tapi apakah msh ada orang jujur di negara kita untuk bisa mengelola koperasi karena korupsi telah terjadi semua lini;['kalau', 'pengawasannya', 'bagus', 'org2nya', 'amanah', 'dan', 'bertanggung', 'jwb', 'maka', 'hasilnya', 'akan', 'bagus', 'tapi', 'apakah', 'msh', 'ada', 'orang', 'jujur', 'di', 'negara', 'kita', 'untuk', 'bisa', 'mengelola', 'koperasi', 'karena', 'korupsi', 'telah', 'terjadi', 'semua', 'lini'];Tidak Terdeteksi;Korupsi;Diskusi;Diskusi;Menolak
Sarana nyolong. Blm lama ini saya ngobrol dg ponakan dari kampung, mereka sangat berharap komperasi itu nantinya bisa jadi sarang bancakan. Begitulah informasi dan semangat yg ada di bawah. Ujung2nya jadi alat pemenangan pemilu.;Sarana nyolong Blm lama ini saya ngobrol dg ponakan dari kampung mereka sangat berharap komperasi itu nantinya bisa jadi sarang bancakan Begitulah informasi dan semangat yg ada di bawah Ujung2nya jadi alat pemenangan pemilu;sarana nyolong belum lama ini saya ngobrol dengan ponakan dari kampung mereka sangat berharap komperasi itu nantinya bisa jadi sarang bancakan begitulah informasi dan semangat yang ada di bawah ujung2nya jadi alat pemenangan pemilu;sarana nyolong belum lama ini saya ngobrol dengan ponakan dari kampung mereka sangat berharap komperasi itu nantinya bisa jadi sarang bancakan begitulah informasi dan semangat yang ada di bawah ujung2nya jadi alat pemenangan pemilu;['sarana', 'nyolong', 'belum', 'lama', 'ini', 'saya', 'ngobrol', 'dengan', 'ponakan', 'dari', 'kampung', 'mereka', 'sangat', 'berharap', 'komperasi', 'itu', 'nantinya', 'bisa', 'jadi', 'sarang', 'bancakan', 'begitulah', 'informasi', 'dan', 'semangat', 'yang', 'ada', 'di', 'bawah', 'ujung2nya', 'jadi', 'alat', 'pemenangan', 'pemilu'];Tidak Terdeteksi;Korupsi;Menolak;Menolak;Menolak
Menterinya aja Budi Arie  jangan harap ini program berhasil, siap2 jadi bancakan banyak tangan;Menterinya aja Budi Arie jangan harap ini program berhasil siap2 jadi bancakan banyak tangan;menterinya saja budi arie jangan harap ini program berhasil siap2 jadi bancakan banyak tangan;menterinya saja budi arie jangan harap ini program berhasil siap2 jadi bancakan banyak tangan;['menterinya', 'saja', 'budi', 'arie', 'jangan', 'harap', 'ini', 'program', 'berhasil', 'siap2', 'jadi', 'bancakan', 'banyak', 'tangan'];Tidak Terdeteksi;Korupsi, Kebijakan;Menolak;Menolak;Menolak
dulu ada yang bilang kita gunakam mobil buatan indonesia (pret......) omonganya ga konsisten;dulu ada yang bilang kita gunakam mobil buatan indonesia pret omonganya ga konsisten;dulu ada yang bilang kita gunakam mobil buatan indonesia pret omonganya tidak konsisten;dulu ada yang bilang kita gunakam mobil buatan indonesia pret omonganya tidak konsisten;['dulu', 'ada', 'yang', 'bilang', 'kita', 'gunakam', 'mobil', 'buatan', 'indonesia', 'pret', 'omonganya', 'tidak', 'konsisten'];Tidak Terdeteksi;Lainnya;Diskusi;Diskusi;Menolak
"Hanya 1 yang merusak indonesia
Maling uang negara,
Teruslah korupsi sebanyak2nya mumpung hukuman ringan.";Hanya 1 yang merusak indonesia Maling uang negara Teruslah korupsi sebanyak2nya mumpung hukuman ringan;hanya 1 yang merusak indonesia maling uang negara teruslah korupsi sebanyak2nya mumpung hukuman ringan;hanya yang merusak indonesia maling uang negara teruslah korupsi sebanyak2nya mumpung hukuman ringan;['hanya', 'yang', 'merusak', 'indonesia', 'maling', 'uang', 'negara', 'teruslah', 'korupsi', 'sebanyak2nya', 'mumpung', 'hukuman', 'ringan'];Tidak Terdeteksi;Korupsi;Menolak;Menolak;Menolak
Saya sudah mengelola koperasi muslimat sejak thn 2016 berjalan dengan baik anggotanya ibu ibu tidak butuh pendidikan tinggi yang penting semua jujur dan amanah;Saya sudah mengelola koperasi muslimat sejak thn 2016 berjalan dengan baik anggotanya ibu ibu tidak butuh pendidikan tinggi yang penting semua jujur dan amanah;saya sudah mengelola koperasi muslimat sejak thn 2016 berjalan dengan baik anggotanya ibu ibu tidak butuh pendidikan tinggi yang penting semua jujur dan amanah;saya sudah mengelola koperasi muslimat sejak thn 2016 berjalan dengan baik anggotanya ibu ibu tidak butuh pendidikan tinggi yang penting semua jujur dan amanah;['saya', 'sudah', 'mengelola', 'koperasi', 'muslimat', 'sejak', 'thn', '2016', 'berjalan', 'dengan', 'baik', 'anggotanya', 'ibu', 'ibu', 'tidak', 'butuh', 'pendidikan', 'tinggi', 'yang', 'penting', 'semua', 'jujur', 'dan', 'amanah'];Tidak Terdeteksi;Pengelolaan;Mendukung;Mendukung;Mendukung
Pas bener DD itu dikurangi, sialnya gak signifikan manfaat buat Rakyat DD itu, malah terindikasi merosotnya moral oknum kades karena mengolah uang melimpah itu;Pas bener DD itu dikurangi sialnya gak signifikan manfaat buat Rakyat DD itu malah terindikasi merosotnya moral oknum kades karena mengolah uang melimpah itu;pas benar dd itu dikurangi sialnya tidak signifikan manfaat untuk rakyat dd itu malah terindikasi merosotnya moral oknum kepala desa karena mengolah uang melimpah itu;pas benar dd itu dikurangi sialnya tidak signifikan manfaat untuk rakyat dd itu malah terindikasi merosotnya moral oknum kepala desa karena mengolah uang melimpah itu;['pas', 'benar', 'dd', 'itu', 'dikurangi', 'sialnya', 'tidak', 'signifikan', 'manfaat', 'untuk', 'rakyat', 'dd', 'itu', 'malah', 'terindikasi', 'merosotnya', 'moral', 'oknum', 'kepala', 'desa', 'karena', 'mengolah', 'uang', 'melimpah', 'itu'];Kades;Lainnya;Diskusi;Diskusi;Menolak
Keran korupsi semakin byk dan legal.;Keran korupsi semakin byk dan legal;keran korupsi semakin byk dan legal;keran korupsi semakin byk dan legal;['keran', 'korupsi', 'semakin', 'byk', 'dan', 'legal'];Tidak Terdeteksi;Korupsi;Menolak;Menolak;Menolak
Didesa kami udah terbentuk pengurus KUD merah putih semua pengurus nya Sarjana mantap sekali bpk;Didesa kami udah terbentuk pengurus KUD merah putih semua pengurus nya Sarjana mantap sekali bpk;didesa kami sudah terbentuk pengurus koperasi unit desa merah putih semua pengurus nya sarjana mantap sekali bpk;didesa kami sudah terbentuk pengurus koperasi unit desa merah putih semua pengurus nya sarjana mantap sekali bpk;['didesa', 'kami', 'sudah', 'terbentuk', 'pengurus', 'koperasi', 'unit', 'desa', 'merah', 'putih', 'semua', 'pengurus', 'nya', 'sarjana', 'mantap', 'sekali', 'bpk'];Tidak Terdeteksi;Pengelolaan, KUD;Mendukung;Mendukung;Mendukung
keren bahasannya;keren bahasannya;keren bahasannya;keren bahasannya;['keren', 'bahasannya'];Tidak Terdeteksi;Lainnya;Mendukung;Mendukung;Mendukung
Kerja tanpa mikir kerja yg gap2an asal liat uang.;Kerja tanpa mikir kerja yg gap2an asal liat uang;kerja tanpa mikir kerja yang gap2an asal liat uang;kerja tanpa mikir kerja yang gap2an asal liat uang;['kerja', 'tanpa', 'mikir', 'kerja', 'yang', 'gap2an', 'asal', 'liat', 'uang'];Tidak Terdeteksi;Lainnya;Netral;Netral;Menolak
Program sangat andalan sekali sampai koprasi merah putih bisa membantu negara lain dan rakyat nya, mari bersama kita ucapkan terimakasih pak Prabowo program nya the best sekali.;Program sangat andalan sekali sampai koprasi merah putih bisa membantu negara lain dan rakyat nya mari bersama kita ucapkan terimakasih pak Prabowo program nya the best sekali;program sangat andalan sekali sampai koperasi merah putih bisa membantu negara lain dan rakyat nya mari bersama kita ucapkan terima kasih pak prabowo program nya the best sekali;program sangat andalan sekali sampai koperasi merah putih bisa membantu negara lain dan rakyat nya mari bersama kita ucapkan terima kasih pak prabowo program nya the best sekali;['program', 'sangat', 'andalan', 'sekali', 'sampai', 'koperasi', 'merah', 'putih', 'bisa', 'membantu', 'negara', 'lain', 'dan', 'rakyat', 'nya', 'mari', 'bersama', 'kita', 'ucapkan', 'terima', 'kasih', 'pak', 'prabowo', 'program', 'nya', 'the', 'best', 'sekali'];Prabowo;Kebijakan;Mendukung;Mendukung;Mendukung
Gak setujuh lah...adanya koperasi merah putih cuma jadi ladang ??KORUPSI;Gak setujuh lah adanya koperasi merah putih cuma jadi ladang KORUPSI;tidak setujuh adanya koperasi desa merah putih hanya jadi korupsi;tidak setujuh adanya koperasi desa merah putih hanya jadi korupsi;['tidak', 'setujuh', 'adanya', 'koperasi', 'desa', 'merah', 'putih', 'hanya', 'jadi', 'korupsi'];KDMP;Korupsi;Menolak;Menolak;Menolak
Orang berharap dengan gebyar Koperasi Merah Putih pada umumnya masyarakat berniat untuk meminjam uang, informasi dari koperasi seperti ini : Untuk pengajuan KUKM dan simpan pinjam harus menjadi anggota dulu minimal 1 tahun.. sesuai anjuran pemerintah pusat.. Dengan kata lain jika anggota belum 1 tahun, maka kredit tidak akan di ACC, yang tadinya pinjaman akan beralih ke koperasi ahirnya pada balik lagi ke Bank Emok, kebutuhan masyarakat hari ini atau esok, bukan TAHUN DEPAN;Orang berharap dengan gebyar Koperasi Merah Putih pada umumnya masyarakat berniat untuk meminjam uang informasi dari koperasi seperti ini Untuk pengajuan KUKM dan simpan pinjam harus menjadi anggota dulu minimal 1 tahun sesuai anjuran pemerintah pusat Dengan kata lain jika anggota belum 1 tahun maka kredit tidak akan di ACC yang tadinya pinjaman akan beralih ke koperasi ahirnya pada balik lagi ke Bank Emok kebutuhan masyarakat hari ini atau esok bukan TAHUN DEPAN;orang berharap dengan gebyar koperasi desa merah putih pada umumnya masyarakat berniat untuk meminjam uang informasi dari koperasi seperti ini untuk pengajuan kukm dan simpan pinjam harus menjadi anggota dulu minimal 1 tahun sesuai anjuran pemerintah pusat dengan kata lain jika anggota belum 1 tahun maka kredit tidak akan di acc yang tadinya pinjaman akan beralih ke koperasi ahirnya pada balik lagi ke bank emok kebutuhan masyarakat hari ini atau esok bukan tahun depan;orang berharap dengan gebyar koperasi desa merah putih pada umumnya masyarakat berniat untuk meminjam uang informasi dari koperasi seperti ini untuk pengajuan kukm dan simpan pinjam harus menjadi anggota dulu minimal tahun sesuai anjuran pemerintah pusat dengan kata lain jika anggota belum tahun maka kredit tidak akan di acc yang tadinya pinjaman akan beralih ke koperasi ahirnya pada balik lagi ke bank emok kebutuhan masyarakat hari ini atau esok bukan tahun depan;['orang', 'berharap', 'dengan', 'gebyar', 'koperasi', 'desa', 'merah', 'putih', 'pada', 'umumnya', 'masyarakat', 'berniat', 'untuk', 'meminjam', 'uang', 'informasi', 'dari', 'koperasi', 'seperti', 'ini', 'untuk', 'pengajuan', 'kukm', 'dan', 'simpan', 'pinjam', 'harus', 'menjadi', 'anggota', 'dulu', 'minimal', 'tahun', 'sesuai', 'anjuran', 'pemerintah', 'pusat', 'dengan', 'kata', 'lain', 'jika', 'anggota', 'belum', 'tahun', 'maka', 'kredit', 'tidak', 'akan', 'di', 'acc', 'yang', 'tadinya', 'pinjaman', 'akan', 'beralih', 'ke', 'koperasi', 'ahirnya', 'pada', 'balik', 'lagi', 'ke', 'bank', 'emok', 'kebutuhan', 'masyarakat', 'hari', 'ini', 'atau', 'esok', 'bukan', 'tahun', 'depan'];KDMP;Pengelolaan, Kebijakan;Diskusi;Diskusi;Diskusi
"Setuju tentara di libatkan pembangunan
Karena terlalu banyak oknum pejabat yg rakus degan korup";Setuju tentara di libatkan pembangunan Karena terlalu banyak oknum pejabat yg rakus degan korup;setuju tni di libatkan pembangunan karena terlalu banyak oknum pejabat yang rakus degan korup;setuju tni di libatkan pembangunan karena terlalu banyak oknum pejabat yang rakus degan korup;['setuju', 'tni', 'di', 'libatkan', 'pembangunan', 'karena', 'terlalu', 'banyak', 'oknum', 'pejabat', 'yang', 'rakus', 'degan', 'korup'];TNI;Militerisasi;Diskusi;Diskusi;Mendukung
Koperasi ditingkat desa bukan konsep baru, sperti halnya Koperasi Unit Desa (KUD) dulu. daripada membuat program baru yang konsepnya selalu gak mateng dan jadi ladang cuan orang-orang tertentu mending maksimalkan kembali BUMDes. Setiap desa ada BUMDes tinggal pengelolaannya saja yang perlu di tata lebih baik.;Koperasi ditingkat desa bukan konsep baru sperti halnya Koperasi Unit Desa KUD dulu daripada membuat program baru yang konsepnya selalu gak mateng dan jadi ladang cuan orang orang tertentu mending maksimalkan kembali BUMDes Setiap desa ada BUMDes tinggal pengelolaannya saja yang perlu di tata lebih baik;koperasi ditingkat desa bukan konsep baru sperti halnya koperasi unit desa koperasi unit desa dulu daripada membuat program baru yang konsepnya selalu tidak mateng dan jadi ladang keuntungan orang orang tertentu mending maksimalkan kembali badan usaha milik desa setiap desa ada badan usaha milik desa tinggal pengelolaannya saja yang perlu di tata lebih baik;koperasi ditingkat desa bukan konsep baru sperti halnya koperasi unit desa koperasi unit desa dulu daripada membuat program baru yang konsepnya selalu tidak mateng dan jadi ladang keuntungan orang orang tertentu mending maksimalkan kembali badan usaha milik desa setiap desa ada badan usaha milik desa tinggal pengelolaannya saja yang perlu di tata lebih baik;['koperasi', 'ditingkat', 'desa', 'bukan', 'konsep', 'baru', 'sperti', 'halnya', 'koperasi', 'unit', 'desa', 'koperasi', 'unit', 'desa', 'dulu', 'daripada', 'membuat', 'program', 'baru', 'yang', 'konsepnya', 'selalu', 'tidak', 'mateng', 'dan', 'jadi', 'ladang', 'keuntungan', 'orang', 'orang', 'tertentu', 'mending', 'maksimalkan', 'kembali', 'badan', 'usaha', 'milik', 'desa', 'setiap', 'desa', 'ada', 'badan', 'usaha', 'milik', 'desa', 'tinggal', 'pengelolaannya', 'saja', 'yang', 'perlu', 'di', 'tata', 'lebih', 'baik'];Tidak Terdeteksi;Kebijakan, KUD;Diskusi;Diskusi;Diskusi
Perbaiki yg ada saja lh;Perbaiki yg ada saja lh;perbaiki yang ada saja lh;perbaiki yang ada saja lh;['perbaiki', 'yang', 'ada', 'saja', 'lh'];Tidak Terdeteksi;Lainnya;Mendukung;Mendukung;Menolak
"Ujung2 nya supaya 2 periode
Rakyat bodo mlarat.gpp
Asal tetap berkuasa";Ujung2 nya supaya 2 periode Rakyat bodo mlarat gpp Asal tetap berkuasa;ujung2 nya supaya 2 periode rakyat bodo mlarat gpp asal tetap berkuasa;ujung2 nya supaya periode rakyat bodo mlarat gpp asal tetap berkuasa;['ujung2', 'nya', 'supaya', 'periode', 'rakyat', 'bodo', 'mlarat', 'gpp', 'asal', 'tetap', 'berkuasa'];Tidak Terdeteksi;Lainnya;Netral;Netral;Menolak
Parah penerintahan periode ini;Parah penerintahan periode ini;parah penerintahan periode ini;parah penerintahan periode ini;['parah', 'penerintahan', 'periode', 'ini'];Tidak Terdeteksi;Lainnya;Netral;Netral;Menolak
Mantap,,otoriter kembali ke Orba.Reformasi gagal;Mantap otoriter kembali ke Orba Reformasi gagal;mantap otoriter kembali ke orde baru reformasi gagal;mantap otoriter kembali ke orde baru reformasi gagal;['mantap', 'otoriter', 'kembali', 'ke', 'orde', 'baru', 'reformasi', 'gagal'];Tidak Terdeteksi;Militerisasi;Menolak;Menolak;Menolak
Pembangunan fisik harusnya ranah Kementrian PU... Jangan gunakan kepala untuk cebok, tangan untuk berlari. Gunakan organ negara sesuai dengan tugas dan fungsinya.;Pembangunan fisik harusnya ranah Kementrian PU Jangan gunakan kepala untuk cebok tangan untuk berlari Gunakan organ negara sesuai dengan tugas dan fungsinya;pembangunan fisik harusnya ranah kementrian pu jangan gunakan kepala untuk cebok tangan untuk berlari gunakan organ negara sesuai dengan tugas dan fungsinya;pembangunan fisik harusnya ranah kementrian pu jangan gunakan kepala untuk cebok tangan untuk berlari gunakan organ negara sesuai dengan tugas dan fungsinya;['pembangunan', 'fisik', 'harusnya', 'ranah', 'kementrian', 'pu', 'jangan', 'gunakan', 'kepala', 'untuk', 'cebok', 'tangan', 'untuk', 'berlari', 'gunakan', 'organ', 'negara', 'sesuai', 'dengan', 'tugas', 'dan', 'fungsinya'];Tidak Terdeteksi;Lainnya;Menolak;Menolak;Menolak
ORBA betul gaya kepemimpinan si wowo;ORBA betul gaya kepemimpinan si wowo;orde baru betul gaya kepemimpinan si prabowo;orde baru betul gaya kepemimpinan si prabowo;['orde', 'baru', 'betul', 'gaya', 'kepemimpinan', 'si', 'prabowo'];Prabowo;Militerisasi;Menolak;Menolak;Menolak
mungkin mereka lupa atau belum lahir dulu. Program nyaris serupa dulu jaman orde baru sudah ada. Bahkan di tahun 80an hampir setiap desa punya gedung koperasi, kantor dan gudangnya. Tapi semua tak sertamerta meningkatkan ekonomi malah banyak KUD yg bangkrut dan menyisakan kepahitan anggotanya;mungkin mereka lupa atau belum lahir dulu Program nyaris serupa dulu jaman orde baru sudah ada Bahkan di tahun 80an hampir setiap desa punya gedung koperasi kantor dan gudangnya Tapi semua tak sertamerta meningkatkan ekonomi malah banyak KUD yg bangkrut dan menyisakan kepahitan anggotanya;mungkin mereka lupa atau belum lahir dulu program nyaris serupa dulu zaman orde baru sudah ada bahkan di tahun 80an hampir setiap desa punya gedung koperasi kantor dan gudangnya tapi semua tidak sertamerta meningkatkan ekonomi malah banyak koperasi unit desa yang bangkrut dan menyisakan kepahitan anggotanya;mungkin mereka lupa atau belum lahir dulu program nyaris serupa dulu zaman orde baru sudah ada bahkan di tahun 80an hampir setiap desa punya gedung koperasi kantor dan gudangnya tapi semua tidak sertamerta meningkatkan ekonomi malah banyak koperasi unit desa yang bangkrut dan menyisakan kepahitan anggotanya;['mungkin', 'mereka', 'lupa', 'atau', 'belum', 'lahir', 'dulu', 'program', 'nyaris', 'serupa', 'dulu', 'zaman', 'orde', 'baru', 'sudah', 'ada', 'bahkan', 'di', 'tahun', '80an', 'hampir', 'setiap', 'desa', 'punya', 'gedung', 'koperasi', 'kantor', 'dan', 'gudangnya', 'tapi', 'semua', 'tidak', 'sertamerta', 'meningkatkan', 'ekonomi', 'malah', 'banyak', 'koperasi', 'unit', 'desa', 'yang', 'bangkrut', 'dan', 'menyisakan', 'kepahitan', 'anggotanya'];Tidak Terdeteksi;Militerisasi, Pengelolaan, Kebijakan, KUD;Diskusi;Diskusi;Mendukung
Apakah koperasi itu harus ada bangunan fisik?;Apakah koperasi itu harus ada bangunan fisik;apakah koperasi itu harus ada bangunan fisik;apakah koperasi itu harus ada bangunan fisik;['apakah', 'koperasi', 'itu', 'harus', 'ada', 'bangunan', 'fisik'];Tidak Terdeteksi;Lainnya;Netral;Netral;Diskusi
Koprasi merah putih 99% pasti bangkrut Krn modalnya dari hasil hutang, jadi kepala desa bukan untuk dagang, melayani masyarakat dan rakyat desa.;Koprasi merah putih 99 pasti bangkrut Krn modalnya dari hasil hutang jadi kepala desa bukan untuk dagang melayani masyarakat dan rakyat desa;koperasi merah putih 99 pasti bangkrut karena modalnya dari hasil hutang jadi kepala desa bukan untuk dagang melayani masyarakat dan rakyat desa;koperasi merah putih 99 pasti bangkrut karena modalnya dari hasil hutang jadi kepala desa bukan untuk dagang melayani masyarakat dan rakyat desa;['koperasi', 'merah', 'putih', '99', 'pasti', 'bangkrut', 'karena', 'modalnya', 'dari', 'hasil', 'hutang', 'jadi', 'kepala', 'desa', 'bukan', 'untuk', 'dagang', 'melayani', 'masyarakat', 'dan', 'rakyat', 'desa'];Kades;Lainnya;Diskusi;Diskusi;Menolak
kenapa harus ada koprasi merah putih,bukankah di desa2 sudah ada K U D yg dulu sudah ada,bukankah pemborosan dana lagi....;kenapa harus ada koprasi merah putih bukankah di desa2 sudah ada K U D yg dulu sudah ada bukankah pemborosan dana lagi;kenapa harus ada koperasi merah putih bukankah di desa2 sudah ada k u d yang dulu sudah ada bukankah pemborosan dana lagi;kenapa harus ada koperasi merah putih bukankah di desa2 sudah ada yang dulu sudah ada bukankah pemborosan dana lagi;['kenapa', 'harus', 'ada', 'koperasi', 'merah', 'putih', 'bukankah', 'di', 'desa2', 'sudah', 'ada', 'yang', 'dulu', 'sudah', 'ada', 'bukankah', 'pemborosan', 'dana', 'lagi'];Tidak Terdeteksi;Lainnya;Diskusi;Diskusi;Menolak
"MBG belum lancar, sdh mau 400T lagi utk koperasi Desa Merah Putih?! Lalu apakabar IKN...jdi kota hantu aj?!
Kita bayar pajak utk mereka korupsi habis?! Negara malah nambah hutang. Kacau nih Negara. 
Ekonomi dunia sdg kacau, Indonesia malah menerus pemborosan. Ampuun!";MBG belum lancar sdh mau 400T lagi utk koperasi Desa Merah Putih Lalu apakabar IKN jdi kota hantu aj Kita bayar pajak utk mereka korupsi habis Negara malah nambah hutang Kacau nih Negara Ekonomi dunia sdg kacau Indonesia malah menerus pemborosan Ampuun;mbg belum lancar sudah mau 400t lagi untuk koperasi desa merah putih lalu apakabar ikn jdi kota hantu saja kita bayar pajak untuk mereka korupsi habis negara malah nambah hutang kacau negara ekonomi dunia sdg kacau indonesia malah menerus pemborosan ampuun;mbg belum lancar sudah mau 400t lagi untuk koperasi desa merah putih lalu apakabar ikn jdi kota hantu saja kita bayar pajak untuk mereka korupsi habis negara malah nambah hutang kacau negara ekonomi dunia sdg kacau indonesia malah menerus pemborosan ampuun;['mbg', 'belum', 'lancar', 'sudah', 'mau', '400t', 'lagi', 'untuk', 'koperasi', 'desa', 'merah', 'putih', 'lalu', 'apakabar', 'ikn', 'jdi', 'kota', 'hantu', 'saja', 'kita', 'bayar', 'pajak', 'untuk', 'mereka', 'korupsi', 'habis', 'negara', 'malah', 'nambah', 'hutang', 'kacau', 'negara', 'ekonomi', 'dunia', 'sdg', 'kacau', 'indonesia', 'malah', 'menerus', 'pemborosan', 'ampuun'];KDMP;Korupsi;Menolak;Menolak;Menolak
Pada akhirnya acara bagi-bagi kue pada parpol pendukung juga dilakukan pada KDMP.;Pada akhirnya acara bagi bagi kue pada parpol pendukung juga dilakukan pada KDMP;pada akhirnya acara bagi bagi kue pada parpol pendukung juga dilakukan pada koperasi desa merah putih;pada akhirnya acara bagi bagi kue pada parpol pendukung juga dilakukan pada koperasi desa merah putih;['pada', 'akhirnya', 'acara', 'bagi', 'bagi', 'kue', 'pada', 'parpol', 'pendukung', 'juga', 'dilakukan', 'pada', 'koperasi', 'desa', 'merah', 'putih'];KDMP;Lainnya;Mendukung;Mendukung;Menolak
Tolong serap TKDM dalam negeri;Tolong serap TKDM dalam negeri;tolong serap tkdm dalam negeri;tolong serap tkdm dalam negeri;['tolong', 'serap', 'tkdm', 'dalam', 'negeri'];Tidak Terdeteksi;Lainnya;Netral;Netral;Netral
Buset perkoprasi dapet truk pik up dan motor. Usahanya aja belum tentu jalan;Buset perkoprasi dapet truk pik up dan motor Usahanya aja belum tentu jalan;buset perkoprasi dapet truk pik up dan motor usahanya saja belum tentu jalan;buset perkoprasi dapet truk pik up dan motor usahanya saja belum tentu jalan;['buset', 'perkoprasi', 'dapet', 'truk', 'pik', 'up', 'dan', 'motor', 'usahanya', 'saja', 'belum', 'tentu', 'jalan'];Tidak Terdeteksi;Lainnya;Netral;Netral;Menolak
percaya ga sech klo antek antek asing yg jelasin.....?;percaya ga sech klo antek antek asing yg jelasin;percaya tidak sech kalau antek antek asing yang jelasin;percaya tidak sech kalau antek antek asing yang jelasin;['percaya', 'tidak', 'sech', 'kalau', 'antek', 'antek', 'asing', 'yang', 'jelasin'];Tidak Terdeteksi;Lainnya;Netral;Netral;Menolak
Baru krasa kalo otoriter ?????????? era bangkitnya orde baru,.. & lokasi bangunan KMP kenapa juga memakai lahan ruang terbuka hijau, contoh di bwi kota , Jatim ????;Baru krasa kalo otoriter era bangkitnya orde baru lokasi bangunan KMP kenapa juga memakai lahan ruang terbuka hijau contoh di bwi kota Jatim;baru krasa kalau otoriter era bangkitnya orde baru lokasi bangunan koperasi desa merah putih kenapa juga memakai lahan ruang terbuka hijau contoh di bwi kota jatim;baru krasa kalau otoriter era bangkitnya orde baru lokasi bangunan koperasi desa merah putih kenapa juga memakai lahan ruang terbuka hijau contoh di bwi kota jatim;['baru', 'krasa', 'kalau', 'otoriter', 'era', 'bangkitnya', 'orde', 'baru', 'lokasi', 'bangunan', 'koperasi', 'desa', 'merah', 'putih', 'kenapa', 'juga', 'memakai', 'lahan', 'ruang', 'terbuka', 'hijau', 'contoh', 'di', 'bwi', 'kota', 'jatim'];KDMP;Militerisasi;Menolak;Menolak;Menolak
Kacau kalau wasit negara ikut bermain. Ga polri ga abri sama saja giliran ada proyek pasti ada korupsinya malah lebih parah;Kacau kalau wasit negara ikut bermain Ga polri ga abri sama saja giliran ada proyek pasti ada korupsinya malah lebih parah;kacau kalau wasit negara ikut bermain tidak polri tidak abri sama saja giliran ada proyek pasti ada korupsinya malah lebih parah;kacau kalau wasit negara ikut bermain tidak polri tidak abri sama saja giliran ada proyek pasti ada korupsinya malah lebih parah;['kacau', 'kalau', 'wasit', 'negara', 'ikut', 'bermain', 'tidak', 'polri', 'tidak', 'abri', 'sama', 'saja', 'giliran', 'ada', 'proyek', 'pasti', 'ada', 'korupsinya', 'malah', 'lebih', 'parah'];Tidak Terdeteksi;Korupsi;Menolak;Menolak;Menolak
KMP KALAU D BLANG KEBANGKITAN EKONOMI RAKYAT,, OMONG KOSONG,, KONSEPNYA GIMANA,,;KMP KALAU D BLANG KEBANGKITAN EKONOMI RAKYAT OMONG KOSONG KONSEPNYA GIMANA;koperasi desa merah putih kalau d blang kebangkitan ekonomi rakyat omong kosong konsepnya bagaimana;koperasi desa merah putih kalau blang kebangkitan ekonomi rakyat omong kosong konsepnya bagaimana;['koperasi', 'desa', 'merah', 'putih', 'kalau', 'blang', 'kebangkitan', 'ekonomi', 'rakyat', 'omong', 'kosong', 'konsepnya', 'bagaimana'];KDMP;Lainnya;Mendukung;Mendukung;Menolak
Mbg / ikn ok. Yg ng setuju ikn agar beli perahu agar tdknkna banjir;Mbg ikn ok Yg ng setuju ikn agar beli perahu agar tdknkna banjir;mbg ikn ok yang ng setuju ikn agar beli perahu agar tdknkna banjir;mbg ikn ok yang ng setuju ikn agar beli perahu agar tdknkna banjir;['mbg', 'ikn', 'ok', 'yang', 'ng', 'setuju', 'ikn', 'agar', 'beli', 'perahu', 'agar', 'tdknkna', 'banjir'];Tidak Terdeteksi;Lainnya;Mendukung;Mendukung;Menolak
pantes ada loreng di pembangunan koperasi nya, kirain gua ngapain foto-foto,;pantes ada loreng di pembangunan koperasi nya kirain gua ngapain foto foto;pantes ada loreng di pembangunan koperasi nya kirain saya ngapain foto foto;pantes ada loreng di pembangunan koperasi nya kirain saya ngapain foto foto;['pantes', 'ada', 'loreng', 'di', 'pembangunan', 'koperasi', 'nya', 'kirain', 'saya', 'ngapain', 'foto', 'foto'];Tidak Terdeteksi;Lainnya;Netral;Netral;Menolak
"Nti juga satu per satu berguguran seperti KUD dulu di zaman orba.

-- CORRUPT SYSTEM --";Nti juga satu per satu berguguran seperti KUD dulu di zaman orba CORRUPT SYSTEM;nti juga satu per satu berguguran seperti koperasi unit desa dulu di zaman orde baru corrupt system;nti juga satu per satu berguguran seperti koperasi unit desa dulu di zaman orde baru corrupt system;['nti', 'juga', 'satu', 'per', 'satu', 'berguguran', 'seperti', 'koperasi', 'unit', 'desa', 'dulu', 'di', 'zaman', 'orde', 'baru', 'corrupt', 'system'];Tidak Terdeteksi;Militerisasi, KUD;Diskusi;Diskusi;Menolak
Lahan korupsi baru;Lahan korupsi baru;lahan korupsi baru;lahan korupsi baru;['lahan', 'korupsi', 'baru'];Tidak Terdeteksi;Korupsi;Menolak;Menolak;Menolak
Sdh gk tau mau ngomong apalagi...bener2 ngaco setiap kebijakan ??;Sdh gk tau mau ngomong apalagi bener2 ngaco setiap kebijakan;sudah tidak tahu mau ngomong apalagi benar-benar ngaco setiap kebijakan;sudah tidak tahu mau ngomong apalagi benar-benar ngaco setiap kebijakan;['sudah', 'tidak', 'tahu', 'mau', 'ngomong', 'apalagi', 'benar-benar', 'ngaco', 'setiap', 'kebijakan'];Tidak Terdeteksi;Kebijakan;Menolak;Menolak;Menolak
ini pemerintah suruh kita rakyat beli produk lokal. ini malah pemerintah gak mau beli produk lokal. lah ini piye? gak kasi contoh. parah, bisa nya nekan rakyat aja kalo begini.;ini pemerintah suruh kita rakyat beli produk lokal ini malah pemerintah gak mau beli produk lokal lah ini piye gak kasi contoh parah bisa nya nekan rakyat aja kalo begini;ini pemerintah suruh kita rakyat beli produk lokal ini malah pemerintah tidak mau beli produk lokal ini piye tidak kasi contoh parah bisa nya nekan rakyat saja kalau begini;ini pemerintah suruh kita rakyat beli produk lokal ini malah pemerintah tidak mau beli produk lokal ini piye tidak kasi contoh parah bisa nya nekan rakyat saja kalau begini;['ini', 'pemerintah', 'suruh', 'kita', 'rakyat', 'beli', 'produk', 'lokal', 'ini', 'malah', 'pemerintah', 'tidak', 'mau', 'beli', 'produk', 'lokal', 'ini', 'piye', 'tidak', 'kasi', 'contoh', 'parah', 'bisa', 'nya', 'nekan', 'rakyat', 'saja', 'kalau', 'begini'];Tidak Terdeteksi;Kebijakan;Netral;Netral;Menolak
Betul tempo, anggaran desa di potong seperti di Wonogiri;Betul tempo anggaran desa di potong seperti di Wonogiri;betul tempo anggaran desa di potong seperti di wonogiri;betul tempo anggaran desa di potong seperti di wonogiri;['betul', 'tempo', 'anggaran', 'desa', 'di', 'potong', 'seperti', 'di', 'wonogiri'];Tempo;Media;Netral;Netral;Netral
Kalau di serah dengan kades habis duitnya gedung roboh cuma berapa bulan PADA DASAR KORUPTOR ITU PELAKUNYA SIPIL TAMATAN PTN PTS TERKENAL DI INDONESIA TEMPO PILLLLLLLAT;Kalau di serah dengan kades habis duitnya gedung roboh cuma berapa bulan PADA DASAR KORUPTOR ITU PELAKUNYA SIPIL TAMATAN PTN PTS TERKENAL DI INDONESIA TEMPO PILLLLLLLAT;kalau di serah dengan kepala desa habis duitnya gedung roboh hanya berapa bulan pada dasar koruptor itu pelakunya sipil tamatan ptn pts terkenal di indonesia tempo pilllllllat;kalau di serah dengan kepala desa habis duitnya gedung roboh hanya berapa bulan pada dasar koruptor itu pelakunya sipil tamatan ptn pts terkenal di indonesia tempo pilllllllat;['kalau', 'di', 'serah', 'dengan', 'kepala', 'desa', 'habis', 'duitnya', 'gedung', 'roboh', 'hanya', 'berapa', 'bulan', 'pada', 'dasar', 'koruptor', 'itu', 'pelakunya', 'sipil', 'tamatan', 'ptn', 'pts', 'terkenal', 'di', 'indonesia', 'tempo', 'pilllllllat'];Kades, Tempo;Korupsi, Media;Menolak;Menolak;Menolak
Belum ada rencana membangun koprasi merah putih aja. Di desa saya jalan jalan rusak berat gak ada perbaikan...;Belum ada rencana membangun koprasi merah putih aja Di desa saya jalan jalan rusak berat gak ada perbaikan;belum ada rencana membangun koperasi merah putih saja di desa saya jalan jalan rusak berat tidak ada perbaikan;belum ada rencana membangun koperasi merah putih saja di desa saya jalan jalan rusak berat tidak ada perbaikan;['belum', 'ada', 'rencana', 'membangun', 'koperasi', 'merah', 'putih', 'saja', 'di', 'desa', 'saya', 'jalan', 'jalan', 'rusak', 'berat', 'tidak', 'ada', 'perbaikan'];Tidak Terdeteksi;Lainnya;Mendukung;Mendukung;Menolak
Manager. Baru kali ini yg.. Ga perlu pengalaman.. sebagai syarat ikut seleksi;Manager Baru kali ini yg Ga perlu pengalaman sebagai syarat ikut seleksi;manager baru kali ini yang tidak perlu pengalaman sebagai syarat ikut seleksi;manager baru kali ini yang tidak perlu pengalaman sebagai syarat ikut seleksi;['manager', 'baru', 'kali', 'ini', 'yang', 'tidak', 'perlu', 'pengalaman', 'sebagai', 'syarat', 'ikut', 'seleksi'];Tidak Terdeteksi;Lainnya;Diskusi;Diskusi;Menolak
bisnis baru si ..... itu;bisnis baru si itu;bisnis baru si itu;bisnis baru si itu;['bisnis', 'baru', 'si', 'itu'];Tidak Terdeteksi;Lainnya;Netral;Netral;Menolak
warung2 siap sepi....;warung2 siap sepi;warung2 siap sepi;warung2 siap sepi;['warung2', 'siap', 'sepi'];Tidak Terdeteksi;Lainnya;Netral;Netral;Netral
kopdes ???? = tni ad masuk desa...;kopdes tni ad masuk desa;koperasi desa tni ad masuk desa;koperasi desa tni ad masuk desa;['koperasi', 'desa', 'tni', 'ad', 'masuk', 'desa'];TNI, KDMP;Militerisasi;Netral;Netral;Netral
Membangun dari desa butuh tangan-tangan yang siap bekerja nyata! ?? Kehadiran TNI dalam program Koperasi Desa Merah Putih adalah wujud kemanunggalan untuk mempercepat pembangunan dan memastikan program strategis menyentuh hingga ke pelosok. Mari kita lihat ini sebagai kolaborasi besar untuk memperkuat ekonomi rakyat. Dengan gotong royong, tidak ada tantangan yang tidak bisa kita lalui. Desa kuat, Indonesia hebat!;Membangun dari desa butuh tangan tangan yang siap bekerja nyata Kehadiran TNI dalam program Koperasi Desa Merah Putih adalah wujud kemanunggalan untuk mempercepat pembangunan dan memastikan program strategis menyentuh hingga ke pelosok Mari kita lihat ini sebagai kolaborasi besar untuk memperkuat ekonomi rakyat Dengan gotong royong tidak ada tantangan yang tidak bisa kita lalui Desa kuat Indonesia hebat;membangun dari desa butuh tangan tangan yang siap bekerja nyata kehadiran tni dalam program koperasi desa merah putih adalah wujud kemanunggalan untuk mempercepat pembangunan dan memastikan program strategis menyentuh hingga ke pelosok mari kita lihat ini sebagai kolaborasi besar untuk memperkuat ekonomi rakyat dengan gotong royong tidak ada tantangan yang tidak bisa kita lalui desa kuat indonesia hebat;membangun dari desa butuh tangan tangan yang siap bekerja nyata kehadiran tni dalam program koperasi desa merah putih adalah wujud kemanunggalan untuk mempercepat pembangunan dan memastikan program strategis menyentuh hingga ke pelosok mari kita lihat ini sebagai kolaborasi besar untuk memperkuat ekonomi rakyat dengan gotong royong tidak ada tantangan yang tidak bisa kita lalui desa kuat indonesia hebat;['membangun', 'dari', 'desa', 'butuh', 'tangan', 'tangan', 'yang', 'siap', 'bekerja', 'nyata', 'kehadiran', 'tni', 'dalam', 'program', 'koperasi', 'desa', 'merah', 'putih', 'adalah', 'wujud', 'kemanunggalan', 'untuk', 'mempercepat', 'pembangunan', 'dan', 'memastikan', 'program', 'strategis', 'menyentuh', 'hingga', 'ke', 'pelosok', 'mari', 'kita', 'lihat', 'ini', 'sebagai', 'kolaborasi', 'besar', 'untuk', 'memperkuat', 'ekonomi', 'rakyat', 'dengan', 'gotong', 'royong', 'tidak', 'ada', 'tantangan', 'yang', 'tidak', 'bisa', 'kita', 'lalui', 'desa', 'kuat', 'indonesia', 'hebat'];TNI, KDMP;Militerisasi, Kebijakan;Out_of_Topic;Out_of_Topic;Mendukung
Didukung lah..jangan di besarkan jeleknya...kapan majunya;Didukung lah jangan di besarkan jeleknya kapan majunya;didukung jangan di besarkan jeleknya kapan majunya;didukung jangan di besarkan jeleknya kapan majunya;['didukung', 'jangan', 'di', 'besarkan', 'jeleknya', 'kapan', 'majunya'];Tidak Terdeteksi;Lainnya;Netral;Netral;Mendukung
"Tekniknya sederhana pertama bangun toko koperasi merah putih...lalu kedua survei harga pasar, ketiga tentukan standar harga terjangkau bagi masyarakat masyarakat, keempat target maksimal pelanggan, kelima ciptakan brand usaha untuk masyarakat, keenam kerjasama kontrak promosi periklanan, ketujuh program pengelolaan usaha rakyat kedelapan program proyek skala kecil, kesembilan program proyek skala besar, kesepuluh program lanjutan koperasi merah putih.
Hanya skill pengurus koperasi yg bisa melakukannya.";Tekniknya sederhana pertama bangun toko koperasi merah putih lalu kedua survei harga pasar ketiga tentukan standar harga terjangkau bagi masyarakat masyarakat keempat target maksimal pelanggan kelima ciptakan brand usaha untuk masyarakat keenam kerjasama kontrak promosi periklanan ketujuh program pengelolaan usaha rakyat kedelapan program proyek skala kecil kesembilan program proyek skala besar kesepuluh program lanjutan koperasi merah putih Hanya skill pengurus koperasi yg bisa melakukannya;tekniknya sederhana pertama bangun toko koperasi desa merah putih lalu kedua survei harga pasar ketiga tentukan standar harga terjangkau bagi masyarakat masyarakat keempat target maksimal pelanggan kelima ciptakan brand usaha untuk masyarakat keenam kerjasama kontrak promosi periklanan ketujuh program pengelolaan usaha rakyat kedelapan program proyek skala kecil kesembilan program proyek skala besar kesepuluh program lanjutan koperasi desa merah putih hanya skill pengurus koperasi yang bisa melakukannya;tekniknya sederhana pertama bangun toko koperasi desa merah putih lalu kedua survei harga pasar ketiga tentukan standar harga terjangkau bagi masyarakat masyarakat keempat target maksimal pelanggan kelima ciptakan brand usaha untuk masyarakat keenam kerjasama kontrak promosi periklanan ketujuh program pengelolaan usaha rakyat kedelapan program proyek skala kecil kesembilan program proyek skala besar kesepuluh program lanjutan koperasi desa merah putih hanya skill pengurus koperasi yang bisa melakukannya;['tekniknya', 'sederhana', 'pertama', 'bangun', 'toko', 'koperasi', 'desa', 'merah', 'putih', 'lalu', 'kedua', 'survei', 'harga', 'pasar', 'ketiga', 'tentukan', 'standar', 'harga', 'terjangkau', 'bagi', 'masyarakat', 'masyarakat', 'keempat', 'target', 'maksimal', 'pelanggan', 'kelima', 'ciptakan', 'brand', 'usaha', 'untuk', 'masyarakat', 'keenam', 'kerjasama', 'kontrak', 'promosi', 'periklanan', 'ketujuh', 'program', 'pengelolaan', 'usaha', 'rakyat', 'kedelapan', 'program', 'proyek', 'skala', 'kecil', 'kesembilan', 'program', 'proyek', 'skala', 'besar', 'kesepuluh', 'program', 'lanjutan', 'koperasi', 'desa', 'merah', 'putih', 'hanya', 'skill', 'pengurus', 'koperasi', 'yang', 'bisa', 'melakukannya'];KDMP;Pengelolaan, Kebijakan;Out_of_Topic;Out_of_Topic;Diskusi
LAHAN BARU BUAT KORUPSI;LAHAN BARU BUAT KORUPSI;lahan baru untuk korupsi;lahan baru untuk korupsi;['lahan', 'baru', 'untuk', 'korupsi'];Tidak Terdeteksi;Korupsi;Menolak;Menolak;Menolak
Sdh pikun apa yg di omon² dulu sekarang dijogetin aje??;Sdh pikun apa yg di omon2 dulu sekarang dijogetin aje;sudah pikun apa yang di omon2 dulu sekarang dijogetin aje;sudah pikun apa yang di omon2 dulu sekarang dijogetin aje;['sudah', 'pikun', 'apa', 'yang', 'di', 'omon2', 'dulu', 'sekarang', 'dijogetin', 'aje'];Tidak Terdeteksi;Lainnya;Diskusi;Diskusi;Menolak
"Program nafsu ugal2an tanpa kompromi dan pemikiran matang...!
Pemerimtah menggebu dg program ini...tapi
kenapa kopdes merah putih tidak memakai uang negara???
Siapa yg bayar mobil impor???
RAKYAT JANGAN MAU DIKIBULIN JADI ANGGOTA...NANTI DIPALAK TERUS...!";Program nafsu ugal2an tanpa kompromi dan pemikiran matang Pemerimtah menggebu dg program ini tapi kenapa kopdes merah putih tidak memakai uang negara Siapa yg bayar mobil impor RAKYAT JANGAN MAU DIKIBULIN JADI ANGGOTA NANTI DIPALAK TERUS;program nafsu ugal2an tanpa kompromi dan pemikiran matang pemerimtah menggebu dengan program ini tapi kenapa koperasi desa merah putih tidak memakai uang negara siapa yang bayar mobil impor rakyat jangan mau dikibulin jadi anggota nanti dipalak terus;program nafsu ugal2an tanpa kompromi dan pemikiran matang pemerimtah menggebu dengan program ini tapi kenapa koperasi desa merah putih tidak memakai uang negara siapa yang bayar mobil impor rakyat jangan mau dikibulin jadi anggota nanti dipalak terus;['program', 'nafsu', 'ugal2an', 'tanpa', 'kompromi', 'dan', 'pemikiran', 'matang', 'pemerimtah', 'menggebu', 'dengan', 'program', 'ini', 'tapi', 'kenapa', 'koperasi', 'desa', 'merah', 'putih', 'tidak', 'memakai', 'uang', 'negara', 'siapa', 'yang', 'bayar', 'mobil', 'impor', 'rakyat', 'jangan', 'mau', 'dikibulin', 'jadi', 'anggota', 'nanti', 'dipalak', 'terus'];KDMP;Pengelolaan, Kebijakan;Menolak;Menolak;Menolak
owh brti ini 19juta lapangan yg dijanjikan di sppg sama kopdesmerput;owh brti ini 19juta lapangan yg dijanjikan di sppg sama kopdesmerput;owh brti ini 19juta lapangan yang dijanjikan di sppg sama kopdesmerput;owh brti ini 19juta lapangan yang dijanjikan di sppg sama kopdesmerput;['owh', 'brti', 'ini', '19juta', 'lapangan', 'yang', 'dijanjikan', 'di', 'sppg', 'sama', 'kopdesmerput'];KDMP;Lainnya;Diskusi;Diskusi;Netral
Koruptor,,ini akal akalan penyelenggara ini,, coba beli produk dalam negeri aja dasar;Koruptor ini akal akalan penyelenggara ini coba beli produk dalam negeri aja dasar;koruptor ini akal akalan penyelenggara ini coba beli produk dalam negeri saja dasar;koruptor ini akal akalan penyelenggara ini coba beli produk dalam negeri saja dasar;['koruptor', 'ini', 'akal', 'akalan', 'penyelenggara', 'ini', 'coba', 'beli', 'produk', 'dalam', 'negeri', 'saja', 'dasar'];Tidak Terdeteksi;Korupsi;Menolak;Menolak;Menolak
jadi mereka bisa meminta India untuk menaikkan harga dan membeli dengan harga lebih rendah... korupsi seperti biasa. munafik konoha;jadi mereka bisa meminta India untuk menaikkan harga dan membeli dengan harga lebih rendah korupsi seperti biasa munafik konoha;jadi mereka bisa meminta india untuk menaikkan harga dan membeli dengan harga lebih rendah korupsi seperti biasa munafik konoha;jadi mereka bisa meminta india untuk menaikkan harga dan membeli dengan harga lebih rendah korupsi seperti biasa munafik konoha;['jadi', 'mereka', 'bisa', 'meminta', 'india', 'untuk', 'menaikkan', 'harga', 'dan', 'membeli', 'dengan', 'harga', 'lebih', 'rendah', 'korupsi', 'seperti', 'biasa', 'munafik', 'konoha'];Tidak Terdeteksi;Korupsi;Menolak;Menolak;Menolak
Koperasi desa yang belum beroperasi sudah dibebani gaji sopir dan operasional 2 mobil. Kalau sepeda motor sih bisa dimaklumilah, walau juga ada biaya operasionalnya. Inilah negeri bangsat yang pejabat publiknya cuma nyusahin rakyat saja, gaya hidup pejabat bangsat jadi beban rakyat..;Koperasi desa yang belum beroperasi sudah dibebani gaji sopir dan operasional 2 mobil Kalau sepeda motor sih bisa dimaklumilah walau juga ada biaya operasionalnya Inilah negeri bangsat yang pejabat publiknya cuma nyusahin rakyat saja gaya hidup pejabat bangsat jadi beban rakyat;koperasi desa yang belum beroperasi sudah dibebani gaji sopir dan operasional 2 mobil kalau sepeda motor bisa dimaklumilah walau juga ada biaya operasionalnya inilah negeri bangsat yang pejabat publiknya hanya nyusahin rakyat saja gaya hidup pejabat bangsat jadi beban rakyat;koperasi desa yang belum beroperasi sudah dibebani gaji sopir dan operasional mobil kalau sepeda motor bisa dimaklumilah walau juga ada biaya operasionalnya inilah negeri bangsat yang pejabat publiknya hanya nyusahin rakyat saja gaya hidup pejabat bangsat jadi beban rakyat;['koperasi', 'desa', 'yang', 'belum', 'beroperasi', 'sudah', 'dibebani', 'gaji', 'sopir', 'dan', 'operasional', 'mobil', 'kalau', 'sepeda', 'motor', 'bisa', 'dimaklumilah', 'walau', 'juga', 'ada', 'biaya', 'operasionalnya', 'inilah', 'negeri', 'bangsat', 'yang', 'pejabat', 'publiknya', 'hanya', 'nyusahin', 'rakyat', 'saja', 'gaya', 'hidup', 'pejabat', 'bangsat', 'jadi', 'beban', 'rakyat'];KDMP;Lainnya;Netral;Netral;Menolak
Ajang KORUPSI;Ajang KORUPSI;ajang korupsi;ajang korupsi;['ajang', 'korupsi'];Tidak Terdeteksi;Korupsi;Menolak;Menolak;Menolak
???ya hadirkan KPK dari kita sampai ke desa mengawal APBN DAN APBD jgn di salah gunakan anggaran...terutama kades2 perlu di kawal ketat melAlui KPK dari kita sampai desa..;ya hadirkan KPK dari kita sampai ke desa mengawal APBN DAN APBD jgn di salah gunakan anggaran terutama kades2 perlu di kawal ketat melAlui KPK dari kita sampai desa;ya hadirkan kpk dari kita sampai ke desa mengawal anggaran pendapatan dan belanja negara dan anggaran pendapatan dan belanja daerah jgn di salah gunakan anggaran terutama kades2 perlu di kawal ketat melalui kpk dari kita sampai desa;hadirkan kpk dari kita sampai ke desa mengawal anggaran pendapatan dan belanja negara dan anggaran pendapatan dan belanja daerah jgn di salah gunakan anggaran terutama kades2 perlu di kawal ketat melalui kpk dari kita sampai desa;['hadirkan', 'kpk', 'dari', 'kita', 'sampai', 'ke', 'desa', 'mengawal', 'anggaran', 'pendapatan', 'dan', 'belanja', 'negara', 'dan', 'anggaran', 'pendapatan', 'dan', 'belanja', 'daerah', 'jgn', 'di', 'salah', 'gunakan', 'anggaran', 'terutama', 'kades2', 'perlu', 'di', 'kawal', 'ketat', 'melalui', 'kpk', 'dari', 'kita', 'sampai', 'desa'];Kades;Lainnya;Out_of_Topic;Out_of_Topic;Mendukung
Yg bekerja bukan masyarakat lingkungan desa karena yg melaksanakan proyek kontraktor yg mengawasi TNI pertanyaannya apakah tentara gak doyan duwit bos;Yg bekerja bukan masyarakat lingkungan desa karena yg melaksanakan proyek kontraktor yg mengawasi TNI pertanyaannya apakah tentara gak doyan duwit bos;yang bekerja bukan masyarakat lingkungan desa karena yang melaksanakan proyek kontraktor yang mengawasi tni pertanyaannya apakah tni tidak doyan duwit bos;yang bekerja bukan masyarakat lingkungan desa karena yang melaksanakan proyek kontraktor yang mengawasi tni pertanyaannya apakah tni tidak doyan duwit bos;['yang', 'bekerja', 'bukan', 'masyarakat', 'lingkungan', 'desa', 'karena', 'yang', 'melaksanakan', 'proyek', 'kontraktor', 'yang', 'mengawasi', 'tni', 'pertanyaannya', 'apakah', 'tni', 'tidak', 'doyan', 'duwit', 'bos'];TNI;Militerisasi;Diskusi;Diskusi;Menolak
ugal-ugalan ga sih?;ugal ugalan ga sih;ugal ugalan tidak;ugal ugalan tidak;['ugal', 'ugalan', 'tidak'];Tidak Terdeteksi;Lainnya;Netral;Netral;Menolak
Saya kerja di puskesmas dan kebetulan tupoksinya cukup bersentuhan dengan posyandu. Pemotongan dana desa sangat berdampak terhadap honor kader posyandu. Cukup banyak kader yg mengundurkan diri karena ada pemotongan honor. Udah kecil, tambah lagi dipotong. Miris banget;Saya kerja di puskesmas dan kebetulan tupoksinya cukup bersentuhan dengan posyandu Pemotongan dana desa sangat berdampak terhadap honor kader posyandu Cukup banyak kader yg mengundurkan diri karena ada pemotongan honor Udah kecil tambah lagi dipotong Miris banget;saya kerja di puskesmas dan kebetulan tupoksinya cukup bersentuhan dengan posyandu pemotongan dana desa sangat berdampak terhadap honor kader posyandu cukup banyak kader yang mengundurkan diri karena ada pemotongan honor sudah kecil tambah lagi dipotong miris sekali;saya kerja di puskesmas dan kebetulan tupoksinya cukup bersentuhan dengan posyandu pemotongan dana desa sangat berdampak terhadap honor kader posyandu cukup banyak kader yang mengundurkan diri karena ada pemotongan honor sudah kecil tambah lagi dipotong miris sekali;['saya', 'kerja', 'di', 'puskesmas', 'dan', 'kebetulan', 'tupoksinya', 'cukup', 'bersentuhan', 'dengan', 'posyandu', 'pemotongan', 'dana', 'desa', 'sangat', 'berdampak', 'terhadap', 'honor', 'kader', 'posyandu', 'cukup', 'banyak', 'kader', 'yang', 'mengundurkan', 'diri', 'karena', 'ada', 'pemotongan', 'honor', 'sudah', 'kecil', 'tambah', 'lagi', 'dipotong', 'miris', 'sekali'];Tidak Terdeteksi;Dana Desa;Diskusi;Diskusi;Menolak
Rezeki dari ?????????????? bikin senyum lebar hari ini. Terima kasih banyak!;Rezeki dari bikin senyum lebar hari ini Terima kasih banyak;rezeki dari membuat senyum lebar hari ini terima kasih banyak;rezeki dari membuat senyum lebar hari ini terima kasih banyak;['rezeki', 'dari', 'membuat', 'senyum', 'lebar', 'hari', 'ini', 'terima', 'kasih', 'banyak'];Tidak Terdeteksi;Lainnya;Mendukung;Mendukung;Out_of_Topic
Di Indonesia ini koperasi mana yg sukses??????????;Di Indonesia ini koperasi mana yg sukses;di indonesia ini koperasi mana yang sukses;di indonesia ini koperasi mana yang sukses;['di', 'indonesia', 'ini', 'koperasi', 'mana', 'yang', 'sukses'];Tidak Terdeteksi;Lainnya;Mendukung;Mendukung;Menolak
Kazau kazau;Kacau kacau;kacau kacau;kacau kacau;['kazau', 'kazau'];Tidak Terdeteksi;Lainnya;Netral;Netral;Menolak
"Tempo kelewat sesuatu. ??

Ingat bahwa ASN tidak boleh menjadi anggota partai politik, maka dari itu apabila ada kader parpol menjadi pegawai/manajer KDMP dan berstatus sebagai PPPK itu secara hukum menyalahi UU ASN.";Tempo kelewat sesuatu Ingat bahwa ASN tidak boleh menjadi anggota partai politik maka dari itu apabila ada kader parpol menjadi pegawai manajer KDMP dan berstatus sebagai PPPK itu secara hukum menyalahi UU ASN;tempo kelewat sesuatu ingat bahwa asn tidak boleh menjadi anggota partai politik maka dari itu apabila ada kader parpol menjadi pegawai manajer koperasi desa merah putih dan berstatus sebagai pppk itu secara hukum menyalahi uu asn;tempo kelewat sesuatu ingat bahwa asn tidak boleh menjadi anggota partai politik maka dari itu apabila ada kader parpol menjadi pegawai manajer koperasi desa merah putih dan berstatus sebagai pppk itu secara hukum menyalahi uu asn;['tempo', 'kelewat', 'sesuatu', 'ingat', 'bahwa', 'asn', 'tidak', 'boleh', 'menjadi', 'anggota', 'partai', 'politik', 'maka', 'dari', 'itu', 'apabila', 'ada', 'kader', 'parpol', 'menjadi', 'pegawai', 'manajer', 'koperasi', 'desa', 'merah', 'putih', 'dan', 'berstatus', 'sebagai', 'pppk', 'itu', 'secara', 'hukum', 'menyalahi', 'uu', 'asn'];Tempo, KDMP;Pengelolaan, Media;Diskusi;Diskusi;Diskusi
Buat bancakan buzzerp mul,menkopnya aja budi arie kasus kominfo judol aja ilang tuh gak ada kabar;Buat bancakan buzzerp mul menkopnya aja budi arie kasus kominfo judol aja ilang tuh gak ada kabar;untuk bancakan buzzerp mul menkopnya saja budi arie kasus kominfo judol saja ilang tuh tidak ada kabar;untuk bancakan buzzerp mul menkopnya saja budi arie kasus kominfo judol saja ilang tuh tidak ada kabar;['untuk', 'bancakan', 'buzzerp', 'mul', 'menkopnya', 'saja', 'budi', 'arie', 'kasus', 'kominfo', 'judol', 'saja', 'ilang', 'tuh', 'tidak', 'ada', 'kabar'];Tidak Terdeteksi;Korupsi;Menolak;Menolak;Menolak
"Ini JEBAKAN BATMAN untuk Prabowo.
Hati-hati Pak Presiden. Kalau gagal (dan rasanya demikian), nama Bapak yang dipertaruhkan.";Ini JEBAKAN BATMAN untuk Prabowo Hati hati Pak Presiden Kalau gagal dan rasanya demikian nama Bapak yang dipertaruhkan;ini jebakan batman untuk prabowo hati hati pak presiden kalau gagal dan rasanya demikian nama bapak yang dipertaruhkan;ini jebakan batman untuk prabowo hati hati pak presiden kalau gagal dan rasanya demikian nama bapak yang dipertaruhkan;['ini', 'jebakan', 'batman', 'untuk', 'prabowo', 'hati', 'hati', 'pak', 'presiden', 'kalau', 'gagal', 'dan', 'rasanya', 'demikian', 'nama', 'bapak', 'yang', 'dipertaruhkan'];Prabowo;Lainnya;Menolak;Menolak;Menolak
"Sbg rakyat, saya kaget baca di medsos bahwa ternyata penonaktifan BPJS PBI itu dari Presiden via Keppres !
Kaget krn di atas podium Presiden sll ""utk kepentingan rakyat"". Ehhh di belakang podium, malah bertolak belakang...
????????????";Sbg rakyat saya kaget baca di medsos bahwa ternyata penonaktifan BPJS PBI itu dari Presiden via Keppres Kaget krn di atas podium Presiden sll utk kepentingan rakyat Ehhh di belakang podium malah bertolak belakang;sbg rakyat saya kaget baca di medsos bahwa ternyata penonaktifan bpjs pbi itu dari presiden via keppres kaget karena di atas podium presiden sll untuk kepentingan rakyat ehhh di belakang podium malah bertolak belakang;sbg rakyat saya kaget baca di medsos bahwa ternyata penonaktifan bpjs pbi itu dari presiden via keppres kaget karena di atas podium presiden sll untuk kepentingan rakyat ehhh di belakang podium malah bertolak belakang;['sbg', 'rakyat', 'saya', 'kaget', 'baca', 'di', 'medsos', 'bahwa', 'ternyata', 'penonaktifan', 'bpjs', 'pbi', 'itu', 'dari', 'presiden', 'via', 'keppres', 'kaget', 'karena', 'di', 'atas', 'podium', 'presiden', 'sll', 'untuk', 'kepentingan', 'rakyat', 'ehhh', 'di', 'belakang', 'podium', 'malah', 'bertolak', 'belakang'];Prabowo;Lainnya;Diskusi;Diskusi;Out_of_Topic
Pdpt sy program byk yg aneh2 spt Sekolah Rakyat memangnya sekolah yg ada sekrg bukannya sekolah rakyat. Lbh baik bangun Sekolah Energi Listrik, Sekolah Astronot, Sekolah Nuklir, Sekolah Panas Bumi, maju bukannya mundur.???PDIP;Pdpt sy program byk yg aneh2 spt Sekolah Rakyat memangnya sekolah yg ada sekrg bukannya sekolah rakyat Lbh baik bangun Sekolah Energi Listrik Sekolah Astronot Sekolah Nuklir Sekolah Panas Bumi maju bukannya mundur PDIP;pdpt saya program byk yang aneh2 seperti sekolah rakyat memangnya sekolah yang ada sekrg bukannya sekolah rakyat lbh baik bangun sekolah energi listrik sekolah astronot sekolah nuklir sekolah panas bumi maju bukannya mundur pdip;pdpt saya program byk yang aneh2 seperti sekolah rakyat memangnya sekolah yang ada sekrg bukannya sekolah rakyat lbh baik bangun sekolah energi listrik sekolah astronot sekolah nuklir sekolah panas bumi maju bukannya mundur pdip;['pdpt', 'saya', 'program', 'byk', 'yang', 'aneh2', 'seperti', 'sekolah', 'rakyat', 'memangnya', 'sekolah', 'yang', 'ada', 'sekrg', 'bukannya', 'sekolah', 'rakyat', 'lbh', 'baik', 'bangun', 'sekolah', 'energi', 'listrik', 'sekolah', 'astronot', 'sekolah', 'nuklir', 'sekolah', 'panas', 'bumi', 'maju', 'bukannya', 'mundur', 'pdip'];Tidak Terdeteksi;Kebijakan;Mendukung;Mendukung;Menolak
Koprasi ko uang kita diminta dulu buat ini itu disuruh nabung lah kita mau minjam gmna bingung saya;Koprasi ko uang kita diminta dulu buat ini itu disuruh nabung lah kita mau minjam gmna bingung saya;koperasi ko uang kita diminta dulu untuk ini itu disuruh nabung kita mau minjam gmna bingung saya;koperasi ko uang kita diminta dulu untuk ini itu disuruh nabung kita mau minjam gmna bingung saya;['koperasi', 'ko', 'uang', 'kita', 'diminta', 'dulu', 'untuk', 'ini', 'itu', 'disuruh', 'nabung', 'kita', 'mau', 'minjam', 'gmna', 'bingung', 'saya'];Tidak Terdeteksi;Lainnya;Diskusi;Diskusi;Menolak
Untuk pembangunan gedung Koperasi Desa Merah Putih melibatkan KODIM dan KORAMIL , saya amati positif  selain lebih cepat , kualitas bangunanya juga lebih bagus dan tidak ada LSM / preman yg mengganggu ,  dibanding lewat PEMDA yg pemenang tender biasanya pendukung/ kader  saat pilkada dan LSM preman  banyak yg minta jatah sehingga kualitas bangunan rendah.;Untuk pembangunan gedung Koperasi Desa Merah Putih melibatkan KODIM dan KORAMIL saya amati positif selain lebih cepat kualitas bangunanya juga lebih bagus dan tidak ada LSM preman yg mengganggu dibanding lewat PEMDA yg pemenang tender biasanya pendukung kader saat pilkada dan LSM preman banyak yg minta jatah sehingga kualitas bangunan rendah;untuk pembangunan gedung koperasi desa merah putih melibatkan tni dan koramil saya amati positif selain lebih cepat kualitas bangunanya juga lebih bagus dan tidak ada lsm preman yang mengganggu dibanding lewat pemerintah daerah yang pemenang tender biasanya pendukung kader saat pilkada dan lsm preman banyak yang minta jatah sehingga kualitas bangunan rendah;untuk pembangunan gedung koperasi desa merah putih melibatkan tni dan koramil saya amati positif selain lebih cepat kualitas bangunanya juga lebih bagus dan tidak ada lsm preman yang mengganggu dibanding lewat pemerintah daerah yang pemenang tender biasanya pendukung kader saat pilkada dan lsm preman banyak yang minta jatah sehingga kualitas bangunan rendah;['untuk', 'pembangunan', 'gedung', 'koperasi', 'desa', 'merah', 'putih', 'melibatkan', 'tni', 'dan', 'koramil', 'saya', 'amati', 'positif', 'selain', 'lebih', 'cepat', 'kualitas', 'bangunanya', 'juga', 'lebih', 'bagus', 'dan', 'tidak', 'ada', 'lsm', 'preman', 'yang', 'mengganggu', 'dibanding', 'lewat', 'pemerintah', 'daerah', 'yang', 'pemenang', 'tender', 'biasanya', 'pendukung', 'kader', 'saat', 'pilkada', 'dan', 'lsm', 'preman', 'banyak', 'yang', 'minta', 'jatah', 'sehingga', 'kualitas', 'bangunan', 'rendah'];TNI, KDMP;Militerisasi, Kebijakan;Mendukung;Mendukung;Mendukung
"Pembangunan nya anggaran 1M ..pdahal pembangunan  kdmp asal""an....kebanyakan yg dikorupsi berarti anggaran nya..gk si coklat.gk si ijo sama aja..";Pembangunan nya anggaran 1M pdahal pembangunan kdmp asal an kebanyakan yg dikorupsi berarti anggaran nya gk si coklat gk si ijo sama aja;pembangunan nya anggaran 1m pdahal pembangunan koperasi desa merah putih asal an kebanyakan yang dikorupsi berarti anggaran nya tidak si coklat tidak si ijo sama saja;pembangunan nya anggaran 1m pdahal pembangunan koperasi desa merah putih asal an kebanyakan yang dikorupsi berarti anggaran nya tidak si coklat tidak si ijo sama saja;['pembangunan', 'nya', 'anggaran', '1m', 'pdahal', 'pembangunan', 'koperasi', 'desa', 'merah', 'putih', 'asal', 'an', 'kebanyakan', 'yang', 'dikorupsi', 'berarti', 'anggaran', 'nya', 'tidak', 'si', 'coklat', 'tidak', 'si', 'ijo', 'sama', 'saja'];KDMP;Korupsi;Menolak;Menolak;Menolak
Konsep nya harus jelas..jangan sampai jadi ladang korupsi tingkat desa..pemerintah harus lebih berhati2..;Konsep nya harus jelas jangan sampai jadi ladang korupsi tingkat desa pemerintah harus lebih berhati2;konsep nya harus jelas jangan sampai jadi korupsi tingkat desa pemerintah harus lebih berhati2;konsep nya harus jelas jangan sampai jadi korupsi tingkat desa pemerintah harus lebih berhati2;['konsep', 'nya', 'harus', 'jelas', 'jangan', 'sampai', 'jadi', 'korupsi', 'tingkat', 'desa', 'pemerintah', 'harus', 'lebih', 'berhati2'];Tidak Terdeteksi;Korupsi, Kebijakan;Menolak;Menolak;Diskusi
PawPaw4D gak cuma game biasa, tapi pengalaman hiburan digital.;PawPaw4D gak cuma game biasa tapi pengalaman hiburan digital;pawpaw4d tidak hanya game biasa tapi pengalaman hiburan digital;pawpaw4d tidak hanya game biasa tapi pengalaman hiburan digital;['pawpaw4d', 'tidak', 'hanya', 'game', 'biasa', 'tapi', 'pengalaman', 'hiburan', 'digital'];Tidak Terdeteksi;Lainnya;Diskusi;Diskusi;Out_of_Topic
yg penting bermanfaat;yg penting bermanfaat;yang penting bermanfaat;yang penting bermanfaat;['yang', 'penting', 'bermanfaat'];Tidak Terdeteksi;Lainnya;Mendukung;Mendukung;Mendukung
"KDMP proyek ngawur. Namanya koperasi, cara kerjanya spt warung. Dibangun, kasih truk, dimodali, dan dikasih p3k yg dibayar negara. Dikelola pt agrinas selama 2 thn. Entah apa rencana usahanya. Yg jelas peluang berhasilnya kecil :

1. Mindset p3k sbg manager hanya pengawai. 
2. Modal 3M, yg 2.5m utk bangun, mobil, dan peralatan. Sisa 500 jt utk mutar dan bayar pegawai. Kondisi yg berat. 

Masalahnya : yg menanggung Resiko kebodohan ini adalah Rakyat!!!  Lewat Dana Daerah/Desa yg dijadikan jaminan utk bayar kredit selama 6 thn. Daerah/Desa akan dikurangi dananya. Program2 desa akan hilang. 
Akan lanjutkah kebodohan ini??";KDMP proyek ngawur Namanya koperasi cara kerjanya spt warung Dibangun kasih truk dimodali dan dikasih p3k yg dibayar negara Dikelola pt agrinas selama 2 thn Entah apa rencana usahanya Yg jelas peluang berhasilnya kecil 1 Mindset p3k sbg manager hanya pengawai 2 Modal 3M yg 2 5m utk bangun mobil dan peralatan Sisa 500 jt utk mutar dan bayar pegawai Kondisi yg berat Masalahnya yg menanggung Resiko kebodohan ini adalah Rakyat Lewat Dana Daerah Desa yg dijadikan jaminan utk bayar kredit selama 6 thn Daerah Desa akan dikurangi dananya Program2 desa akan hilang Akan lanjutkah kebodohan ini;koperasi desa merah putih proyek ngawur namanya koperasi cara kerjanya seperti warung dibangun kasih truk dimodali dan dikasih p3k yang dibayar negara dikelola pt agrinas selama 2 thn entah apa rencana usahanya yang jelas peluang berhasilnya kecil 1 mindset p3k sbg manager hanya pengawai 2 modal 3m yang 2 5m untuk bangun mobil dan peralatan sisa 500 jt untuk mutar dan bayar pegawai kondisi yang berat masalahnya yang menanggung risiko kebodohan ini adalah rakyat lewat dana daerah desa yang dijadikan jaminan untuk bayar kredit selama 6 thn daerah desa akan dikurangi dananya program2 desa akan hilang akan lanjutkah kebodohan ini;koperasi desa merah putih proyek ngawur namanya koperasi cara kerjanya seperti warung dibangun kasih truk dimodali dan dikasih p3k yang dibayar negara dikelola pt agrinas selama thn entah apa rencana usahanya yang jelas peluang berhasilnya kecil mindset p3k sbg manager hanya pengawai modal 3m yang 5m untuk bangun mobil dan peralatan sisa 500 jt untuk mutar dan bayar pegawai kondisi yang berat masalahnya yang menanggung risiko kebodohan ini adalah rakyat lewat dana daerah desa yang dijadikan jaminan untuk bayar kredit selama thn daerah desa akan dikurangi dananya program2 desa akan hilang akan lanjutkah kebodohan ini;['koperasi', 'desa', 'merah', 'putih', 'proyek', 'ngawur', 'namanya', 'koperasi', 'cara', 'kerjanya', 'seperti', 'warung', 'dibangun', 'kasih', 'truk', 'dimodali', 'dan', 'dikasih', 'p3k', 'yang', 'dibayar', 'negara', 'dikelola', 'pt', 'agrinas', 'selama', 'thn', 'entah', 'apa', 'rencana', 'usahanya', 'yang', 'jelas', 'peluang', 'berhasilnya', 'kecil', 'mindset', 'p3k', 'sbg', 'manager', 'hanya', 'pengawai', 'modal', '3m', 'yang', '5m', 'untuk', 'bangun', 'mobil', 'dan', 'peralatan', 'sisa', '500', 'jt', 'untuk', 'mutar', 'dan', 'bayar', 'pegawai', 'kondisi', 'yang', 'berat', 'masalahnya', 'yang', 'menanggung', 'risiko', 'kebodohan', 'ini', 'adalah', 'rakyat', 'lewat', 'dana', 'daerah', 'desa', 'yang', 'dijadikan', 'jaminan', 'untuk', 'bayar', 'kredit', 'selama', 'thn', 'daerah', 'desa', 'akan', 'dikurangi', 'dananya', 'program2', 'desa', 'akan', 'hilang', 'akan', 'lanjutkah', 'kebodohan', 'ini'];KDMP;Kebijakan;Mendukung;Mendukung;Menolak
Baguslah jika ada jaminan dari dana desa..masyarakat desa bisa berusaha menciptakan lapangan kerja sendiri daripada dd nya  dipegunakan oknum kades untuk memuluskan proyek nya yg kadang keluar dr usulan hasil Musrembang desa dan rkp des;Baguslah jika ada jaminan dari dana desa masyarakat desa bisa berusaha menciptakan lapangan kerja sendiri daripada dd nya dipegunakan oknum kades untuk memuluskan proyek nya yg kadang keluar dr usulan hasil Musrembang desa dan rkp des;baguslah jika ada jaminan dari dana desa masyarakat desa bisa berusaha menciptakan lapangan kerja sendiri daripada dd nya dipegunakan oknum kepala desa untuk memuluskan proyek nya yang kadang keluar dari usulan hasil musrembang desa dan rkp des;baguslah jika ada jaminan dari dana desa masyarakat desa bisa berusaha menciptakan lapangan kerja sendiri daripada dd nya dipegunakan oknum kepala desa untuk memuluskan proyek nya yang kadang keluar dari usulan hasil musrembang desa dan rkp des;['baguslah', 'jika', 'ada', 'jaminan', 'dari', 'dana', 'desa', 'masyarakat', 'desa', 'bisa', 'berusaha', 'menciptakan', 'lapangan', 'kerja', 'sendiri', 'daripada', 'dd', 'nya', 'dipegunakan', 'oknum', 'kepala', 'desa', 'untuk', 'memuluskan', 'proyek', 'nya', 'yang', 'kadang', 'keluar', 'dari', 'usulan', 'hasil', 'musrembang', 'desa', 'dan', 'rkp', 'des'];Kades;Dana Desa;Diskusi;Diskusi;Mendukung
KUD dulu aja udah mangkrak ni di ganti koprasi merah putih mlh mangkrak pasti mangkrak??????;KUD dulu aja udah mangkrak ni di ganti koprasi merah putih mlh mangkrak pasti mangkrak;koperasi unit desa dulu saja sudah mangkrak ni di ganti koperasi merah putih mlh mangkrak pasti mangkrak;koperasi unit desa dulu saja sudah mangkrak ni di ganti koperasi merah putih mlh mangkrak pasti mangkrak;['koperasi', 'unit', 'desa', 'dulu', 'saja', 'sudah', 'mangkrak', 'ni', 'di', 'ganti', 'koperasi', 'merah', 'putih', 'mlh', 'mangkrak', 'pasti', 'mangkrak'];Tidak Terdeteksi;KUD;Diskusi;Diskusi;Menolak
cek saja bumdes, yg nikmati hanya orang terdekat kepala desa;cek saja bumdes yg nikmati hanya orang terdekat kepala desa;cek saja badan usaha milik desa yang nikmati hanya orang terdekat kepala desa;cek saja badan usaha milik desa yang nikmati hanya orang terdekat kepala desa;['cek', 'saja', 'badan', 'usaha', 'milik', 'desa', 'yang', 'nikmati', 'hanya', 'orang', 'terdekat', 'kepala', 'desa'];Kades;Lainnya;Netral;Netral;Menolak
"Sudah berapa banyak koperasi dr jaman bung hatta.apa yang koperasi itu bereskan??mungkin ini gebrakan yg bagus karena koperasi gaya lama tidak memuaskan.berdoalah agar gebrakan ini sukses.
Media ini dibayar berapa??????";Sudah berapa banyak koperasi dr jaman bung hatta apa yang koperasi itu bereskan mungkin ini gebrakan yg bagus karena koperasi gaya lama tidak memuaskan berdoalah agar gebrakan ini sukses Media ini dibayar berapa;sudah berapa banyak koperasi dari zaman bung hatta apa yang koperasi itu bereskan mungkin ini gebrakan yang bagus karena koperasi gaya lama tidak memuaskan berdoalah agar gebrakan ini sukses media ini dibayar berapa;sudah berapa banyak koperasi dari zaman bung hatta apa yang koperasi itu bereskan mungkin ini gebrakan yang bagus karena koperasi gaya lama tidak memuaskan berdoalah agar gebrakan ini sukses media ini dibayar berapa;['sudah', 'berapa', 'banyak', 'koperasi', 'dari', 'zaman', 'bung', 'hatta', 'apa', 'yang', 'koperasi', 'itu', 'bereskan', 'mungkin', 'ini', 'gebrakan', 'yang', 'bagus', 'karena', 'koperasi', 'gaya', 'lama', 'tidak', 'memuaskan', 'berdoalah', 'agar', 'gebrakan', 'ini', 'sukses', 'media', 'ini', 'dibayar', 'berapa'];Tidak Terdeteksi;Lainnya;Diskusi;Diskusi;Menolak
Selalu ada cara buat korupsi.....??????;Selalu ada cara buat korupsi;selalu ada cara untuk korupsi;selalu ada cara untuk korupsi;['selalu', 'ada', 'cara', 'untuk', 'korupsi'];Tidak Terdeteksi;Korupsi;Menolak;Menolak;Menolak
Dear Tempo, terima kasih ngangkat topik Kopdes Merah Putih ini.Namun sebaiknya diseimbangkan juga apa program yang akan diselenggarakan melalui dan oleh Kopdes tsb. Tidak melulu ngarah kepada hal hal penyalah gunaan atau tata kelola yang salah. Menggerakkan ekonomi melalui koperasi kan memang sangat bagus dan mendasar. Tolong berikan inspirasi positif juga terhadap inisiatif ini, dan skaligus hal hal yang mesti dilakukan dan tidak dilakukan sehingga mencapai sasaran. Kita sebagai bangsa harus maju terus.;Dear Tempo terima kasih ngangkat topik Kopdes Merah Putih ini Namun sebaiknya diseimbangkan juga apa program yang akan diselenggarakan melalui dan oleh Kopdes tsb Tidak melulu ngarah kepada hal hal penyalah gunaan atau tata kelola yang salah Menggerakkan ekonomi melalui koperasi kan memang sangat bagus dan mendasar Tolong berikan inspirasi positif juga terhadap inisiatif ini dan skaligus hal hal yang mesti dilakukan dan tidak dilakukan sehingga mencapai sasaran Kita sebagai bangsa harus maju terus;dear tempo terima kasih ngangkat topik koperasi desa merah putih ini namun sebaiknya diseimbangkan juga apa program yang akan diselenggarakan melalui dan oleh koperasi desa tsb tidak melulu ngarah kepada hal hal penyalah gunaan atau tata kelola yang salah menggerakkan ekonomi melalui koperasi memang sangat bagus dan mendasar tolong berikan inspirasi positif juga terhadap inisiatif ini dan skaligus hal hal yang mesti dilakukan dan tidak dilakukan sehingga mencapai sasaran kita sebagai bangsa harus maju terus;dear tempo terima kasih ngangkat topik koperasi desa merah putih ini namun sebaiknya diseimbangkan juga apa program yang akan diselenggarakan melalui dan oleh koperasi desa tsb tidak melulu ngarah kepada hal hal penyalah gunaan atau tata kelola yang salah menggerakkan ekonomi melalui koperasi memang sangat bagus dan mendasar tolong berikan inspirasi positif juga terhadap inisiatif ini dan skaligus hal hal yang mesti dilakukan dan tidak dilakukan sehingga mencapai sasaran kita sebagai bangsa harus maju terus;['dear', 'tempo', 'terima', 'kasih', 'ngangkat', 'topik', 'koperasi', 'desa', 'merah', 'putih', 'ini', 'namun', 'sebaiknya', 'diseimbangkan', 'juga', 'apa', 'program', 'yang', 'akan', 'diselenggarakan', 'melalui', 'dan', 'oleh', 'koperasi', 'desa', 'tsb', 'tidak', 'melulu', 'ngarah', 'kepada', 'hal', 'hal', 'penyalah', 'gunaan', 'atau', 'tata', 'kelola', 'yang', 'salah', 'menggerakkan', 'ekonomi', 'melalui', 'koperasi', 'memang', 'sangat', 'bagus', 'dan', 'mendasar', 'tolong', 'berikan', 'inspirasi', 'positif', 'juga', 'terhadap', 'inisiatif', 'ini', 'dan', 'skaligus', 'hal', 'hal', 'yang', 'mesti', 'dilakukan', 'dan', 'tidak', 'dilakukan', 'sehingga', 'mencapai', 'sasaran', 'kita', 'sebagai', 'bangsa', 'harus', 'maju', 'terus'];Tempo, KDMP;Kebijakan, Media;Diskusi;Diskusi;Diskusi
"Jika MBG dan Kopdes tetap dipaksakan ya sudah. Tapi jangan mem-pajak-i rakyat. Pemerintah mau menguasai semuanya, supaya rakyat miskin dan rakyat bisa dikendalikan seperti hewan ternak. Hewan ternak itu harus nurut, ditarik kekanan nurut, ditarik kekiri nurut, nanti waktunya dipotong juga harus nurut. Perilaku penjajah dan Perilaku Firaun.*

Hapus semua Pungutan, cukai dan Pajak, cukup PPN-10% saja. Karena semua rakyat pasti bayar pajak yaitu: PPN. Anak yatim beli sendal jepit pasti kena PPN. Orang kecil beli rumah kecil, maka PPN-nya juga kecil. Orang kaya beli rumah besar, maka PPN-nya juga besar. Sudah otomatis itu semua.*

Pajak cukup PPN-10% saja. Dengan berbagai macam Pajak dan Pungutan seperti PPH, Pajak STNK, PBB, BPJS, TAPERA, rakyat jadi tidak bisa menabung. Padahal tabungan itu suatu hari akan dibelanjakan untuk meningkatkan taraf hidup. Disaat membelanjakan tabungan ini per-ekonomian berputar dan berakselerasi.*

Ada 280jt rakyat, artinya setiap hari pasti ada yg menabung dan pasti ada yg belanja tabungan-nya. Tidak mungkin 280 jt rakyat menabung disaat bersamaan.*

Negara didirikan oleh Rakyat, setelah negara berdiri, lalu rakyat membentuk pengelola negara yaitu pemerintah. Jadi Rakyat-lah yg mendirikan Negara bukan pemerintah. Dan Rakyat-lah yg berjuang membela Negara setiap harinya dengan nyawa, darah, keringat dan air mata, bukan pemerintah.*

Pemerintah malah menjadikan rakyat sebagai sapi perah, supaya bisa hidup mewah, foya-foya proyek, mobil dinas 8.5M, tunjangan rumah, dll.*";Jika MBG dan Kopdes tetap dipaksakan ya sudah Tapi jangan mem pajak i rakyat Pemerintah mau menguasai semuanya supaya rakyat miskin dan rakyat bisa dikendalikan seperti hewan ternak Hewan ternak itu harus nurut ditarik kekanan nurut ditarik kekiri nurut nanti waktunya dipotong juga harus nurut Perilaku penjajah dan Perilaku Firaun Hapus semua Pungutan cukai dan Pajak cukup PPN 10 saja Karena semua rakyat pasti bayar pajak yaitu PPN Anak yatim beli sendal jepit pasti kena PPN Orang kecil beli rumah kecil maka PPN nya juga kecil Orang kaya beli rumah besar maka PPN nya juga besar Sudah otomatis itu semua Pajak cukup PPN 10 saja Dengan berbagai macam Pajak dan Pungutan seperti PPH Pajak STNK PBB BPJS TAPERA rakyat jadi tidak bisa menabung Padahal tabungan itu suatu hari akan dibelanjakan untuk meningkatkan taraf hidup Disaat membelanjakan tabungan ini per ekonomian berputar dan berakselerasi Ada 280jt rakyat artinya setiap hari pasti ada yg menabung dan pasti ada yg belanja tabungan nya Tidak mungkin 280 jt rakyat menabung disaat bersamaan Negara didirikan oleh Rakyat setelah negara berdiri lalu rakyat membentuk pengelola negara yaitu pemerintah Jadi Rakyat lah yg mendirikan Negara bukan pemerintah Dan Rakyat lah yg berjuang membela Negara setiap harinya dengan nyawa darah keringat dan air mata bukan pemerintah Pemerintah malah menjadikan rakyat sebagai sapi perah supaya bisa hidup mewah foya foya proyek mobil dinas 8 5M tunjangan rumah dll;jika mbg dan koperasi desa tetap dipaksakan ya sudah tapi jangan mem pajak i rakyat pemerintah mau menguasai semuanya supaya rakyat miskin dan rakyat bisa dikendalikan seperti hewan ternak hewan ternak itu harus nurut ditarik kekanan nurut ditarik kekiri nurut nanti waktunya dipotong juga harus nurut perilaku penjajah dan perilaku firaun hapus semua pungutan cukai dan pajak cukup ppn 10 saja karena semua rakyat pasti bayar pajak yaitu ppn anak yatim beli sendal jepit pasti kena ppn orang kecil beli rumah kecil maka ppn nya juga kecil orang kaya beli rumah besar maka ppn nya juga besar sudah otomatis itu semua pajak cukup ppn 10 saja dengan berbagai macam pajak dan pungutan seperti pph pajak stnk pbb bpjs tapera rakyat jadi tidak bisa menabung padahal tabungan itu suatu hari akan dibelanjakan untuk meningkatkan taraf hidup disaat membelanjakan tabungan ini per ekonomian berputar dan berakselerasi ada 280jt rakyat artinya setiap hari pasti ada yang menabung dan pasti ada yang belanja tabungan nya tidak mungkin 280 jt rakyat menabung disaat bersamaan negara didirikan oleh rakyat setelah negara berdiri lalu rakyat membentuk pengelola negara yaitu pemerintah jadi rakyat yang mendirikan negara bukan pemerintah dan rakyat yang berjuang membela negara setiap harinya dengan nyawa darah keringat dan air mata bukan pemerintah pemerintah malah menjadikan rakyat sebagai sapi perah supaya bisa hidup mewah foya foya proyek mobil dinas 8 5m tunjangan rumah dan lain-lain;jika mbg dan koperasi desa tetap dipaksakan sudah tapi jangan mem pajak rakyat pemerintah mau menguasai semuanya supaya rakyat miskin dan rakyat bisa dikendalikan seperti hewan ternak hewan ternak itu harus nurut ditarik kekanan nurut ditarik kekiri nurut nanti waktunya dipotong juga harus nurut perilaku penjajah dan perilaku firaun hapus semua pungutan cukai dan pajak cukup ppn 10 saja karena semua rakyat pasti bayar pajak yaitu ppn anak yatim beli sendal jepit pasti kena ppn orang kecil beli rumah kecil maka ppn nya juga kecil orang kaya beli rumah besar maka ppn nya juga besar sudah otomatis itu semua pajak cukup ppn 10 saja dengan berbagai macam pajak dan pungutan seperti pph pajak stnk pbb bpjs tapera rakyat jadi tidak bisa menabung padahal tabungan itu suatu hari akan dibelanjakan untuk meningkatkan taraf hidup disaat membelanjakan tabungan ini per ekonomian berputar dan berakselerasi ada 280jt rakyat artinya setiap hari pasti ada yang menabung dan pasti ada yang belanja tabungan nya tidak mungkin 280 jt rakyat menabung disaat bersamaan negara didirikan oleh rakyat setelah negara berdiri lalu rakyat membentuk pengelola negara yaitu pemerintah jadi rakyat yang mendirikan negara bukan pemerintah dan rakyat yang berjuang membela negara setiap harinya dengan nyawa darah keringat dan air mata bukan pemerintah pemerintah malah menjadikan rakyat sebagai sapi perah supaya bisa hidup mewah foya foya proyek mobil dinas 5m tunjangan rumah dan lain-lain;['jika', 'mbg', 'dan', 'koperasi', 'desa', 'tetap', 'dipaksakan', 'sudah', 'tapi', 'jangan', 'mem', 'pajak', 'rakyat', 'pemerintah', 'mau', 'menguasai', 'semuanya', 'supaya', 'rakyat', 'miskin', 'dan', 'rakyat', 'bisa', 'dikendalikan', 'seperti', 'hewan', 'ternak', 'hewan', 'ternak', 'itu', 'harus', 'nurut', 'ditarik', 'kekanan', 'nurut', 'ditarik', 'kekiri', 'nurut', 'nanti', 'waktunya', 'dipotong', 'juga', 'harus', 'nurut', 'perilaku', 'penjajah', 'dan', 'perilaku', 'firaun', 'hapus', 'semua', 'pungutan', 'cukai', 'dan', 'pajak', 'cukup', 'ppn', '10', 'saja', 'karena', 'semua', 'rakyat', 'pasti', 'bayar', 'pajak', 'yaitu', 'ppn', 'anak', 'yatim', 'beli', 'sendal', 'jepit', 'pasti', 'kena', 'ppn', 'orang', 'kecil', 'beli', 'rumah', 'kecil', 'maka', 'ppn', 'nya', 'juga', 'kecil', 'orang', 'kaya', 'beli', 'rumah', 'besar', 'maka', 'ppn', 'nya', 'juga', 'besar', 'sudah', 'otomatis', 'itu', 'semua', 'pajak', 'cukup', 'ppn', '10', 'saja', 'dengan', 'berbagai', 'macam', 'pajak', 'dan', 'pungutan', 'seperti', 'pph', 'pajak', 'stnk', 'pbb', 'bpjs', 'tapera', 'rakyat', 'jadi', 'tidak', 'bisa', 'menabung', 'padahal', 'tabungan', 'itu', 'suatu', 'hari', 'akan', 'dibelanjakan', 'untuk', 'meningkatkan', 'taraf', 'hidup', 'disaat', 'membelanjakan', 'tabungan', 'ini', 'per', 'ekonomian', 'berputar', 'dan', 'berakselerasi', 'ada', '280jt', 'rakyat', 'artinya', 'setiap', 'hari', 'pasti', 'ada', 'yang', 'menabung', 'dan', 'pasti', 'ada', 'yang', 'belanja', 'tabungan', 'nya', 'tidak', 'mungkin', '280', 'jt', 'rakyat', 'menabung', 'disaat', 'bersamaan', 'negara', 'didirikan', 'oleh', 'rakyat', 'setelah', 'negara', 'berdiri', 'lalu', 'rakyat', 'membentuk', 'pengelola', 'negara', 'yaitu', 'pemerintah', 'jadi', 'rakyat', 'yang', 'mendirikan', 'negara', 'bukan', 'pemerintah', 'dan', 'rakyat', 'yang', 'berjuang', 'membela', 'negara', 'setiap', 'harinya', 'dengan', 'nyawa', 'darah', 'keringat', 'dan', 'air', 'mata', 'bukan', 'pemerintah', 'pemerintah', 'malah', 'menjadikan', 'rakyat', 'sebagai', 'sapi', 'perah', 'supaya', 'bisa', 'hidup', 'mewah', 'foya', 'foya', 'proyek', 'mobil', 'dinas', '5m', 'tunjangan', 'rumah', 'dan', 'lain-lain'];KDMP;Kebijakan;Diskusi;Diskusi;Diskusi
Majlis ta'lim tempodotco ????;Majlis ta lim tempodotco;majlis ta lim tempodotco;majlis ta lim tempodotco;['majlis', 'ta', 'lim', 'tempodotco'];Tempo;Media;Netral;Netral;Netral
"Datanglah Reporter TEMPO ke Kecamatan Plantungan, sukorejo, Pageruyung, dan Patean, Kabupaten Kendal Jawa Tengah. Karena melalui Surat Edaran Setda Jateng mulai Hari Jumat kemarin 25 April 2025 ada setudaknya 30 KDMP sudah didirikan. 
Kalau mau tahu jadwalnya lebih lengkap bisa ber email ke email saya. Karena saya kemarin jumat juga baru saja menghadiri pendirian KDMP";Datanglah Reporter TEMPO ke Kecamatan Plantungan sukorejo Pageruyung dan Patean Kabupaten Kendal Jawa Tengah Karena melalui Surat Edaran Setda Jateng mulai Hari Jumat kemarin 25 April 2025 ada setudaknya 30 KDMP sudah didirikan Kalau mau tahu jadwalnya lebih lengkap bisa ber email ke email saya Karena saya kemarin jumat juga baru saja menghadiri pendirian KDMP;datanglah reporter tempo ke kecamatan plantungan sukorejo pageruyung dan patean kabupaten kendal jawa tengah karena melalui surat edaran setda jateng mulai hari jumat kemarin 25 april 2025 ada setudaknya 30 koperasi desa merah putih sudah didirikan kalau mau tahu jadwalnya lebih lengkap bisa ber email ke email saya karena saya kemarin jumat juga baru saja menghadiri pendirian koperasi desa merah putih;datanglah reporter tempo ke kecamatan plantungan sukorejo pageruyung dan patean kabupaten kendal jawa tengah karena melalui surat edaran setda jateng mulai hari jumat kemarin 25 april 2025 ada setudaknya 30 koperasi desa merah putih sudah didirikan kalau mau tahu jadwalnya lebih lengkap bisa ber email ke email saya karena saya kemarin jumat juga baru saja menghadiri pendirian koperasi desa merah putih;['datanglah', 'reporter', 'tempo', 'ke', 'kecamatan', 'plantungan', 'sukorejo', 'pageruyung', 'dan', 'patean', 'kabupaten', 'kendal', 'jawa', 'tengah', 'karena', 'melalui', 'surat', 'edaran', 'setda', 'jateng', 'mulai', 'hari', 'jumat', 'kemarin', '25', 'april', '2025', 'ada', 'setudaknya', '30', 'koperasi', 'desa', 'merah', 'putih', 'sudah', 'didirikan', 'kalau', 'mau', 'tahu', 'jadwalnya', 'lebih', 'lengkap', 'bisa', 'ber', 'email', 'ke', 'email', 'saya', 'karena', 'saya', 'kemarin', 'jumat', 'juga', 'baru', 'saja', 'menghadiri', 'pendirian', 'koperasi', 'desa', 'merah', 'putih'];Tempo, KDMP;Media;Out_of_Topic;Out_of_Topic;Diskusi
Kl diangkat jd ASN, bgm kl ternyata sbgn dari mereka kinerjanya jeblok, lebih baik dilakukan dg  sistem kontrak kerja sja dg evaluasi setiap tahun serta dg uji coba minimal 3 thn, artinya kl selama tenggang waktu tsb tfk ada progress kerjanya, sebaiknya diputus saja, namun kl kinerjanya bagus bisa dipertimbangkan utk diangkat sbg pegawai tetap;Kl diangkat jd ASN bgm kl ternyata sbgn dari mereka kinerjanya jeblok lebih baik dilakukan dg sistem kontrak kerja sja dg evaluasi setiap tahun serta dg uji coba minimal 3 thn artinya kl selama tenggang waktu tsb tfk ada progress kerjanya sebaiknya diputus saja namun kl kinerjanya bagus bisa dipertimbangkan utk diangkat sbg pegawai tetap;kalau diangkat jadi asn bgm kalau ternyata sbgn dari mereka kinerjanya jeblok lebih baik dilakukan dengan sistem kontrak kerja sja dengan evaluasi setiap tahun serta dengan uji coba minimal 3 thn artinya kalau selama tenggang waktu tsb tfk ada progress kerjanya sebaiknya diputus saja namun kalau kinerjanya bagus bisa dipertimbangkan untuk diangkat sbg pegawai tetap;kalau diangkat jadi asn bgm kalau ternyata sbgn dari mereka kinerjanya jeblok lebih baik dilakukan dengan sistem kontrak kerja sja dengan evaluasi setiap tahun serta dengan uji coba minimal thn artinya kalau selama tenggang waktu tsb tfk ada progress kerjanya sebaiknya diputus saja namun kalau kinerjanya bagus bisa dipertimbangkan untuk diangkat sbg pegawai tetap;['kalau', 'diangkat', 'jadi', 'asn', 'bgm', 'kalau', 'ternyata', 'sbgn', 'dari', 'mereka', 'kinerjanya', 'jeblok', 'lebih', 'baik', 'dilakukan', 'dengan', 'sistem', 'kontrak', 'kerja', 'sja', 'dengan', 'evaluasi', 'setiap', 'tahun', 'serta', 'dengan', 'uji', 'coba', 'minimal', 'thn', 'artinya', 'kalau', 'selama', 'tenggang', 'waktu', 'tsb', 'tfk', 'ada', 'progress', 'kerjanya', 'sebaiknya', 'diputus', 'saja', 'namun', 'kalau', 'kinerjanya', 'bagus', 'bisa', 'dipertimbangkan', 'untuk', 'diangkat', 'sbg', 'pegawai', 'tetap'];Tidak Terdeteksi;Lainnya;Diskusi;Diskusi;Diskusi
Desa disuruh siapin tanah buat bangun bangunan koprasi desa, harus pokoknya harus ada;Desa disuruh siapin tanah buat bangun bangunan koprasi desa harus pokoknya harus ada;desa disuruh siapin tanah untuk bangun bangunan koperasi desa harus pokoknya harus ada;desa disuruh siapin tanah untuk bangun bangunan koperasi desa harus pokoknya harus ada;['desa', 'disuruh', 'siapin', 'tanah', 'untuk', 'bangun', 'bangunan', 'koperasi', 'desa', 'harus', 'pokoknya', 'harus', 'ada'];KDMP;Lainnya;Netral;Netral;Netral
Mgkn krn byk kepala desa yg korupsi dana desa..jd gak d libatkan...;Mgkn krn byk kepala desa yg korupsi dana desa jd gak d libatkan;mgkn karena byk kepala desa yang korupsi dana desa jadi tidak d libatkan;mgkn karena byk kepala desa yang korupsi dana desa jadi tidak libatkan;['mgkn', 'karena', 'byk', 'kepala', 'desa', 'yang', 'korupsi', 'dana', 'desa', 'jadi', 'tidak', 'libatkan'];Kades;Korupsi, Dana Desa;Diskusi;Diskusi;Diskusi
Ahhh .. udah jelas, ini bakal hadi 1 proyek bancakan partai2. Ngeri ini mah … ??;Ahhh udah jelas ini bakal hadi 1 proyek bancakan partai2 Ngeri ini mah;ahhh sudah jelas ini bakal hadi 1 proyek bancakan partai2 ngeri ini mah;ahhh sudah jelas ini bakal hadi proyek bancakan partai2 ngeri ini mah;['ahhh', 'sudah', 'jelas', 'ini', 'bakal', 'hadi', 'proyek', 'bancakan', 'partai2', 'ngeri', 'ini', 'mah'];Tidak Terdeteksi;Korupsi;Menolak;Menolak;Menolak
"*Lebih baik pulang tinggal nama daripada gagal dalam tugas..!!* Itu dulu. Dulu sekali. Sekarang..?? 
*Lebih baik hilang wibawa daripada gagal dalam merebut anggaran..!!* ??";Lebih baik pulang tinggal nama daripada gagal dalam tugas Itu dulu Dulu sekali Sekarang Lebih baik hilang wibawa daripada gagal dalam merebut anggaran;lebih baik pulang tinggal nama daripada gagal dalam tugas itu dulu dulu sekali sekarang lebih baik hilang wibawa daripada gagal dalam merebut anggaran;lebih baik pulang tinggal nama daripada gagal dalam tugas itu dulu dulu sekali sekarang lebih baik hilang wibawa daripada gagal dalam merebut anggaran;['lebih', 'baik', 'pulang', 'tinggal', 'nama', 'daripada', 'gagal', 'dalam', 'tugas', 'itu', 'dulu', 'dulu', 'sekali', 'sekarang', 'lebih', 'baik', 'hilang', 'wibawa', 'daripada', 'gagal', 'dalam', 'merebut', 'anggaran'];Tidak Terdeteksi;Lainnya;Diskusi;Diskusi;Menolak
KEPALA DESA ITU KORUPTOR SEMUA;KEPALA DESA ITU KORUPTOR SEMUA;kepala desa itu koruptor semua;kepala desa itu koruptor semua;['kepala', 'desa', 'itu', 'koruptor', 'semua'];Kades;Korupsi;Menolak;Menolak;Menolak
PREDIKSI.    YG.  LAKU.    KMP.  ADALAH ..PUPUK. JIKA.  KMP. DI. PEDESAAN.  ITU. AJA ADA YGN    BELI. DI. PENGECER.  DESA;PREDIKSI YG LAKU KMP ADALAH PUPUK JIKA KMP DI PEDESAAN ITU AJA ADA YGN BELI DI PENGECER DESA;prediksi yang laku koperasi desa merah putih adalah pupuk jika koperasi desa merah putih di pedesaan itu saja ada ygn beli di pengecer desa;prediksi yang laku koperasi desa merah putih adalah pupuk jika koperasi desa merah putih di pedesaan itu saja ada ygn beli di pengecer desa;['prediksi', 'yang', 'laku', 'koperasi', 'desa', 'merah', 'putih', 'adalah', 'pupuk', 'jika', 'koperasi', 'desa', 'merah', 'putih', 'di', 'pedesaan', 'itu', 'saja', 'ada', 'ygn', 'beli', 'di', 'pengecer', 'desa'];KDMP;Lainnya;Diskusi;Diskusi;Menolak
"Koprasi hangat"" Taek ayam pertama antusias pada waktunya zoonk.buang"" uang.";Koprasi hangat Taek ayam pertama antusias pada waktunya zoonk buang uang;koperasi hangat taek ayam pertama antusias pada waktunya zoonk buang uang;koperasi hangat taek ayam pertama antusias pada waktunya zoonk buang uang;['koperasi', 'hangat', 'taek', 'ayam', 'pertama', 'antusias', 'pada', 'waktunya', 'zoonk', 'buang', 'uang'];Tidak Terdeteksi;Lainnya;Out_of_Topic;Out_of_Topic;Menolak
Seharusnya ada kejadian telanjur impor ada juga telanjur dipenjara;Seharusnya ada kejadian telanjur impor ada juga telanjur dipenjara;seharusnya ada kejadian telanjur impor ada juga telanjur dipenjara;seharusnya ada kejadian telanjur impor ada juga telanjur dipenjara;['seharusnya', 'ada', 'kejadian', 'telanjur', 'impor', 'ada', 'juga', 'telanjur', 'dipenjara'];Tidak Terdeteksi;Lainnya;Diskusi;Diskusi;Menolak
Mau ditunggu masih 3 tahun lagi, dibiarin tambah parah, gulingkan aja yok,itung2 juga buat melemahkan kekuatan oligarki dan geng solo supaya mereka gagal di 2029;Mau ditunggu masih 3 tahun lagi dibiarin tambah parah gulingkan aja yok itung2 juga buat melemahkan kekuatan oligarki dan geng solo supaya mereka gagal di 2029;mau ditunggu masih 3 tahun lagi dibiarin tambah parah gulingkan saja yok itung2 juga untuk melemahkan kekuatan oligarki dan geng solo supaya mereka gagal di 2029;mau ditunggu masih tahun lagi dibiarin tambah parah gulingkan saja yok itung2 juga untuk melemahkan kekuatan oligarki dan geng solo supaya mereka gagal di 2029;['mau', 'ditunggu', 'masih', 'tahun', 'lagi', 'dibiarin', 'tambah', 'parah', 'gulingkan', 'saja', 'yok', 'itung2', 'juga', 'untuk', 'melemahkan', 'kekuatan', 'oligarki', 'dan', 'geng', 'solo', 'supaya', 'mereka', 'gagal', 'di', '2029'];Tidak Terdeteksi;Lainnya;Menolak;Menolak;Menolak
Selamat datang Orde Baru versi Lite...;Selamat datang Orde Baru versi Lite;selamat datang orde baru versi lite;selamat datang orde baru versi lite;['selamat', 'datang', 'orde', 'baru', 'versi', 'lite'];Tidak Terdeteksi;Militerisasi;Menolak;Menolak;Menolak
Semua program Prabowo nilai nya hasil nya kecil tp berat di ongkos;Semua program Prabowo nilai nya hasil nya kecil tp berat di ongkos;semua program prabowo nilai nya hasil nya kecil tapi berat di ongkos;semua program prabowo nilai nya hasil nya kecil tapi berat di ongkos;['semua', 'program', 'prabowo', 'nilai', 'nya', 'hasil', 'nya', 'kecil', 'tapi', 'berat', 'di', 'ongkos'];Prabowo;Kebijakan;Netral;Netral;Menolak
aneh indo bikin pikup kok malah beli tukan kayak nggak percaya indrutri bangsa;aneh indo bikin pikup kok malah beli tukan kayak nggak percaya indrutri bangsa;aneh indo membuat pikup malah beli tukan kayak tidak percaya indrutri bangsa;aneh indo membuat pikup malah beli tukan kayak tidak percaya indrutri bangsa;['aneh', 'indo', 'membuat', 'pikup', 'malah', 'beli', 'tukan', 'kayak', 'tidak', 'percaya', 'indrutri', 'bangsa'];Tidak Terdeteksi;Lainnya;Menolak;Menolak;Menolak
koperasi yang sukses itu berjalan di SDM tinggi mba, contoh tuh di Jerman, pendanaan petani itu dari koperasi. di kita? artinya koperasi itu bisa berjalan dari anggota yang proaktif, produktif dan kompeten bukan haya pemimpinnya.  saya gak pesimis;koperasi yang sukses itu berjalan di SDM tinggi mba contoh tuh di Jerman pendanaan petani itu dari koperasi di kita artinya koperasi itu bisa berjalan dari anggota yang proaktif produktif dan kompeten bukan haya pemimpinnya saya gak pesimis;koperasi yang sukses itu berjalan di sdm tinggi mba contoh tuh di jerman pendanaan petani itu dari koperasi di kita artinya koperasi itu bisa berjalan dari anggota yang proaktif produktif dan kompeten bukan haya pemimpinnya saya tidak pesimis;koperasi yang sukses itu berjalan di sdm tinggi contoh tuh di jerman pendanaan petani itu dari koperasi di kita artinya koperasi itu bisa berjalan dari anggota yang proaktif produktif dan kompeten bukan haya pemimpinnya saya tidak pesimis;['koperasi', 'yang', 'sukses', 'itu', 'berjalan', 'di', 'sdm', 'tinggi', 'contoh', 'tuh', 'di', 'jerman', 'pendanaan', 'petani', 'itu', 'dari', 'koperasi', 'di', 'kita', 'artinya', 'koperasi', 'itu', 'bisa', 'berjalan', 'dari', 'anggota', 'yang', 'proaktif', 'produktif', 'dan', 'kompeten', 'bukan', 'haya', 'pemimpinnya', 'saya', 'tidak', 'pesimis'];Tidak Terdeteksi;Pengelolaan;Mendukung;Mendukung;Mendukung
Percayalah, KOPDES akan bernasib sama dengan KUD BUUD di zaman pak Harto : ludes, punah tanpa bekas sebab abaikan profesionalisme. KOPDES akan keok dg UMKM, waroeng kecil, Indomaret dan Alfamart yg buka 24 jam nonstop. Pak Harto kurang apa coba ? Zaman itu belum ada HP;Percayalah KOPDES akan bernasib sama dengan KUD BUUD di zaman pak Harto ludes punah tanpa bekas sebab abaikan profesionalisme KOPDES akan keok dg UMKM waroeng kecil Indomaret dan Alfamart yg buka 24 jam nonstop Pak Harto kurang apa coba Zaman itu belum ada HP;percayalah koperasi desa akan bernasib sama dengan koperasi unit desa buud di zaman pak harto ludes punah tanpa bekas sebab abaikan profesionalisme koperasi desa akan keok dengan usaha mikro kecil menengah waroeng kecil indomaret dan alfamart yang buka 24 jam nonstop pak harto kurang apa coba zaman itu belum ada hp;percayalah koperasi desa akan bernasib sama dengan koperasi unit desa buud di zaman pak harto ludes punah tanpa bekas sebab abaikan profesionalisme koperasi desa akan keok dengan usaha mikro kecil menengah waroeng kecil indomaret dan alfamart yang buka 24 jam nonstop pak harto kurang apa coba zaman itu belum ada hp;['percayalah', 'koperasi', 'desa', 'akan', 'bernasib', 'sama', 'dengan', 'koperasi', 'unit', 'desa', 'buud', 'di', 'zaman', 'pak', 'harto', 'ludes', 'punah', 'tanpa', 'bekas', 'sebab', 'abaikan', 'profesionalisme', 'koperasi', 'desa', 'akan', 'keok', 'dengan', 'usaha', 'mikro', 'kecil', 'menengah', 'waroeng', 'kecil', 'indomaret', 'dan', 'alfamart', 'yang', 'buka', '24', 'jam', 'nonstop', 'pak', 'harto', 'kurang', 'apa', 'coba', 'zaman', 'itu', 'belum', 'ada', 'hp'];KDMP;KUD;Mendukung;Mendukung;Menolak
Ane setuju klau TNI dan POLRI yg benahi kop.merah putih.krna dana desa hanya dikorupsi RT.Rw.Lurah dan Antek2nya Bravo TNI dan POLRI??????????;Ane setuju klau TNI dan POLRI yg benahi kop merah putih krna dana desa hanya dikorupsi RT Rw Lurah dan Antek2nya Bravo TNI dan POLRI;saya setuju klau tni dan polri yang benahi kop merah putih karena dana desa hanya dikorupsi rt rw lurah dan antek2nya bravo tni dan polri;saya setuju klau tni dan polri yang benahi kop merah putih karena dana desa hanya dikorupsi rt rw lurah dan antek2nya bravo tni dan polri;['saya', 'setuju', 'klau', 'tni', 'dan', 'polri', 'yang', 'benahi', 'kop', 'merah', 'putih', 'karena', 'dana', 'desa', 'hanya', 'dikorupsi', 'rt', 'rw', 'lurah', 'dan', 'antek2nya', 'bravo', 'tni', 'dan', 'polri'];TNI;Korupsi, Militerisasi, Dana Desa;Diskusi;Diskusi;Mendukung
Bos judi online.....  Makin berkibar ??????;Bos judi online Makin berkibar;bos judi online makin berkibar;bos judi online makin berkibar;['bos', 'judi', 'online', 'makin', 'berkibar'];Tidak Terdeteksi;Lainnya;Netral;Netral;Menolak
"Sangat amburadul sekali neg3ri ini dibawah kepemimpinan  @prabowo inilah bukti bahwa generasi TNI sekarang tidak mampu menangani pekerjaan sipil 
Prabowo menjadi  presiden sekarang ini karena kemudahan² yg ia dapat bukan karena kepandaiannya";Sangat amburadul sekali neg3ri ini dibawah kepemimpinan prabowo inilah bukti bahwa generasi TNI sekarang tidak mampu menangani pekerjaan sipil Prabowo menjadi presiden sekarang ini karena kemudahan2 yg ia dapat bukan karena kepandaiannya;sangat amburadul sekali neg3ri ini dibawah kepemimpinan prabowo inilah bukti bahwa generasi tni sekarang tidak mampu menangani pekerjaan sipil prabowo menjadi presiden sekarang ini karena kemudahan2 yang ia dapat bukan karena kepandaiannya;sangat amburadul sekali neg3ri ini dibawah kepemimpinan prabowo inilah bukti bahwa generasi tni sekarang tidak mampu menangani pekerjaan sipil prabowo menjadi presiden sekarang ini karena kemudahan2 yang ia dapat bukan karena kepandaiannya;['sangat', 'amburadul', 'sekali', 'neg3ri', 'ini', 'dibawah', 'kepemimpinan', 'prabowo', 'inilah', 'bukti', 'bahwa', 'generasi', 'tni', 'sekarang', 'tidak', 'mampu', 'menangani', 'pekerjaan', 'sipil', 'prabowo', 'menjadi', 'presiden', 'sekarang', 'ini', 'karena', 'kemudahan2', 'yang', 'ia', 'dapat', 'bukan', 'karena', 'kepandaiannya'];TNI, Prabowo;Militerisasi;Diskusi;Diskusi;Menolak
Tempo kakean kritik;Tempo kakean kritik;tempo kakean kritik;tempo kakean kritik;['tempo', 'kakean', 'kritik'];Tempo;Media;Netral;Netral;Netral
Orde baru masih lebih jelas arahnya, walau ada arogansi.;Orde baru masih lebih jelas arahnya walau ada arogansi;orde baru masih lebih jelas arahnya walau ada arogansi;orde baru masih lebih jelas arahnya walau ada arogansi;['orde', 'baru', 'masih', 'lebih', 'jelas', 'arahnya', 'walau', 'ada', 'arogansi'];Tidak Terdeteksi;Militerisasi;Menolak;Menolak;Menolak
Menteri gagal dikasih jabatan lagi, data rakyat aja mudah dibobol gimana ngurusin koperasi ??;Menteri gagal dikasih jabatan lagi data rakyat aja mudah dibobol gimana ngurusin koperasi;menteri gagal dikasih jabatan lagi data rakyat saja mudah dibobol bagaimana ngurusin koperasi;menteri gagal dikasih jabatan lagi data rakyat saja mudah dibobol bagaimana ngurusin koperasi;['menteri', 'gagal', 'dikasih', 'jabatan', 'lagi', 'data', 'rakyat', 'saja', 'mudah', 'dibobol', 'bagaimana', 'ngurusin', 'koperasi'];Tidak Terdeteksi;Lainnya;Menolak;Menolak;Menolak
koperasi itu sangat rentan dikorupsi rame2 oleh aparat desa, memangnya ngasih kredit itu gampang? bank saja yang pegawai2nya sudah diseleksi dan dilatih sedemikian rupa masih beresiko kredit macet apalagi karyawan koperasi...ngeri nih resiko sistemik kalo sampe pake dana bank BUMN;koperasi itu sangat rentan dikorupsi rame2 oleh aparat desa memangnya ngasih kredit itu gampang bank saja yang pegawai2nya sudah diseleksi dan dilatih sedemikian rupa masih beresiko kredit macet apalagi karyawan koperasi ngeri nih resiko sistemik kalo sampe pake dana bank BUMN;koperasi itu sangat rentan dikorupsi rame2 oleh aparat desa memangnya memberi kredit itu gampang bank saja yang pegawai2nya sudah diseleksi dan dilatih sedemikian rupa masih beresiko kredit macet apalagi karyawan koperasi ngeri risiko sistemik kalau sampe pakai dana bank bumn;koperasi itu sangat rentan dikorupsi rame2 oleh aparat desa memangnya memberi kredit itu gampang bank saja yang pegawai2nya sudah diseleksi dan dilatih sedemikian rupa masih beresiko kredit macet apalagi karyawan koperasi ngeri risiko sistemik kalau sampe pakai dana bank bumn;['koperasi', 'itu', 'sangat', 'rentan', 'dikorupsi', 'rame2', 'oleh', 'aparat', 'desa', 'memangnya', 'memberi', 'kredit', 'itu', 'gampang', 'bank', 'saja', 'yang', 'pegawai2nya', 'sudah', 'diseleksi', 'dan', 'dilatih', 'sedemikian', 'rupa', 'masih', 'beresiko', 'kredit', 'macet', 'apalagi', 'karyawan', 'koperasi', 'ngeri', 'risiko', 'sistemik', 'kalau', 'sampe', 'pakai', 'dana', 'bank', 'bumn'];Tidak Terdeteksi;Korupsi;Menolak;Menolak;Menolak
Bagus;Bagus;bagus;bagus;['bagus'];Tidak Terdeteksi;Lainnya;Mendukung;Mendukung;Mendukung
"Bohong. Kandungan lokal dikit, harga jual tinggi. G bisa bersaing krn bnyak korup penyakit termul. Bandingkan dg penghematan agran. Dan jng mahal"" Koprasi g kn maju. Mentsl pengurus msih budaya maling menyeluruh.";Bohong Kandungan lokal dikit harga jual tinggi G bisa bersaing krn bnyak korup penyakit termul Bandingkan dg penghematan agran Dan jng mahal Koprasi g kn maju Mentsl pengurus msih budaya maling menyeluruh;bohong kandungan lokal dikit harga jual tinggi tidak bisa bersaing karena bnyak korup penyakit termul bandingkan dengan penghematan agran dan jng mahal koperasi tidak kn maju mentsl pengurus msih budaya maling menyeluruh;bohong kandungan lokal dikit harga jual tinggi tidak bisa bersaing karena bnyak korup penyakit termul bandingkan dengan penghematan agran dan jng mahal koperasi tidak kn maju mentsl pengurus msih budaya maling menyeluruh;['bohong', 'kandungan', 'lokal', 'dikit', 'harga', 'jual', 'tinggi', 'tidak', 'bisa', 'bersaing', 'karena', 'bnyak', 'korup', 'penyakit', 'termul', 'bandingkan', 'dengan', 'penghematan', 'agran', 'dan', 'jng', 'mahal', 'koperasi', 'tidak', 'kn', 'maju', 'mentsl', 'pengurus', 'msih', 'budaya', 'maling', 'menyeluruh'];Tidak Terdeteksi;Korupsi, Pengelolaan;Diskusi;Diskusi;Menolak
Pemerintah komando lebih efektif saat ini. Di kampungku alokasi dana diarahkan pada kegiatan2 yang sulit dimengerti dan mudah dikorupsi.;Pemerintah komando lebih efektif saat ini Di kampungku alokasi dana diarahkan pada kegiatan2 yang sulit dimengerti dan mudah dikorupsi;pemerintah komando lebih efektif saat ini di kampungku alokasi dana diarahkan pada kegiatan2 yang sulit dimengerti dan mudah dikorupsi;pemerintah komando lebih efektif saat ini di kampungku alokasi dana diarahkan pada kegiatan2 yang sulit dimengerti dan mudah dikorupsi;['pemerintah', 'komando', 'lebih', 'efektif', 'saat', 'ini', 'di', 'kampungku', 'alokasi', 'dana', 'diarahkan', 'pada', 'kegiatan2', 'yang', 'sulit', 'dimengerti', 'dan', 'mudah', 'dikorupsi'];Tidak Terdeteksi;Korupsi, Kebijakan;Menolak;Menolak;Menolak
Kebijakan nya makin hari bikin geleng2 kepala;Kebijakan nya makin hari bikin geleng2 kepala;kebijakan nya makin hari membuat geleng2 kepala;kebijakan nya makin hari membuat geleng2 kepala;['kebijakan', 'nya', 'makin', 'hari', 'membuat', 'geleng2', 'kepala'];Tidak Terdeteksi;Kebijakan;Netral;Netral;Menolak
Potensi kegagalan untuk pengembalian uang modal besar sekali karena barang yang laku tidak sebanding dengan bunga modal utama.;Potensi kegagalan untuk pengembalian uang modal besar sekali karena barang yang laku tidak sebanding dengan bunga modal utama;potensi kegagalan untuk pengembalian uang modal besar sekali karena barang yang laku tidak sebanding dengan bunga modal utama;potensi kegagalan untuk pengembalian uang modal besar sekali karena barang yang laku tidak sebanding dengan bunga modal utama;['potensi', 'kegagalan', 'untuk', 'pengembalian', 'uang', 'modal', 'besar', 'sekali', 'karena', 'barang', 'yang', 'laku', 'tidak', 'sebanding', 'dengan', 'bunga', 'modal', 'utama'];Tidak Terdeteksi;Lainnya;Diskusi;Diskusi;Menolak
dinegara manapun didunia, sebuah program itu tidak dibuat dadakn, harus memulai perencanaan yang matang, ada simulasi bahkan butuh waktu 3 hingga 5 tahun untuk dikaji, beda dengan kita motonya, YANG PENTING BIKIN AJA DULU,  TEKNIS PELAKSANAANNYA BAGAIMANA NANTI satu hal yang dipetik dari para pejabat kita, sudah bodoh, keras kepala, tidak kreatif, dan bekerja dengan telunjuk bukan pake otak dan hati.;dinegara manapun didunia sebuah program itu tidak dibuat dadakn harus memulai perencanaan yang matang ada simulasi bahkan butuh waktu 3 hingga 5 tahun untuk dikaji beda dengan kita motonya YANG PENTING BIKIN AJA DULU TEKNIS PELAKSANAANNYA BAGAIMANA NANTI satu hal yang dipetik dari para pejabat kita sudah bodoh keras kepala tidak kreatif dan bekerja dengan telunjuk bukan pake otak dan hati;dinegara manapun didunia sebuah program itu tidak dibuat dadakn harus memulai perencanaan yang matang ada simulasi bahkan butuh waktu 3 hingga 5 tahun untuk dikaji beda dengan kita motonya yang penting membuat saja dulu teknis pelaksanaannya bagaimana nanti satu hal yang dipetik dari para pejabat kita sudah bodoh keras kepala tidak kreatif dan bekerja dengan telunjuk bukan pakai otak dan hati;dinegara manapun didunia sebuah program itu tidak dibuat dadakn harus memulai perencanaan yang matang ada simulasi bahkan butuh waktu hingga tahun untuk dikaji beda dengan kita motonya yang penting membuat saja dulu teknis pelaksanaannya bagaimana nanti satu hal yang dipetik dari para pejabat kita sudah bodoh keras kepala tidak kreatif dan bekerja dengan telunjuk bukan pakai otak dan hati;['dinegara', 'manapun', 'didunia', 'sebuah', 'program', 'itu', 'tidak', 'dibuat', 'dadakn', 'harus', 'memulai', 'perencanaan', 'yang', 'matang', 'ada', 'simulasi', 'bahkan', 'butuh', 'waktu', 'hingga', 'tahun', 'untuk', 'dikaji', 'beda', 'dengan', 'kita', 'motonya', 'yang', 'penting', 'membuat', 'saja', 'dulu', 'teknis', 'pelaksanaannya', 'bagaimana', 'nanti', 'satu', 'hal', 'yang', 'dipetik', 'dari', 'para', 'pejabat', 'kita', 'sudah', 'bodoh', 'keras', 'kepala', 'tidak', 'kreatif', 'dan', 'bekerja', 'dengan', 'telunjuk', 'bukan', 'pakai', 'otak', 'dan', 'hati'];Tidak Terdeteksi;Kebijakan;Diskusi;Diskusi;Menolak
rezim prabowo semakin gilaaa borosin duit rakyat.......semoga cepat bubar para mafia koruptor;rezim prabowo semakin gilaaa borosin duit rakyat semoga cepat bubar para mafia koruptor;pemerintah prabowo semakin gilaaa borosin dana masyarakat semoga cepat bubar para mafia koruptor;pemerintah prabowo semakin gilaaa borosin dana masyarakat semoga cepat bubar para mafia koruptor;['pemerintah', 'prabowo', 'semakin', 'gilaaa', 'borosin', 'dana', 'masyarakat', 'semoga', 'cepat', 'bubar', 'para', 'mafia', 'koruptor'];Prabowo;Korupsi, Kebijakan;Menolak;Menolak;Menolak
BUKAN TENTARA MASUK KOPERASI,,,,, TENTARA HANYA MELAKSANAKAN PEMBANGUNAN,, SETELAH BERJALAN ITU DI SERAHKAN SEPENUHNYA KE DESA/KELURAHAN UNTUK MENGELOLA BUKAN TENTARA YG MENGELOLA,,,, JADI PAHAMI DULU KONTEKSNYA OM;BUKAN TENTARA MASUK KOPERASI TENTARA HANYA MELAKSANAKAN PEMBANGUNAN SETELAH BERJALAN ITU DI SERAHKAN SEPENUHNYA KE DESA KELURAHAN UNTUK MENGELOLA BUKAN TENTARA YG MENGELOLA JADI PAHAMI DULU KONTEKSNYA OM;bukan tni masuk koperasi tni hanya melaksanakan pembangunan setelah berjalan itu di serahkan sepenuhnya ke desa kelurahan untuk mengelola bukan tni yang mengelola jadi pahami dulu konteksnya om;bukan tni masuk koperasi tni hanya melaksanakan pembangunan setelah berjalan itu di serahkan sepenuhnya ke desa kelurahan untuk mengelola bukan tni yang mengelola jadi pahami dulu konteksnya;['bukan', 'tni', 'masuk', 'koperasi', 'tni', 'hanya', 'melaksanakan', 'pembangunan', 'setelah', 'berjalan', 'itu', 'di', 'serahkan', 'sepenuhnya', 'ke', 'desa', 'kelurahan', 'untuk', 'mengelola', 'bukan', 'tni', 'yang', 'mengelola', 'jadi', 'pahami', 'dulu', 'konteksnya'];TNI;Militerisasi;Diskusi;Diskusi;Mendukung
Semua ini akibat kesalahan wiwi berlanjut wowo;Semua ini akibat kesalahan wiwi berlanjut wowo;semua ini akibat kesalahan wiwi berlanjut prabowo;semua ini akibat kesalahan wiwi berlanjut prabowo;['semua', 'ini', 'akibat', 'kesalahan', 'wiwi', 'berlanjut', 'prabowo'];Prabowo;Lainnya;Menolak;Menolak;Menolak
gagasan dan tujuan pembentukan Koperasi Merah Putih sangat baik untuk rakyat terutama di desa-desa, persoalannya bagaimana mekanisme pengawasannya bisa berjalan dengan sempurna agar sesuai tujuan dibentuknya koperasi Merah Putih ini.;gagasan dan tujuan pembentukan Koperasi Merah Putih sangat baik untuk rakyat terutama di desa desa persoalannya bagaimana mekanisme pengawasannya bisa berjalan dengan sempurna agar sesuai tujuan dibentuknya koperasi Merah Putih ini;gagasan dan tujuan pembentukan koperasi desa merah putih sangat baik untuk rakyat terutama di desa desa persoalannya bagaimana mekanisme pengawasannya bisa berjalan dengan sempurna agar sesuai tujuan dibentuknya koperasi desa merah putih ini;gagasan dan tujuan pembentukan koperasi desa merah putih sangat baik untuk rakyat terutama di desa desa persoalannya bagaimana mekanisme pengawasannya bisa berjalan dengan sempurna agar sesuai tujuan dibentuknya koperasi desa merah putih ini;['gagasan', 'dan', 'tujuan', 'pembentukan', 'koperasi', 'desa', 'merah', 'putih', 'sangat', 'baik', 'untuk', 'rakyat', 'terutama', 'di', 'desa', 'desa', 'persoalannya', 'bagaimana', 'mekanisme', 'pengawasannya', 'bisa', 'berjalan', 'dengan', 'sempurna', 'agar', 'sesuai', 'tujuan', 'dibentuknya', 'koperasi', 'desa', 'merah', 'putih', 'ini'];KDMP;Lainnya;Mendukung;Mendukung;Mendukung
Para pejabat negara yg mengeluarkan izin apakah izin impor izin tambang izin buka hutan sudah dipastikan terima suap;Para pejabat negara yg mengeluarkan izin apakah izin impor izin tambang izin buka hutan sudah dipastikan terima suap;para pejabat negara yang mengeluarkan izin apakah izin impor izin tambang izin buka hutan sudah dipastikan terima suap;para pejabat negara yang mengeluarkan izin apakah izin impor izin tambang izin buka hutan sudah dipastikan terima suap;['para', 'pejabat', 'negara', 'yang', 'mengeluarkan', 'izin', 'apakah', 'izin', 'impor', 'izin', 'tambang', 'izin', 'buka', 'hutan', 'sudah', 'dipastikan', 'terima', 'suap'];Tidak Terdeteksi;Lainnya;Netral;Netral;Menolak
Program Koperasi Merah Putih itu sangat Bagus, jangan terlalu khawatir & Pesimis yg terpenting di Kelola dgn Baik dan Propesional pasti Maju????;Program Koperasi Merah Putih itu sangat Bagus jangan terlalu khawatir Pesimis yg terpenting di Kelola dgn Baik dan Propesional pasti Maju;program koperasi desa merah putih itu sangat bagus jangan terlalu khawatir pesimis yang terpenting di kelola dengan baik dan propesional pasti maju;program koperasi desa merah putih itu sangat bagus jangan terlalu khawatir pesimis yang terpenting di kelola dengan baik dan propesional pasti maju;['program', 'koperasi', 'desa', 'merah', 'putih', 'itu', 'sangat', 'bagus', 'jangan', 'terlalu', 'khawatir', 'pesimis', 'yang', 'terpenting', 'di', 'kelola', 'dengan', 'baik', 'dan', 'propesional', 'pasti', 'maju'];KDMP;Kebijakan;Mendukung;Mendukung;Mendukung
"Waah.. yg milih 02 pasti bangga...
Program2nya sukses.
Sukses utk golongan tertentu...??";Waah yg milih 02 pasti bangga Program2nya sukses Sukses utk golongan tertentu;waah yang milih 02 pasti bangga program2nya sukses sukses untuk golongan tertentu;waah yang milih 02 pasti bangga program2nya sukses sukses untuk golongan tertentu;['waah', 'yang', 'milih', '02', 'pasti', 'bangga', 'program2nya', 'sukses', 'sukses', 'untuk', 'golongan', 'tertentu'];Tidak Terdeteksi;Kebijakan;Mendukung;Mendukung;Menolak
P a r a h  non prosedural??;P a r a h non prosedural;p a r a h non prosedural;non prosedural;['non', 'prosedural'];Tidak Terdeteksi;Lainnya;Netral;Netral;Menolak
Nonton video ini sambil main PawPaw4D = hiburan ganda!;Nonton video ini sambil main PawPaw4D hiburan ganda;nonton video ini sambil main pawpaw4d hiburan ganda;nonton video ini sambil main pawpaw4d hiburan ganda;['nonton', 'video', 'ini', 'sambil', 'main', 'pawpaw4d', 'hiburan', 'ganda'];Tidak Terdeteksi;Lainnya;Netral;Netral;Out_of_Topic
Kalau mahal kalau produk sendiri tidak apa apa toh putaran duitnya tetap di dalam negri;Kalau mahal kalau produk sendiri tidak apa apa toh putaran duitnya tetap di dalam negri;kalau mahal kalau produk sendiri tidak apa apa toh putaran duitnya tetap di dalam negeri;kalau mahal kalau produk sendiri tidak apa apa toh putaran duitnya tetap di dalam negeri;['kalau', 'mahal', 'kalau', 'produk', 'sendiri', 'tidak', 'apa', 'apa', 'toh', 'putaran', 'duitnya', 'tetap', 'di', 'dalam', 'negeri'];Tidak Terdeteksi;Lainnya;Netral;Netral;Mendukung
Koperasi itu dari anggota jadi modalnya dari iuran anggota dan pengurusnya dari orang2 desa itu sendiri jadi pemerintah hanya memberi kan bimbingan kepada pengurus;Koperasi itu dari anggota jadi modalnya dari iuran anggota dan pengurusnya dari orang2 desa itu sendiri jadi pemerintah hanya memberi kan bimbingan kepada pengurus;koperasi itu dari anggota jadi modalnya dari iuran anggota dan pengurusnya dari orang2 desa itu sendiri jadi pemerintah hanya memberi bimbingan kepada pengurus;koperasi itu dari anggota jadi modalnya dari iuran anggota dan pengurusnya dari orang2 desa itu sendiri jadi pemerintah hanya memberi bimbingan kepada pengurus;['koperasi', 'itu', 'dari', 'anggota', 'jadi', 'modalnya', 'dari', 'iuran', 'anggota', 'dan', 'pengurusnya', 'dari', 'orang2', 'desa', 'itu', 'sendiri', 'jadi', 'pemerintah', 'hanya', 'memberi', 'bimbingan', 'kepada', 'pengurus'];Tidak Terdeteksi;Pengelolaan, Kebijakan;Netral;Netral;Mendukung
Koperasi Uda berdiri Di NKRI tapi selalu ujung-ujungnya bangkrut sebab utama tidak sehat pengurusnya jadi koperasi merah putih sebelum operasi suap kan dulu SDM pengurus;Koperasi Uda berdiri Di NKRI tapi selalu ujung ujungnya bangkrut sebab utama tidak sehat pengurusnya jadi koperasi merah putih sebelum operasi suap kan dulu SDM pengurus;koperasi sudah berdiri di nkri tapi selalu ujung ujungnya bangkrut sebab utama tidak sehat pengurusnya jadi koperasi desa merah putih sebelum operasi suap dulu sdm pengurus;koperasi sudah berdiri di nkri tapi selalu ujung ujungnya bangkrut sebab utama tidak sehat pengurusnya jadi koperasi desa merah putih sebelum operasi suap dulu sdm pengurus;['koperasi', 'sudah', 'berdiri', 'di', 'nkri', 'tapi', 'selalu', 'ujung', 'ujungnya', 'bangkrut', 'sebab', 'utama', 'tidak', 'sehat', 'pengurusnya', 'jadi', 'koperasi', 'desa', 'merah', 'putih', 'sebelum', 'operasi', 'suap', 'dulu', 'sdm', 'pengurus'];KDMP;Pengelolaan;Diskusi;Diskusi;Menolak
"Koperasi desa untuk kepentingan siapa ?? 
 Harusnya setiap Rp dari Anggaran yg dikeluarkan bs di publish ke public sbg bentuk Clean government & transparansi publik.";Koperasi desa untuk kepentingan siapa Harusnya setiap Rp dari Anggaran yg dikeluarkan bs di publish ke public sbg bentuk Clean government transparansi publik;koperasi desa untuk kepentingan siapa harusnya setiap rp dari anggaran yang dikeluarkan bisa di publish ke public sbg bentuk clean government transparansi publik;koperasi desa untuk kepentingan siapa harusnya setiap rp dari anggaran yang dikeluarkan bisa di publish ke public sbg bentuk clean government transparansi publik;['koperasi', 'desa', 'untuk', 'kepentingan', 'siapa', 'harusnya', 'setiap', 'rp', 'dari', 'anggaran', 'yang', 'dikeluarkan', 'bisa', 'di', 'publish', 'ke', 'public', 'sbg', 'bentuk', 'clean', 'government', 'transparansi', 'publik'];KDMP;Lainnya;Mendukung;Mendukung;Menolak
Masih percaya dengan kepemimpinan si Omon ? masih mau dilanjut ?;Masih percaya dengan kepemimpinan si Omon masih mau dilanjut;masih percaya dengan kepemimpinan si omon masih mau dilanjut;masih percaya dengan kepemimpinan si omon masih mau dilanjut;['masih', 'percaya', 'dengan', 'kepemimpinan', 'si', 'omon', 'masih', 'mau', 'dilanjut'];Tidak Terdeteksi;Lainnya;Netral;Netral;Menolak
Memang Derektur Agrinas mau menghancurkan uang rakyat jadi seenaknya sendiri tidak mikir untung ruginya manfaatnya buat rakyat alasan dalam negeri mahal tapi manfaatnya banyak sekali buat rakyat bisa kerja di produksen mobil dalam negeri dan pabrik sperpat mobil dalam negeri dan uang mutar dalam negeri kalau beli luar negeri India uang hilang ke India tidak ada manfaatnya buat rakyat tolong dipikirkan itu bapak Derektur Agrinas;Memang Derektur Agrinas mau menghancurkan uang rakyat jadi seenaknya sendiri tidak mikir untung ruginya manfaatnya buat rakyat alasan dalam negeri mahal tapi manfaatnya banyak sekali buat rakyat bisa kerja di produksen mobil dalam negeri dan pabrik sperpat mobil dalam negeri dan uang mutar dalam negeri kalau beli luar negeri India uang hilang ke India tidak ada manfaatnya buat rakyat tolong dipikirkan itu bapak Derektur Agrinas;memang derektur agrinas mau menghancurkan dana masyarakat jadi seenaknya sendiri tidak mikir untung ruginya manfaatnya untuk rakyat alasan dalam negeri mahal tapi manfaatnya banyak sekali untuk rakyat bisa kerja di produksen mobil dalam negeri dan pabrik sperpat mobil dalam negeri dan uang mutar dalam negeri kalau beli luar negeri india uang hilang ke india tidak ada manfaatnya untuk rakyat tolong dipikirkan itu bapak derektur agrinas;memang derektur agrinas mau menghancurkan dana masyarakat jadi seenaknya sendiri tidak mikir untung ruginya manfaatnya untuk rakyat alasan dalam negeri mahal tapi manfaatnya banyak sekali untuk rakyat bisa kerja di produksen mobil dalam negeri dan pabrik sperpat mobil dalam negeri dan uang mutar dalam negeri kalau beli luar negeri india uang hilang ke india tidak ada manfaatnya untuk rakyat tolong dipikirkan itu bapak derektur agrinas;['memang', 'derektur', 'agrinas', 'mau', 'menghancurkan', 'dana', 'masyarakat', 'jadi', 'seenaknya', 'sendiri', 'tidak', 'mikir', 'untung', 'ruginya', 'manfaatnya', 'untuk', 'rakyat', 'alasan', 'dalam', 'negeri', 'mahal', 'tapi', 'manfaatnya', 'banyak', 'sekali', 'untuk', 'rakyat', 'bisa', 'kerja', 'di', 'produksen', 'mobil', 'dalam', 'negeri', 'dan', 'pabrik', 'sperpat', 'mobil', 'dalam', 'negeri', 'dan', 'uang', 'mutar', 'dalam', 'negeri', 'kalau', 'beli', 'luar', 'negeri', 'india', 'uang', 'hilang', 'ke', 'india', 'tidak', 'ada', 'manfaatnya', 'untuk', 'rakyat', 'tolong', 'dipikirkan', 'itu', 'bapak', 'derektur', 'agrinas'];Tidak Terdeteksi;Lainnya;Mendukung;Mendukung;Menolak
"Mantaaap pa .prabowo
1.memajukan produsen mobil india
2.mengurangi pengangguran rakyat india
3.uang pajak rakyat .buat india";Mantaaap pa prabowo 1 memajukan produsen mobil india 2 mengurangi pengangguran rakyat india 3 uang pajak rakyat buat india;mantaaap pa prabowo 1 memajukan produsen mobil india 2 mengurangi pengangguran rakyat india 3 uang pajak rakyat untuk india;mantaaap pa prabowo memajukan produsen mobil india mengurangi pengangguran rakyat india uang pajak rakyat untuk india;['mantaaap', 'pa', 'prabowo', 'memajukan', 'produsen', 'mobil', 'india', 'mengurangi', 'pengangguran', 'rakyat', 'india', 'uang', 'pajak', 'rakyat', 'untuk', 'india'];Prabowo;Lainnya;Mendukung;Mendukung;Menolak
Korupsi Merah Putih;Korupsi Merah Putih;korupsi merah putih;korupsi merah putih;['korupsi', 'merah', 'putih'];Tidak Terdeteksi;Korupsi;Menolak;Menolak;Netral
"Pemdes hanya ditugaskan untuk mencarikan lahan yang strategis untuk pembangunan kopdes, itu juga klo ada, klo gak ada bingung lagi..

Disamping itu muncul kekhawatiran dari masyarakat jikalau adanya kopdes itu jadi pesaing bahkan bisa menghambat usaha2 masyarakat yang sudah ada di desa...

Sebenarnya yang masih dibutuhkan masyarakat desa itu masih seputar infrastruktur dasar, jalan, jembatan, gedung posyandu tiap Dusun/RW, fasilitas pemukiman, sarana prasarana PAUD/TK & TPA/MD juga irigasi pertanian yang masih ada yang belum tersentuh pembangunan/perbaikan..";Pemdes hanya ditugaskan untuk mencarikan lahan yang strategis untuk pembangunan kopdes itu juga klo ada klo gak ada bingung lagi Disamping itu muncul kekhawatiran dari masyarakat jikalau adanya kopdes itu jadi pesaing bahkan bisa menghambat usaha2 masyarakat yang sudah ada di desa Sebenarnya yang masih dibutuhkan masyarakat desa itu masih seputar infrastruktur dasar jalan jembatan gedung posyandu tiap Dusun RW fasilitas pemukiman sarana prasarana PAUD TK TPA MD juga irigasi pertanian yang masih ada yang belum tersentuh pembangunan perbaikan;pemerintah desa hanya ditugaskan untuk mencarikan lahan yang strategis untuk pembangunan koperasi desa itu juga kalau ada kalau tidak ada bingung lagi disamping itu muncul kekhawatiran dari masyarakat jikalau adanya koperasi desa itu jadi pesaing bahkan bisa menghambat usaha2 masyarakat yang sudah ada di desa sebenarnya yang masih dibutuhkan masyarakat desa itu masih seputar infrastruktur dasar jalan jembatan gedung posyandu tiap dusun rw fasilitas pemukiman sarana prasarana paud tk tpa md juga irigasi pertanian yang masih ada yang belum tersentuh pembangunan perbaikan;pemerintah desa hanya ditugaskan untuk mencarikan lahan yang strategis untuk pembangunan koperasi desa itu juga kalau ada kalau tidak ada bingung lagi disamping itu muncul kekhawatiran dari masyarakat jikalau adanya koperasi desa itu jadi pesaing bahkan bisa menghambat usaha2 masyarakat yang sudah ada di desa sebenarnya yang masih dibutuhkan masyarakat desa itu masih seputar infrastruktur dasar jalan jembatan gedung posyandu tiap dusun rw fasilitas pemukiman sarana prasarana paud tk tpa md juga irigasi pertanian yang masih ada yang belum tersentuh pembangunan perbaikan;['pemerintah', 'desa', 'hanya', 'ditugaskan', 'untuk', 'mencarikan', 'lahan', 'yang', 'strategis', 'untuk', 'pembangunan', 'koperasi', 'desa', 'itu', 'juga', 'kalau', 'ada', 'kalau', 'tidak', 'ada', 'bingung', 'lagi', 'disamping', 'itu', 'muncul', 'kekhawatiran', 'dari', 'masyarakat', 'jikalau', 'adanya', 'koperasi', 'desa', 'itu', 'jadi', 'pesaing', 'bahkan', 'bisa', 'menghambat', 'usaha2', 'masyarakat', 'yang', 'sudah', 'ada', 'di', 'desa', 'sebenarnya', 'yang', 'masih', 'dibutuhkan', 'masyarakat', 'desa', 'itu', 'masih', 'seputar', 'infrastruktur', 'dasar', 'jalan', 'jembatan', 'gedung', 'posyandu', 'tiap', 'dusun', 'rw', 'fasilitas', 'pemukiman', 'sarana', 'prasarana', 'paud', 'tk', 'tpa', 'md', 'juga', 'irigasi', 'pertanian', 'yang', 'masih', 'ada', 'yang', 'belum', 'tersentuh', 'pembangunan', 'perbaikan'];KDMP;Kebijakan;Diskusi;Diskusi;Diskusi
Kacau deh kita yang sarjana mikirnya kaya gini;Kacau deh kita yang sarjana mikirnya kaya gini;kacau kita yang sarjana mikirnya kaya gini;kacau kita yang sarjana mikirnya kaya gini;['kacau', 'kita', 'yang', 'sarjana', 'mikirnya', 'kaya', 'gini'];Tidak Terdeteksi;Lainnya;Netral;Netral;Menolak
Seharusnya pemerintah kaji dulu, apa kepala desa dan masyarakat desa setuju, jangan sampai program ini dipaksakan;Seharusnya pemerintah kaji dulu apa kepala desa dan masyarakat desa setuju jangan sampai program ini dipaksakan;seharusnya pemerintah kaji dulu apa kepala desa dan masyarakat desa setuju jangan sampai program ini dipaksakan;seharusnya pemerintah kaji dulu apa kepala desa dan masyarakat desa setuju jangan sampai program ini dipaksakan;['seharusnya', 'pemerintah', 'kaji', 'dulu', 'apa', 'kepala', 'desa', 'dan', 'masyarakat', 'desa', 'setuju', 'jangan', 'sampai', 'program', 'ini', 'dipaksakan'];Kades;Kebijakan;Diskusi;Diskusi;Menolak
apa mending tambahin namanya jadi TEMPO DOELOE….;apa mending tambahin namanya jadi TEMPO DOELOE;apa mending tambahin namanya jadi tempo doeloe;apa mending tambahin namanya jadi tempo doeloe;['apa', 'mending', 'tambahin', 'namanya', 'jadi', 'tempo', 'doeloe'];Tempo;Media;Netral;Netral;Netral
Sy sbg konsumen truk  sangat terkejut krn harga sekarang bertahan sangat tinggi, tdk spt tahun sebelumnya. Krn pabrikan masih bertahan utk menunggu pemesanan agrinas ini. Jadi menurut saya dan pengguna truk lainnya sepakat, keputusan agrinas yg segera memutuskan impor ini adalah tepat. Supaya konsumen segera dpt harga yg wajar seperti komentar dirut agrinas. Krn harga pabrikan memang sangat tinggi. Tks;Sy sbg konsumen truk sangat terkejut krn harga sekarang bertahan sangat tinggi tdk spt tahun sebelumnya Krn pabrikan masih bertahan utk menunggu pemesanan agrinas ini Jadi menurut saya dan pengguna truk lainnya sepakat keputusan agrinas yg segera memutuskan impor ini adalah tepat Supaya konsumen segera dpt harga yg wajar seperti komentar dirut agrinas Krn harga pabrikan memang sangat tinggi Tks;saya sbg konsumen truk sangat terkejut karena harga sekarang bertahan sangat tinggi tidak seperti tahun sebelumnya karena pabrikan masih bertahan untuk menunggu pemesanan agrinas ini jadi menurut saya dan pengguna truk lainnya sepakat keputusan agrinas yang segera memutuskan impor ini adalah tepat supaya konsumen segera dpt harga yang wajar seperti komentar dirut agrinas karena harga pabrikan memang sangat tinggi tks;saya sbg konsumen truk sangat terkejut karena harga sekarang bertahan sangat tinggi tidak seperti tahun sebelumnya karena pabrikan masih bertahan untuk menunggu pemesanan agrinas ini jadi menurut saya dan pengguna truk lainnya sepakat keputusan agrinas yang segera memutuskan impor ini adalah tepat supaya konsumen segera dpt harga yang wajar seperti komentar dirut agrinas karena harga pabrikan memang sangat tinggi tks;['saya', 'sbg', 'konsumen', 'truk', 'sangat', 'terkejut', 'karena', 'harga', 'sekarang', 'bertahan', 'sangat', 'tinggi', 'tidak', 'seperti', 'tahun', 'sebelumnya', 'karena', 'pabrikan', 'masih', 'bertahan', 'untuk', 'menunggu', 'pemesanan', 'agrinas', 'ini', 'jadi', 'menurut', 'saya', 'dan', 'pengguna', 'truk', 'lainnya', 'sepakat', 'keputusan', 'agrinas', 'yang', 'segera', 'memutuskan', 'impor', 'ini', 'adalah', 'tepat', 'supaya', 'konsumen', 'segera', 'dpt', 'harga', 'yang', 'wajar', 'seperti', 'komentar', 'dirut', 'agrinas', 'karena', 'harga', 'pabrikan', 'memang', 'sangat', 'tinggi', 'tks'];Tidak Terdeteksi;Lainnya;Diskusi;Diskusi;Mendukung
Sebaiknya manajer koperasi memberdayakan org desa setempat utk dilatih tata kelolanya agar dpt                  diterima madyarakst setempat utk mempromosikan KDMP.;Sebaiknya manajer koperasi memberdayakan org desa setempat utk dilatih tata kelolanya agar dpt diterima madyarakst setempat utk mempromosikan KDMP;sebaiknya manajer koperasi memberdayakan orang desa setempat untuk dilatih tata kelolanya agar dpt diterima madyarakst setempat untuk mempromosikan koperasi desa merah putih;sebaiknya manajer koperasi memberdayakan orang desa setempat untuk dilatih tata kelolanya agar dpt diterima madyarakst setempat untuk mempromosikan koperasi desa merah putih;['sebaiknya', 'manajer', 'koperasi', 'memberdayakan', 'orang', 'desa', 'setempat', 'untuk', 'dilatih', 'tata', 'kelolanya', 'agar', 'dpt', 'diterima', 'madyarakst', 'setempat', 'untuk', 'mempromosikan', 'koperasi', 'desa', 'merah', 'putih'];KDMP;Lainnya;Mendukung;Mendukung;Mendukung
Jadi ingat KUT uangnya dikorupsi;Jadi ingat KUT uangnya dikorupsi;jadi ingat kut uangnya dikorupsi;jadi ingat kut uangnya dikorupsi;['jadi', 'ingat', 'kut', 'uangnya', 'dikorupsi'];Tidak Terdeteksi;Korupsi;Menolak;Menolak;Menolak
Jd ngacoo republik ini, dosa apa tuhan rakyat jd korbannya. Andai waktu bisa diulang ke pemilu 2024;Jd ngacoo republik ini dosa apa tuhan rakyat jd korbannya Andai waktu bisa diulang ke pemilu 2024;jadi ngacoo republik ini dosa apa tuhan rakyat jadi korbannya andai waktu bisa diulang ke pemilu 2024;jadi ngacoo republik ini dosa apa tuhan rakyat jadi korbannya andai waktu bisa diulang ke pemilu 2024;['jadi', 'ngacoo', 'republik', 'ini', 'dosa', 'apa', 'tuhan', 'rakyat', 'jadi', 'korbannya', 'andai', 'waktu', 'bisa', 'diulang', 'ke', 'pemilu', '2024'];Tidak Terdeteksi;Lainnya;Menolak;Menolak;Menolak
Mungkinkah ini yang disebut antek antek asing? ????????;Mungkinkah ini yang disebut antek antek asing;mungkinkah ini yang disebut antek antek asing;mungkinkah ini yang disebut antek antek asing;['mungkinkah', 'ini', 'yang', 'disebut', 'antek', 'antek', 'asing'];Tidak Terdeteksi;Lainnya;Netral;Netral;Menolak
Ini ya teman2 kalian harus sadar nanti di 2029 kita lihat siapa yang paling banyak donatur dan paling banyak anggaran kampanye jangan dipilih, percaya deh nanti spt saat ini, yg diprioritaskan duluan pasti orang2 terdekat penguasa (donatur kampanye) baru rakyat padahal kita yg bayar pajak. Dan jangan pilih orang dr militer, contoh aja skrg, yg tadinya tugas sipil diambil alih sama aparat. Trus sadar ngga bansos pendidikan, bpjs beberapa sdh dinonaktifkan krn anggaran sudah habis buat penuhin gengsi Prabowo dg program MBGnya yg sistemnya tidak efisien sama sekali. Disuruh ubah sistemnya agar anggaran negara efisien dia tdk mau, krn dia mau memperkaya orang2 terdekatnya yg memegang MBG tsb. Nanti 2029 tdk peduli itu dr partai mana yg terpenting lihat donatur kampanyenya, kalo kalian msh mau hidup dan tgl di Indonesia.;Ini ya teman2 kalian harus sadar nanti di 2029 kita lihat siapa yang paling banyak donatur dan paling banyak anggaran kampanye jangan dipilih percaya deh nanti spt saat ini yg diprioritaskan duluan pasti orang2 terdekat penguasa donatur kampanye baru rakyat padahal kita yg bayar pajak Dan jangan pilih orang dr militer contoh aja skrg yg tadinya tugas sipil diambil alih sama aparat Trus sadar ngga bansos pendidikan bpjs beberapa sdh dinonaktifkan krn anggaran sudah habis buat penuhin gengsi Prabowo dg program MBGnya yg sistemnya tidak efisien sama sekali Disuruh ubah sistemnya agar anggaran negara efisien dia tdk mau krn dia mau memperkaya orang2 terdekatnya yg memegang MBG tsb Nanti 2029 tdk peduli itu dr partai mana yg terpenting lihat donatur kampanyenya kalo kalian msh mau hidup dan tgl di Indonesia;ini ya teman2 kalian harus sadar nanti di 2029 kita lihat siapa yang paling banyak donatur dan paling banyak anggaran kampanye jangan dipilih percaya nanti seperti saat ini yang diprioritaskan duluan pasti orang2 terdekat penguasa donatur kampanye baru rakyat padahal kita yang bayar pajak dan jangan pilih orang dari tni contoh saja sekarang yang tadinya tugas sipil diambil alih sama aparat terus sadar tidak bansos pendidikan bpjs beberapa sudah dinonaktifkan karena anggaran sudah habis untuk penuhin gengsi prabowo dengan program mbgnya yang sistemnya tidak efisien sama sekali disuruh ubah sistemnya agar anggaran negara efisien dia tidak mau karena dia mau memperkaya orang2 terdekatnya yang memegang mbg tsb nanti 2029 tidak peduli itu dari partai mana yang terpenting lihat donatur kampanyenya kalau kalian msh mau hidup dan tgl di indonesia;ini teman2 kalian harus sadar nanti di 2029 kita lihat siapa yang paling banyak donatur dan paling banyak anggaran kampanye jangan dipilih percaya nanti seperti saat ini yang diprioritaskan duluan pasti orang2 terdekat penguasa donatur kampanye baru rakyat padahal kita yang bayar pajak dan jangan pilih orang dari tni contoh saja sekarang yang tadinya tugas sipil diambil alih sama aparat terus sadar tidak bansos pendidikan bpjs beberapa sudah dinonaktifkan karena anggaran sudah habis untuk penuhin gengsi prabowo dengan program mbgnya yang sistemnya tidak efisien sama sekali disuruh ubah sistemnya agar anggaran negara efisien dia tidak mau karena dia mau memperkaya orang2 terdekatnya yang memegang mbg tsb nanti 2029 tidak peduli itu dari partai mana yang terpenting lihat donatur kampanyenya kalau kalian msh mau hidup dan tgl di indonesia;['ini', 'teman2', 'kalian', 'harus', 'sadar', 'nanti', 'di', '2029', 'kita', 'lihat', 'siapa', 'yang', 'paling', 'banyak', 'donatur', 'dan', 'paling', 'banyak', 'anggaran', 'kampanye', 'jangan', 'dipilih', 'percaya', 'nanti', 'seperti', 'saat', 'ini', 'yang', 'diprioritaskan', 'duluan', 'pasti', 'orang2', 'terdekat', 'penguasa', 'donatur', 'kampanye', 'baru', 'rakyat', 'padahal', 'kita', 'yang', 'bayar', 'pajak', 'dan', 'jangan', 'pilih', 'orang', 'dari', 'tni', 'contoh', 'saja', 'sekarang', 'yang', 'tadinya', 'tugas', 'sipil', 'diambil', 'alih', 'sama', 'aparat', 'terus', 'sadar', 'tidak', 'bansos', 'pendidikan', 'bpjs', 'beberapa', 'sudah', 'dinonaktifkan', 'karena', 'anggaran', 'sudah', 'habis', 'untuk', 'penuhin', 'gengsi', 'prabowo', 'dengan', 'program', 'mbgnya', 'yang', 'sistemnya', 'tidak', 'efisien', 'sama', 'sekali', 'disuruh', 'ubah', 'sistemnya', 'agar', 'anggaran', 'negara', 'efisien', 'dia', 'tidak', 'mau', 'karena', 'dia', 'mau', 'memperkaya', 'orang2', 'terdekatnya', 'yang', 'memegang', 'mbg', 'tsb', 'nanti', '2029', 'tidak', 'peduli', 'itu', 'dari', 'partai', 'mana', 'yang', 'terpenting', 'lihat', 'donatur', 'kampanyenya', 'kalau', 'kalian', 'msh', 'mau', 'hidup', 'dan', 'tgl', 'di', 'indonesia'];TNI, Prabowo;Militerisasi, Kebijakan;Diskusi;Diskusi;Diskusi
UANG HASIL HUTANG LUAR NEGERI......CUMA DI BUAT NGGAK JELAS...;UANG HASIL HUTANG LUAR NEGERI CUMA DI BUAT NGGAK JELAS;uang hasil hutang luar negeri hanya di untuk tidak jelas;uang hasil hutang luar negeri hanya di untuk tidak jelas;['uang', 'hasil', 'hutang', 'luar', 'negeri', 'hanya', 'di', 'untuk', 'tidak', 'jelas'];Tidak Terdeteksi;Lainnya;Netral;Netral;Menolak
Yg penting dapat anggaran...Aji Mumpung... mumpung berkuasa..;Yg penting dapat anggaran Aji Mumpung mumpung berkuasa;yang penting dapat anggaran aji mumpung mumpung berkuasa;yang penting dapat anggaran aji mumpung mumpung berkuasa;['yang', 'penting', 'dapat', 'anggaran', 'aji', 'mumpung', 'mumpung', 'berkuasa'];Tidak Terdeteksi;Lainnya;Netral;Netral;Menolak
Banyak cara Presiden dan orang2 dibelakangnya untuk mempersiapkan 2029.. banyakin orang2 yg akhirnya akan manut dan tersadera untuk mau tidak mau harus ikut gerbong mendukung Prabowo 2029;Banyak cara Presiden dan orang2 dibelakangnya untuk mempersiapkan 2029 banyakin orang2 yg akhirnya akan manut dan tersadera untuk mau tidak mau harus ikut gerbong mendukung Prabowo 2029;banyak cara presiden dan orang2 dibelakangnya untuk mempersiapkan 2029 banyakin orang2 yang akhirnya akan manut dan tersadera untuk mau tidak mau harus ikut gerbong mendukung prabowo 2029;banyak cara presiden dan orang2 dibelakangnya untuk mempersiapkan 2029 banyakin orang2 yang akhirnya akan manut dan tersadera untuk mau tidak mau harus ikut gerbong mendukung prabowo 2029;['banyak', 'cara', 'presiden', 'dan', 'orang2', 'dibelakangnya', 'untuk', 'mempersiapkan', '2029', 'banyakin', 'orang2', 'yang', 'akhirnya', 'akan', 'manut', 'dan', 'tersadera', 'untuk', 'mau', 'tidak', 'mau', 'harus', 'ikut', 'gerbong', 'mendukung', 'prabowo', '2029'];Prabowo;Lainnya;Mendukung;Mendukung;Menolak
Semoga koperasi merah putih maju menaikkan ekonomi masyarakat..Aamiin;Semoga koperasi merah putih maju menaikkan ekonomi masyarakat Aamiin;semoga koperasi desa merah putih maju menaikkan ekonomi masyarakat aamiin;semoga koperasi desa merah putih maju menaikkan ekonomi masyarakat aamiin;['semoga', 'koperasi', 'desa', 'merah', 'putih', 'maju', 'menaikkan', 'ekonomi', 'masyarakat', 'aamiin'];KDMP;Lainnya;Mendukung;Mendukung;Mendukung
Ini  penuh kecurigaan issu2 miring bukan mencari solusi  yg mungkin timbul dari keterbatasan2 sdm  potensi desa dll  penuh pesimistik jual konten aja????????;Ini penuh kecurigaan issu2 miring bukan mencari solusi yg mungkin timbul dari keterbatasan2 sdm potensi desa dll penuh pesimistik jual konten aja;ini penuh kecurigaan issu2 miring bukan mencari solusi yang mungkin timbul dari keterbatasan2 sdm potensi desa dan lain-lain penuh pesimistik jual konten saja;ini penuh kecurigaan issu2 miring bukan mencari solusi yang mungkin timbul dari keterbatasan2 sdm potensi desa dan lain-lain penuh pesimistik jual konten saja;['ini', 'penuh', 'kecurigaan', 'issu2', 'miring', 'bukan', 'mencari', 'solusi', 'yang', 'mungkin', 'timbul', 'dari', 'keterbatasan2', 'sdm', 'potensi', 'desa', 'dan', 'lain-lain', 'penuh', 'pesimistik', 'jual', 'konten', 'saja'];Tidak Terdeteksi;Lainnya;Mendukung;Mendukung;Netral
Di masa orde Baru pernah ada KUD hampir semuanya koperasi bangkrut,mode ini akan di coba lagi...;Di masa orde Baru pernah ada KUD hampir semuanya koperasi bangkrut mode ini akan di coba lagi;di masa orde baru pernah ada koperasi unit desa hampir semuanya koperasi bangkrut mode ini akan di coba lagi;di masa orde baru pernah ada koperasi unit desa hampir semuanya koperasi bangkrut mode ini akan di coba lagi;['di', 'masa', 'orde', 'baru', 'pernah', 'ada', 'koperasi', 'unit', 'desa', 'hampir', 'semuanya', 'koperasi', 'bangkrut', 'mode', 'ini', 'akan', 'di', 'coba', 'lagi'];Tidak Terdeteksi;Militerisasi, KUD;Menolak;Menolak;Menolak
Apakah ini siasat korupsi APBN secara legal???;Apakah ini siasat korupsi APBN secara legal;apakah ini siasat korupsi anggaran pendapatan dan belanja negara secara legal;apakah ini siasat korupsi anggaran pendapatan dan belanja negara secara legal;['apakah', 'ini', 'siasat', 'korupsi', 'anggaran', 'pendapatan', 'dan', 'belanja', 'negara', 'secara', 'legal'];Tidak Terdeteksi;Korupsi;Menolak;Menolak;Menolak
Mahu tutup mulut orang sudah tahu bukan kertas yang kita tutup mulut mahu sembunyi mulut mahu sembunyi muka orang sesudah tahu bukan tumpit kau isi duit boleh sembunyi ini video dan ini rekaman dunia ini internet bukan internet sekolah bukan barusan internet internet ini dari jaman masa dulu yang kamu masih budak-bud ingin tahu internet biar kopral bobo ka rusia apa kamu orang mahu untuk tahu kamu belum tahu pelajarannya macam mana benda ni alat-alat dunia pecah rekod punya alat ini dari cina cina dulu cina cina boleh duluan asia ini belum belum belum belumnya;Mahu tutup mulut orang sudah tahu bukan kertas yang kita tutup mulut mahu sembunyi mulut mahu sembunyi muka orang sesudah tahu bukan tumpit kau isi duit boleh sembunyi ini video dan ini rekaman dunia ini internet bukan internet sekolah bukan barusan internet internet ini dari jaman masa dulu yang kamu masih budak bud ingin tahu internet biar kopral bobo ka rusia apa kamu orang mahu untuk tahu kamu belum tahu pelajarannya macam mana benda ni alat alat dunia pecah rekod punya alat ini dari cina cina dulu cina cina boleh duluan asia ini belum belum belum belumnya;mahu tutup mulut orang sudah tahu bukan kertas yang kita tutup mulut mahu sembunyi mulut mahu sembunyi muka orang sesudah tahu bukan tumpit kamu isi uang boleh sembunyi ini video dan ini rekaman dunia ini internet bukan internet sekolah bukan baru saja internet internet ini dari zaman masa dulu yang kamu masih budak bud ingin tahu internet biar kopral bobo ka rusia apa kamu orang mahu untuk tahu kamu belum tahu pelajarannya macam mana benda ni alat alat dunia pecah rekod punya alat ini dari cina cina dulu cina cina boleh duluan asia ini belum belum belum belumnya;mahu tutup mulut orang sudah tahu bukan kertas yang kita tutup mulut mahu sembunyi mulut mahu sembunyi muka orang sesudah tahu bukan tumpit kamu isi uang boleh sembunyi ini video dan ini rekaman dunia ini internet bukan internet sekolah bukan baru saja internet internet ini dari zaman masa dulu yang kamu masih budak bud ingin tahu internet biar kopral bobo ka rusia apa kamu orang mahu untuk tahu kamu belum tahu pelajarannya macam mana benda ni alat alat dunia pecah rekod punya alat ini dari cina cina dulu cina cina boleh duluan asia ini belum belum belum belumnya;['mahu', 'tutup', 'mulut', 'orang', 'sudah', 'tahu', 'bukan', 'kertas', 'yang', 'kita', 'tutup', 'mulut', 'mahu', 'sembunyi', 'mulut', 'mahu', 'sembunyi', 'muka', 'orang', 'sesudah', 'tahu', 'bukan', 'tumpit', 'kamu', 'isi', 'uang', 'boleh', 'sembunyi', 'ini', 'video', 'dan', 'ini', 'rekaman', 'dunia', 'ini', 'internet', 'bukan', 'internet', 'sekolah', 'bukan', 'baru', 'saja', 'internet', 'internet', 'ini', 'dari', 'zaman', 'masa', 'dulu', 'yang', 'kamu', 'masih', 'budak', 'bud', 'ingin', 'tahu', 'internet', 'biar', 'kopral', 'bobo', 'ka', 'rusia', 'apa', 'kamu', 'orang', 'mahu', 'untuk', 'tahu', 'kamu', 'belum', 'tahu', 'pelajarannya', 'macam', 'mana', 'benda', 'ni', 'alat', 'alat', 'dunia', 'pecah', 'rekod', 'punya', 'alat', 'ini', 'dari', 'cina', 'cina', 'dulu', 'cina', 'cina', 'boleh', 'duluan', 'asia', 'ini', 'belum', 'belum', 'belum', 'belumnya'];Tidak Terdeteksi;Lainnya;Diskusi;Diskusi;Out_of_Topic
"Konsepnya matang kan dahulu... Pengawasan yang penting!!! 

Bedah aja sistem kasus dalam masa ORBA dgn produk nya KUD!!! 

Bedah.. Tuntas... Masukkan sistem yang bagusnya bagaimana. 

Gak usah muluk2...
Yang kurang itu pengawasannya.... Layaknya skrg dana desa.. Apakah pusat tahu riil dari dana desa yang di bagi... Yang ngawasi dan yang di awasi 11/12..??????

Coba hidupkan sistem intelejen.... Cost besar gpp.. Tapi program pasti jalan.";Konsepnya matang kan dahulu Pengawasan yang penting Bedah aja sistem kasus dalam masa ORBA dgn produk nya KUD Bedah Tuntas Masukkan sistem yang bagusnya bagaimana Gak usah muluk2 Yang kurang itu pengawasannya Layaknya skrg dana desa Apakah pusat tahu riil dari dana desa yang di bagi Yang ngawasi dan yang di awasi 11 12 Coba hidupkan sistem intelejen Cost besar gpp Tapi program pasti jalan;konsepnya matang dahulu pengawasan yang penting bedah saja sistem kasus dalam masa orde baru dengan produk nya koperasi unit desa bedah tuntas masukkan sistem yang bagusnya bagaimana tidak usah muluk2 yang kurang itu pengawasannya layaknya sekarang dana desa apakah pusat tahu riil dari dana desa yang di bagi yang ngawasi dan yang di awasi 11 12 coba hidupkan sistem intelejen cost besar gpp tapi program pasti jalan;konsepnya matang dahulu pengawasan yang penting bedah saja sistem kasus dalam masa orde baru dengan produk nya koperasi unit desa bedah tuntas masukkan sistem yang bagusnya bagaimana tidak usah muluk2 yang kurang itu pengawasannya layaknya sekarang dana desa apakah pusat tahu riil dari dana desa yang di bagi yang ngawasi dan yang di awasi 11 12 coba hidupkan sistem intelejen cost besar gpp tapi program pasti jalan;['konsepnya', 'matang', 'dahulu', 'pengawasan', 'yang', 'penting', 'bedah', 'saja', 'sistem', 'kasus', 'dalam', 'masa', 'orde', 'baru', 'dengan', 'produk', 'nya', 'koperasi', 'unit', 'desa', 'bedah', 'tuntas', 'masukkan', 'sistem', 'yang', 'bagusnya', 'bagaimana', 'tidak', 'usah', 'muluk2', 'yang', 'kurang', 'itu', 'pengawasannya', 'layaknya', 'sekarang', 'dana', 'desa', 'apakah', 'pusat', 'tahu', 'riil', 'dari', 'dana', 'desa', 'yang', 'di', 'bagi', 'yang', 'ngawasi', 'dan', 'yang', 'di', 'awasi', '11', '12', 'coba', 'hidupkan', 'sistem', 'intelejen', 'cost', 'besar', 'gpp', 'tapi', 'program', 'pasti', 'jalan'];Tidak Terdeteksi;Militerisasi, Dana Desa, Kebijakan, KUD;Netral;Netral;Mendukung
"???????? pemerintah tebang banyak pohon ???? izinkan pabrik seng dan koar koar soal iklim, cuaca, kenaikan suhu, perubahan cuaca, banjir dll ????????
Sudah dibahas belum nih ?? pilih pemimpin bodoh/jahat untuk mewakili kebodohan/kejahatan ??????????? Nggak gitu dung ?? jangan ya kak yaaaa . . .";pemerintah tebang banyak pohon izinkan pabrik seng dan koar koar soal iklim cuaca kenaikan suhu perubahan cuaca banjir dll Sudah dibahas belum nih pilih pemimpin bodoh jahat untuk mewakili kebodohan kejahatan Nggak gitu dung jangan ya kak yaaaa;pemerintah tebang banyak pohon izinkan pabrik seng dan koar koar soal iklim cuaca kenaikan suhu perubahan cuaca banjir dan lain-lain sudah dibahas belum pilih pemimpin bodoh jahat untuk mewakili kebodohan kejahatan tidak gitu dung jangan ya kak yaaaa;pemerintah tebang banyak pohon izinkan pabrik seng dan koar koar soal iklim cuaca kenaikan suhu perubahan cuaca banjir dan lain-lain sudah dibahas belum pilih pemimpin bodoh jahat untuk mewakili kebodohan kejahatan tidak gitu dung jangan kak yaaaa;['pemerintah', 'tebang', 'banyak', 'pohon', 'izinkan', 'pabrik', 'seng', 'dan', 'koar', 'koar', 'soal', 'iklim', 'cuaca', 'kenaikan', 'suhu', 'perubahan', 'cuaca', 'banjir', 'dan', 'lain-lain', 'sudah', 'dibahas', 'belum', 'pilih', 'pemimpin', 'bodoh', 'jahat', 'untuk', 'mewakili', 'kebodohan', 'kejahatan', 'tidak', 'gitu', 'dung', 'jangan', 'kak', 'yaaaa'];Tidak Terdeteksi;Kebijakan;Menolak;Menolak;Menolak
Menurut saya lebih baik perangkat desa tidak dilibatkan.. karena pengalam saya pribadi.. kalau adau proyek2 di desa dan yang mengendalikan adalah kepala desa. Sebagian besaar proyek itu tidak maksimal dan pegawai atau petugas2 proyek sebagian besar adalah lingkup dari kepala desa itu sendiri;Menurut saya lebih baik perangkat desa tidak dilibatkan karena pengalam saya pribadi kalau adau proyek2 di desa dan yang mengendalikan adalah kepala desa Sebagian besaar proyek itu tidak maksimal dan pegawai atau petugas2 proyek sebagian besar adalah lingkup dari kepala desa itu sendiri;menurut saya lebih baik perangkat desa tidak dilibatkan karena pengalam saya pribadi kalau adau proyek2 di desa dan yang mengendalikan adalah kepala desa sebagian besaar proyek itu tidak maksimal dan pegawai atau petugas2 proyek sebagian besar adalah lingkup dari kepala desa itu sendiri;menurut saya lebih baik perangkat desa tidak dilibatkan karena pengalam saya pribadi kalau adau proyek2 di desa dan yang mengendalikan adalah kepala desa sebagian besaar proyek itu tidak maksimal dan pegawai atau petugas2 proyek sebagian besar adalah lingkup dari kepala desa itu sendiri;['menurut', 'saya', 'lebih', 'baik', 'perangkat', 'desa', 'tidak', 'dilibatkan', 'karena', 'pengalam', 'saya', 'pribadi', 'kalau', 'adau', 'proyek2', 'di', 'desa', 'dan', 'yang', 'mengendalikan', 'adalah', 'kepala', 'desa', 'sebagian', 'besaar', 'proyek', 'itu', 'tidak', 'maksimal', 'dan', 'pegawai', 'atau', 'petugas2', 'proyek', 'sebagian', 'besar', 'adalah', 'lingkup', 'dari', 'kepala', 'desa', 'itu', 'sendiri'];Kades;Lainnya;Diskusi;Diskusi;Diskusi
Negaraku RUWET pejabat pada sibuk KORUPSI;Negaraku RUWET pejabat pada sibuk KORUPSI;negaraku ruwet pejabat pada sibuk korupsi;negaraku ruwet pejabat pada sibuk korupsi;['negaraku', 'ruwet', 'pejabat', 'pada', 'sibuk', 'korupsi'];Tidak Terdeteksi;Korupsi;Menolak;Menolak;Menolak
"Klau pemimpin tersandra tak bisa berbuat apa apa,,,, 
Contoh kdm beliau tak tersandra, tak melibatkan pengusaha dlm kampanye untuk Pendanaann, tak melibatkann seseorang yg ada kepentingan, tak melibatkan seseorang untuk mengindorsnya. 
Makanya beliau bebas menjalankan programnya untuk jabar yg 
Untuk kepentingan rakayt jabar. Bahkan mampu membubarkan perusahaan , tempat usaha , dan tempat tnggal    yg menyalahi aturan . 
Beda dengan calon yg melibatkan sembilan naga , dan orang orang yg kemaruk jabatan 
Pasti akan balas budi, 
Contoh aguan dia bisa mempunyai laut, pik 1 &2";Klau pemimpin tersandra tak bisa berbuat apa apa Contoh kdm beliau tak tersandra tak melibatkan pengusaha dlm kampanye untuk Pendanaann tak melibatkann seseorang yg ada kepentingan tak melibatkan seseorang untuk mengindorsnya Makanya beliau bebas menjalankan programnya untuk jabar yg Untuk kepentingan rakayt jabar Bahkan mampu membubarkan perusahaan tempat usaha dan tempat tnggal yg menyalahi aturan Beda dengan calon yg melibatkan sembilan naga dan orang orang yg kemaruk jabatan Pasti akan balas budi Contoh aguan dia bisa mempunyai laut pik 1 2;klau pemimpin tersandra tidak bisa berbuat apa apa contoh koperasi desa merah putih beliau tidak tersandra tidak melibatkan pengusaha dalam kampanye untuk pendanaann tidak melibatkann seseorang yang ada kepentingan tidak melibatkan seseorang untuk mengindorsnya makanya beliau bebas menjalankan programnya untuk jabar yang untuk kepentingan rakayt jabar bahkan mampu membubarkan perusahaan tempat usaha dan tempat tnggal yang menyalahi aturan beda dengan calon yang melibatkan sembilan naga dan orang orang yang kemaruk jabatan pasti akan balas budi contoh aguan dia bisa mempunyai laut pik 1 2;klau pemimpin tersandra tidak bisa berbuat apa apa contoh koperasi desa merah putih beliau tidak tersandra tidak melibatkan pengusaha dalam kampanye untuk pendanaann tidak melibatkann seseorang yang ada kepentingan tidak melibatkan seseorang untuk mengindorsnya makanya beliau bebas menjalankan programnya untuk jabar yang untuk kepentingan rakayt jabar bahkan mampu membubarkan perusahaan tempat usaha dan tempat tnggal yang menyalahi aturan beda dengan calon yang melibatkan sembilan naga dan orang orang yang kemaruk jabatan pasti akan balas budi contoh aguan dia bisa mempunyai laut pik;['klau', 'pemimpin', 'tersandra', 'tidak', 'bisa', 'berbuat', 'apa', 'apa', 'contoh', 'koperasi', 'desa', 'merah', 'putih', 'beliau', 'tidak', 'tersandra', 'tidak', 'melibatkan', 'pengusaha', 'dalam', 'kampanye', 'untuk', 'pendanaann', 'tidak', 'melibatkann', 'seseorang', 'yang', 'ada', 'kepentingan', 'tidak', 'melibatkan', 'seseorang', 'untuk', 'mengindorsnya', 'makanya', 'beliau', 'bebas', 'menjalankan', 'programnya', 'untuk', 'jabar', 'yang', 'untuk', 'kepentingan', 'rakayt', 'jabar', 'bahkan', 'mampu', 'membubarkan', 'perusahaan', 'tempat', 'usaha', 'dan', 'tempat', 'tnggal', 'yang', 'menyalahi', 'aturan', 'beda', 'dengan', 'calon', 'yang', 'melibatkan', 'sembilan', 'naga', 'dan', 'orang', 'orang', 'yang', 'kemaruk', 'jabatan', 'pasti', 'akan', 'balas', 'budi', 'contoh', 'aguan', 'dia', 'bisa', 'mempunyai', 'laut', 'pik'];KDMP;Kebijakan;Netral;Netral;Diskusi
"Terima.kasih BAP Tempo...
Terus menyiarkan fakta";Terima kasih BAP Tempo Terus menyiarkan fakta;terima kasih bap tempo terus menyiarkan fakta;terima kasih bap tempo terus menyiarkan fakta;['terima', 'kasih', 'bap', 'tempo', 'terus', 'menyiarkan', 'fakta'];Tempo;Media;Mendukung;Mendukung;Netral
Perusahaan monopoli yg dipimpin oleh pemerintah saja mengalami kerugian. Apalagi Perusahaan gurem, Makin terabaikan;Perusahaan monopoli yg dipimpin oleh pemerintah saja mengalami kerugian Apalagi Perusahaan gurem Makin terabaikan;perusahaan monopoli yang dipimpin oleh pemerintah saja mengalami kerugian apalagi perusahaan gurem makin terabaikan;perusahaan monopoli yang dipimpin oleh pemerintah saja mengalami kerugian apalagi perusahaan gurem makin terabaikan;['perusahaan', 'monopoli', 'yang', 'dipimpin', 'oleh', 'pemerintah', 'saja', 'mengalami', 'kerugian', 'apalagi', 'perusahaan', 'gurem', 'makin', 'terabaikan'];Tidak Terdeteksi;Kebijakan;Mendukung;Mendukung;Menolak
Kopdes Merah Putih utk kesejahteraan rakyat tapi untuk RAKYAT INDIA bro...., dan Pengelola AGRINAS serta Kemenkop;Kopdes Merah Putih utk kesejahteraan rakyat tapi untuk RAKYAT INDIA bro dan Pengelola AGRINAS serta Kemenkop;koperasi desa merah putih untuk kesejahteraan rakyat tapi untuk rakyat india bro dan pengelola agrinas serta kemenkop;koperasi desa merah putih untuk kesejahteraan rakyat tapi untuk rakyat india dan pengelola agrinas serta kemenkop;['koperasi', 'desa', 'merah', 'putih', 'untuk', 'kesejahteraan', 'rakyat', 'tapi', 'untuk', 'rakyat', 'india', 'dan', 'pengelola', 'agrinas', 'serta', 'kemenkop'];KDMP;Lainnya;Mendukung;Mendukung;Menolak
Konoha mmg aneh ..;Konoha mmg aneh;konoha mmg aneh;konoha mmg aneh;['konoha', 'mmg', 'aneh'];Tidak Terdeteksi;Lainnya;Menolak;Menolak;Menolak
Mobil.india boros bbm, kemudian blm teruji, di pakai setahun sdh rudak di daerah sudah tentu spart langka, nantinya cuma jd rongsokan besi tua...kayaknya ada bau bau korupsi...harus di tinjau ulang..pak presiden..biar gak gaduh.;Mobil india boros bbm kemudian blm teruji di pakai setahun sdh rudak di daerah sudah tentu spart langka nantinya cuma jd rongsokan besi tua kayaknya ada bau bau korupsi harus di tinjau ulang pak presiden biar gak gaduh;mobil india boros bbm kemudian belum teruji di pakai setahun sudah rudak di daerah sudah tentu spart langka nantinya hanya jadi rongsokan besi tua kayaknya ada bau bau korupsi harus di tinjau ulang pak presiden biar tidak gaduh;mobil india boros bbm kemudian belum teruji di pakai setahun sudah rudak di daerah sudah tentu spart langka nantinya hanya jadi rongsokan besi tua kayaknya ada bau bau korupsi harus di tinjau ulang pak presiden biar tidak gaduh;['mobil', 'india', 'boros', 'bbm', 'kemudian', 'belum', 'teruji', 'di', 'pakai', 'setahun', 'sudah', 'rudak', 'di', 'daerah', 'sudah', 'tentu', 'spart', 'langka', 'nantinya', 'hanya', 'jadi', 'rongsokan', 'besi', 'tua', 'kayaknya', 'ada', 'bau', 'bau', 'korupsi', 'harus', 'di', 'tinjau', 'ulang', 'pak', 'presiden', 'biar', 'tidak', 'gaduh'];Prabowo;Korupsi;Menolak;Menolak;Menolak
Serahkan semua kegiatan koperasi kepada aparat dan jangan sekali kali rakyat ikut terlibat;Serahkan semua kegiatan koperasi kepada aparat dan jangan sekali kali rakyat ikut terlibat;serahkan semua kegiatan koperasi kepada aparat dan jangan sekali kali rakyat ikut terlibat;serahkan semua kegiatan koperasi kepada aparat dan jangan sekali kali rakyat ikut terlibat;['serahkan', 'semua', 'kegiatan', 'koperasi', 'kepada', 'aparat', 'dan', 'jangan', 'sekali', 'kali', 'rakyat', 'ikut', 'terlibat'];Tidak Terdeteksi;Lainnya;Menolak;Menolak;Menolak
Koperasi desa sangat penting tpi jgn di godipin yg TDK pas... Ingat! JERBA SUKI MAWA BEYO..... Memang Indo sekarang rakyat nya bebas TPI TDK  meberi jln yg baik';Koperasi desa sangat penting tpi jgn di godipin yg TDK pas Ingat JERBA SUKI MAWA BEYO Memang Indo sekarang rakyat nya bebas TPI TDK meberi jln yg baik;koperasi desa sangat penting tapi jgn di godipin yang tidak pas ingat jerba suki mawa beyo memang indo sekarang rakyat nya bebas tapi tidak meberi jln yang baik;koperasi desa sangat penting tapi jgn di godipin yang tidak pas ingat jerba suki mawa beyo memang indo sekarang rakyat nya bebas tapi tidak meberi jln yang baik;['koperasi', 'desa', 'sangat', 'penting', 'tapi', 'jgn', 'di', 'godipin', 'yang', 'tidak', 'pas', 'ingat', 'jerba', 'suki', 'mawa', 'beyo', 'memang', 'indo', 'sekarang', 'rakyat', 'nya', 'bebas', 'tapi', 'tidak', 'meberi', 'jln', 'yang', 'baik'];KDMP;Lainnya;Mendukung;Mendukung;Menolak
Wowo adalah presiden terburuk sepanjang sejarah!!!!;Wowo adalah presiden terburuk sepanjang sejarah;prabowo adalah presiden terburuk sepanjang sejarah;prabowo adalah presiden terburuk sepanjang sejarah;['prabowo', 'adalah', 'presiden', 'terburuk', 'sepanjang', 'sejarah'];Prabowo;Lainnya;Menolak;Menolak;Menolak
Alhamdulillah semakin maju dan jayalah bangsaku;Alhamdulillah semakin maju dan jayalah bangsaku;alhamdulillah semakin maju dan jayalah bangsaku;alhamdulillah semakin maju dan jayalah bangsaku;['alhamdulillah', 'semakin', 'maju', 'dan', 'jayalah', 'bangsaku'];Tidak Terdeteksi;Lainnya;Mendukung;Mendukung;Mendukung
"Senang impor bukan efisiensi bro!
Tapi krn komisi pemberi izin pasti gede banget...!
Otak fulus apapun diakali...!";Senang impor bukan efisiensi bro Tapi krn komisi pemberi izin pasti gede banget Otak fulus apapun diakali;senang impor bukan efisiensi bro tapi karena komisi pemberi izin pasti gede sekali otak fulus apapun diakali;senang impor bukan efisiensi tapi karena komisi pemberi izin pasti gede sekali otak fulus apapun diakali;['senang', 'impor', 'bukan', 'efisiensi', 'tapi', 'karena', 'komisi', 'pemberi', 'izin', 'pasti', 'gede', 'sekali', 'otak', 'fulus', 'apapun', 'diakali'];Tidak Terdeteksi;Lainnya;Diskusi;Diskusi;Menolak
industri dalam negri harga mahal karena terlalu banyak yg minta bagian.;industri dalam negri harga mahal karena terlalu banyak yg minta bagian;industri dalam negeri harga mahal karena terlalu banyak yang minta bagian;industri dalam negeri harga mahal karena terlalu banyak yang minta bagian;['industri', 'dalam', 'negeri', 'harga', 'mahal', 'karena', 'terlalu', 'banyak', 'yang', 'minta', 'bagian'];Tidak Terdeteksi;Lainnya;Diskusi;Diskusi;Diskusi
Apapun bila dipegang oleh orang yang salah, orang yang bukan bidangnya, ya udah...remuk bubuk dadi rempon (hancur lebur). Kita baru bisa menyesali karena telah memilih orang sepertinya dulu itu nasionalis, patriot bangsa. Nggak tau'nya, hohooooy...begal APBN.;Apapun bila dipegang oleh orang yang salah orang yang bukan bidangnya ya udah remuk bubuk dadi rempon hancur lebur Kita baru bisa menyesali karena telah memilih orang sepertinya dulu itu nasionalis patriot bangsa Nggak tau nya hohooooy begal APBN;apapun bila dipegang oleh orang yang salah orang yang bukan bidangnya ya sudah remuk bubuk dadi rempon hancur lebur kita baru bisa menyesali karena telah memilih orang sepertinya dulu itu nasionalis patriot bangsa tidak tahu nya hohooooy begal anggaran pendapatan dan belanja negara;apapun bila dipegang oleh orang yang salah orang yang bukan bidangnya sudah remuk bubuk dadi rempon hancur lebur kita baru bisa menyesali karena telah memilih orang sepertinya dulu itu nasionalis patriot bangsa tidak tahu nya hohooooy begal anggaran pendapatan dan belanja negara;['apapun', 'bila', 'dipegang', 'oleh', 'orang', 'yang', 'salah', 'orang', 'yang', 'bukan', 'bidangnya', 'sudah', 'remuk', 'bubuk', 'dadi', 'rempon', 'hancur', 'lebur', 'kita', 'baru', 'bisa', 'menyesali', 'karena', 'telah', 'memilih', 'orang', 'sepertinya', 'dulu', 'itu', 'nasionalis', 'patriot', 'bangsa', 'tidak', 'tahu', 'nya', 'hohooooy', 'begal', 'anggaran', 'pendapatan', 'dan', 'belanja', 'negara'];Tidak Terdeteksi;Lainnya;Diskusi;Diskusi;Menolak
Pasti ga berhasil karena akan terjadi konflik kepentingan.;Pasti ga berhasil karena akan terjadi konflik kepentingan;pasti tidak berhasil karena akan terjadi konflik kepentingan;pasti tidak berhasil karena akan terjadi konflik kepentingan;['pasti', 'tidak', 'berhasil', 'karena', 'akan', 'terjadi', 'konflik', 'kepentingan'];Tidak Terdeteksi;Lainnya;Diskusi;Diskusi;Menolak
Kami berharap Pinjaman kepada Koperasi Merah Putih jangan sampai terindikasi kredit Macet maka perlu estimasi Usaha koperasi yang disusun oleh Pengurus kalau layak baru bantuan pinjaman pendanaan Dulu Jaman Pak Harto juga ada Pinjaman  Kredit usaha. Tani (KUT) yang bertujuan kemandirian Pangan saat itu tapi rata rata menjadi kredit Macet dan pada akhirnya di fusokan pada waktu tertentu;Kami berharap Pinjaman kepada Koperasi Merah Putih jangan sampai terindikasi kredit Macet maka perlu estimasi Usaha koperasi yang disusun oleh Pengurus kalau layak baru bantuan pinjaman pendanaan Dulu Jaman Pak Harto juga ada Pinjaman Kredit usaha Tani KUT yang bertujuan kemandirian Pangan saat itu tapi rata rata menjadi kredit Macet dan pada akhirnya di fusokan pada waktu tertentu;kami berharap pinjaman kepada koperasi desa merah putih jangan sampai terindikasi kredit macet maka perlu estimasi usaha koperasi yang disusun oleh pengurus kalau layak baru bantuan pinjaman pendanaan dulu zaman pak harto juga ada pinjaman kredit usaha tani kut yang bertujuan kemandirian pangan saat itu tapi rata rata menjadi kredit macet dan pada akhirnya di fusokan pada waktu tertentu;kami berharap pinjaman kepada koperasi desa merah putih jangan sampai terindikasi kredit macet maka perlu estimasi usaha koperasi yang disusun oleh pengurus kalau layak baru bantuan pinjaman pendanaan dulu zaman pak harto juga ada pinjaman kredit usaha tani kut yang bertujuan kemandirian pangan saat itu tapi rata rata menjadi kredit macet dan pada akhirnya di fusokan pada waktu tertentu;['kami', 'berharap', 'pinjaman', 'kepada', 'koperasi', 'desa', 'merah', 'putih', 'jangan', 'sampai', 'terindikasi', 'kredit', 'macet', 'maka', 'perlu', 'estimasi', 'usaha', 'koperasi', 'yang', 'disusun', 'oleh', 'pengurus', 'kalau', 'layak', 'baru', 'bantuan', 'pinjaman', 'pendanaan', 'dulu', 'zaman', 'pak', 'harto', 'juga', 'ada', 'pinjaman', 'kredit', 'usaha', 'tani', 'kut', 'yang', 'bertujuan', 'kemandirian', 'pangan', 'saat', 'itu', 'tapi', 'rata', 'rata', 'menjadi', 'kredit', 'macet', 'dan', 'pada', 'akhirnya', 'di', 'fusokan', 'pada', 'waktu', 'tertentu'];KDMP;Pengelolaan;Diskusi;Diskusi;Diskusi
Tidak ada koperasi yg bertahan lama bila dibangun top down, buktinya KUD dizaman orde baru. Koperasi itu kumpulan orang2, jadi pembentukannya harus berbasis kepentingan orang maka pembentukannya harusnya buttom up. Cintoh koperasi yg dibangun buttom up adalah koperasi Balota di Toraja. Dibentuk tahun 1941 dan sampai sekarang masih eksis.;Tidak ada koperasi yg bertahan lama bila dibangun top down buktinya KUD dizaman orde baru Koperasi itu kumpulan orang2 jadi pembentukannya harus berbasis kepentingan orang maka pembentukannya harusnya buttom up Cintoh koperasi yg dibangun buttom up adalah koperasi Balota di Toraja Dibentuk tahun 1941 dan sampai sekarang masih eksis;tidak ada koperasi yang bertahan lama bila dibangun top down buktinya koperasi unit desa dizaman orde baru koperasi itu kumpulan orang2 jadi pembentukannya harus berbasis kepentingan orang maka pembentukannya harusnya buttom up cintoh koperasi yang dibangun buttom up adalah koperasi balota di toraja dibentuk tahun 1941 dan sampai sekarang masih eksis;tidak ada koperasi yang bertahan lama bila dibangun top down buktinya koperasi unit desa dizaman orde baru koperasi itu kumpulan orang2 jadi pembentukannya harus berbasis kepentingan orang maka pembentukannya harusnya buttom up cintoh koperasi yang dibangun buttom up adalah koperasi balota di toraja dibentuk tahun 1941 dan sampai sekarang masih eksis;['tidak', 'ada', 'koperasi', 'yang', 'bertahan', 'lama', 'bila', 'dibangun', 'top', 'down', 'buktinya', 'koperasi', 'unit', 'desa', 'dizaman', 'orde', 'baru', 'koperasi', 'itu', 'kumpulan', 'orang2', 'jadi', 'pembentukannya', 'harus', 'berbasis', 'kepentingan', 'orang', 'maka', 'pembentukannya', 'harusnya', 'buttom', 'up', 'cintoh', 'koperasi', 'yang', 'dibangun', 'buttom', 'up', 'adalah', 'koperasi', 'balota', 'di', 'toraja', 'dibentuk', 'tahun', '1941', 'dan', 'sampai', 'sekarang', 'masih', 'eksis'];Tidak Terdeteksi;Militerisasi, KUD;Menolak;Menolak;Menolak
pemerintah skrg malah amburadul...ga jelas programnya...;pemerintah skrg malah amburadul ga jelas programnya;pemerintah sekarang malah amburadul tidak jelas programnya;pemerintah sekarang malah amburadul tidak jelas programnya;['pemerintah', 'sekarang', 'malah', 'amburadul', 'tidak', 'jelas', 'programnya'];Tidak Terdeteksi;Kebijakan;Netral;Netral;Menolak
Bagus kok mobil itu mobil India terkenal bandel....;Bagus kok mobil itu mobil India terkenal bandel;bagus mobil itu mobil india terkenal bandel;bagus mobil itu mobil india terkenal bandel;['bagus', 'mobil', 'itu', 'mobil', 'india', 'terkenal', 'bandel'];Tidak Terdeteksi;Lainnya;Mendukung;Mendukung;Mendukung
Dulu di era Orde Baru ada KUD ( Ketua Untung Dulu ).;Dulu di era Orde Baru ada KUD Ketua Untung Dulu;dulu di era orde baru ada koperasi unit desa ketua untung dulu;dulu di era orde baru ada koperasi unit desa ketua untung dulu;['dulu', 'di', 'era', 'orde', 'baru', 'ada', 'koperasi', 'unit', 'desa', 'ketua', 'untung', 'dulu'];Tidak Terdeteksi;Militerisasi, KUD;Diskusi;Diskusi;Menolak
Lapangan sepak bola..banyak yg terdampak krn dipakai tuk membangun KMP;Lapangan sepak bola banyak yg terdampak krn dipakai tuk membangun KMP;lapangan sepak bola banyak yang terdampak karena dipakai tuk membangun koperasi desa merah putih;lapangan sepak bola banyak yang terdampak karena dipakai tuk membangun koperasi desa merah putih;['lapangan', 'sepak', 'bola', 'banyak', 'yang', 'terdampak', 'karena', 'dipakai', 'tuk', 'membangun', 'koperasi', 'desa', 'merah', 'putih'];KDMP;Lainnya;Diskusi;Diskusi;Menolak
Jo lagi Jo lagi,;Jo lagi Jo lagi;jo lagi jo lagi;jo lagi jo lagi;['jo', 'lagi', 'jo', 'lagi'];Tidak Terdeteksi;Lainnya;Netral;Netral;Netral
Mari kita belajar dari gagalnya KUD jaman dulu sedangkan hari ini penegakan hukum masih belum stabil;Mari kita belajar dari gagalnya KUD jaman dulu sedangkan hari ini penegakan hukum masih belum stabil;mari kita belajar dari gagalnya koperasi unit desa zaman dulu sedangkan hari ini penegakan hukum masih belum stabil;mari kita belajar dari gagalnya koperasi unit desa zaman dulu sedangkan hari ini penegakan hukum masih belum stabil;['mari', 'kita', 'belajar', 'dari', 'gagalnya', 'koperasi', 'unit', 'desa', 'zaman', 'dulu', 'sedangkan', 'hari', 'ini', 'penegakan', 'hukum', 'masih', 'belum', 'stabil'];Tidak Terdeteksi;KUD;Diskusi;Diskusi;Menolak
Halaah bacoot , kalo ga tau lapangan diem, gag usah giring opini aneh2;Halaah bacoot kalo ga tau lapangan diem gag usah giring opini aneh2;halaah bacoot kalau tidak tahu lapangan diem gag usah giring opini aneh2;halaah bacoot kalau tidak tahu lapangan diem gag usah giring opini aneh2;['halaah', 'bacoot', 'kalau', 'tidak', 'tahu', 'lapangan', 'diem', 'gag', 'usah', 'giring', 'opini', 'aneh2'];Tidak Terdeteksi;Lainnya;Menolak;Menolak;Menolak
Banyak yg ujian pilihan yg dipilih pindah sendiri ke opsi lain...ini memang menurunkan kepercayaan pada BKN karna ulah perekrutan yg kurang persiapan kayak gini;Banyak yg ujian pilihan yg dipilih pindah sendiri ke opsi lain ini memang menurunkan kepercayaan pada BKN karna ulah perekrutan yg kurang persiapan kayak gini;banyak yang ujian pilihan yang dipilih pindah sendiri ke opsi lain ini memang menurunkan kepercayaan pada bukan karna ulah perekrutan yang kurang persiapan kayak gini;banyak yang ujian pilihan yang dipilih pindah sendiri ke opsi lain ini memang menurunkan kepercayaan pada bukan karna ulah perekrutan yang kurang persiapan kayak gini;['banyak', 'yang', 'ujian', 'pilihan', 'yang', 'dipilih', 'pindah', 'sendiri', 'ke', 'opsi', 'lain', 'ini', 'memang', 'menurunkan', 'kepercayaan', 'pada', 'bukan', 'karna', 'ulah', 'perekrutan', 'yang', 'kurang', 'persiapan', 'kayak', 'gini'];Tidak Terdeteksi;Lainnya;Netral;Netral;Menolak
Tak kira  dulu buat gor bulutangkis masal;Tak kira dulu buat gor bulutangkis masal;tidak kira dulu untuk gor bulutangkis masal;tidak kira dulu untuk gor bulutangkis masal;['tidak', 'kira', 'dulu', 'untuk', 'gor', 'bulutangkis', 'masal'];Tidak Terdeteksi;Lainnya;Diskusi;Diskusi;Menolak
Usaha belum jalan,barang yang akan dijual tidak jelas,rata2 pelamar kerja titipan & minim pengalaman bermimpi jadi manajer,enaknya dijogetin aja ????;Usaha belum jalan barang yang akan dijual tidak jelas rata2 pelamar kerja titipan minim pengalaman bermimpi jadi manajer enaknya dijogetin aja;usaha belum jalan barang yang akan dijual tidak jelas rata2 pelamar kerja titipan minim pengalaman bermimpi jadi manajer enaknya dijogetin saja;usaha belum jalan barang yang akan dijual tidak jelas rata2 pelamar kerja titipan minim pengalaman bermimpi jadi manajer enaknya dijogetin saja;['usaha', 'belum', 'jalan', 'barang', 'yang', 'akan', 'dijual', 'tidak', 'jelas', 'rata2', 'pelamar', 'kerja', 'titipan', 'minim', 'pengalaman', 'bermimpi', 'jadi', 'manajer', 'enaknya', 'dijogetin', 'saja'];Tidak Terdeteksi;Lainnya;Diskusi;Diskusi;Menolak
"Mumpung ada waktu  gas terus prabowo krn waktu tdk banyak
Jdi mamfaat kan waktu yg ada";Mumpung ada waktu gas terus prabowo krn waktu tdk banyak Jdi mamfaat kan waktu yg ada;mumpung ada waktu gas terus prabowo karena waktu tidak banyak jdi mamfaat waktu yang ada;mumpung ada waktu gas terus prabowo karena waktu tidak banyak jdi mamfaat waktu yang ada;['mumpung', 'ada', 'waktu', 'gas', 'terus', 'prabowo', 'karena', 'waktu', 'tidak', 'banyak', 'jdi', 'mamfaat', 'waktu', 'yang', 'ada'];Prabowo;Lainnya;Diskusi;Diskusi;Mendukung
"Sesungguhnya yg diinginkan oleh UUD'45 itu BUKAN KOPERASI sbg badan usaha, tetapi adlh SYSTEM, dimana

dalam SYSTEM KOPERASI itu, a.l: tiap2 orang yg menerima penghasilan dari Perusahaan apapun saja itu, a.l: wajib bekerja 8 jam/perhari dg upah yg sama, tetapi penghasilannya berbeda krn ada tunjangan keahlian atau jabatan, sehingga 

sebanyak apapun uang yg dimilikinya itu dirinya maximal hanya bisa bekerja di 2 (dua) perusahaan, krn sehari itu = 24 jam
Ma'af jika saya salah. Rahayu....Rahayu.....Rahayu";Sesungguhnya yg diinginkan oleh UUD 45 itu BUKAN KOPERASI sbg badan usaha tetapi adlh SYSTEM dimana dalam SYSTEM KOPERASI itu a l tiap2 orang yg menerima penghasilan dari Perusahaan apapun saja itu a l wajib bekerja 8 jam perhari dg upah yg sama tetapi penghasilannya berbeda krn ada tunjangan keahlian atau jabatan sehingga sebanyak apapun uang yg dimilikinya itu dirinya maximal hanya bisa bekerja di 2 dua perusahaan krn sehari itu 24 jam Ma af jika saya salah Rahayu Rahayu Rahayu;sesungguhnya yang diinginkan oleh uud 45 itu bukan koperasi sbg badan usaha tetapi adlh system dimana dalam system koperasi itu a l tiap2 orang yang menerima penghasilan dari perusahaan apapun saja itu a l wajib bekerja 8 jam perhari dengan upah yang sama tetapi penghasilannya berbeda karena ada tunjangan keahlian atau jabatan sehingga sebanyak apapun uang yang dimilikinya itu dirinya maximal hanya bisa bekerja di 2 dua perusahaan karena sehari itu 24 jam ma af jika saya salah rahayu rahayu rahayu;sesungguhnya yang diinginkan oleh uud 45 itu bukan koperasi sbg badan usaha tetapi adlh system dimana dalam system koperasi itu tiap2 orang yang menerima penghasilan dari perusahaan apapun saja itu wajib bekerja jam perhari dengan upah yang sama tetapi penghasilannya berbeda karena ada tunjangan keahlian atau jabatan sehingga sebanyak apapun uang yang dimilikinya itu dirinya maximal hanya bisa bekerja di dua perusahaan karena sehari itu 24 jam ma af jika saya salah rahayu rahayu rahayu;['sesungguhnya', 'yang', 'diinginkan', 'oleh', 'uud', '45', 'itu', 'bukan', 'koperasi', 'sbg', 'badan', 'usaha', 'tetapi', 'adlh', 'system', 'dimana', 'dalam', 'system', 'koperasi', 'itu', 'tiap2', 'orang', 'yang', 'menerima', 'penghasilan', 'dari', 'perusahaan', 'apapun', 'saja', 'itu', 'wajib', 'bekerja', 'jam', 'perhari', 'dengan', 'upah', 'yang', 'sama', 'tetapi', 'penghasilannya', 'berbeda', 'karena', 'ada', 'tunjangan', 'keahlian', 'atau', 'jabatan', 'sehingga', 'sebanyak', 'apapun', 'uang', 'yang', 'dimilikinya', 'itu', 'dirinya', 'maximal', 'hanya', 'bisa', 'bekerja', 'di', 'dua', 'perusahaan', 'karena', 'sehari', 'itu', '24', 'jam', 'ma', 'af', 'jika', 'saya', 'salah', 'rahayu', 'rahayu', 'rahayu'];Tidak Terdeteksi;Lainnya;Diskusi;Diskusi;Diskusi
Joao angel de sousa apa ini pemain naturalisasi ? Sejak kapan bisnis butuh pemain naturalisasi atau memang orang bukan wni.  Payah tdk cinta indonesia;Joao angel de sousa apa ini pemain naturalisasi Sejak kapan bisnis butuh pemain naturalisasi atau memang orang bukan wni Payah tdk cinta indonesia;joao angel de sousa apa ini pemain naturalisasi sejak kapan bisnis butuh pemain naturalisasi atau memang orang bukan wni payah tidak cinta indonesia;joao angel de sousa apa ini pemain naturalisasi sejak kapan bisnis butuh pemain naturalisasi atau memang orang bukan wni payah tidak cinta indonesia;['joao', 'angel', 'de', 'sousa', 'apa', 'ini', 'pemain', 'naturalisasi', 'sejak', 'kapan', 'bisnis', 'butuh', 'pemain', 'naturalisasi', 'atau', 'memang', 'orang', 'bukan', 'wni', 'payah', 'tidak', 'cinta', 'indonesia'];Tidak Terdeteksi;Lainnya;Netral;Netral;Menolak
Koprasi merah putih modal 400T bakal untung 2000T kata Budi Arie ??too good to be true di negara yg bli tusuk gigi aja jd lahan korupsi,mungkin bisa tu uang 400T berkembang jika yg mengelola Yakuza jepang ???? kalau yg mengelola pemerintahan Indonesia mah ujung2nya suruh ngiklasin aja sperti kasus2 korupsi lainya ngabas negara rugi Mulu , rakyat suruh bayar pajak Mulu;Koprasi merah putih modal 400T bakal untung 2000T kata Budi Arie too good to be true di negara yg bli tusuk gigi aja jd lahan korupsi mungkin bisa tu uang 400T berkembang jika yg mengelola Yakuza jepang kalau yg mengelola pemerintahan Indonesia mah ujung2nya suruh ngiklasin aja sperti kasus2 korupsi lainya ngabas negara rugi Mulu rakyat suruh bayar pajak Mulu;koperasi merah putih modal 400t bakal untung 2000t kata budi arie too good to be true di negara yang bli tusuk gigi saja jadi lahan korupsi mungkin bisa tu uang 400t berkembang jika yang mengelola yakuza jepang kalau yang mengelola pemerintahan indonesia mah ujung2nya suruh ngiklasin saja sperti kasus2 korupsi lainya ngabas negara rugi mulu rakyat suruh bayar pajak mulu;koperasi merah putih modal 400t bakal untung 2000t kata budi arie too good to be true di negara yang bli tusuk gigi saja jadi lahan korupsi mungkin bisa tu uang 400t berkembang jika yang mengelola yakuza jepang kalau yang mengelola pemerintahan indonesia mah ujung2nya suruh ngiklasin saja sperti kasus2 korupsi lainya ngabas negara rugi mulu rakyat suruh bayar pajak mulu;['koperasi', 'merah', 'putih', 'modal', '400t', 'bakal', 'untung', '2000t', 'kata', 'budi', 'arie', 'too', 'good', 'to', 'be', 'true', 'di', 'negara', 'yang', 'bli', 'tusuk', 'gigi', 'saja', 'jadi', 'lahan', 'korupsi', 'mungkin', 'bisa', 'tu', 'uang', '400t', 'berkembang', 'jika', 'yang', 'mengelola', 'yakuza', 'jepang', 'kalau', 'yang', 'mengelola', 'pemerintahan', 'indonesia', 'mah', 'ujung2nya', 'suruh', 'ngiklasin', 'saja', 'sperti', 'kasus2', 'korupsi', 'lainya', 'ngabas', 'negara', 'rugi', 'mulu', 'rakyat', 'suruh', 'bayar', 'pajak', 'mulu'];Tidak Terdeteksi;Korupsi, Kebijakan;Diskusi;Diskusi;Menolak
Jika tentara terlalu banyak terlibat di pekerjaan sipil seperti koperasi merah putih dan MBG, dikhawatirkan profesional tentara menjadi menurun. Ingat perperangan  untuk pertahanan sekarang adalah penggunaan teknologi. Mestinya tentara fokus pada pertahanan yang menggunakan teknologi, seperti riset pembuatan rudal,  drone, radar dan sejenisya. DPR sebagai wakil rakyat harus mengingatkan itu;Jika tentara terlalu banyak terlibat di pekerjaan sipil seperti koperasi merah putih dan MBG dikhawatirkan profesional tentara menjadi menurun Ingat perperangan untuk pertahanan sekarang adalah penggunaan teknologi Mestinya tentara fokus pada pertahanan yang menggunakan teknologi seperti riset pembuatan rudal drone radar dan sejenisya DPR sebagai wakil rakyat harus mengingatkan itu;jika tni terlalu banyak terlibat di pekerjaan sipil seperti koperasi desa merah putih dan mbg dikhawatirkan profesional tni menjadi menurun ingat perperangan untuk pertahanan sekarang adalah penggunaan teknologi mestinya tni fokus pada pertahanan yang menggunakan teknologi seperti riset pembuatan rudal drone radar dan sejenisya dpr sebagai wakil rakyat harus mengingatkan itu;jika tni terlalu banyak terlibat di pekerjaan sipil seperti koperasi desa merah putih dan mbg dikhawatirkan profesional tni menjadi menurun ingat perperangan untuk pertahanan sekarang adalah penggunaan teknologi mestinya tni fokus pada pertahanan yang menggunakan teknologi seperti riset pembuatan rudal drone radar dan sejenisya dpr sebagai wakil rakyat harus mengingatkan itu;['jika', 'tni', 'terlalu', 'banyak', 'terlibat', 'di', 'pekerjaan', 'sipil', 'seperti', 'koperasi', 'desa', 'merah', 'putih', 'dan', 'mbg', 'dikhawatirkan', 'profesional', 'tni', 'menjadi', 'menurun', 'ingat', 'perperangan', 'untuk', 'pertahanan', 'sekarang', 'adalah', 'penggunaan', 'teknologi', 'mestinya', 'tni', 'fokus', 'pada', 'pertahanan', 'yang', 'menggunakan', 'teknologi', 'seperti', 'riset', 'pembuatan', 'rudal', 'drone', 'radar', 'dan', 'sejenisya', 'dpr', 'sebagai', 'wakil', 'rakyat', 'harus', 'mengingatkan', 'itu'];TNI, KDMP;Militerisasi;Diskusi;Diskusi;Menolak
Izin pendapat dari kla Rt...engk muluk klau mau majukn rakyat indonesia...pemerinta ..cari negara lain yg mau bli hasil perkebunan...harga sawit .kopi  karet..dan yg lain..klau harga tsb naik bagus akn sejhterah...semuah...kena dampaknya...;Izin pendapat dari kla Rt engk muluk klau mau majukn rakyat indonesia pemerinta cari negara lain yg mau bli hasil perkebunan harga sawit kopi karet dan yg lain klau harga tsb naik bagus akn sejhterah semuah kena dampaknya;izin pendapat dari kla rt engk muluk klau mau majukn rakyat indonesia pemerinta cari negara lain yang mau bli hasil perkebunan harga sawit kopi karet dan yang lain klau harga tsb naik bagus akn sejhterah semuah kena dampaknya;izin pendapat dari kla rt engk muluk klau mau majukn rakyat indonesia pemerinta cari negara lain yang mau bli hasil perkebunan harga sawit kopi karet dan yang lain klau harga tsb naik bagus akn sejhterah semuah kena dampaknya;['izin', 'pendapat', 'dari', 'kla', 'rt', 'engk', 'muluk', 'klau', 'mau', 'majukn', 'rakyat', 'indonesia', 'pemerinta', 'cari', 'negara', 'lain', 'yang', 'mau', 'bli', 'hasil', 'perkebunan', 'harga', 'sawit', 'kopi', 'karet', 'dan', 'yang', 'lain', 'klau', 'harga', 'tsb', 'naik', 'bagus', 'akn', 'sejhterah', 'semuah', 'kena', 'dampaknya'];Tidak Terdeteksi;Lainnya;Mendukung;Mendukung;Diskusi
ah wowo mah ga ada habisnya, sebelum di turunin. yang menarik Hostnya ada tatonya ;ah wowo mah ga ada habisnya sebelum di turunin yang menarik Hostnya ada tatonya;ah prabowo mah tidak ada habisnya sebelum di turunin yang menarik hostnya ada tatonya;ah prabowo mah tidak ada habisnya sebelum di turunin yang menarik hostnya ada tatonya;['ah', 'prabowo', 'mah', 'tidak', 'ada', 'habisnya', 'sebelum', 'di', 'turunin', 'yang', 'menarik', 'hostnya', 'ada', 'tatonya'];Prabowo;Lainnya;Out_of_Topic;Out_of_Topic;Menolak
Berselih atau mencari selisih dalam rekrutmen manager koperasi merah putih....?????.....;Berselih atau mencari selisih dalam rekrutmen manager koperasi merah putih;berselih atau mencari selisih dalam rekrutmen manager koperasi desa merah putih;berselih atau mencari selisih dalam rekrutmen manager koperasi desa merah putih;['berselih', 'atau', 'mencari', 'selisih', 'dalam', 'rekrutmen', 'manager', 'koperasi', 'desa', 'merah', 'putih'];KDMP;Lainnya;Netral;Netral;Menolak
Rakyat di tekan bayar pajak, tp dana pajak di hambur2kan  yg gak ada manfaatnya untuk rakyat;Rakyat di tekan bayar pajak tp dana pajak di hambur2kan yg gak ada manfaatnya untuk rakyat;rakyat di tekan bayar pajak tapi dana pajak di hambur2kan yang tidak ada manfaatnya untuk rakyat;rakyat di tekan bayar pajak tapi dana pajak di hambur2kan yang tidak ada manfaatnya untuk rakyat;['rakyat', 'di', 'tekan', 'bayar', 'pajak', 'tapi', 'dana', 'pajak', 'di', 'hambur2kan', 'yang', 'tidak', 'ada', 'manfaatnya', 'untuk', 'rakyat'];Tidak Terdeteksi;Lainnya;Mendukung;Mendukung;Menolak
Izin menyanggah rikang soal keterlibatan desa yang terjadi di lapangan pengurus kopdes memang penentunya kepala desa dan perangkat namun untuk bangunan fisik betul itu tentara yang menangani dan desa tidak tau menahu;Izin menyanggah rikang soal keterlibatan desa yang terjadi di lapangan pengurus kopdes memang penentunya kepala desa dan perangkat namun untuk bangunan fisik betul itu tentara yang menangani dan desa tidak tau menahu;izin menyanggah rikang soal keterlibatan desa yang terjadi di lapangan pengurus koperasi desa memang penentunya kepala desa dan perangkat namun untuk bangunan fisik betul itu tni yang menangani dan desa tidak tahu menahu;izin menyanggah rikang soal keterlibatan desa yang terjadi di lapangan pengurus koperasi desa memang penentunya kepala desa dan perangkat namun untuk bangunan fisik betul itu tni yang menangani dan desa tidak tahu menahu;['izin', 'menyanggah', 'rikang', 'soal', 'keterlibatan', 'desa', 'yang', 'terjadi', 'di', 'lapangan', 'pengurus', 'koperasi', 'desa', 'memang', 'penentunya', 'kepala', 'desa', 'dan', 'perangkat', 'namun', 'untuk', 'bangunan', 'fisik', 'betul', 'itu', 'tni', 'yang', 'menangani', 'dan', 'desa', 'tidak', 'tahu', 'menahu'];TNI, Kades, KDMP;Militerisasi, Pengelolaan;Diskusi;Diskusi;Diskusi
"INI PELAJARAN BUAT RAKYAT...
MILITER DIPILIH JADI PEMIMPIN....
AKAN KAH KEDEPAN RAKYAT AKAN MEMILIH DARI MILITER LAGI ??????????";INI PELAJARAN BUAT RAKYAT MILITER DIPILIH JADI PEMIMPIN AKAN KAH KEDEPAN RAKYAT AKAN MEMILIH DARI MILITER LAGI;ini pelajaran untuk rakyat tni dipilih jadi pemimpin akan kah kedepan rakyat akan memilih dari tni lagi;ini pelajaran untuk rakyat tni dipilih jadi pemimpin akan kah kedepan rakyat akan memilih dari tni lagi;['ini', 'pelajaran', 'untuk', 'rakyat', 'tni', 'dipilih', 'jadi', 'pemimpin', 'akan', 'kah', 'kedepan', 'rakyat', 'akan', 'memilih', 'dari', 'tni', 'lagi'];TNI;Militerisasi;Mendukung;Mendukung;Menolak
Setuju dgn mbak Retno;Setuju dgn mbak Retno;setuju dengan mbak retno;setuju dengan mbak retno;['setuju', 'dengan', 'mbak', 'retno'];Tidak Terdeteksi;Lainnya;Mendukung;Mendukung;Netral
"Ga ada yang utang-utang negara ini, program2 kyk gitu mah cm masa dia mimpin doank. 

Klo utang2 negara, bisa dia dah mokat juga anak cucu cicit negeri yg bayarin all utang atas programmnya";Ga ada yang utang utang negara ini program2 kyk gitu mah cm masa dia mimpin doank Klo utang2 negara bisa dia dah mokat juga anak cucu cicit negeri yg bayarin all utang atas programmnya;tidak ada yang utang utang negara ini program2 kyk gitu mah cm masa dia mimpin doank kalau utang2 negara bisa dia dah mokat juga anak cucu cicit negeri yang bayarin all utang atas programmnya;tidak ada yang utang utang negara ini program2 kyk gitu mah cm masa dia mimpin doank kalau utang2 negara bisa dia dah mokat juga anak cucu cicit negeri yang bayarin all utang atas programmnya;['tidak', 'ada', 'yang', 'utang', 'utang', 'negara', 'ini', 'program2', 'kyk', 'gitu', 'mah', 'cm', 'masa', 'dia', 'mimpin', 'doank', 'kalau', 'utang2', 'negara', 'bisa', 'dia', 'dah', 'mokat', 'juga', 'anak', 'cucu', 'cicit', 'negeri', 'yang', 'bayarin', 'all', 'utang', 'atas', 'programmnya'];Tidak Terdeteksi;Kebijakan;Menolak;Menolak;Menolak
semua proyek wowo kan emang untuk temen-temen nya.. udah sejak jadi menhan..;semua proyek wowo kan emang untuk temen temen nya udah sejak jadi menhan;semua proyek prabowo emang untuk teman teman nya sudah sejak jadi menhan;semua proyek prabowo emang untuk teman teman nya sudah sejak jadi menhan;['semua', 'proyek', 'prabowo', 'emang', 'untuk', 'teman', 'teman', 'nya', 'sudah', 'sejak', 'jadi', 'menhan'];Prabowo;Lainnya;Netral;Netral;Menolak
untuk awal disarankan jangan menjalankan usaha simpan pinjam.;untuk awal disarankan jangan menjalankan usaha simpan pinjam;untuk awal disarankan jangan menjalankan usaha simpan pinjam;untuk awal disarankan jangan menjalankan usaha simpan pinjam;['untuk', 'awal', 'disarankan', 'jangan', 'menjalankan', 'usaha', 'simpan', 'pinjam'];Tidak Terdeteksi;Lainnya;Menolak;Menolak;Menolak
Pemerintahan sekarang itu seperti orang polos. Seperti punya kendaraan tetapi gak tau rute jalan nya, akhirnya amburadul. Pemerintahan seperti tidak punya konsep, alias berantakan, karena berdasarkan emosional, bukan berdasarkan pemikiran yg matang, yg sudah terintegrasi dg metodologi sistem bernegara.;Pemerintahan sekarang itu seperti orang polos Seperti punya kendaraan tetapi gak tau rute jalan nya akhirnya amburadul Pemerintahan seperti tidak punya konsep alias berantakan karena berdasarkan emosional bukan berdasarkan pemikiran yg matang yg sudah terintegrasi dg metodologi sistem bernegara;pemerintahan sekarang itu seperti orang polos seperti punya kendaraan tetapi tidak tahu rute jalan nya akhirnya amburadul pemerintahan seperti tidak punya konsep alias berantakan karena berdasarkan emosional bukan berdasarkan pemikiran yang matang yang sudah terintegrasi dengan metodologi sistem bernegara;pemerintahan sekarang itu seperti orang polos seperti punya kendaraan tetapi tidak tahu rute jalan nya akhirnya amburadul pemerintahan seperti tidak punya konsep alias berantakan karena berdasarkan emosional bukan berdasarkan pemikiran yang matang yang sudah terintegrasi dengan metodologi sistem bernegara;['pemerintahan', 'sekarang', 'itu', 'seperti', 'orang', 'polos', 'seperti', 'punya', 'kendaraan', 'tetapi', 'tidak', 'tahu', 'rute', 'jalan', 'nya', 'akhirnya', 'amburadul', 'pemerintahan', 'seperti', 'tidak', 'punya', 'konsep', 'alias', 'berantakan', 'karena', 'berdasarkan', 'emosional', 'bukan', 'berdasarkan', 'pemikiran', 'yang', 'matang', 'yang', 'sudah', 'terintegrasi', 'dengan', 'metodologi', 'sistem', 'bernegara'];Tidak Terdeteksi;Kebijakan;Diskusi;Diskusi;Menolak
Mencontohkan ke negara2 lain klo mau beli mobil mending ke india aja...;Mencontohkan ke negara2 lain klo mau beli mobil mending ke india aja;mencontohkan ke negara2 lain kalau mau beli mobil mending ke india saja;mencontohkan ke negara2 lain kalau mau beli mobil mending ke india saja;['mencontohkan', 'ke', 'negara2', 'lain', 'kalau', 'mau', 'beli', 'mobil', 'mending', 'ke', 'india', 'saja'];Tidak Terdeteksi;Lainnya;Netral;Netral;Netral
Kenapa g pake Mobil listrik aja yak;Kenapa g pake Mobil listrik aja yak;kenapa tidak pakai mobil listrik saja yak;kenapa tidak pakai mobil listrik saja yak;['kenapa', 'tidak', 'pakai', 'mobil', 'listrik', 'saja', 'yak'];Tidak Terdeteksi;Lainnya;Netral;Netral;Diskusi
Selama konsepnya gotong royong, maka tidak akan kompetitif, lebih baik koperasi hanya wadah utk investasi yg turunannya membuat lagi CV /PT yg bisa berkompetisi secara efisien;Selama konsepnya gotong royong maka tidak akan kompetitif lebih baik koperasi hanya wadah utk investasi yg turunannya membuat lagi CV PT yg bisa berkompetisi secara efisien;selama konsepnya gotong royong maka tidak akan kompetitif lebih baik koperasi hanya wadah untuk investasi yang turunannya membuat lagi cv pt yang bisa berkompetisi secara efisien;selama konsepnya gotong royong maka tidak akan kompetitif lebih baik koperasi hanya wadah untuk investasi yang turunannya membuat lagi cv pt yang bisa berkompetisi secara efisien;['selama', 'konsepnya', 'gotong', 'royong', 'maka', 'tidak', 'akan', 'kompetitif', 'lebih', 'baik', 'koperasi', 'hanya', 'wadah', 'untuk', 'investasi', 'yang', 'turunannya', 'membuat', 'lagi', 'cv', 'pt', 'yang', 'bisa', 'berkompetisi', 'secara', 'efisien'];Tidak Terdeteksi;Lainnya;Mendukung;Mendukung;Diskusi
Stidakny kehadiran TNI dlm pmbangunan desa sbgai bntuk nyata kedekatan TNI dgn rakyat.. selain itu, jga mrukan tanggung jawab atas kedisiplinan dan kerja keras mereka;Stidakny kehadiran TNI dlm pmbangunan desa sbgai bntuk nyata kedekatan TNI dgn rakyat selain itu jga mrukan tanggung jawab atas kedisiplinan dan kerja keras mereka;stidakny kehadiran tni dalam pmbangunan desa sbgai bntuk nyata kedekatan tni dengan rakyat selain itu juga mrukan tanggung jawab atas kedisiplinan dan kerja keras mereka;stidakny kehadiran tni dalam pmbangunan desa sbgai bntuk nyata kedekatan tni dengan rakyat selain itu juga mrukan tanggung jawab atas kedisiplinan dan kerja keras mereka;['stidakny', 'kehadiran', 'tni', 'dalam', 'pmbangunan', 'desa', 'sbgai', 'bntuk', 'nyata', 'kedekatan', 'tni', 'dengan', 'rakyat', 'selain', 'itu', 'juga', 'mrukan', 'tanggung', 'jawab', 'atas', 'kedisiplinan', 'dan', 'kerja', 'keras', 'mereka'];TNI;Militerisasi;Out_of_Topic;Out_of_Topic;Mendukung
Maaf ya kalau saya keliru tentang koperasi maklum adh laamaa sekali ,mungkin sdh ada perbaikan aturan dsb.....seoengetahuan saya ttng kop iru adalah perkumpulan orang, berbeda sengan perusahaan yang merpjan perkumpulan modal, shg tuapa anggauta kop mempunyau  1 suara dalam rapat penentuannya....kop dubentuk usaha dari  masing2 anggta shg ada kop, tertanian, kop para nelayan ,simpan pinjam etc....kl yang saya dengarkan tadi penjelasannya pengurusnya  rata2 dr orang partai tah .....whats  next gitu loh .  .... maaf kl salah krn itu pelaharan koperasi saya thn 69 an ??????;Maaf ya kalau saya keliru tentang koperasi maklum adh laamaa sekali mungkin sdh ada perbaikan aturan dsb seoengetahuan saya ttng kop iru adalah perkumpulan orang berbeda sengan perusahaan yang merpjan perkumpulan modal shg tuapa anggauta kop mempunyau 1 suara dalam rapat penentuannya kop dubentuk usaha dari masing2 anggta shg ada kop tertanian kop para nelayan simpan pinjam etc kl yang saya dengarkan tadi penjelasannya pengurusnya rata2 dr orang partai tah whats next gitu loh maaf kl salah krn itu pelaharan koperasi saya thn 69 an;maaf ya kalau saya keliru tentang koperasi maklum adh laamaa sekali mungkin sudah ada perbaikan aturan dsb seoengetahuan saya ttng kop iru adalah perkumpulan orang berbeda sengan perusahaan yang merpjan perkumpulan modal shg tuapa anggauta kop mempunyau 1 suara dalam rapat penentuannya kop dubentuk usaha dari masing2 anggta shg ada kop tertanian kop para nelayan simpan pinjam etc kalau yang saya dengarkan tadi penjelasannya pengurusnya rata2 dari orang partai tah whats next gitu loh maaf kalau salah karena itu pelaharan koperasi saya thn 69 an;maaf kalau saya keliru tentang koperasi maklum adh laamaa sekali mungkin sudah ada perbaikan aturan dsb seoengetahuan saya ttng kop iru adalah perkumpulan orang berbeda sengan perusahaan yang merpjan perkumpulan modal shg tuapa anggauta kop mempunyau suara dalam rapat penentuannya kop dubentuk usaha dari masing2 anggta shg ada kop tertanian kop para nelayan simpan pinjam etc kalau yang saya dengarkan tadi penjelasannya pengurusnya rata2 dari orang partai tah whats next gitu loh maaf kalau salah karena itu pelaharan koperasi saya thn 69 an;['maaf', 'kalau', 'saya', 'keliru', 'tentang', 'koperasi', 'maklum', 'adh', 'laamaa', 'sekali', 'mungkin', 'sudah', 'ada', 'perbaikan', 'aturan', 'dsb', 'seoengetahuan', 'saya', 'ttng', 'kop', 'iru', 'adalah', 'perkumpulan', 'orang', 'berbeda', 'sengan', 'perusahaan', 'yang', 'merpjan', 'perkumpulan', 'modal', 'shg', 'tuapa', 'anggauta', 'kop', 'mempunyau', 'suara', 'dalam', 'rapat', 'penentuannya', 'kop', 'dubentuk', 'usaha', 'dari', 'masing2', 'anggta', 'shg', 'ada', 'kop', 'tertanian', 'kop', 'para', 'nelayan', 'simpan', 'pinjam', 'etc', 'kalau', 'yang', 'saya', 'dengarkan', 'tadi', 'penjelasannya', 'pengurusnya', 'rata2', 'dari', 'orang', 'partai', 'tah', 'whats', 'next', 'gitu', 'loh', 'maaf', 'kalau', 'salah', 'karena', 'itu', 'pelaharan', 'koperasi', 'saya', 'thn', '69', 'an'];Tidak Terdeteksi;Pengelolaan, Kebijakan;Diskusi;Diskusi;Diskusi
Pak Prabowo presidenku.. mulailah berpikir jernih, jangan terima mentah 2 bisikkan pembantu bpk presiden.. banyak pejabat titipan disekitar bpk yg disusupin oleh pendahulunya bpk sebagai mata-mata untk kepentingan Mulyono... untk kepentingan politik jangka panjang oligarki;Pak Prabowo presidenku mulailah berpikir jernih jangan terima mentah 2 bisikkan pembantu bpk presiden banyak pejabat titipan disekitar bpk yg disusupin oleh pendahulunya bpk sebagai mata mata untk kepentingan Mulyono untk kepentingan politik jangka panjang oligarki;pak prabowo presidenku mulailah berpikir jernih jangan terima mentah 2 bisikkan pembantu bpk presiden banyak pejabat titipan disekitar bpk yang disusupin oleh pendahulunya bpk sebagai mata mata untk kepentingan mulyono untk kepentingan politik jangka panjang oligarki;pak prabowo presidenku mulailah berpikir jernih jangan terima mentah bisikkan pembantu bpk presiden banyak pejabat titipan disekitar bpk yang disusupin oleh pendahulunya bpk sebagai mata mata untk kepentingan mulyono untk kepentingan politik jangka panjang oligarki;['pak', 'prabowo', 'presidenku', 'mulailah', 'berpikir', 'jernih', 'jangan', 'terima', 'mentah', 'bisikkan', 'pembantu', 'bpk', 'presiden', 'banyak', 'pejabat', 'titipan', 'disekitar', 'bpk', 'yang', 'disusupin', 'oleh', 'pendahulunya', 'bpk', 'sebagai', 'mata', 'mata', 'untk', 'kepentingan', 'mulyono', 'untk', 'kepentingan', 'politik', 'jangka', 'panjang', 'oligarki'];Prabowo;Lainnya;Menolak;Menolak;Menolak
Dulu jaman mertua si Omon2 ada yang namanya Koperasi Unit Desa.;Dulu jaman mertua si Omon2 ada yang namanya Koperasi Unit Desa;dulu zaman mertua si omon2 ada yang namanya koperasi unit desa;dulu zaman mertua si omon2 ada yang namanya koperasi unit desa;['dulu', 'zaman', 'mertua', 'si', 'omon2', 'ada', 'yang', 'namanya', 'koperasi', 'unit', 'desa'];Tidak Terdeteksi;KUD;Diskusi;Diskusi;Menolak
"EHHHH SOALNYA AJA MACAM SOAL ANAK SD YAAA! SOAL CERDAS CERMAT ANAK SD AJA LEBIH SUSAH DRPD ITU. MALAH MAU LANGSUNG JD PNS—ENAK BANGET HIDUP LUUUUU! 

KEBANGETAN SIH PAK PRESIDEN KALAU BEGINI HASIL DR PROGRAM2 ANDA. GA HABIS THINKING BENERAN SAYA";EHHHH SOALNYA AJA MACAM SOAL ANAK SD YAAA SOAL CERDAS CERMAT ANAK SD AJA LEBIH SUSAH DRPD ITU MALAH MAU LANGSUNG JD PNS ENAK BANGET HIDUP LUUUUU KEBANGETAN SIH PAK PRESIDEN KALAU BEGINI HASIL DR PROGRAM2 ANDA GA HABIS THINKING BENERAN SAYA;ehhhh soalnya saja macam soal anak sd yaaa soal cerdas cermat anak sd saja lebih susah drpd itu malah mau langsung jadi pns enak sekali hidup luuuuu kebangetan pak presiden kalau begini hasil dari program2 kamu tidak habis thinking beneran saya;ehhhh soalnya saja macam soal anak sd yaaa soal cerdas cermat anak sd saja lebih susah drpd itu malah mau langsung jadi pns enak sekali hidup luuuuu kebangetan pak presiden kalau begini hasil dari program2 kamu tidak habis thinking beneran saya;['ehhhh', 'soalnya', 'saja', 'macam', 'soal', 'anak', 'sd', 'yaaa', 'soal', 'cerdas', 'cermat', 'anak', 'sd', 'saja', 'lebih', 'susah', 'drpd', 'itu', 'malah', 'mau', 'langsung', 'jadi', 'pns', 'enak', 'sekali', 'hidup', 'luuuuu', 'kebangetan', 'pak', 'presiden', 'kalau', 'begini', 'hasil', 'dari', 'program2', 'kamu', 'tidak', 'habis', 'thinking', 'beneran', 'saya'];Prabowo;Kebijakan;Netral;Netral;Menolak
Setuju, TNI turun ke desa itu buat bantu percepatan pembangunan, bukan ambil alih apa-apa.;Setuju TNI turun ke desa itu buat bantu percepatan pembangunan bukan ambil alih apa apa;setuju tni turun ke desa itu untuk bantu percepatan pembangunan bukan ambil alih apa apa;setuju tni turun ke desa itu untuk bantu percepatan pembangunan bukan ambil alih apa apa;['setuju', 'tni', 'turun', 'ke', 'desa', 'itu', 'untuk', 'bantu', 'percepatan', 'pembangunan', 'bukan', 'ambil', 'alih', 'apa', 'apa'];TNI;Militerisasi;Mendukung;Mendukung;Mendukung
Untung kepala desanya merah putih (dana desa dikorup tidak ada tindak lanjud sapai saat ini  ) kok malah kop merah putih;Untung kepala desanya merah putih dana desa dikorup tidak ada tindak lanjud sapai saat ini kok malah kop merah putih;untung kepala desanya merah putih dana desa dikorup tidak ada tindak lanjud sapai saat ini malah kop merah putih;untung kepala desanya merah putih dana desa dikorup tidak ada tindak lanjud sapai saat ini malah kop merah putih;['untung', 'kepala', 'desanya', 'merah', 'putih', 'dana', 'desa', 'dikorup', 'tidak', 'ada', 'tindak', 'lanjud', 'sapai', 'saat', 'ini', 'malah', 'kop', 'merah', 'putih'];Kades;Dana Desa;Netral;Netral;Menolak
Ga perlu pakai koperasi merah putih, sebenarnya masyarakat desa kalau pandai manajemen bisnis pasti maju tuh UMKM desa, selama ini udah banyak UMKM desa yang udah sukses bahkan produknya disukai di negeri luar, intinya koperasi merah putih ibarat swasembada jaman orde baru yang untung tengkulak atau mafianya sementara buruh tani atau warga desa yang punya usaha kecil bakal merugi;Ga perlu pakai koperasi merah putih sebenarnya masyarakat desa kalau pandai manajemen bisnis pasti maju tuh UMKM desa selama ini udah banyak UMKM desa yang udah sukses bahkan produknya disukai di negeri luar intinya koperasi merah putih ibarat swasembada jaman orde baru yang untung tengkulak atau mafianya sementara buruh tani atau warga desa yang punya usaha kecil bakal merugi;tidak perlu pakai koperasi desa merah putih sebenarnya masyarakat desa kalau pandai manajemen bisnis pasti maju tuh usaha mikro kecil menengah desa selama ini sudah banyak usaha mikro kecil menengah desa yang sudah sukses bahkan produknya disukai di negeri luar intinya koperasi desa merah putih ibarat swasembada zaman orde baru yang untung tengkulak atau mafianya sementara buruh tani atau warga desa yang punya usaha kecil bakal merugi;tidak perlu pakai koperasi desa merah putih sebenarnya masyarakat desa kalau pandai manajemen bisnis pasti maju tuh usaha mikro kecil menengah desa selama ini sudah banyak usaha mikro kecil menengah desa yang sudah sukses bahkan produknya disukai di negeri luar intinya koperasi desa merah putih ibarat swasembada zaman orde baru yang untung tengkulak atau mafianya sementara buruh tani atau warga desa yang punya usaha kecil bakal merugi;['tidak', 'perlu', 'pakai', 'koperasi', 'desa', 'merah', 'putih', 'sebenarnya', 'masyarakat', 'desa', 'kalau', 'pandai', 'manajemen', 'bisnis', 'pasti', 'maju', 'tuh', 'usaha', 'mikro', 'kecil', 'menengah', 'desa', 'selama', 'ini', 'sudah', 'banyak', 'usaha', 'mikro', 'kecil', 'menengah', 'desa', 'yang', 'sudah', 'sukses', 'bahkan', 'produknya', 'disukai', 'di', 'negeri', 'luar', 'intinya', 'koperasi', 'desa', 'merah', 'putih', 'ibarat', 'swasembada', 'zaman', 'orde', 'baru', 'yang', 'untung', 'tengkulak', 'atau', 'mafianya', 'sementara', 'buruh', 'tani', 'atau', 'warga', 'desa', 'yang', 'punya', 'usaha', 'kecil', 'bakal', 'merugi'];KDMP;Militerisasi, Pengelolaan;Mendukung;Mendukung;Menolak
dikelola orang biasa dikorupsi, dikelola aparat salah juga, aduh kudu gimana;dikelola orang biasa dikorupsi dikelola aparat salah juga aduh kudu gimana;dikelola orang biasa dikorupsi dikelola aparat salah juga aduh kudu bagaimana;dikelola orang biasa dikorupsi dikelola aparat salah juga aduh kudu bagaimana;['dikelola', 'orang', 'biasa', 'dikorupsi', 'dikelola', 'aparat', 'salah', 'juga', 'aduh', 'kudu', 'bagaimana'];Tidak Terdeteksi;Korupsi, KUD;Diskusi;Diskusi;Diskusi
Gelap;Gelap;gelap;gelap;['gelap'];Tidak Terdeteksi;Lainnya;Netral;Netral;Menolak
Bagus lah bakalan ada 1juta lapangan pekerjaan, baguslah bisa pinjam dari bank bumn dan dari damantara dan patungan kongomerat yang bertemu kemarin;Bagus lah bakalan ada 1juta lapangan pekerjaan baguslah bisa pinjam dari bank bumn dan dari damantara dan patungan kongomerat yang bertemu kemarin;bagus bakalan ada 1juta lapangan pekerjaan baguslah bisa pinjam dari bank bumn dan dari damantara dan patungan kongomerat yang bertemu kemarin;bagus bakalan ada 1juta lapangan pekerjaan baguslah bisa pinjam dari bank bumn dan dari damantara dan patungan kongomerat yang bertemu kemarin;['bagus', 'bakalan', 'ada', '1juta', 'lapangan', 'pekerjaan', 'baguslah', 'bisa', 'pinjam', 'dari', 'bank', 'bumn', 'dan', 'dari', 'damantara', 'dan', 'patungan', 'kongomerat', 'yang', 'bertemu', 'kemarin'];Tidak Terdeteksi;Lainnya;Mendukung;Mendukung;Mendukung
Wahh pasti pada bangga ni ????????;Wahh pasti pada bangga ni;wahh pasti pada bangga ni;wahh pasti pada bangga ni;['wahh', 'pasti', 'pada', 'bangga', 'ni'];Tidak Terdeteksi;Lainnya;Mendukung;Mendukung;Mendukung
Baru 2 tahun menjabat lho. Bayangin kl kepilih lagi dan menjabat 10 tahun.;Baru 2 tahun menjabat lho Bayangin kl kepilih lagi dan menjabat 10 tahun;baru 2 tahun menjabat lho bayangin kalau kepilih lagi dan menjabat 10 tahun;baru tahun menjabat lho bayangin kalau kepilih lagi dan menjabat 10 tahun;['baru', 'tahun', 'menjabat', 'lho', 'bayangin', 'kalau', 'kepilih', 'lagi', 'dan', 'menjabat', '10', 'tahun'];Tidak Terdeteksi;Lainnya;Netral;Netral;Netral
Contoh kebijakan pemerintah yg menabrak aturan tatacara pengadaan barang untuk  negara;Contoh kebijakan pemerintah yg menabrak aturan tatacara pengadaan barang untuk negara;contoh kebijakan pemerintah yang menabrak aturan tatacara pengadaan barang untuk negara;contoh kebijakan pemerintah yang menabrak aturan tatacara pengadaan barang untuk negara;['contoh', 'kebijakan', 'pemerintah', 'yang', 'menabrak', 'aturan', 'tatacara', 'pengadaan', 'barang', 'untuk', 'negara'];Tidak Terdeteksi;Kebijakan;Netral;Netral;Menolak
Presiden hasil kecurangan Pemilu;Presiden hasil kecurangan Pemilu;presiden hasil kecurangan pemilu;presiden hasil kecurangan pemilu;['presiden', 'hasil', 'kecurangan', 'pemilu'];Prabowo;Lainnya;Netral;Netral;Menolak
Bentuk didesa itu mengembangkan aset dan potensi.. ini insya Alloh sangat membantu masyarakat.;Bentuk didesa itu mengembangkan aset dan potensi ini insya Alloh sangat membantu masyarakat;bentuk didesa itu mengembangkan aset dan potensi ini insya alloh sangat membantu masyarakat;bentuk didesa itu mengembangkan aset dan potensi ini insya alloh sangat membantu masyarakat;['bentuk', 'didesa', 'itu', 'mengembangkan', 'aset', 'dan', 'potensi', 'ini', 'insya', 'alloh', 'sangat', 'membantu', 'masyarakat'];Tidak Terdeteksi;Lainnya;Mendukung;Mendukung;Mendukung
Koperasi merah putih hanya menguntungkan kelompok bukan untuk rakyat peraturan yg menyimpang progam yg membodohi rakyat;Koperasi merah putih hanya menguntungkan kelompok bukan untuk rakyat peraturan yg menyimpang progam yg membodohi rakyat;koperasi desa merah putih hanya menguntungkan kelompok bukan untuk rakyat peraturan yang menyimpang progam yang membodohi rakyat;koperasi desa merah putih hanya menguntungkan kelompok bukan untuk rakyat peraturan yang menyimpang progam yang membodohi rakyat;['koperasi', 'desa', 'merah', 'putih', 'hanya', 'menguntungkan', 'kelompok', 'bukan', 'untuk', 'rakyat', 'peraturan', 'yang', 'menyimpang', 'progam', 'yang', 'membodohi', 'rakyat'];KDMP;Kebijakan;Mendukung;Mendukung;Menolak
Bukannya yg sdh ada diperbaiki malah bentuk program2 ini itu ...makin hancur;Bukannya yg sdh ada diperbaiki malah bentuk program2 ini itu makin hancur;bukannya yang sudah ada diperbaiki malah bentuk program2 ini itu makin hancur;bukannya yang sudah ada diperbaiki malah bentuk program2 ini itu makin hancur;['bukannya', 'yang', 'sudah', 'ada', 'diperbaiki', 'malah', 'bentuk', 'program2', 'ini', 'itu', 'makin', 'hancur'];Tidak Terdeteksi;Kebijakan;Mendukung;Mendukung;Menolak
Pengurusnya sj dipilih kades, yg kompeten skiranya kritis mlh ditolak, ??;Pengurusnya sj dipilih kades yg kompeten skiranya kritis mlh ditolak;pengurusnya sj dipilih kepala desa yang kompeten skiranya kritis mlh ditolak;pengurusnya sj dipilih kepala desa yang kompeten skiranya kritis mlh ditolak;['pengurusnya', 'sj', 'dipilih', 'kepala', 'desa', 'yang', 'kompeten', 'skiranya', 'kritis', 'mlh', 'ditolak'];Kades;Pengelolaan;Menolak;Menolak;Menolak
"Saya yakin sekali Kopdes Merah Putih tidak akan berhasil karena melawan kekuatan pasar dan bertentangan dengan konsep ekonomi...
Pihak terkait berpotensi untuk menggunakan rompi kebesaran KPK.... Lihat saja...";Saya yakin sekali Kopdes Merah Putih tidak akan berhasil karena melawan kekuatan pasar dan bertentangan dengan konsep ekonomi Pihak terkait berpotensi untuk menggunakan rompi kebesaran KPK Lihat saja;saya yakin sekali koperasi desa merah putih tidak akan berhasil karena melawan kekuatan pasar dan bertentangan dengan konsep ekonomi pihak terkait berpotensi untuk menggunakan rompi kebesaran kpk lihat saja;saya yakin sekali koperasi desa merah putih tidak akan berhasil karena melawan kekuatan pasar dan bertentangan dengan konsep ekonomi pihak terkait berpotensi untuk menggunakan rompi kebesaran kpk lihat saja;['saya', 'yakin', 'sekali', 'koperasi', 'desa', 'merah', 'putih', 'tidak', 'akan', 'berhasil', 'karena', 'melawan', 'kekuatan', 'pasar', 'dan', 'bertentangan', 'dengan', 'konsep', 'ekonomi', 'pihak', 'terkait', 'berpotensi', 'untuk', 'menggunakan', 'rompi', 'kebesaran', 'kpk', 'lihat', 'saja'];KDMP;Lainnya;Diskusi;Diskusi;Menolak
Jangan beropini bahwa program prabowo itu baik, apanya baik jika uang rakyat buk yg bocor;Jangan beropini bahwa program prabowo itu baik apanya baik jika uang rakyat buk yg bocor;jangan beropini bahwa program prabowo itu baik apanya baik jika dana masyarakat buk yang bocor;jangan beropini bahwa program prabowo itu baik apanya baik jika dana masyarakat buk yang bocor;['jangan', 'beropini', 'bahwa', 'program', 'prabowo', 'itu', 'baik', 'apanya', 'baik', 'jika', 'dana', 'masyarakat', 'buk', 'yang', 'bocor'];Prabowo;Kebijakan;Diskusi;Diskusi;Menolak
Solusinya agar jalan program swasembada pangan dengan program koprasi merah putih di sejalankan;Solusinya agar jalan program swasembada pangan dengan program koprasi merah putih di sejalankan;solusinya agar jalan program swasembada pangan dengan program koperasi merah putih di sejalankan;solusinya agar jalan program swasembada pangan dengan program koperasi merah putih di sejalankan;['solusinya', 'agar', 'jalan', 'program', 'swasembada', 'pangan', 'dengan', 'program', 'koperasi', 'merah', 'putih', 'di', 'sejalankan'];Tidak Terdeteksi;Kebijakan;Mendukung;Mendukung;Mendukung
Gue dukung. Evaluasi terus menerus.;Gue dukung Evaluasi terus menerus;saya dukung evaluasi terus menerus;saya dukung evaluasi terus menerus;['saya', 'dukung', 'evaluasi', 'terus', 'menerus'];Tidak Terdeteksi;Lainnya;Mendukung;Mendukung;Mendukung
Tempo pemilik sahamnya siapa ya?;Tempo pemilik sahamnya siapa ya;tempo pemilik sahamnya siapa ya;tempo pemilik sahamnya siapa;['tempo', 'pemilik', 'sahamnya', 'siapa'];Tempo;Media;Netral;Netral;Netral
Polisi masuk ke makan gratis sekarang giliran TNI yang masuk ke koprasi, proyek lagi ??;Polisi masuk ke makan gratis sekarang giliran TNI yang masuk ke koprasi proyek lagi;polisi masuk ke makan gratis sekarang giliran tni yang masuk ke koperasi proyek lagi;polisi masuk ke makan gratis sekarang giliran tni yang masuk ke koperasi proyek lagi;['polisi', 'masuk', 'ke', 'makan', 'gratis', 'sekarang', 'giliran', 'tni', 'yang', 'masuk', 'ke', 'koperasi', 'proyek', 'lagi'];TNI;Militerisasi;Netral;Netral;Menolak
"TEMPO DAN BOCOR ALUS GA PUNYA NYALI KALO GA BAHAS PERKEMBANGAN KASUS PERTAMAX OPLOSAN. 
AYO DONG TUNJUKKIN TAJI PERS INDONESIA. JANGAN2 TEMPO.........";TEMPO DAN BOCOR ALUS GA PUNYA NYALI KALO GA BAHAS PERKEMBANGAN KASUS PERTAMAX OPLOSAN AYO DONG TUNJUKKIN TAJI PERS INDONESIA JANGAN2 TEMPO;tempo dan bocor alus tidak punya nyali kalau tidak bahas perkembangan kasus pertamax oplosan ayo tunjukkin taji pers indonesia jangan2 tempo;tempo dan bocor alus tidak punya nyali kalau tidak bahas perkembangan kasus pertamax oplosan ayo tunjukkin taji pers indonesia jangan2 tempo;['tempo', 'dan', 'bocor', 'alus', 'tidak', 'punya', 'nyali', 'kalau', 'tidak', 'bahas', 'perkembangan', 'kasus', 'pertamax', 'oplosan', 'ayo', 'tunjukkin', 'taji', 'pers', 'indonesia', 'jangan2', 'tempo'];Tempo;Media;Out_of_Topic;Out_of_Topic;Out_of_Topic
Ini membunuh toko yg ada di desa , seharusnya pemerintah membangun pabrik atau home industri;Ini membunuh toko yg ada di desa seharusnya pemerintah membangun pabrik atau home industri;ini membunuh toko yang ada di desa seharusnya pemerintah membangun pabrik atau home industri;ini membunuh toko yang ada di desa seharusnya pemerintah membangun pabrik atau home industri;['ini', 'membunuh', 'toko', 'yang', 'ada', 'di', 'desa', 'seharusnya', 'pemerintah', 'membangun', 'pabrik', 'atau', 'home', 'industri'];Tidak Terdeteksi;Kebijakan;Diskusi;Diskusi;Menolak
Percuma protes.. kalo sdh rencana pemerintah, itu sulit di ubah, sebagus bgmnpn usulmu percuma, Krn pemerintah paling merasa benar..;Percuma protes kalo sdh rencana pemerintah itu sulit di ubah sebagus bgmnpn usulmu percuma Krn pemerintah paling merasa benar;percuma protes kalau sudah rencana pemerintah itu sulit di ubah sebagus bgmnpn usulmu percuma karena pemerintah paling merasa benar;percuma protes kalau sudah rencana pemerintah itu sulit di ubah sebagus bgmnpn usulmu percuma karena pemerintah paling merasa benar;['percuma', 'protes', 'kalau', 'sudah', 'rencana', 'pemerintah', 'itu', 'sulit', 'di', 'ubah', 'sebagus', 'bgmnpn', 'usulmu', 'percuma', 'karena', 'pemerintah', 'paling', 'merasa', 'benar'];Tidak Terdeteksi;Kebijakan;Diskusi;Diskusi;Menolak
Menuntut beli semua barang2 harus yg TKDN, eh ini dengan enteng nya mau IMPOR mobil dari India.;Menuntut beli semua barang2 harus yg TKDN eh ini dengan enteng nya mau IMPOR mobil dari India;menuntut beli semua barang2 harus yang tkdn eh ini dengan enteng nya mau impor mobil dari india;menuntut beli semua barang2 harus yang tkdn ini dengan enteng nya mau impor mobil dari india;['menuntut', 'beli', 'semua', 'barang2', 'harus', 'yang', 'tkdn', 'ini', 'dengan', 'enteng', 'nya', 'mau', 'impor', 'mobil', 'dari', 'india'];Tidak Terdeteksi;Lainnya;Netral;Netral;Menolak
Makin amburadul saja realitas di lapangan. Desa sbg pembentuk koperasi merah putih cenderung kejar tayang tanpa koordinasi konsulidasi yg baik. Penunjukan pengurus cenderung personal dan mengabaikan unsur komunitas di desa yg seharusnya sdh ada di sana.;Makin amburadul saja realitas di lapangan Desa sbg pembentuk koperasi merah putih cenderung kejar tayang tanpa koordinasi konsulidasi yg baik Penunjukan pengurus cenderung personal dan mengabaikan unsur komunitas di desa yg seharusnya sdh ada di sana;makin amburadul saja realitas di lapangan desa sbg pembentuk koperasi desa merah putih cenderung kejar tayang tanpa koordinasi konsulidasi yang baik penunjukan pengurus cenderung personal dan mengabaikan unsur komunitas di desa yang seharusnya sudah ada di sana;makin amburadul saja realitas di lapangan desa sbg pembentuk koperasi desa merah putih cenderung kejar tayang tanpa koordinasi konsulidasi yang baik penunjukan pengurus cenderung personal dan mengabaikan unsur komunitas di desa yang seharusnya sudah ada di sana;['makin', 'amburadul', 'saja', 'realitas', 'di', 'lapangan', 'desa', 'sbg', 'pembentuk', 'koperasi', 'desa', 'merah', 'putih', 'cenderung', 'kejar', 'tayang', 'tanpa', 'koordinasi', 'konsulidasi', 'yang', 'baik', 'penunjukan', 'pengurus', 'cenderung', 'personal', 'dan', 'mengabaikan', 'unsur', 'komunitas', 'di', 'desa', 'yang', 'seharusnya', 'sudah', 'ada', 'di', 'sana'];KDMP;Pengelolaan;Diskusi;Diskusi;Menolak
"Silahkan sj kl Bank mau kasih  kredit ,tp hrs pertimbangan Bisnis ...Jgn dipaksa , apalagi jk tdk layak..Ingat Krisis 98 diakibatkan oleh Krisis Bank yg saat itu kasih kredit dgn sembarangan ,yg merembet ke politik..Jgn sampai ini terulang lg,Krisis 98 sangat menyakitkan,,Jgn salahkan George Soros,tp salahkan pengelolaan ekonomi saat itu..Dia hanya memanfaatkan Pasar yg ""Overvalued"" utk cari untung segede2 nya..Buktinya Hongkong, Taiwan,China , Singapore aman2 sj meski ikut diserang saat itu,krn fundamental mereka sangat kuat.RI yg sangat parah hancur krn ekonomi yg sangat rapuh.. Malaysia,Philipina, Thailand yg jg kena,tp nggak parah bgt..
Ingat,Semua asalnya dr Perbankan saat itu";Silahkan sj kl Bank mau kasih kredit tp hrs pertimbangan Bisnis Jgn dipaksa apalagi jk tdk layak Ingat Krisis 98 diakibatkan oleh Krisis Bank yg saat itu kasih kredit dgn sembarangan yg merembet ke politik Jgn sampai ini terulang lg Krisis 98 sangat menyakitkan Jgn salahkan George Soros tp salahkan pengelolaan ekonomi saat itu Dia hanya memanfaatkan Pasar yg Overvalued utk cari untung segede2 nya Buktinya Hongkong Taiwan China Singapore aman2 sj meski ikut diserang saat itu krn fundamental mereka sangat kuat RI yg sangat parah hancur krn ekonomi yg sangat rapuh Malaysia Philipina Thailand yg jg kena tp nggak parah bgt Ingat Semua asalnya dr Perbankan saat itu;silahkan sj kalau bank mau kasih kredit tapi harus pertimbangan bisnis jgn dipaksa apalagi jk tidak layak ingat krisis 98 diakibatkan oleh krisis bank yang saat itu kasih kredit dengan sembarangan yang merembet ke politik jgn sampai ini terulang lg krisis 98 sangat menyakitkan jgn salahkan george soros tapi salahkan pengelolaan ekonomi saat itu dia hanya memanfaatkan pasar yang overvalued untuk cari untung segede2 nya buktinya hongkong taiwan china singapore aman2 sj meski ikut diserang saat itu karena fundamental mereka sangat kuat ri yang sangat parah hancur karena ekonomi yang sangat rapuh malaysia philipina thailand yang juga kena tapi tidak parah sekali ingat semua asalnya dari perbankan saat itu;silahkan sj kalau bank mau kasih kredit tapi harus pertimbangan bisnis jgn dipaksa apalagi jk tidak layak ingat krisis 98 diakibatkan oleh krisis bank yang saat itu kasih kredit dengan sembarangan yang merembet ke politik jgn sampai ini terulang lg krisis 98 sangat menyakitkan jgn salahkan george soros tapi salahkan pengelolaan ekonomi saat itu dia hanya memanfaatkan pasar yang overvalued untuk cari untung segede2 nya buktinya hongkong taiwan china singapore aman2 sj meski ikut diserang saat itu karena fundamental mereka sangat kuat ri yang sangat parah hancur karena ekonomi yang sangat rapuh malaysia philipina thailand yang juga kena tapi tidak parah sekali ingat semua asalnya dari perbankan saat itu;['silahkan', 'sj', 'kalau', 'bank', 'mau', 'kasih', 'kredit', 'tapi', 'harus', 'pertimbangan', 'bisnis', 'jgn', 'dipaksa', 'apalagi', 'jk', 'tidak', 'layak', 'ingat', 'krisis', '98', 'diakibatkan', 'oleh', 'krisis', 'bank', 'yang', 'saat', 'itu', 'kasih', 'kredit', 'dengan', 'sembarangan', 'yang', 'merembet', 'ke', 'politik', 'jgn', 'sampai', 'ini', 'terulang', 'lg', 'krisis', '98', 'sangat', 'menyakitkan', 'jgn', 'salahkan', 'george', 'soros', 'tapi', 'salahkan', 'pengelolaan', 'ekonomi', 'saat', 'itu', 'dia', 'hanya', 'memanfaatkan', 'pasar', 'yang', 'overvalued', 'untuk', 'cari', 'untung', 'segede2', 'nya', 'buktinya', 'hongkong', 'taiwan', 'china', 'singapore', 'aman2', 'sj', 'meski', 'ikut', 'diserang', 'saat', 'itu', 'karena', 'fundamental', 'mereka', 'sangat', 'kuat', 'ri', 'yang', 'sangat', 'parah', 'hancur', 'karena', 'ekonomi', 'yang', 'sangat', 'rapuh', 'malaysia', 'philipina', 'thailand', 'yang', 'juga', 'kena', 'tapi', 'tidak', 'parah', 'sekali', 'ingat', 'semua', 'asalnya', 'dari', 'perbankan', 'saat', 'itu'];Tidak Terdeteksi;Lainnya;Diskusi;Diskusi;Diskusi
Rampook...penggalangan dana dan anggota u 2029....penjarahan lewat mbg dan koperasi...;Rampook penggalangan dana dan anggota u 2029 penjarahan lewat mbg dan koperasi;rampook penggalangan dana dan anggota u 2029 penjarahan lewat mbg dan koperasi;rampook penggalangan dana dan anggota 2029 penjarahan lewat mbg dan koperasi;['rampook', 'penggalangan', 'dana', 'dan', 'anggota', '2029', 'penjarahan', 'lewat', 'mbg', 'dan', 'koperasi'];Tidak Terdeteksi;Pengelolaan;Netral;Netral;Menolak
"* Pernah berkomentar Indonesia bubar tahun 2030
* Selalu teriak asing tapi kenyataannya sangat pro asing sampai mau membayar trilyunan demi masuk organisasi asing
* Polisi dan tentara di kasih usaha biar lupa kalau fungsi dia menjaga negara, seharusnya tentara di kasih gaji besar tanpa harus di kasih badan usaha biar fokus menjaga negara 
* Ketika keamanan sudah lupa dengan tugasnya dan asyik berbisnis, tinggal asing masuk menguasai negeri ini
* Maka sukseslah membubarkan negeri ini di tahun 2030
*LIMA TAHUN TERASA LAMA*";Pernah berkomentar Indonesia bubar tahun 2030 Selalu teriak asing tapi kenyataannya sangat pro asing sampai mau membayar trilyunan demi masuk organisasi asing Polisi dan tentara di kasih usaha biar lupa kalau fungsi dia menjaga negara seharusnya tentara di kasih gaji besar tanpa harus di kasih badan usaha biar fokus menjaga negara Ketika keamanan sudah lupa dengan tugasnya dan asyik berbisnis tinggal asing masuk menguasai negeri ini Maka sukseslah membubarkan negeri ini di tahun 2030 LIMA TAHUN TERASA LAMA;pernah berkomentar indonesia bubar tahun 2030 selalu teriak asing tapi kenyataannya sangat pro asing sampai mau membayar trilyunan demi masuk organisasi asing polisi dan tni di kasih usaha biar lupa kalau fungsi dia menjaga negara seharusnya tni di kasih gaji besar tanpa harus di kasih badan usaha biar fokus menjaga negara ketika keamanan sudah lupa dengan tugasnya dan asyik berbisnis tinggal asing masuk menguasai negeri ini maka sukseslah membubarkan negeri ini di tahun 2030 lima tahun terasa lama;pernah berkomentar indonesia bubar tahun 2030 selalu teriak asing tapi kenyataannya sangat pro asing sampai mau membayar trilyunan demi masuk organisasi asing polisi dan tni di kasih usaha biar lupa kalau fungsi dia menjaga negara seharusnya tni di kasih gaji besar tanpa harus di kasih badan usaha biar fokus menjaga negara ketika keamanan sudah lupa dengan tugasnya dan asyik berbisnis tinggal asing masuk menguasai negeri ini maka sukseslah membubarkan negeri ini di tahun 2030 lima tahun terasa lama;['pernah', 'berkomentar', 'indonesia', 'bubar', 'tahun', '2030', 'selalu', 'teriak', 'asing', 'tapi', 'kenyataannya', 'sangat', 'pro', 'asing', 'sampai', 'mau', 'membayar', 'trilyunan', 'demi', 'masuk', 'organisasi', 'asing', 'polisi', 'dan', 'tni', 'di', 'kasih', 'usaha', 'biar', 'lupa', 'kalau', 'fungsi', 'dia', 'menjaga', 'negara', 'seharusnya', 'tni', 'di', 'kasih', 'gaji', 'besar', 'tanpa', 'harus', 'di', 'kasih', 'badan', 'usaha', 'biar', 'fokus', 'menjaga', 'negara', 'ketika', 'keamanan', 'sudah', 'lupa', 'dengan', 'tugasnya', 'dan', 'asyik', 'berbisnis', 'tinggal', 'asing', 'masuk', 'menguasai', 'negeri', 'ini', 'maka', 'sukseslah', 'membubarkan', 'negeri', 'ini', 'di', 'tahun', '2030', 'lima', 'tahun', 'terasa', 'lama'];TNI;Militerisasi;Diskusi;Diskusi;Menolak
Kita optimis terhadap pemerintah. Tebarkan hal2 yg positif ?;Kita optimis terhadap pemerintah Tebarkan hal2 yg positif;kita optimis terhadap pemerintah tebarkan hal2 yang positif;kita optimis terhadap pemerintah tebarkan hal2 yang positif;['kita', 'optimis', 'terhadap', 'pemerintah', 'tebarkan', 'hal2', 'yang', 'positif'];Tidak Terdeteksi;Kebijakan;Netral;Netral;Mendukung
Memang bikin program tidak di survei dan dikakulasi dulu sebelum membeli mobil  dari India kalau dalam harga mahal tapi manfaatnya banyak sekali menyerap tenaga kerja banyak sekali produksen mobil dalam negeri bisa jalan pabrik sperpat mobil dalam negeri bisa jalan uang yg dikeluarkan pemerintah bisa mutar dalam negeri jangka panjang nya sperpat mobil pabrik ada dalam negeri kalau beli luar negeri India uang hilang dan sperpat belum ada pabrik di dalam negeri memang pejabat negara tidak pernah membelah Rakyat sudah biar perang aja;Memang bikin program tidak di survei dan dikakulasi dulu sebelum membeli mobil dari India kalau dalam harga mahal tapi manfaatnya banyak sekali menyerap tenaga kerja banyak sekali produksen mobil dalam negeri bisa jalan pabrik sperpat mobil dalam negeri bisa jalan uang yg dikeluarkan pemerintah bisa mutar dalam negeri jangka panjang nya sperpat mobil pabrik ada dalam negeri kalau beli luar negeri India uang hilang dan sperpat belum ada pabrik di dalam negeri memang pejabat negara tidak pernah membelah Rakyat sudah biar perang aja;memang membuat program tidak di survei dan dikakulasi dulu sebelum membeli mobil dari india kalau dalam harga mahal tapi manfaatnya banyak sekali menyerap tenaga kerja banyak sekali produksen mobil dalam negeri bisa jalan pabrik sperpat mobil dalam negeri bisa jalan uang yang dikeluarkan pemerintah bisa mutar dalam negeri jangka panjang nya sperpat mobil pabrik ada dalam negeri kalau beli luar negeri india uang hilang dan sperpat belum ada pabrik di dalam negeri memang pejabat negara tidak pernah membelah rakyat sudah biar perang saja;memang membuat program tidak di survei dan dikakulasi dulu sebelum membeli mobil dari india kalau dalam harga mahal tapi manfaatnya banyak sekali menyerap tenaga kerja banyak sekali produksen mobil dalam negeri bisa jalan pabrik sperpat mobil dalam negeri bisa jalan uang yang dikeluarkan pemerintah bisa mutar dalam negeri jangka panjang nya sperpat mobil pabrik ada dalam negeri kalau beli luar negeri india uang hilang dan sperpat belum ada pabrik di dalam negeri memang pejabat negara tidak pernah membelah rakyat sudah biar perang saja;['memang', 'membuat', 'program', 'tidak', 'di', 'survei', 'dan', 'dikakulasi', 'dulu', 'sebelum', 'membeli', 'mobil', 'dari', 'india', 'kalau', 'dalam', 'harga', 'mahal', 'tapi', 'manfaatnya', 'banyak', 'sekali', 'menyerap', 'tenaga', 'kerja', 'banyak', 'sekali', 'produksen', 'mobil', 'dalam', 'negeri', 'bisa', 'jalan', 'pabrik', 'sperpat', 'mobil', 'dalam', 'negeri', 'bisa', 'jalan', 'uang', 'yang', 'dikeluarkan', 'pemerintah', 'bisa', 'mutar', 'dalam', 'negeri', 'jangka', 'panjang', 'nya', 'sperpat', 'mobil', 'pabrik', 'ada', 'dalam', 'negeri', 'kalau', 'beli', 'luar', 'negeri', 'india', 'uang', 'hilang', 'dan', 'sperpat', 'belum', 'ada', 'pabrik', 'di', 'dalam', 'negeri', 'memang', 'pejabat', 'negara', 'tidak', 'pernah', 'membelah', 'rakyat', 'sudah', 'biar', 'perang', 'saja'];Tidak Terdeteksi;Kebijakan;Diskusi;Diskusi;Menolak
Di desa kami sudah teebentuk masih dalam tahap legalitas antusias pasti ada;Di desa kami sudah teebentuk masih dalam tahap legalitas antusias pasti ada;di desa kami sudah teebentuk masih dalam tahap legalitas antusias pasti ada;di desa kami sudah teebentuk masih dalam tahap legalitas antusias pasti ada;['di', 'desa', 'kami', 'sudah', 'teebentuk', 'masih', 'dalam', 'tahap', 'legalitas', 'antusias', 'pasti', 'ada'];Tidak Terdeteksi;Lainnya;Netral;Netral;Mendukung
Pemerintah siapkan kriterianya untuk jabatan  tersebut jangan ngawur pak inilah banyak program tapi kurang paham cara dan jalurnya, belajar dulu sebelum omon.;Pemerintah siapkan kriterianya untuk jabatan tersebut jangan ngawur pak inilah banyak program tapi kurang paham cara dan jalurnya belajar dulu sebelum omon;pemerintah siapkan kriterianya untuk jabatan tersebut jangan ngawur pak inilah banyak program tapi kurang paham cara dan jalurnya belajar dulu sebelum omon;pemerintah siapkan kriterianya untuk jabatan tersebut jangan ngawur pak inilah banyak program tapi kurang paham cara dan jalurnya belajar dulu sebelum omon;['pemerintah', 'siapkan', 'kriterianya', 'untuk', 'jabatan', 'tersebut', 'jangan', 'ngawur', 'pak', 'inilah', 'banyak', 'program', 'tapi', 'kurang', 'paham', 'cara', 'dan', 'jalurnya', 'belajar', 'dulu', 'sebelum', 'omon'];Tidak Terdeteksi;Kebijakan;Diskusi;Diskusi;Diskusi
KUD perlu divenahi boos jangan fibiarkan hidup enggan mati tidak boleh;KUD perlu divenahi boos jangan fibiarkan hidup enggan mati tidak boleh;koperasi unit desa perlu divenahi boos jangan fibiarkan hidup enggan mati tidak boleh;koperasi unit desa perlu divenahi boos jangan fibiarkan hidup enggan mati tidak boleh;['koperasi', 'unit', 'desa', 'perlu', 'divenahi', 'boos', 'jangan', 'fibiarkan', 'hidup', 'enggan', 'mati', 'tidak', 'boleh'];Tidak Terdeteksi;KUD;Menolak;Menolak;Menolak
Salah satu ajang korupsi terbesar setelah MBG;Salah satu ajang korupsi terbesar setelah MBG;salah satu ajang korupsi terbesar setelah mbg;salah satu ajang korupsi terbesar setelah mbg;['salah', 'satu', 'ajang', 'korupsi', 'terbesar', 'setelah', 'mbg'];Tidak Terdeteksi;Korupsi;Menolak;Menolak;Menolak
Koprasi d bentuk untuk kepentingan politic 2029 ketika sudah berjalan jelas simpul2 sudah terbentuk ????;Koprasi d bentuk untuk kepentingan politic 2029 ketika sudah berjalan jelas simpul2 sudah terbentuk;koperasi d bentuk untuk kepentingan politic 2029 ketika sudah berjalan jelas simpul2 sudah terbentuk;koperasi bentuk untuk kepentingan politic 2029 ketika sudah berjalan jelas simpul2 sudah terbentuk;['koperasi', 'bentuk', 'untuk', 'kepentingan', 'politic', '2029', 'ketika', 'sudah', 'berjalan', 'jelas', 'simpul2', 'sudah', 'terbentuk'];Tidak Terdeteksi;Lainnya;Netral;Netral;Menolak
KDMP ( Koperasi Desa Mengkorupsi Pajak ) program lain wowo selain MBG ( Mengkorupsi Bajakan Gratis );KDMP Koperasi Desa Mengkorupsi Pajak program lain wowo selain MBG Mengkorupsi Bajakan Gratis;koperasi desa merah putih koperasi desa mengkorupsi pajak program lain prabowo selain mbg mengkorupsi bajakan gratis;koperasi desa merah putih koperasi desa mengkorupsi pajak program lain prabowo selain mbg mengkorupsi bajakan gratis;['koperasi', 'desa', 'merah', 'putih', 'koperasi', 'desa', 'mengkorupsi', 'pajak', 'program', 'lain', 'prabowo', 'selain', 'mbg', 'mengkorupsi', 'bajakan', 'gratis'];Prabowo, KDMP;Korupsi, Kebijakan;Menolak;Menolak;Menolak
MBG 2 INI...DUITNYA BYK??????????;MBG 2 INI DUITNYA BYK;mbg 2 ini duitnya byk;mbg ini duitnya byk;['mbg', 'ini', 'duitnya', 'byk'];Tidak Terdeteksi;Lainnya;Netral;Netral;Menolak
Hakul Yakin koperasi korupsi merah putih bangkrut bangkrut. Otak kalian pejabat g prnh trbiasa bikin analisa pasar spt kita swasta retail..jd asbun..asal jlan...proyek latah sok hebat bisnisnya aja blm jln dh import mobil ribuan..wkwkwk yakin bs BEP 2029 ?? geliiii dg ketululan pejabat2 TNI..agrinas isinya jendral2 rakuz..masif suka neken swasta nitip anak2nya yg kualitas jelek dsrh kerja(amit2 rezim ini 11 12 sama ky rezim mulyono);Hakul Yakin koperasi korupsi merah putih bangkrut bangkrut Otak kalian pejabat g prnh trbiasa bikin analisa pasar spt kita swasta retail jd asbun asal jlan proyek latah sok hebat bisnisnya aja blm jln dh import mobil ribuan wkwkwk yakin bs BEP 2029 geliiii dg ketululan pejabat2 TNI agrinas isinya jendral2 rakuz masif suka neken swasta nitip anak2nya yg kualitas jelek dsrh kerja amit2 rezim ini 11 12 sama ky rezim mulyono;hakul yakin koperasi korupsi merah putih bangkrut bangkrut otak kalian pejabat tidak prnh trbiasa membuat analisis pasar seperti kita swasta retail jadi asbun asal jlan proyek latah sok hebat bisnisnya saja belum jln dh import mobil ribuan wkwkwk yakin bisa bep 2029 geliiii dengan ketululan pejabat2 tni agrinas isinya jendral2 rakuz masif suka neken swasta nitip anak2nya yang kualitas jelek dsrh kerja amit2 pemerintah ini 11 12 sama ky pemerintah mulyono;hakul yakin koperasi korupsi merah putih bangkrut bangkrut otak kalian pejabat tidak prnh trbiasa membuat analisis pasar seperti kita swasta retail jadi asbun asal jlan proyek latah sok hebat bisnisnya saja belum jln dh import mobil ribuan wkwkwk yakin bisa bep 2029 geliiii dengan ketululan pejabat2 tni agrinas isinya jendral2 rakuz masif suka neken swasta nitip anak2nya yang kualitas jelek dsrh kerja amit2 pemerintah ini 11 12 sama ky pemerintah mulyono;['hakul', 'yakin', 'koperasi', 'korupsi', 'merah', 'putih', 'bangkrut', 'bangkrut', 'otak', 'kalian', 'pejabat', 'tidak', 'prnh', 'trbiasa', 'membuat', 'analisis', 'pasar', 'seperti', 'kita', 'swasta', 'retail', 'jadi', 'asbun', 'asal', 'jlan', 'proyek', 'latah', 'sok', 'hebat', 'bisnisnya', 'saja', 'belum', 'jln', 'dh', 'import', 'mobil', 'ribuan', 'wkwkwk', 'yakin', 'bisa', 'bep', '2029', 'geliiii', 'dengan', 'ketululan', 'pejabat2', 'tni', 'agrinas', 'isinya', 'jendral2', 'rakuz', 'masif', 'suka', 'neken', 'swasta', 'nitip', 'anak2nya', 'yang', 'kualitas', 'jelek', 'dsrh', 'kerja', 'amit2', 'pemerintah', 'ini', '11', '12', 'sama', 'ky', 'pemerintah', 'mulyono'];TNI;Korupsi, Militerisasi, Kebijakan;Menolak;Menolak;Menolak
Warung kecil siap siap gulung tikar;Warung kecil siap siap gulung tikar;warung kecil siap siap gulung tikar;warung kecil siap siap gulung tikar;['warung', 'kecil', 'siap', 'siap', 'gulung', 'tikar'];Tidak Terdeteksi;Lainnya;Netral;Netral;Menolak
"Jadi ladang korupsi lagi
Asabri, Jiwa sraya dan Taspen sudah terbukti";Jadi ladang korupsi lagi Asabri Jiwa sraya dan Taspen sudah terbukti;jadi korupsi lagi asabri jiwa sraya dan taspen sudah terbukti;jadi korupsi lagi asabri jiwa sraya dan taspen sudah terbukti;['jadi', 'korupsi', 'lagi', 'asabri', 'jiwa', 'sraya', 'dan', 'taspen', 'sudah', 'terbukti'];Tidak Terdeteksi;Korupsi;Menolak;Menolak;Menolak
Gebrakan yang luar biasa buat bulan Maret nanti! Dengan 30 ribu koperasi baru, ekonomi kerakyatan pasti bakal makin hidup. Ini bukti nyata kalau pemerintah memang fokus memperkuat ekonomi dari akarnya. Nggak sabar lihat perkembangannya di lapangan.;Gebrakan yang luar biasa buat bulan Maret nanti Dengan 30 ribu koperasi baru ekonomi kerakyatan pasti bakal makin hidup Ini bukti nyata kalau pemerintah memang fokus memperkuat ekonomi dari akarnya Nggak sabar lihat perkembangannya di lapangan;gebrakan yang luar biasa untuk bulan maret nanti dengan 30 ribu koperasi baru ekonomi kerakyatan pasti bakal makin hidup ini bukti nyata kalau pemerintah memang fokus memperkuat ekonomi dari akarnya tidak sabar lihat perkembangannya di lapangan;gebrakan yang luar biasa untuk bulan maret nanti dengan 30 ribu koperasi baru ekonomi kerakyatan pasti bakal makin hidup ini bukti nyata kalau pemerintah memang fokus memperkuat ekonomi dari akarnya tidak sabar lihat perkembangannya di lapangan;['gebrakan', 'yang', 'luar', 'biasa', 'untuk', 'bulan', 'maret', 'nanti', 'dengan', '30', 'ribu', 'koperasi', 'baru', 'ekonomi', 'kerakyatan', 'pasti', 'bakal', 'makin', 'hidup', 'ini', 'bukti', 'nyata', 'kalau', 'pemerintah', 'memang', 'fokus', 'memperkuat', 'ekonomi', 'dari', 'akarnya', 'tidak', 'sabar', 'lihat', 'perkembangannya', 'di', 'lapangan'];Tidak Terdeteksi;Kebijakan;Netral;Netral;Mendukung
mestinya pilot project dulu 1 atau 2 desa dimasing2 kabupaten yang nantinya klo works buat percontohan desa-desa lain;mestinya pilot project dulu 1 atau 2 desa dimasing2 kabupaten yang nantinya klo works buat percontohan desa desa lain;mestinya pilot project dulu 1 atau 2 desa dimasing2 kabupaten yang nantinya kalau works untuk percontohan desa desa lain;mestinya pilot project dulu atau desa dimasing2 kabupaten yang nantinya kalau works untuk percontohan desa desa lain;['mestinya', 'pilot', 'project', 'dulu', 'atau', 'desa', 'dimasing2', 'kabupaten', 'yang', 'nantinya', 'kalau', 'works', 'untuk', 'percontohan', 'desa', 'desa', 'lain'];Tidak Terdeteksi;Lainnya;Diskusi;Diskusi;Diskusi
"Siapa direktur agrinas ini, orang Tegal apa ya......
Apa dia orang asing.....
Ya Allah.......siapa sih antek asing.
Ga salah jika beberapa kalangan menyebut pimpinan kita ini bodoh.";Siapa direktur agrinas ini orang Tegal apa ya Apa dia orang asing Ya Allah siapa sih antek asing Ga salah jika beberapa kalangan menyebut pimpinan kita ini bodoh;siapa direktur agrinas ini orang tegal apa ya apa dia orang asing ya allah siapa antek asing tidak salah jika beberapa kalangan menyebut pimpinan kita ini bodoh;siapa direktur agrinas ini orang tegal apa apa dia orang asing allah siapa antek asing tidak salah jika beberapa kalangan menyebut pimpinan kita ini bodoh;['siapa', 'direktur', 'agrinas', 'ini', 'orang', 'tegal', 'apa', 'apa', 'dia', 'orang', 'asing', 'allah', 'siapa', 'antek', 'asing', 'tidak', 'salah', 'jika', 'beberapa', 'kalangan', 'menyebut', 'pimpinan', 'kita', 'ini', 'bodoh'];Tidak Terdeteksi;Lainnya;Diskusi;Diskusi;Menolak
Sy mau lah jadi pengurus dan mejaga jangan sampai Koperasi Untung duluan;Sy mau lah jadi pengurus dan mejaga jangan sampai Koperasi Untung duluan;saya mau jadi pengurus dan mejaga jangan sampai koperasi untung duluan;saya mau jadi pengurus dan mejaga jangan sampai koperasi untung duluan;['saya', 'mau', 'jadi', 'pengurus', 'dan', 'mejaga', 'jangan', 'sampai', 'koperasi', 'untung', 'duluan'];Tidak Terdeteksi;Pengelolaan;Diskusi;Diskusi;Mendukung
Coba pemerintah sekarang butuh manajer koperasi, tapi prodi konsentrasi ekonomi koperasi di hilangkan dulu, dan sekarnag gak dianggap sedih banget jurusan pendidikan Ekonomi, dah masuk daftar jurusan yg mau dihapus pula??????;Coba pemerintah sekarang butuh manajer koperasi tapi prodi konsentrasi ekonomi koperasi di hilangkan dulu dan sekarnag gak dianggap sedih banget jurusan pendidikan Ekonomi dah masuk daftar jurusan yg mau dihapus pula;coba pemerintah sekarang butuh manajer koperasi tapi prodi konsentrasi ekonomi koperasi di hilangkan dulu dan sekarnag tidak dianggap sedih sekali jurusan pendidikan ekonomi dah masuk daftar jurusan yang mau dihapus pula;coba pemerintah sekarang butuh manajer koperasi tapi prodi konsentrasi ekonomi koperasi di hilangkan dulu dan sekarnag tidak dianggap sedih sekali jurusan pendidikan ekonomi dah masuk daftar jurusan yang mau dihapus pula;['coba', 'pemerintah', 'sekarang', 'butuh', 'manajer', 'koperasi', 'tapi', 'prodi', 'konsentrasi', 'ekonomi', 'koperasi', 'di', 'hilangkan', 'dulu', 'dan', 'sekarnag', 'tidak', 'dianggap', 'sedih', 'sekali', 'jurusan', 'pendidikan', 'ekonomi', 'dah', 'masuk', 'daftar', 'jurusan', 'yang', 'mau', 'dihapus', 'pula'];Tidak Terdeteksi;Kebijakan;Diskusi;Diskusi;Menolak
Ahok Presiden 2029;Ahok Presiden 2029;ahok presiden 2029;ahok presiden 2029;['ahok', 'presiden', '2029'];Prabowo;Lainnya;Netral;Netral;Out_of_Topic
Negeri ini kok sepertinya sarang bagi para koruptor;Negeri ini kok sepertinya sarang bagi para koruptor;negeri ini sepertinya sarang bagi para koruptor;negeri ini sepertinya sarang bagi para koruptor;['negeri', 'ini', 'sepertinya', 'sarang', 'bagi', 'para', 'koruptor'];Tidak Terdeteksi;Korupsi;Menolak;Menolak;Menolak
"Koperasi Merah Putih baiknya berupa Koperasi Serba Usaha utk menghadapi Rentenir Desa termasuk Pinjol dan Kredit Perbankan Berbunga lbh 2% per bln. KMP Simpan Pinjam hrs berbunga rendah setara BI Rate & modalnya dr Dana Desa. Jadi tdk ada dana khusus utk itu. Pengurusnya bisa dr BUM-Des yg digaji oleh BUM-Des. Coba direncanakan dgn cermat shg tdk ""ngasal"" yg ujung2nya dikorupsi spt sebagian Bansos.";Koperasi Merah Putih baiknya berupa Koperasi Serba Usaha utk menghadapi Rentenir Desa termasuk Pinjol dan Kredit Perbankan Berbunga lbh 2 per bln KMP Simpan Pinjam hrs berbunga rendah setara BI Rate modalnya dr Dana Desa Jadi tdk ada dana khusus utk itu Pengurusnya bisa dr BUM Des yg digaji oleh BUM Des Coba direncanakan dgn cermat shg tdk ngasal yg ujung2nya dikorupsi spt sebagian Bansos;koperasi desa merah putih baiknya berupa koperasi serba usaha untuk menghadapi rentenir desa termasuk pinjol dan kredit perbankan berbunga lbh 2 per bln koperasi desa merah putih simpan pinjam harus berbunga rendah setara bi rate modalnya dari dana desa jadi tidak ada dana khusus untuk itu pengurusnya bisa dari bum des yang digaji oleh bum des coba direncanakan dengan cermat shg tidak ngasal yang ujung2nya dikorupsi seperti sebagian bansos;koperasi desa merah putih baiknya berupa koperasi serba usaha untuk menghadapi rentenir desa termasuk pinjol dan kredit perbankan berbunga lbh per bln koperasi desa merah putih simpan pinjam harus berbunga rendah setara bi rate modalnya dari dana desa jadi tidak ada dana khusus untuk itu pengurusnya bisa dari bum des yang digaji oleh bum des coba direncanakan dengan cermat shg tidak ngasal yang ujung2nya dikorupsi seperti sebagian bansos;['koperasi', 'desa', 'merah', 'putih', 'baiknya', 'berupa', 'koperasi', 'serba', 'usaha', 'untuk', 'menghadapi', 'rentenir', 'desa', 'termasuk', 'pinjol', 'dan', 'kredit', 'perbankan', 'berbunga', 'lbh', 'per', 'bln', 'koperasi', 'desa', 'merah', 'putih', 'simpan', 'pinjam', 'harus', 'berbunga', 'rendah', 'setara', 'bi', 'rate', 'modalnya', 'dari', 'dana', 'desa', 'jadi', 'tidak', 'ada', 'dana', 'khusus', 'untuk', 'itu', 'pengurusnya', 'bisa', 'dari', 'bum', 'des', 'yang', 'digaji', 'oleh', 'bum', 'des', 'coba', 'direncanakan', 'dengan', 'cermat', 'shg', 'tidak', 'ngasal', 'yang', 'ujung2nya', 'dikorupsi', 'seperti', 'sebagian', 'bansos'];KDMP;Korupsi, Dana Desa, Pengelolaan;Netral;Netral;Diskusi
Hanya ladang untuk para koruptor ??;Hanya ladang untuk para koruptor;hanya ladang untuk para koruptor;hanya ladang untuk para koruptor;['hanya', 'ladang', 'untuk', 'para', 'koruptor'];Tidak Terdeteksi;Korupsi;Menolak;Menolak;Menolak
Dari kemaren baru dapet jabatan pleciden udah bahas 2 periode... Sekarang aja gedabrus rejim joget malah bikin rencana penguatan kroni 2029..nanti bansos lagi buat ternak mulyono.;Dari kemaren baru dapet jabatan pleciden udah bahas 2 periode Sekarang aja gedabrus rejim joget malah bikin rencana penguatan kroni 2029 nanti bansos lagi buat ternak mulyono;dari kemaren baru dapet jabatan pleciden sudah bahas 2 periode sekarang saja gedabrus rejim joget malah membuat rencana penguatan kroni 2029 nanti bansos lagi untuk ternak mulyono;dari kemaren baru dapet jabatan pleciden sudah bahas periode sekarang saja gedabrus rejim joget malah membuat rencana penguatan kroni 2029 nanti bansos lagi untuk ternak mulyono;['dari', 'kemaren', 'baru', 'dapet', 'jabatan', 'pleciden', 'sudah', 'bahas', 'periode', 'sekarang', 'saja', 'gedabrus', 'rejim', 'joget', 'malah', 'membuat', 'rencana', 'penguatan', 'kroni', '2029', 'nanti', 'bansos', 'lagi', 'untuk', 'ternak', 'mulyono'];Tidak Terdeteksi;Lainnya;Netral;Netral;Menolak
Desa dipaksa untuk berhutang, dengan modal pinjaman yang besar tanpa di topang dengan SDM yang memenuhi suda pasti akan Hancur..;Desa dipaksa untuk berhutang dengan modal pinjaman yang besar tanpa di topang dengan SDM yang memenuhi suda pasti akan Hancur;desa dipaksa untuk berhutang dengan modal pinjaman yang besar tanpa di topang dengan sdm yang memenuhi sudah pasti akan hancur;desa dipaksa untuk berhutang dengan modal pinjaman yang besar tanpa di topang dengan sdm yang memenuhi sudah pasti akan hancur;['desa', 'dipaksa', 'untuk', 'berhutang', 'dengan', 'modal', 'pinjaman', 'yang', 'besar', 'tanpa', 'di', 'topang', 'dengan', 'sdm', 'yang', 'memenuhi', 'sudah', 'pasti', 'akan', 'hancur'];Tidak Terdeteksi;Lainnya;Netral;Netral;Menolak
Kerja2nya suka2 aja , ini politik yg sangat tidak beretika, tidak berpendidikan , tidak pro rakyat dst.....????;Kerja2nya suka2 aja ini politik yg sangat tidak beretika tidak berpendidikan tidak pro rakyat dst;kerja2nya suka2 saja ini politik yang sangat tidak beretika tidak berpendidikan tidak pro rakyat dst;kerja2nya suka2 saja ini politik yang sangat tidak beretika tidak berpendidikan tidak pro rakyat dst;['kerja2nya', 'suka2', 'saja', 'ini', 'politik', 'yang', 'sangat', 'tidak', 'beretika', 'tidak', 'berpendidikan', 'tidak', 'pro', 'rakyat', 'dst'];Tidak Terdeteksi;Lainnya;Netral;Netral;Menolak
Bocor Alus keren,,,;Bocor Alus keren;bocor alus keren;bocor alus keren;['bocor', 'alus', 'keren'];Tempo;Lainnya;Mendukung;Mendukung;Netral
Koperasi ini malah bkin warung warung kecil kalah;Koperasi ini malah bkin warung warung kecil kalah;koperasi ini malah bkin warung warung kecil kalah;koperasi ini malah bkin warung warung kecil kalah;['koperasi', 'ini', 'malah', 'bkin', 'warung', 'warung', 'kecil', 'kalah'];Tidak Terdeteksi;Lainnya;Netral;Netral;Menolak
Saya kira ini bagus agar rakyat dibawah tidak terjerat Pinjol dan Rentenir, era Pak Harto dulu juga ada BUUD dan KUD dan berhasil.;Saya kira ini bagus agar rakyat dibawah tidak terjerat Pinjol dan Rentenir era Pak Harto dulu juga ada BUUD dan KUD dan berhasil;saya kira ini bagus agar rakyat dibawah tidak terjerat pinjol dan rentenir era pak harto dulu juga ada buud dan koperasi unit desa dan berhasil;saya kira ini bagus agar rakyat dibawah tidak terjerat pinjol dan rentenir era pak harto dulu juga ada buud dan koperasi unit desa dan berhasil;['saya', 'kira', 'ini', 'bagus', 'agar', 'rakyat', 'dibawah', 'tidak', 'terjerat', 'pinjol', 'dan', 'rentenir', 'era', 'pak', 'harto', 'dulu', 'juga', 'ada', 'buud', 'dan', 'koperasi', 'unit', 'desa', 'dan', 'berhasil'];Tidak Terdeteksi;KUD;Diskusi;Diskusi;Menolak
"Selama militer bisa bekerja dgn baik dan tidak korupsi , lanjut terus
Mana mau orang sipil bekerja di pelokso pedesaan mereka membantah menolak, hanya ingin kerja di perkotaan, minta gaji gede, 
Apalagi Gubenur dan Bupati daerah hanya tunduk patuh sama ketua umum partai.

Silahkan TEMPO??? mengkoreksi peran serta  MILITER di daerah pelosok hutan pedesaan?????";Selama militer bisa bekerja dgn baik dan tidak korupsi lanjut terus Mana mau orang sipil bekerja di pelokso pedesaan mereka membantah menolak hanya ingin kerja di perkotaan minta gaji gede Apalagi Gubenur dan Bupati daerah hanya tunduk patuh sama ketua umum partai Silahkan TEMPO mengkoreksi peran serta MILITER di daerah pelosok hutan pedesaan;selama tni bisa bekerja dengan baik dan tidak korupsi lanjut terus mana mau orang sipil bekerja di pelokso pedesaan mereka membantah menolak hanya ingin kerja di perkotaan minta gaji gede apalagi gubenur dan bupati daerah hanya tunduk patuh sama ketua umum partai silahkan tempo mengkoreksi peran serta tni di daerah pelosok hutan pedesaan;selama tni bisa bekerja dengan baik dan tidak korupsi lanjut terus mana mau orang sipil bekerja di pelokso pedesaan mereka membantah menolak hanya ingin kerja di perkotaan minta gaji gede apalagi gubenur dan bupati daerah hanya tunduk patuh sama ketua umum partai silahkan tempo mengkoreksi peran serta tni di daerah pelosok hutan pedesaan;['selama', 'tni', 'bisa', 'bekerja', 'dengan', 'baik', 'dan', 'tidak', 'korupsi', 'lanjut', 'terus', 'mana', 'mau', 'orang', 'sipil', 'bekerja', 'di', 'pelokso', 'pedesaan', 'mereka', 'membantah', 'menolak', 'hanya', 'ingin', 'kerja', 'di', 'perkotaan', 'minta', 'gaji', 'gede', 'apalagi', 'gubenur', 'dan', 'bupati', 'daerah', 'hanya', 'tunduk', 'patuh', 'sama', 'ketua', 'umum', 'partai', 'silahkan', 'tempo', 'mengkoreksi', 'peran', 'serta', 'tni', 'di', 'daerah', 'pelosok', 'hutan', 'pedesaan'];TNI, Tempo;Korupsi, Militerisasi, Media;Menolak;Menolak;Mendukung
Waktu luang jadi makin berarti bareng konten keren dan PawPaw4D.;Waktu luang jadi makin berarti bareng konten keren dan PawPaw4D;waktu luang jadi makin berarti bareng konten keren dan pawpaw4d;waktu luang jadi makin berarti bareng konten keren dan pawpaw4d;['waktu', 'luang', 'jadi', 'makin', 'berarti', 'bareng', 'konten', 'keren', 'dan', 'pawpaw4d'];Tidak Terdeteksi;Lainnya;Mendukung;Mendukung;Out_of_Topic
SAYA SELALU YAKIN KONOHA AKAN MENJADI NEGRI PALING HINA DIMASA DEPAN.KARENA KORUPSI SUDAH MENDARAH DAGING DARI LEVEL DESA APARAT ELIT;SAYA SELALU YAKIN KONOHA AKAN MENJADI NEGRI PALING HINA DIMASA DEPAN KARENA KORUPSI SUDAH MENDARAH DAGING DARI LEVEL DESA APARAT ELIT;saya selalu yakin konoha akan menjadi negeri paling hina dimasa depan karena korupsi sudah mendarah daging dari level desa aparat elit;saya selalu yakin konoha akan menjadi negeri paling hina dimasa depan karena korupsi sudah mendarah daging dari level desa aparat elit;['saya', 'selalu', 'yakin', 'konoha', 'akan', 'menjadi', 'negeri', 'paling', 'hina', 'dimasa', 'depan', 'karena', 'korupsi', 'sudah', 'mendarah', 'daging', 'dari', 'level', 'desa', 'aparat', 'elit'];Tidak Terdeteksi;Korupsi;Diskusi;Diskusi;Menolak
Semua salah semua negatif. Ga jd solusi jg.;Semua salah semua negatif Ga jd solusi jg;semua salah semua negatif tidak jadi solusi juga;semua salah semua negatif tidak jadi solusi juga;['semua', 'salah', 'semua', 'negatif', 'tidak', 'jadi', 'solusi', 'juga'];Tidak Terdeteksi;Lainnya;Mendukung;Mendukung;Netral
"INI CUMA BISA KRITIK TANPA TINDAKAN ,, BACOT DOANG MENJIJIKAN ..
PEMERINTAH SUDAK KERJA MALAH D BACOTIN";INI CUMA BISA KRITIK TANPA TINDAKAN BACOT DOANG MENJIJIKAN PEMERINTAH SUDAK KERJA MALAH D BACOTIN;ini hanya bisa kritik tanpa tindakan bacot doang menjijikan pemerintah sudak kerja malah d bacotin;ini hanya bisa kritik tanpa tindakan bacot doang menjijikan pemerintah sudak kerja malah bacotin;['ini', 'hanya', 'bisa', 'kritik', 'tanpa', 'tindakan', 'bacot', 'doang', 'menjijikan', 'pemerintah', 'sudak', 'kerja', 'malah', 'bacotin'];Tidak Terdeteksi;Kebijakan;Diskusi;Diskusi;Netral
Dulu ada Koperasi Unit Desa (KUD), penyakitnya sama... Koperasi Hancur Kalo ga KKN ya anggotanya yg tidak konsisten dalam membesarkan koperasi. Semoga niat baik pemerintah ini benar2 bisa mendongkrak ekonomi desa;Dulu ada Koperasi Unit Desa KUD penyakitnya sama Koperasi Hancur Kalo ga KKN ya anggotanya yg tidak konsisten dalam membesarkan koperasi Semoga niat baik pemerintah ini benar2 bisa mendongkrak ekonomi desa;dulu ada koperasi unit desa koperasi unit desa penyakitnya sama koperasi hancur kalau tidak kkn ya anggotanya yang tidak konsisten dalam membesarkan koperasi semoga niat baik pemerintah ini benar2 bisa mendongkrak ekonomi desa;dulu ada koperasi unit desa koperasi unit desa penyakitnya sama koperasi hancur kalau tidak kkn anggotanya yang tidak konsisten dalam membesarkan koperasi semoga niat baik pemerintah ini benar2 bisa mendongkrak ekonomi desa;['dulu', 'ada', 'koperasi', 'unit', 'desa', 'koperasi', 'unit', 'desa', 'penyakitnya', 'sama', 'koperasi', 'hancur', 'kalau', 'tidak', 'kkn', 'anggotanya', 'yang', 'tidak', 'konsisten', 'dalam', 'membesarkan', 'koperasi', 'semoga', 'niat', 'baik', 'pemerintah', 'ini', 'benar2', 'bisa', 'mendongkrak', 'ekonomi', 'desa'];Tidak Terdeteksi;Pengelolaan, Kebijakan, KUD;Diskusi;Diskusi;Mendukung
Sepanjang jadi WNI sejak Suharto, rasanya kali ini yg terburuk secara keseluruhan;Sepanjang jadi WNI sejak Suharto rasanya kali ini yg terburuk secara keseluruhan;sepanjang jadi wni sejak suharto rasanya kali ini yang terburuk secara keseluruhan;sepanjang jadi wni sejak suharto rasanya kali ini yang terburuk secara keseluruhan;['sepanjang', 'jadi', 'wni', 'sejak', 'suharto', 'rasanya', 'kali', 'ini', 'yang', 'terburuk', 'secara', 'keseluruhan'];Tidak Terdeteksi;Lainnya;Menolak;Menolak;Menolak
Beda banget kerja jokowi dengan prabowo. Jokowi kerja nyata tampak mata jelas ada hasilnya prabowo banyak teori ujung-ujungnya cuma buat korupsi;Beda banget kerja jokowi dengan prabowo Jokowi kerja nyata tampak mata jelas ada hasilnya prabowo banyak teori ujung ujungnya cuma buat korupsi;beda sekali kerja jokowi dengan prabowo jokowi kerja nyata tampak mata jelas ada hasilnya prabowo banyak teori ujung ujungnya hanya untuk korupsi;beda sekali kerja jokowi dengan prabowo jokowi kerja nyata tampak mata jelas ada hasilnya prabowo banyak teori ujung ujungnya hanya untuk korupsi;['beda', 'sekali', 'kerja', 'jokowi', 'dengan', 'prabowo', 'jokowi', 'kerja', 'nyata', 'tampak', 'mata', 'jelas', 'ada', 'hasilnya', 'prabowo', 'banyak', 'teori', 'ujung', 'ujungnya', 'hanya', 'untuk', 'korupsi'];Prabowo;Korupsi;Menolak;Menolak;Menolak
Maaf ya ibu2 seharusnya bersyukur ada koperasi merah putih ditempat kami KUD merah putih semoga bisa untung 5 triliun perbulan mantap;Maaf ya ibu2 seharusnya bersyukur ada koperasi merah putih ditempat kami KUD merah putih semoga bisa untung 5 triliun perbulan mantap;maaf ya ibu2 seharusnya bersyukur ada koperasi desa merah putih ditempat kami koperasi unit desa merah putih semoga bisa untung 5 triliun perbulan mantap;maaf ibu2 seharusnya bersyukur ada koperasi desa merah putih ditempat kami koperasi unit desa merah putih semoga bisa untung triliun perbulan mantap;['maaf', 'ibu2', 'seharusnya', 'bersyukur', 'ada', 'koperasi', 'desa', 'merah', 'putih', 'ditempat', 'kami', 'koperasi', 'unit', 'desa', 'merah', 'putih', 'semoga', 'bisa', 'untung', 'triliun', 'perbulan', 'mantap'];KDMP;KUD;Diskusi;Diskusi;Mendukung
????????????????????omong doang;omong doang;omong doang;omong doang;['omong', 'doang'];Tidak Terdeteksi;Lainnya;Netral;Netral;Menolak
Kompas jangan memprofokator,,,,masyarakat sudah punya wawasan jelas ,,ini bukan pemerntah dulu sudah jaman moderen   ,,,masyarakrt sudah pintar org spertikamu yg mebertakan berta ini tak pantas kami masyarakat dengar ,,,tauuuuu?;Kompas jangan memprofokator masyarakat sudah punya wawasan jelas ini bukan pemerntah dulu sudah jaman moderen masyarakrt sudah pintar org spertikamu yg mebertakan berta ini tak pantas kami masyarakat dengar tauuuuu;kompas jangan memprofokator masyarakat sudah punya wawasan jelas ini bukan pemerntah dulu sudah zaman moderen masyarakrt sudah pintar orang spertikamu yang mebertakan berta ini tidak pantas kami masyarakat dengar tauuuuu;kompas jangan memprofokator masyarakat sudah punya wawasan jelas ini bukan pemerntah dulu sudah zaman moderen masyarakrt sudah pintar orang spertikamu yang mebertakan berta ini tidak pantas kami masyarakat dengar tauuuuu;['kompas', 'jangan', 'memprofokator', 'masyarakat', 'sudah', 'punya', 'wawasan', 'jelas', 'ini', 'bukan', 'pemerntah', 'dulu', 'sudah', 'zaman', 'moderen', 'masyarakrt', 'sudah', 'pintar', 'orang', 'spertikamu', 'yang', 'mebertakan', 'berta', 'ini', 'tidak', 'pantas', 'kami', 'masyarakat', 'dengar', 'tauuuuu'];Tidak Terdeteksi;Lainnya;Diskusi;Diskusi;Diskusi
?? Modal kecil bisa jadi sultan di ??????????????! ????;Modal kecil bisa jadi sultan di;modal kecil bisa jadi sultan di;modal kecil bisa jadi sultan di;['modal', 'kecil', 'bisa', 'jadi', 'sultan', 'di'];Tidak Terdeteksi;Lainnya;Netral;Netral;Out_of_Topic
Terlaanjuuur ??????????;Terlaanjuuur;terlaanjuuur;terlaanjuuur;['terlaanjuuur'];Tidak Terdeteksi;Lainnya;Netral;Netral;Netral
"Stlh ini, terbitkan aturan yg mengharuskan rakyat belanja di koperasi, yang tidak patuh akan dijerat dg stigma anti nkri, dianggap sbg musuh negara & dicarikan pasal
Begitu?
Sakkarepmu, semua akan ada pertanggungjawabannya";Stlh ini terbitkan aturan yg mengharuskan rakyat belanja di koperasi yang tidak patuh akan dijerat dg stigma anti nkri dianggap sbg musuh negara dicarikan pasal Begitu Sakkarepmu semua akan ada pertanggungjawabannya;stlh ini terbitkan aturan yang mengharuskan rakyat belanja di koperasi yang tidak patuh akan dijerat dengan stigma anti nkri dianggap sbg musuh negara dicarikan pasal begitu sakkarepmu semua akan ada pertanggungjawabannya;stlh ini terbitkan aturan yang mengharuskan rakyat belanja di koperasi yang tidak patuh akan dijerat dengan stigma anti nkri dianggap sbg musuh negara dicarikan pasal begitu sakkarepmu semua akan ada pertanggungjawabannya;['stlh', 'ini', 'terbitkan', 'aturan', 'yang', 'mengharuskan', 'rakyat', 'belanja', 'di', 'koperasi', 'yang', 'tidak', 'patuh', 'akan', 'dijerat', 'dengan', 'stigma', 'anti', 'nkri', 'dianggap', 'sbg', 'musuh', 'negara', 'dicarikan', 'pasal', 'begitu', 'sakkarepmu', 'semua', 'akan', 'ada', 'pertanggungjawabannya'];Tidak Terdeteksi;Kebijakan;Netral;Netral;Menolak
Mana nih mobil nasional ??;Mana nih mobil nasional;mana mobil nasional;mana mobil nasional;['mana', 'mobil', 'nasional'];Tidak Terdeteksi;Lainnya;Netral;Netral;Netral
Apakah ada hubungannya dengan pemilu 2029 rekrutmen manager koperasi merah putih ini yaaa..,.????..…;Apakah ada hubungannya dengan pemilu 2029 rekrutmen manager koperasi merah putih ini yaaa;apakah ada hubungannya dengan pemilu 2029 rekrutmen manager koperasi desa merah putih ini yaaa;apakah ada hubungannya dengan pemilu 2029 rekrutmen manager koperasi desa merah putih ini yaaa;['apakah', 'ada', 'hubungannya', 'dengan', 'pemilu', '2029', 'rekrutmen', 'manager', 'koperasi', 'desa', 'merah', 'putih', 'ini', 'yaaa'];KDMP;Lainnya;Netral;Netral;Diskusi
Utang negara 8 T, kabinet gendut, MBG, koperasi merah putih, 3 juta rumah APBN jadi boncos. Pajak meleset dari target, korupsi migas & tambang, PHK marak, investor lari APBN tambah boncos. Geelaaap......;Utang negara 8 T kabinet gendut MBG koperasi merah putih 3 juta rumah APBN jadi boncos Pajak meleset dari target korupsi migas tambang PHK marak investor lari APBN tambah boncos Geelaaap;utang negara 8 tidak kabinet gendut mbg koperasi desa merah putih 3 juta rumah anggaran pendapatan dan belanja negara jadi boncos pajak meleset dari target korupsi migas tambang phk marak investor lari anggaran pendapatan dan belanja negara tambah boncos geelaaap;utang negara tidak kabinet gendut mbg koperasi desa merah putih juta rumah anggaran pendapatan dan belanja negara jadi boncos pajak meleset dari target korupsi migas tambang phk marak investor lari anggaran pendapatan dan belanja negara tambah boncos geelaaap;['utang', 'negara', 'tidak', 'kabinet', 'gendut', 'mbg', 'koperasi', 'desa', 'merah', 'putih', 'juta', 'rumah', 'anggaran', 'pendapatan', 'dan', 'belanja', 'negara', 'jadi', 'boncos', 'pajak', 'meleset', 'dari', 'target', 'korupsi', 'migas', 'tambang', 'phk', 'marak', 'investor', 'lari', 'anggaran', 'pendapatan', 'dan', 'belanja', 'negara', 'tambah', 'boncos', 'geelaaap'];KDMP;Korupsi;Menolak;Menolak;Menolak
BOIKOT KOPERASI MERAH PUTIH...KARENA ITU LAHAN BANCAKAN UTK KORUPSI TNI ,POLRI;BOIKOT KOPERASI MERAH PUTIH KARENA ITU LAHAN BANCAKAN UTK KORUPSI TNI POLRI;boikot koperasi desa merah putih karena itu lahan bancakan untuk korupsi tni polri;boikot koperasi desa merah putih karena itu lahan bancakan untuk korupsi tni polri;['boikot', 'koperasi', 'desa', 'merah', 'putih', 'karena', 'itu', 'lahan', 'bancakan', 'untuk', 'korupsi', 'tni', 'polri'];TNI, KDMP;Korupsi, Militerisasi;Diskusi;Diskusi;Menolak
presiden siapa sih ini?????????;presiden siapa sih ini;presiden siapa ini;presiden siapa ini;['presiden', 'siapa', 'ini'];Prabowo;Lainnya;Netral;Netral;Menolak
"apa yg bisa kita harapkan dari presiden yang dengan lantang meneriakkan ""Hidup Jokowi!!!""";apa yg bisa kita harapkan dari presiden yang dengan lantang meneriakkan Hidup Jokowi;apa yang bisa kita harapkan dari presiden yang dengan lantang meneriakkan hidup jokowi;apa yang bisa kita harapkan dari presiden yang dengan lantang meneriakkan hidup jokowi;['apa', 'yang', 'bisa', 'kita', 'harapkan', 'dari', 'presiden', 'yang', 'dengan', 'lantang', 'meneriakkan', 'hidup', 'jokowi'];Prabowo;Lainnya;Netral;Netral;Menolak
kolaborasi itu penting untuk mewujudkan keberhasilan;kolaborasi itu penting untuk mewujudkan keberhasilan;kolaborasi itu penting untuk mewujudkan keberhasilan;kolaborasi itu penting untuk mewujudkan keberhasilan;['kolaborasi', 'itu', 'penting', 'untuk', 'mewujudkan', 'keberhasilan'];Tidak Terdeteksi;Lainnya;Mendukung;Mendukung;Mendukung
perang kartel otomotif aja ini mah, uda rahasia umum klo kartel otomotif dalam negeri monopoli harga hingga overpriced, dan sepertinya mereka sulit diatur jadi gandeng kartel india, ujung2nya lobi sana sini deal, rakyat cuma dpt rame2nya doank ??;perang kartel otomotif aja ini mah uda rahasia umum klo kartel otomotif dalam negeri monopoli harga hingga overpriced dan sepertinya mereka sulit diatur jadi gandeng kartel india ujung2nya lobi sana sini deal rakyat cuma dpt rame2nya doank;perang kartel otomotif saja ini mah sudah rahasia umum kalau kartel otomotif dalam negeri monopoli harga hingga overpriced dan sepertinya mereka sulit diatur jadi gandeng kartel india ujung2nya lobi sana sini deal rakyat hanya dpt rame2nya doank;perang kartel otomotif saja ini mah sudah rahasia umum kalau kartel otomotif dalam negeri monopoli harga hingga overpriced dan sepertinya mereka sulit diatur jadi gandeng kartel india ujung2nya lobi sana sini deal rakyat hanya dpt rame2nya doank;['perang', 'kartel', 'otomotif', 'saja', 'ini', 'mah', 'sudah', 'rahasia', 'umum', 'kalau', 'kartel', 'otomotif', 'dalam', 'negeri', 'monopoli', 'harga', 'hingga', 'overpriced', 'dan', 'sepertinya', 'mereka', 'sulit', 'diatur', 'jadi', 'gandeng', 'kartel', 'india', 'ujung2nya', 'lobi', 'sana', 'sini', 'deal', 'rakyat', 'hanya', 'dpt', 'rame2nya', 'doank'];Tidak Terdeteksi;Lainnya;Netral;Netral;Diskusi
"menambah proyek gagal lg..
sblmnya MBG sdh gagal... wowo hrs tanggung jawab ini??";menambah proyek gagal lg sblmnya MBG sdh gagal wowo hrs tanggung jawab ini;menambah proyek gagal lg sblmnya mbg sudah gagal prabowo harus tanggung jawab ini;menambah proyek gagal lg sblmnya mbg sudah gagal prabowo harus tanggung jawab ini;['menambah', 'proyek', 'gagal', 'lg', 'sblmnya', 'mbg', 'sudah', 'gagal', 'prabowo', 'harus', 'tanggung', 'jawab', 'ini'];Prabowo;Lainnya;Menolak;Menolak;Menolak
Mau dibilang ada perbuatan korupsi di proyek ini, tapi jaksa dan kpk serta bpk/bpkp masih anteng2 aja, seolah ini proyek loos stroom,;Mau dibilang ada perbuatan korupsi di proyek ini tapi jaksa dan kpk serta bpk bpkp masih anteng2 aja seolah ini proyek loos stroom;mau dibilang ada perbuatan korupsi di proyek ini tapi jaksa dan kpk serta bpk bpkp masih anteng2 saja seolah ini proyek loos stroom;mau dibilang ada perbuatan korupsi di proyek ini tapi jaksa dan kpk serta bpk bpkp masih anteng2 saja seolah ini proyek loos stroom;['mau', 'dibilang', 'ada', 'perbuatan', 'korupsi', 'di', 'proyek', 'ini', 'tapi', 'jaksa', 'dan', 'kpk', 'serta', 'bpk', 'bpkp', 'masih', 'anteng2', 'saja', 'seolah', 'ini', 'proyek', 'loos', 'stroom'];Tidak Terdeteksi;Korupsi;Menolak;Menolak;Menolak
"Kira2 proyek apa lagi ya yg besok bisa diberikan kpd  ""PARMASRENG"" Partai Ormas Baju Loreng yg dulu juga mendukung ""Duo Lucu"" Capres - Cawapres yg skrg terpilih & berkuasa ??";Kira2 proyek apa lagi ya yg besok bisa diberikan kpd PARMASRENG Partai Ormas Baju Loreng yg dulu juga mendukung Duo Lucu Capres Cawapres yg skrg terpilih berkuasa;kira2 proyek apa lagi ya yang besok bisa diberikan kpd parmasreng partai ormas baju loreng yang dulu juga mendukung duo lucu capres cawapres yang sekarang terpilih berkuasa;kira2 proyek apa lagi yang besok bisa diberikan kpd parmasreng partai ormas baju loreng yang dulu juga mendukung duo lucu capres cawapres yang sekarang terpilih berkuasa;['kira2', 'proyek', 'apa', 'lagi', 'yang', 'besok', 'bisa', 'diberikan', 'kpd', 'parmasreng', 'partai', 'ormas', 'baju', 'loreng', 'yang', 'dulu', 'juga', 'mendukung', 'duo', 'lucu', 'capres', 'cawapres', 'yang', 'sekarang', 'terpilih', 'berkuasa'];Tidak Terdeteksi;Lainnya;Diskusi;Diskusi;Menolak
"Apa yg telah gagal dilakukan Harto selama 32 tahun,mau diulangi lagi oleh Wowo.Harto dulu bikin Koprasi Unit Desa,dan gagal.Harto dulu bikin Food Estate dengan bikin lahan gambut sejuta hektar,dan gagal.Harto dulu memberi kekuasaan besar pada militer hingga setiap aspek kehidupan sipil ‘diatur’ bahkan ke tingkat RT/RW,juga gagal.
Apa yg membuat Wowo yakin bahwa kali ini akan berhasil?";Apa yg telah gagal dilakukan Harto selama 32 tahun mau diulangi lagi oleh Wowo Harto dulu bikin Koprasi Unit Desa dan gagal Harto dulu bikin Food Estate dengan bikin lahan gambut sejuta hektar dan gagal Harto dulu memberi kekuasaan besar pada militer hingga setiap aspek kehidupan sipil diatur bahkan ke tingkat RT RW juga gagal Apa yg membuat Wowo yakin bahwa kali ini akan berhasil;apa yang telah gagal dilakukan harto selama 32 tahun mau diulangi lagi oleh prabowo harto dulu membuat koperasi unit desa dan gagal harto dulu membuat food estate dengan membuat lahan gambut sejuta hektar dan gagal harto dulu memberi kekuasaan besar pada tni hingga setiap aspek kehidupan sipil diatur bahkan ke tingkat rt rw juga gagal apa yang membuat prabowo yakin bahwa kali ini akan berhasil;apa yang telah gagal dilakukan harto selama 32 tahun mau diulangi lagi oleh prabowo harto dulu membuat koperasi unit desa dan gagal harto dulu membuat food estate dengan membuat lahan gambut sejuta hektar dan gagal harto dulu memberi kekuasaan besar pada tni hingga setiap aspek kehidupan sipil diatur bahkan ke tingkat rt rw juga gagal apa yang membuat prabowo yakin bahwa kali ini akan berhasil;['apa', 'yang', 'telah', 'gagal', 'dilakukan', 'harto', 'selama', '32', 'tahun', 'mau', 'diulangi', 'lagi', 'oleh', 'prabowo', 'harto', 'dulu', 'membuat', 'koperasi', 'unit', 'desa', 'dan', 'gagal', 'harto', 'dulu', 'membuat', 'food', 'estate', 'dengan', 'membuat', 'lahan', 'gambut', 'sejuta', 'hektar', 'dan', 'gagal', 'harto', 'dulu', 'memberi', 'kekuasaan', 'besar', 'pada', 'tni', 'hingga', 'setiap', 'aspek', 'kehidupan', 'sipil', 'diatur', 'bahkan', 'ke', 'tingkat', 'rt', 'rw', 'juga', 'gagal', 'apa', 'yang', 'membuat', 'prabowo', 'yakin', 'bahwa', 'kali', 'ini', 'akan', 'berhasil'];TNI, Prabowo;Militerisasi, KUD;Diskusi;Diskusi;Menolak
WELCOME BACK NEO ORBA. DAN SEMUA GARA-GARA SI PLANGA PLONGO.;WELCOME BACK NEO ORBA DAN SEMUA GARA GARA SI PLANGA PLONGO;welcome back neo orde baru dan semua gara gara si planga plongo;welcome back neo orde baru dan semua gara gara si planga plongo;['welcome', 'back', 'neo', 'orde', 'baru', 'dan', 'semua', 'gara', 'gara', 'si', 'planga', 'plongo'];Tidak Terdeteksi;Militerisasi;Menolak;Menolak;Menolak
Smg a Media Tempo Ternama dpt Menghancurkan Semua persoalan Kepalsuan Bohong yg Mematikan Ekonomi Raknyat Mati,pembunuhan ini Lawan;Smg a Media Tempo Ternama dpt Menghancurkan Semua persoalan Kepalsuan Bohong yg Mematikan Ekonomi Raknyat Mati pembunuhan ini Lawan;smg a media tempo ternama dpt menghancurkan semua persoalan kepalsuan bohong yang mematikan ekonomi raknyat mati pembunuhan ini lawan;smg media tempo ternama dpt menghancurkan semua persoalan kepalsuan bohong yang mematikan ekonomi raknyat mati pembunuhan ini lawan;['smg', 'media', 'tempo', 'ternama', 'dpt', 'menghancurkan', 'semua', 'persoalan', 'kepalsuan', 'bohong', 'yang', 'mematikan', 'ekonomi', 'raknyat', 'mati', 'pembunuhan', 'ini', 'lawan'];Tempo;Media;Menolak;Menolak;Netral
"BUBARKAN KOPDES MERAH PUTIH.
HANYA KEDOK SUPAYA BISA KORUPSI CUK CUK JUANCUK";BUBARKAN KOPDES MERAH PUTIH HANYA KEDOK SUPAYA BISA KORUPSI CUK CUK JUANCUK;bubarkan koperasi desa merah putih hanya kedok supaya bisa korupsi cuk cuk juancuk;bubarkan koperasi desa merah putih hanya kedok supaya bisa korupsi cuk cuk juancuk;['bubarkan', 'koperasi', 'desa', 'merah', 'putih', 'hanya', 'kedok', 'supaya', 'bisa', 'korupsi', 'cuk', 'cuk', 'juancuk'];KDMP;Korupsi;Menolak;Menolak;Menolak
EKSEKUTIF LEGISLATIF YUDIKATIF PARCOK KUARTET KORUPTIKA JOKOWIKA, KARENA TRIAS POLITIKA SUDAH USANG KURANG BANYAK HASILNYA;EKSEKUTIF LEGISLATIF YUDIKATIF PARCOK KUARTET KORUPTIKA JOKOWIKA KARENA TRIAS POLITIKA SUDAH USANG KURANG BANYAK HASILNYA;eksekutif legislatif yudikatif partai coklat kuartet koruptika jokowika karena trias politika sudah usang kurang banyak hasilnya;eksekutif legislatif yudikatif partai coklat kuartet koruptika jokowika karena trias politika sudah usang kurang banyak hasilnya;['eksekutif', 'legislatif', 'yudikatif', 'partai', 'coklat', 'kuartet', 'koruptika', 'jokowika', 'karena', 'trias', 'politika', 'sudah', 'usang', 'kurang', 'banyak', 'hasilnya'];Tidak Terdeteksi;Lainnya;Diskusi;Diskusi;Menolak
Gue trauma sama otomotif india. Pernah punya motor bajaj made in india, eh sekarang jadi bangke. Udah jangan aja, itu pngalaman pahit. Coba cek anggarannya ke KPK gue khawatir em.;Gue trauma sama otomotif india Pernah punya motor bajaj made in india eh sekarang jadi bangke Udah jangan aja itu pngalaman pahit Coba cek anggarannya ke KPK gue khawatir em;saya trauma sama otomotif india pernah punya motor bajaj made in india eh sekarang jadi bangke sudah jangan saja itu pngalaman pahit coba cek anggarannya ke kpk saya khawatir em;saya trauma sama otomotif india pernah punya motor bajaj made in india sekarang jadi bangke sudah jangan saja itu pngalaman pahit coba cek anggarannya ke kpk saya khawatir em;['saya', 'trauma', 'sama', 'otomotif', 'india', 'pernah', 'punya', 'motor', 'bajaj', 'made', 'in', 'india', 'sekarang', 'jadi', 'bangke', 'sudah', 'jangan', 'saja', 'itu', 'pngalaman', 'pahit', 'coba', 'cek', 'anggarannya', 'ke', 'kpk', 'saya', 'khawatir', 'em'];Tidak Terdeteksi;Lainnya;Menolak;Menolak;Menolak
ORANG DESA BUTUH JALN NYA DIASPAL...JARINGAN LISTRIK... BANGUNAN IRIGASI......DESA MENJADI MAJU DAN MAKMUR.....;ORANG DESA BUTUH JALN NYA DIASPAL JARINGAN LISTRIK BANGUNAN IRIGASI DESA MENJADI MAJU DAN MAKMUR;orang desa butuh jaln nya diaspal jaringan listrik bangunan irigasi desa menjadi maju dan makmur;orang desa butuh jaln nya diaspal jaringan listrik bangunan irigasi desa menjadi maju dan makmur;['orang', 'desa', 'butuh', 'jaln', 'nya', 'diaspal', 'jaringan', 'listrik', 'bangunan', 'irigasi', 'desa', 'menjadi', 'maju', 'dan', 'makmur'];Tidak Terdeteksi;Lainnya;Mendukung;Mendukung;Menolak
Bersihkan dulu korupsi dan perbaiki  sistimnya dulu baru bikin Koperasi. dengan pengawasan melekat.;Bersihkan dulu korupsi dan perbaiki sistimnya dulu baru bikin Koperasi dengan pengawasan melekat;bersihkan dulu korupsi dan perbaiki sistimnya dulu baru membuat koperasi dengan pengawasan melekat;bersihkan dulu korupsi dan perbaiki sistimnya dulu baru membuat koperasi dengan pengawasan melekat;['bersihkan', 'dulu', 'korupsi', 'dan', 'perbaiki', 'sistimnya', 'dulu', 'baru', 'membuat', 'koperasi', 'dengan', 'pengawasan', 'melekat'];Tidak Terdeteksi;Korupsi;Diskusi;Diskusi;Diskusi
Tak ada manfaat nya buat rakyat banyak..;Tak ada manfaat nya buat rakyat banyak;tidak ada manfaat nya untuk rakyat banyak;tidak ada manfaat nya untuk rakyat banyak;['tidak', 'ada', 'manfaat', 'nya', 'untuk', 'rakyat', 'banyak'];Tidak Terdeteksi;Lainnya;Mendukung;Mendukung;Menolak
daripada jualan gnteng lebih baik buka lapak tukang cukur hahahahahaha.....;daripada jualan gnteng lebih baik buka lapak tukang cukur hahahahahaha;daripada jualan gnteng lebih baik buka lapak tukang cukur hahahahahaha;daripada jualan gnteng lebih baik buka lapak tukang cukur hahahahahaha;['daripada', 'jualan', 'gnteng', 'lebih', 'baik', 'buka', 'lapak', 'tukang', 'cukur', 'hahahahahaha'];Tidak Terdeteksi;Lainnya;Mendukung;Mendukung;Out_of_Topic
"setuju! rakyat tidak butuh koperasi merah putih! sudah banyak pilihan koperasi / lembaga pinjaman di masing"" desa yg kinerjanya bagus. pengembangan koperasi merah putih ini akan sarat dengan korupsi dan kepentingan politik prabowo cs.";setuju rakyat tidak butuh koperasi merah putih sudah banyak pilihan koperasi lembaga pinjaman di masing desa yg kinerjanya bagus pengembangan koperasi merah putih ini akan sarat dengan korupsi dan kepentingan politik prabowo cs;setuju rakyat tidak butuh koperasi desa merah putih sudah banyak pilihan koperasi lembaga pinjaman di masing desa yang kinerjanya bagus pengembangan koperasi desa merah putih ini akan sarat dengan korupsi dan kepentingan politik prabowo cs;setuju rakyat tidak butuh koperasi desa merah putih sudah banyak pilihan koperasi lembaga pinjaman di masing desa yang kinerjanya bagus pengembangan koperasi desa merah putih ini akan sarat dengan korupsi dan kepentingan politik prabowo cs;['setuju', 'rakyat', 'tidak', 'butuh', 'koperasi', 'desa', 'merah', 'putih', 'sudah', 'banyak', 'pilihan', 'koperasi', 'lembaga', 'pinjaman', 'di', 'masing', 'desa', 'yang', 'kinerjanya', 'bagus', 'pengembangan', 'koperasi', 'desa', 'merah', 'putih', 'ini', 'akan', 'sarat', 'dengan', 'korupsi', 'dan', 'kepentingan', 'politik', 'prabowo', 'cs'];Prabowo, KDMP;Korupsi;Mendukung;Mendukung;Menolak
Gila... Gila... Uang rakyat dihambur2kan tidak jelas padahal disisi lain rakyat dalam keadaan kesulitan ekonomi.;Gila Gila Uang rakyat dihambur2kan tidak jelas padahal disisi lain rakyat dalam keadaan kesulitan ekonomi;gila gila dana masyarakat dihambur2kan tidak jelas padahal disisi lain rakyat dalam keadaan kesulitan ekonomi;gila gila dana masyarakat dihambur2kan tidak jelas padahal disisi lain rakyat dalam keadaan kesulitan ekonomi;['gila', 'gila', 'dana', 'masyarakat', 'dihambur2kan', 'tidak', 'jelas', 'padahal', 'disisi', 'lain', 'rakyat', 'dalam', 'keadaan', 'kesulitan', 'ekonomi'];Tidak Terdeteksi;Lainnya;Netral;Netral;Menolak
Kunci nya membangun koperasi harus masyarakat punya usaha. Baru kopdar bisa maju.;Kunci nya membangun koperasi harus masyarakat punya usaha Baru kopdar bisa maju;kunci nya membangun koperasi harus masyarakat punya usaha baru kopdar bisa maju;kunci nya membangun koperasi harus masyarakat punya usaha baru kopdar bisa maju;['kunci', 'nya', 'membangun', 'koperasi', 'harus', 'masyarakat', 'punya', 'usaha', 'baru', 'kopdar', 'bisa', 'maju'];Tidak Terdeteksi;Lainnya;Mendukung;Mendukung;Mendukung
Jadi ragu klau INDONESIA emas 2045 anggaran desa aja di kurangin dipotong segala macam;Jadi ragu klau INDONESIA emas 2045 anggaran desa aja di kurangin dipotong segala macam;jadi ragu klau indonesia emas 2045 anggaran desa saja di kurangin dipotong segala macam;jadi ragu klau indonesia emas 2045 anggaran desa saja di kurangin dipotong segala macam;['jadi', 'ragu', 'klau', 'indonesia', 'emas', '2045', 'anggaran', 'desa', 'saja', 'di', 'kurangin', 'dipotong', 'segala', 'macam'];Tidak Terdeteksi;Lainnya;Netral;Netral;Menolak
Koprasi merah putih bagus dgn catatan di kelola secara elektronik dan di bawah kementerian koprasi,dananya di ambilkan dari 1 % apbn di seluruh kementrian,dan pegawai nya dari kementerian koperasi;Koprasi merah putih bagus dgn catatan di kelola secara elektronik dan di bawah kementerian koprasi dananya di ambilkan dari 1 apbn di seluruh kementrian dan pegawai nya dari kementerian koperasi;koperasi merah putih bagus dengan catatan di kelola secara elektronik dan di bawah kementerian koperasi dananya di ambilkan dari 1 anggaran pendapatan dan belanja negara di seluruh kementrian dan pegawai nya dari kementerian koperasi;koperasi merah putih bagus dengan catatan di kelola secara elektronik dan di bawah kementerian koperasi dananya di ambilkan dari anggaran pendapatan dan belanja negara di seluruh kementrian dan pegawai nya dari kementerian koperasi;['koperasi', 'merah', 'putih', 'bagus', 'dengan', 'catatan', 'di', 'kelola', 'secara', 'elektronik', 'dan', 'di', 'bawah', 'kementerian', 'koperasi', 'dananya', 'di', 'ambilkan', 'dari', 'anggaran', 'pendapatan', 'dan', 'belanja', 'negara', 'di', 'seluruh', 'kementrian', 'dan', 'pegawai', 'nya', 'dari', 'kementerian', 'koperasi'];Tidak Terdeteksi;Lainnya;Mendukung;Mendukung;Mendukung
bohong aj;bohong aj;bohong saja;bohong saja;['bohong', 'saja'];Tidak Terdeteksi;Lainnya;Menolak;Menolak;Menolak
dana desa banyak juga dikorupsi bancakan ama aparat desa dan kroninya.. maju mundur kena sama aja;dana desa banyak juga dikorupsi bancakan ama aparat desa dan kroninya maju mundur kena sama aja;dana desa banyak juga dikorupsi bancakan ama aparat desa dan kroninya maju mundur kena sama saja;dana desa banyak juga dikorupsi bancakan ama aparat desa dan kroninya maju mundur kena sama saja;['dana', 'desa', 'banyak', 'juga', 'dikorupsi', 'bancakan', 'ama', 'aparat', 'desa', 'dan', 'kroninya', 'maju', 'mundur', 'kena', 'sama', 'saja'];Tidak Terdeteksi;Korupsi, Dana Desa;Menolak;Menolak;Menolak
Di dapur saja ada tentara dan polisi. Apa lagi koperasi.  Pada 2024  kemarin sudah memilih presiden terbaik, sekarang kok ngeluh;Di dapur saja ada tentara dan polisi Apa lagi koperasi Pada 2024 kemarin sudah memilih presiden terbaik sekarang kok ngeluh;di dapur saja ada tni dan polisi apa lagi koperasi pada 2024 kemarin sudah memilih presiden terbaik sekarang ngeluh;di dapur saja ada tni dan polisi apa lagi koperasi pada 2024 kemarin sudah memilih presiden terbaik sekarang ngeluh;['di', 'dapur', 'saja', 'ada', 'tni', 'dan', 'polisi', 'apa', 'lagi', 'koperasi', 'pada', '2024', 'kemarin', 'sudah', 'memilih', 'presiden', 'terbaik', 'sekarang', 'ngeluh'];TNI, Prabowo;Militerisasi;Mendukung;Mendukung;Netral
Maaf gak berani koment bang tempo. Mainnya datang kerumah. ??;Maaf gak berani koment bang tempo Mainnya datang kerumah;maaf tidak berani koment bang tempo mainnya datang kerumah;maaf tidak berani koment tempo mainnya datang kerumah;['maaf', 'tidak', 'berani', 'koment', 'tempo', 'mainnya', 'datang', 'kerumah'];Tempo;Media;Netral;Netral;Netral
"KETUA Koperasi sudah diangkat
Sudah dapat gaji ??
GAJI ???
ANEH2 NIH ....
Keluar dari Azad koperasi
Jadi BUMN dengan nama ""BUMN KOPERASI "" 
Tanpa anggota
Tanpa usaha
Yg penting
MERAH PUTIH";KETUA Koperasi sudah diangkat Sudah dapat gaji GAJI ANEH2 NIH Keluar dari Azad koperasi Jadi BUMN dengan nama BUMN KOPERASI Tanpa anggota Tanpa usaha Yg penting MERAH PUTIH;ketua koperasi sudah diangkat sudah dapat gaji gaji aneh2 keluar dari azad koperasi jadi bumn dengan nama bumn koperasi tanpa anggota tanpa usaha yang penting merah putih;ketua koperasi sudah diangkat sudah dapat gaji gaji aneh2 keluar dari azad koperasi jadi bumn dengan nama bumn koperasi tanpa anggota tanpa usaha yang penting merah putih;['ketua', 'koperasi', 'sudah', 'diangkat', 'sudah', 'dapat', 'gaji', 'gaji', 'aneh2', 'keluar', 'dari', 'azad', 'koperasi', 'jadi', 'bumn', 'dengan', 'nama', 'bumn', 'koperasi', 'tanpa', 'anggota', 'tanpa', 'usaha', 'yang', 'penting', 'merah', 'putih'];Tidak Terdeteksi;Pengelolaan;Menolak;Menolak;Menolak
"Berikutnya SR Sekolah Rakyat....

Gimana itu konsepnya?....
@TempoVideoChannel";Berikutnya SR Sekolah Rakyat Gimana itu konsepnya TempoVideoChannel;berikutnya sr sekolah rakyat bagaimana itu konsepnya tempovideochannel;berikutnya sr sekolah rakyat bagaimana itu konsepnya tempovideochannel;['berikutnya', 'sr', 'sekolah', 'rakyat', 'bagaimana', 'itu', 'konsepnya', 'tempovideochannel'];Tempo;Media;Out_of_Topic;Out_of_Topic;Out_of_Topic
"Pecat direktur agrinas. Kalo tidak dipecat, bukankah kita bisa pecat bosnya direktur agrinas?
Kasihan kalo nanti dia dikenang sebagai the worst Indonesian president.";Pecat direktur agrinas Kalo tidak dipecat bukankah kita bisa pecat bosnya direktur agrinas Kasihan kalo nanti dia dikenang sebagai the worst Indonesian president;pecat direktur agrinas kalau tidak dipecat bukankah kita bisa pecat bosnya direktur agrinas kasihan kalau nanti dia dikenang sebagai the worst indonesian president;pecat direktur agrinas kalau tidak dipecat bukankah kita bisa pecat bosnya direktur agrinas kasihan kalau nanti dia dikenang sebagai the worst indonesian president;['pecat', 'direktur', 'agrinas', 'kalau', 'tidak', 'dipecat', 'bukankah', 'kita', 'bisa', 'pecat', 'bosnya', 'direktur', 'agrinas', 'kasihan', 'kalau', 'nanti', 'dia', 'dikenang', 'sebagai', 'the', 'worst', 'indonesian', 'president'];Prabowo;Lainnya;Netral;Netral;Menolak
Banyak cerita perihal kdkmp berkaitan dg pembangunannya dan efek nantinya jika berdiri/ operasi;Banyak cerita perihal kdkmp berkaitan dg pembangunannya dan efek nantinya jika berdiri operasi;banyak cerita perihal kdkmp berkaitan dengan pembangunannya dan efek nantinya jika berdiri operasi;banyak cerita perihal kdkmp berkaitan dengan pembangunannya dan efek nantinya jika berdiri operasi;['banyak', 'cerita', 'perihal', 'kdkmp', 'berkaitan', 'dengan', 'pembangunannya', 'dan', 'efek', 'nantinya', 'jika', 'berdiri', 'operasi'];Tidak Terdeteksi;Lainnya;Diskusi;Diskusi;Menolak
Pantes saya ngelamar d mbg saya g d terima dengan alasan jauh lah padahal kalau naik motor 30 dari rumah k mbg karena saya bukan orang gerindra.;Pantes saya ngelamar d mbg saya g d terima dengan alasan jauh lah padahal kalau naik motor 30 dari rumah k mbg karena saya bukan orang gerindra;pantes saya ngelamar d mbg saya tidak d terima dengan alasan jauh padahal kalau naik motor 30 dari rumah k mbg karena saya bukan orang gerindra;pantes saya ngelamar mbg saya tidak terima dengan alasan jauh padahal kalau naik motor 30 dari rumah mbg karena saya bukan orang gerindra;['pantes', 'saya', 'ngelamar', 'mbg', 'saya', 'tidak', 'terima', 'dengan', 'alasan', 'jauh', 'padahal', 'kalau', 'naik', 'motor', '30', 'dari', 'rumah', 'mbg', 'karena', 'saya', 'bukan', 'orang', 'gerindra'];Tidak Terdeteksi;Lainnya;Diskusi;Diskusi;Menolak
Maaf itulah pengimppor ilmu maling skrng terlanjur otak dmna mkir anak cucu ahirat mnanti itu uang rkyat skalian jd perampok yg ahli skalian kl jd pejabat ketahuan maksudnya;Maaf itulah pengimppor ilmu maling skrng terlanjur otak dmna mkir anak cucu ahirat mnanti itu uang rkyat skalian jd perampok yg ahli skalian kl jd pejabat ketahuan maksudnya;maaf itulah pengimppor ilmu maling sekarang terlanjur otak dmna mkir anak cucu ahirat mnanti itu uang rkyat skalian jadi perampok yang ahli skalian kalau jadi pejabat ketahuan maksudnya;maaf itulah pengimppor ilmu maling sekarang terlanjur otak dmna mkir anak cucu ahirat mnanti itu uang rkyat skalian jadi perampok yang ahli skalian kalau jadi pejabat ketahuan maksudnya;['maaf', 'itulah', 'pengimppor', 'ilmu', 'maling', 'sekarang', 'terlanjur', 'otak', 'dmna', 'mkir', 'anak', 'cucu', 'ahirat', 'mnanti', 'itu', 'uang', 'rkyat', 'skalian', 'jadi', 'perampok', 'yang', 'ahli', 'skalian', 'kalau', 'jadi', 'pejabat', 'ketahuan', 'maksudnya'];Tidak Terdeteksi;Korupsi;Menolak;Menolak;Menolak
Di daerah rawan gempa seperti di sumatera orang lebih memilih pakai Seng daripada genteng namun tidak tahan tiupan angin;Di daerah rawan gempa seperti di sumatera orang lebih memilih pakai Seng daripada genteng namun tidak tahan tiupan angin;di daerah rawan gempa seperti di sumatera orang lebih memilih pakai seng daripada genteng namun tidak tahan tiupan angin;di daerah rawan gempa seperti di sumatera orang lebih memilih pakai seng daripada genteng namun tidak tahan tiupan angin;['di', 'daerah', 'rawan', 'gempa', 'seperti', 'di', 'sumatera', 'orang', 'lebih', 'memilih', 'pakai', 'seng', 'daripada', 'genteng', 'namun', 'tidak', 'tahan', 'tiupan', 'angin'];Tidak Terdeteksi;Lainnya;Diskusi;Diskusi;Out_of_Topic
Wah bubar beneran ini 2030, boncos, terlalu banyak pengeluaran yg gak penting. Antara gagal bayar, atau masyarakat berontak gegara krisis or pajak meningkat terus.;Wah bubar beneran ini 2030 boncos terlalu banyak pengeluaran yg gak penting Antara gagal bayar atau masyarakat berontak gegara krisis or pajak meningkat terus;wah bubar beneran ini 2030 boncos terlalu banyak pengeluaran yang tidak penting antara gagal bayar atau masyarakat berontak gegara krisis or pajak meningkat terus;wah bubar beneran ini 2030 boncos terlalu banyak pengeluaran yang tidak penting antara gagal bayar atau masyarakat berontak gegara krisis or pajak meningkat terus;['wah', 'bubar', 'beneran', 'ini', '2030', 'boncos', 'terlalu', 'banyak', 'pengeluaran', 'yang', 'tidak', 'penting', 'antara', 'gagal', 'bayar', 'atau', 'masyarakat', 'berontak', 'gegara', 'krisis', 'or', 'pajak', 'meningkat', 'terus'];Tidak Terdeteksi;Lainnya;Menolak;Menolak;Menolak
Bersih kan koruptor  sampe duniya manapun sama kalau kita bilang ganti pemimpin baru sama  semua;Bersih kan koruptor sampe duniya manapun sama kalau kita bilang ganti pemimpin baru sama semua;bersih koruptor sampe duniya manapun sama kalau kita bilang ganti pemimpin baru sama semua;bersih koruptor sampe duniya manapun sama kalau kita bilang ganti pemimpin baru sama semua;['bersih', 'koruptor', 'sampe', 'duniya', 'manapun', 'sama', 'kalau', 'kita', 'bilang', 'ganti', 'pemimpin', 'baru', 'sama', 'semua'];Tidak Terdeteksi;Korupsi;Menolak;Menolak;Menolak
tentara urus koperasi polisi urus dapur mbg?? maling2 merajalela;tentara urus koperasi polisi urus dapur mbg maling2 merajalela;tni urus koperasi polisi urus dapur mbg maling2 merajalela;tni urus koperasi polisi urus dapur mbg maling2 merajalela;['tni', 'urus', 'koperasi', 'polisi', 'urus', 'dapur', 'mbg', 'maling2', 'merajalela'];TNI;Korupsi, Militerisasi;Menolak;Menolak;Menolak
Lebih baik tentara terlibat pembangunan jelas duit ga kemana mana kalo lewat dinas atau aparat lain muter2 buat pusing;Lebih baik tentara terlibat pembangunan jelas duit ga kemana mana kalo lewat dinas atau aparat lain muter2 buat pusing;lebih baik tni terlibat pembangunan jelas uang tidak kemana mana kalau lewat dinas atau aparat lain muter2 untuk pusing;lebih baik tni terlibat pembangunan jelas uang tidak kemana mana kalau lewat dinas atau aparat lain muter2 untuk pusing;['lebih', 'baik', 'tni', 'terlibat', 'pembangunan', 'jelas', 'uang', 'tidak', 'kemana', 'mana', 'kalau', 'lewat', 'dinas', 'atau', 'aparat', 'lain', 'muter2', 'untuk', 'pusing'];TNI;Militerisasi;Mendukung;Mendukung;Menolak
Serba salah, entah lembaga mana yang bisa dipercaya unt menjalankan program2 pemerintah. Semuanya dianggap proyek bisnis bagi oknum2 tertentu. Tapi unt sementara kita sepakat TNI yang pegang kendali unt KDMP, agar tidak ada oknum2 yg menggangu proses jalannya KDMP kedepan. Sehingga program KDMP ini dapat berjalan sesuai dengan aturan hukum yang berlaku.;Serba salah entah lembaga mana yang bisa dipercaya unt menjalankan program2 pemerintah Semuanya dianggap proyek bisnis bagi oknum2 tertentu Tapi unt sementara kita sepakat TNI yang pegang kendali unt KDMP agar tidak ada oknum2 yg menggangu proses jalannya KDMP kedepan Sehingga program KDMP ini dapat berjalan sesuai dengan aturan hukum yang berlaku;serba salah entah lembaga mana yang bisa dipercaya unt menjalankan program2 pemerintah semuanya dianggap proyek bisnis bagi oknum2 tertentu tapi unt sementara kita sepakat tni yang pegang kendali unt koperasi desa merah putih agar tidak ada oknum2 yang menggangu proses jalannya koperasi desa merah putih kedepan sehingga program koperasi desa merah putih ini dapat berjalan sesuai dengan aturan hukum yang berlaku;serba salah entah lembaga mana yang bisa dipercaya unt menjalankan program2 pemerintah semuanya dianggap proyek bisnis bagi oknum2 tertentu tapi unt sementara kita sepakat tni yang pegang kendali unt koperasi desa merah putih agar tidak ada oknum2 yang menggangu proses jalannya koperasi desa merah putih kedepan sehingga program koperasi desa merah putih ini dapat berjalan sesuai dengan aturan hukum yang berlaku;['serba', 'salah', 'entah', 'lembaga', 'mana', 'yang', 'bisa', 'dipercaya', 'unt', 'menjalankan', 'program2', 'pemerintah', 'semuanya', 'dianggap', 'proyek', 'bisnis', 'bagi', 'oknum2', 'tertentu', 'tapi', 'unt', 'sementara', 'kita', 'sepakat', 'tni', 'yang', 'pegang', 'kendali', 'unt', 'koperasi', 'desa', 'merah', 'putih', 'agar', 'tidak', 'ada', 'oknum2', 'yang', 'menggangu', 'proses', 'jalannya', 'koperasi', 'desa', 'merah', 'putih', 'kedepan', 'sehingga', 'program', 'koperasi', 'desa', 'merah', 'putih', 'ini', 'dapat', 'berjalan', 'sesuai', 'dengan', 'aturan', 'hukum', 'yang', 'berlaku'];TNI, KDMP;Militerisasi, Kebijakan;Mendukung;Mendukung;Mendukung
Bisa saja muncul koruptor baru.;Bisa saja muncul koruptor baru;bisa saja muncul koruptor baru;bisa saja muncul koruptor baru;['bisa', 'saja', 'muncul', 'koruptor', 'baru'];Tidak Terdeteksi;Korupsi;Menolak;Menolak;Menolak
Bukannya diberesin dulu urusan birokrasinya, malah maen saluirin aja.. j;Bukannya diberesin dulu urusan birokrasinya malah maen saluirin aja j;bukannya diberesin dulu urusan birokrasinya malah maen saluirin saja j;bukannya diberesin dulu urusan birokrasinya malah maen saluirin saja;['bukannya', 'diberesin', 'dulu', 'urusan', 'birokrasinya', 'malah', 'maen', 'saluirin', 'saja'];Tidak Terdeteksi;Lainnya;Diskusi;Diskusi;Menolak
Dana desa turun bertahun tahun hasilnya tidak ada perubahan didesa.banyak kasus gizi kurang,gizi buruk dan sunting.jalan desa rusak dimana mana;Dana desa turun bertahun tahun hasilnya tidak ada perubahan didesa banyak kasus gizi kurang gizi buruk dan sunting jalan desa rusak dimana mana;dana desa turun bertahun tahun hasilnya tidak ada perubahan didesa banyak kasus gizi kurang gizi buruk dan sunting jalan desa rusak dimana mana;dana desa turun bertahun tahun hasilnya tidak ada perubahan didesa banyak kasus gizi kurang gizi buruk dan sunting jalan desa rusak dimana mana;['dana', 'desa', 'turun', 'bertahun', 'tahun', 'hasilnya', 'tidak', 'ada', 'perubahan', 'didesa', 'banyak', 'kasus', 'gizi', 'kurang', 'gizi', 'buruk', 'dan', 'sunting', 'jalan', 'desa', 'rusak', 'dimana', 'mana'];Tidak Terdeteksi;Dana Desa;Menolak;Menolak;Menolak
Yg penting klau pidato berapi2 menjelaskan kesuksesan programnya,meskipun acak adut??;Yg penting klau pidato berapi2 menjelaskan kesuksesan programnya meskipun acak adut;yang penting klau pidato berapi2 menjelaskan kesuksesan programnya meskipun acak adut;yang penting klau pidato berapi2 menjelaskan kesuksesan programnya meskipun acak adut;['yang', 'penting', 'klau', 'pidato', 'berapi2', 'menjelaskan', 'kesuksesan', 'programnya', 'meskipun', 'acak', 'adut'];Tidak Terdeteksi;Kebijakan;Diskusi;Diskusi;Menolak
RESIKO GAGALNYA TINGGI MEMANG ITU YG DICARI.. YG PENTING 400T CAIR??;RESIKO GAGALNYA TINGGI MEMANG ITU YG DICARI YG PENTING 400T CAIR;risiko gagalnya tinggi memang itu yang dicari yang penting 400t cair;risiko gagalnya tinggi memang itu yang dicari yang penting 400t cair;['risiko', 'gagalnya', 'tinggi', 'memang', 'itu', 'yang', 'dicari', 'yang', 'penting', '400t', 'cair'];Tidak Terdeteksi;Lainnya;Menolak;Menolak;Menolak
Yg penting proyek bodo amat  rakyat mau susah , mau dililit hutang..yg penting pejabat dulu..senang hura hura duit berlimpah...??;Yg penting proyek bodo amat rakyat mau susah mau dililit hutang yg penting pejabat dulu senang hura hura duit berlimpah;yang penting proyek bodo amat rakyat mau susah mau dililit hutang yang penting pejabat dulu senang hura hura uang berlimpah;yang penting proyek bodo amat rakyat mau susah mau dililit hutang yang penting pejabat dulu senang hura hura uang berlimpah;['yang', 'penting', 'proyek', 'bodo', 'amat', 'rakyat', 'mau', 'susah', 'mau', 'dililit', 'hutang', 'yang', 'penting', 'pejabat', 'dulu', 'senang', 'hura', 'hura', 'uang', 'berlimpah'];Tidak Terdeteksi;Lainnya;Diskusi;Diskusi;Menolak
Entah gerilya aplgi yg direncanakan untuk rakyatnya????????;Entah gerilya aplgi yg direncanakan untuk rakyatnya;entah gerilya aplgi yang direncanakan untuk rakyatnya;entah gerilya aplgi yang direncanakan untuk rakyatnya;['entah', 'gerilya', 'aplgi', 'yang', 'direncanakan', 'untuk', 'rakyatnya'];Tidak Terdeteksi;Lainnya;Mendukung;Mendukung;Menolak
Tp mobil india onderdil mahal  dan sulit di dapet apa lg di pelosok desa mobil india bermasalah contonya mobil track TATA banyak masalah;Tp mobil india onderdil mahal dan sulit di dapet apa lg di pelosok desa mobil india bermasalah contonya mobil track TATA banyak masalah;tapi mobil india onderdil mahal dan sulit di dapet apa lg di pelosok desa mobil india bermasalah contonya mobil track tata banyak masalah;tapi mobil india onderdil mahal dan sulit di dapet apa lg di pelosok desa mobil india bermasalah contonya mobil track tata banyak masalah;['tapi', 'mobil', 'india', 'onderdil', 'mahal', 'dan', 'sulit', 'di', 'dapet', 'apa', 'lg', 'di', 'pelosok', 'desa', 'mobil', 'india', 'bermasalah', 'contonya', 'mobil', 'track', 'tata', 'banyak', 'masalah'];Tidak Terdeteksi;Lainnya;Netral;Netral;Menolak
Sembrono gak punya visi;Sembrono gak punya visi;sembrono tidak punya visi;sembrono tidak punya visi;['sembrono', 'tidak', 'punya', 'visi'];Tidak Terdeteksi;Lainnya;Netral;Netral;Menolak
Coba di Serahkan Desa ,gk mungkin jadi..di desa banyak PREM*Nnya. dg tentara Prem*n nya gk berani ndekat;Coba di Serahkan Desa gk mungkin jadi di desa banyak PREM Nnya dg tentara Prem n nya gk berani ndekat;coba di serahkan desa tidak mungkin jadi di desa banyak prem nnya dengan tni prem n nya tidak berani ndekat;coba di serahkan desa tidak mungkin jadi di desa banyak prem nnya dengan tni prem nya tidak berani ndekat;['coba', 'di', 'serahkan', 'desa', 'tidak', 'mungkin', 'jadi', 'di', 'desa', 'banyak', 'prem', 'nnya', 'dengan', 'tni', 'prem', 'nya', 'tidak', 'berani', 'ndekat'];TNI;Militerisasi;Netral;Netral;Mendukung
"Mau tanya, apakah untuk struktur atau denah koperasi merah putih dibuat seperti swalayan, dan ada ruko2 kecil untuk apotik dsb? 
Apakah satu Indonesia desainnya sama? 
Soalnya sudah menemui 2 calon koperasi merah putih di dua desa beda kecamatan, bentuknya sama
Terima kasih";Mau tanya apakah untuk struktur atau denah koperasi merah putih dibuat seperti swalayan dan ada ruko2 kecil untuk apotik dsb Apakah satu Indonesia desainnya sama Soalnya sudah menemui 2 calon koperasi merah putih di dua desa beda kecamatan bentuknya sama Terima kasih;mau tanya apakah untuk struktur atau denah koperasi desa merah putih dibuat seperti swalayan dan ada ruko2 kecil untuk apotik dsb apakah satu indonesia desainnya sama soalnya sudah menemui 2 calon koperasi desa merah putih di dua desa beda kecamatan bentuknya sama terima kasih;mau tanya apakah untuk struktur atau denah koperasi desa merah putih dibuat seperti swalayan dan ada ruko2 kecil untuk apotik dsb apakah satu indonesia desainnya sama soalnya sudah menemui calon koperasi desa merah putih di dua desa beda kecamatan bentuknya sama terima kasih;['mau', 'tanya', 'apakah', 'untuk', 'struktur', 'atau', 'denah', 'koperasi', 'desa', 'merah', 'putih', 'dibuat', 'seperti', 'swalayan', 'dan', 'ada', 'ruko2', 'kecil', 'untuk', 'apotik', 'dsb', 'apakah', 'satu', 'indonesia', 'desainnya', 'sama', 'soalnya', 'sudah', 'menemui', 'calon', 'koperasi', 'desa', 'merah', 'putih', 'di', 'dua', 'desa', 'beda', 'kecamatan', 'bentuknya', 'sama', 'terima', 'kasih'];KDMP;Lainnya;Mendukung;Mendukung;Diskusi
Besi WF diganti CNP. Bahayaa...;Besi WF diganti CNP Bahayaa;besi wf diganti cnp bahayaa;besi wf diganti cnp bahayaa;['besi', 'wf', 'diganti', 'cnp', 'bahayaa'];Tidak Terdeteksi;Lainnya;Netral;Netral;Menolak
"KRITIK UNTUK TEMPO = TIDAK MENGULAS INTI MASALAH EKONOMI hanya mengulas hal yang bukan substansi utama pelemahan ekonomi (mungkin didesain seperti ini agar laku dipasaran)

KOPDES = MENGURANGI PENGANGGURAN secara instan = TAPI.......
UNIT BISNISNYA bersaing dengan UMKM (unit bisnis masyarakat bawah) yang sudah ada
Akhirnya KOPDES  bersaing dengan UMKM 
(Permodalan Kopdes dari Pemerintah sedangkan UMKM dari Dana Pinjaman Pribadi/Bank)

MASALAHNYA KELAS MENENGAH KOLAPS, Tapi pemerintah tidak bisa menghidupkan + menambah  INDUSTRI penopang kelas menengah = sedangkan KELAS MENENGAH pengkomsumsi penggerak terbanyak barang/jasa dari kelas atas dan kelas bawah

Kopdes bukan solusi untuk mengobati sakit pada kelas menengah, yang sakit mana yang diobati mana)";KRITIK UNTUK TEMPO TIDAK MENGULAS INTI MASALAH EKONOMI hanya mengulas hal yang bukan substansi utama pelemahan ekonomi mungkin didesain seperti ini agar laku dipasaran KOPDES MENGURANGI PENGANGGURAN secara instan TAPI UNIT BISNISNYA bersaing dengan UMKM unit bisnis masyarakat bawah yang sudah ada Akhirnya KOPDES bersaing dengan UMKM Permodalan Kopdes dari Pemerintah sedangkan UMKM dari Dana Pinjaman Pribadi Bank MASALAHNYA KELAS MENENGAH KOLAPS Tapi pemerintah tidak bisa menghidupkan menambah INDUSTRI penopang kelas menengah sedangkan KELAS MENENGAH pengkomsumsi penggerak terbanyak barang jasa dari kelas atas dan kelas bawah Kopdes bukan solusi untuk mengobati sakit pada kelas menengah yang sakit mana yang diobati mana;kritik untuk tempo tidak mengulas inti masalah ekonomi hanya mengulas hal yang bukan substansi utama pelemahan ekonomi mungkin didesain seperti ini agar laku dipasaran koperasi desa mengurangi pengangguran secara instan tapi unit bisnisnya bersaing dengan usaha mikro kecil menengah unit bisnis masyarakat bawah yang sudah ada akhirnya koperasi desa bersaing dengan usaha mikro kecil menengah permodalan koperasi desa dari pemerintah sedangkan usaha mikro kecil menengah dari dana pinjaman pribadi bank masalahnya kelas menengah kolaps tapi pemerintah tidak bisa menghidupkan menambah industri penopang kelas menengah sedangkan kelas menengah pengkomsumsi penggerak terbanyak barang jasa dari kelas atas dan kelas bawah koperasi desa bukan solusi untuk mengobati sakit pada kelas menengah yang sakit mana yang diobati mana;kritik untuk tempo tidak mengulas inti masalah ekonomi hanya mengulas hal yang bukan substansi utama pelemahan ekonomi mungkin didesain seperti ini agar laku dipasaran koperasi desa mengurangi pengangguran secara instan tapi unit bisnisnya bersaing dengan usaha mikro kecil menengah unit bisnis masyarakat bawah yang sudah ada akhirnya koperasi desa bersaing dengan usaha mikro kecil menengah permodalan koperasi desa dari pemerintah sedangkan usaha mikro kecil menengah dari dana pinjaman pribadi bank masalahnya kelas menengah kolaps tapi pemerintah tidak bisa menghidupkan menambah industri penopang kelas menengah sedangkan kelas menengah pengkomsumsi penggerak terbanyak barang jasa dari kelas atas dan kelas bawah koperasi desa bukan solusi untuk mengobati sakit pada kelas menengah yang sakit mana yang diobati mana;['kritik', 'untuk', 'tempo', 'tidak', 'mengulas', 'inti', 'masalah', 'ekonomi', 'hanya', 'mengulas', 'hal', 'yang', 'bukan', 'substansi', 'utama', 'pelemahan', 'ekonomi', 'mungkin', 'didesain', 'seperti', 'ini', 'agar', 'laku', 'dipasaran', 'koperasi', 'desa', 'mengurangi', 'pengangguran', 'secara', 'instan', 'tapi', 'unit', 'bisnisnya', 'bersaing', 'dengan', 'usaha', 'mikro', 'kecil', 'menengah', 'unit', 'bisnis', 'masyarakat', 'bawah', 'yang', 'sudah', 'ada', 'akhirnya', 'koperasi', 'desa', 'bersaing', 'dengan', 'usaha', 'mikro', 'kecil', 'menengah', 'permodalan', 'koperasi', 'desa', 'dari', 'pemerintah', 'sedangkan', 'usaha', 'mikro', 'kecil', 'menengah', 'dari', 'dana', 'pinjaman', 'pribadi', 'bank', 'masalahnya', 'kelas', 'menengah', 'kolaps', 'tapi', 'pemerintah', 'tidak', 'bisa', 'menghidupkan', 'menambah', 'industri', 'penopang', 'kelas', 'menengah', 'sedangkan', 'kelas', 'menengah', 'pengkomsumsi', 'penggerak', 'terbanyak', 'barang', 'jasa', 'dari', 'kelas', 'atas', 'dan', 'kelas', 'bawah', 'koperasi', 'desa', 'bukan', 'solusi', 'untuk', 'mengobati', 'sakit', 'pada', 'kelas', 'menengah', 'yang', 'sakit', 'mana', 'yang', 'diobati', 'mana'];Tempo, KDMP;Kebijakan, Media;Mendukung;Mendukung;Menolak
Makin rusak;Makin rusak;makin rusak;makin rusak;['makin', 'rusak'];Tidak Terdeteksi;Lainnya;Netral;Netral;Menolak
Koperasi utk kemakmuran siapa? Kok tdk ada manfaatnya utk rakyat kecil ya?;Koperasi utk kemakmuran siapa Kok tdk ada manfaatnya utk rakyat kecil ya;koperasi untuk kemakmuran siapa tidak ada manfaatnya untuk rakyat kecil ya;koperasi untuk kemakmuran siapa tidak ada manfaatnya untuk rakyat kecil;['koperasi', 'untuk', 'kemakmuran', 'siapa', 'tidak', 'ada', 'manfaatnya', 'untuk', 'rakyat', 'kecil'];Tidak Terdeteksi;Lainnya;Mendukung;Mendukung;Menolak
Memang tujuan utamanya utk menjerat dan menyandera aparat desa supaya mendukung di pemilu 2029 terutama utk desa yg bermasalah;Memang tujuan utamanya utk menjerat dan menyandera aparat desa supaya mendukung di pemilu 2029 terutama utk desa yg bermasalah;memang tujuan utamanya untuk menjerat dan menyandera aparat desa supaya mendukung di pemilu 2029 terutama untuk desa yang bermasalah;memang tujuan utamanya untuk menjerat dan menyandera aparat desa supaya mendukung di pemilu 2029 terutama untuk desa yang bermasalah;['memang', 'tujuan', 'utamanya', 'untuk', 'menjerat', 'dan', 'menyandera', 'aparat', 'desa', 'supaya', 'mendukung', 'di', 'pemilu', '2029', 'terutama', 'untuk', 'desa', 'yang', 'bermasalah'];Tidak Terdeteksi;Lainnya;Mendukung;Mendukung;Menolak
Tempo keren2 si;Tempo keren2 si;tempo keren banget si;tempo keren banget si;['tempo', 'keren', 'banget', 'si'];Tempo;Media;Out_of_Topic;Out_of_Topic;Netral
Ekonomi semakin terpuruk karena sistem komando alias uang tdk berputar di rakyat.;Ekonomi semakin terpuruk karena sistem komando alias uang tdk berputar di rakyat;ekonomi semakin terpuruk karena sistem komando alias uang tidak berputar di rakyat;ekonomi semakin terpuruk karena sistem komando alias uang tidak berputar di rakyat;['ekonomi', 'semakin', 'terpuruk', 'karena', 'sistem', 'komando', 'alias', 'uang', 'tidak', 'berputar', 'di', 'rakyat'];Tidak Terdeteksi;Lainnya;Diskusi;Diskusi;Menolak
58 % dana desa dialihkan ke KDMP krn dana desa banyak yg dikorupsi, sekarang gantian KDMP pingin jg kebagian dana desa ??????;58 dana desa dialihkan ke KDMP krn dana desa banyak yg dikorupsi sekarang gantian KDMP pingin jg kebagian dana desa;58 dana desa dialihkan ke koperasi desa merah putih karena dana desa banyak yang dikorupsi sekarang gantian koperasi desa merah putih pingin juga kebagian dana desa;58 dana desa dialihkan ke koperasi desa merah putih karena dana desa banyak yang dikorupsi sekarang gantian koperasi desa merah putih pingin juga kebagian dana desa;['58', 'dana', 'desa', 'dialihkan', 'ke', 'koperasi', 'desa', 'merah', 'putih', 'karena', 'dana', 'desa', 'banyak', 'yang', 'dikorupsi', 'sekarang', 'gantian', 'koperasi', 'desa', 'merah', 'putih', 'pingin', 'juga', 'kebagian', 'dana', 'desa'];KDMP;Korupsi, Dana Desa;Diskusi;Diskusi;Menolak
Batalkan infor mobil india harus belanja mobil dlm negeri Indonesia???? maju;Batalkan infor mobil india harus belanja mobil dlm negeri Indonesia maju;batalkan infor mobil india harus belanja mobil dalam negeri indonesia maju;batalkan infor mobil india harus belanja mobil dalam negeri indonesia maju;['batalkan', 'infor', 'mobil', 'india', 'harus', 'belanja', 'mobil', 'dalam', 'negeri', 'indonesia', 'maju'];Tidak Terdeteksi;Lainnya;Mendukung;Mendukung;Menolak
Wah ternyata bener korupsi berjamaah ini jadinya;Wah ternyata bener korupsi berjamaah ini jadinya;wah ternyata benar korupsi berjamaah ini jadinya;wah ternyata benar korupsi berjamaah ini jadinya;['wah', 'ternyata', 'benar', 'korupsi', 'berjamaah', 'ini', 'jadinya'];Tidak Terdeteksi;Korupsi;Menolak;Menolak;Menolak
Pemerintah Prabowo meniru2 gaya2 Jokowi pantasan menuai kritikan   dari rakyat Aneh2 aja koperasi yang ada aja sudah tidak jalan di tambah lagi koperasi merah putih tambah amburadul tanpa pemikiran yang matang...;Pemerintah Prabowo meniru2 gaya2 Jokowi pantasan menuai kritikan dari rakyat Aneh2 aja koperasi yang ada aja sudah tidak jalan di tambah lagi koperasi merah putih tambah amburadul tanpa pemikiran yang matang;pemerintah prabowo meniru2 gaya2 jokowi pantasan menuai kritikan dari rakyat aneh2 saja koperasi yang ada saja sudah tidak jalan di tambah lagi koperasi desa merah putih tambah amburadul tanpa pemikiran yang matang;pemerintah prabowo meniru2 gaya2 jokowi pantasan menuai kritikan dari rakyat aneh2 saja koperasi yang ada saja sudah tidak jalan di tambah lagi koperasi desa merah putih tambah amburadul tanpa pemikiran yang matang;['pemerintah', 'prabowo', 'meniru2', 'gaya2', 'jokowi', 'pantasan', 'menuai', 'kritikan', 'dari', 'rakyat', 'aneh2', 'saja', 'koperasi', 'yang', 'ada', 'saja', 'sudah', 'tidak', 'jalan', 'di', 'tambah', 'lagi', 'koperasi', 'desa', 'merah', 'putih', 'tambah', 'amburadul', 'tanpa', 'pemikiran', 'yang', 'matang'];Prabowo, KDMP;Kebijakan;Menolak;Menolak;Menolak
Parah;Parah;parah;parah;['parah'];Tidak Terdeteksi;Lainnya;Netral;Netral;Menolak
Rusak??;Rusak;rusak;rusak;['rusak'];Tidak Terdeteksi;Lainnya;Netral;Netral;Menolak
lucunya KDMP itu anggaran sampai 3 M tidak ada biaya urugan pondasi bangunan. tidak ada transparani biayanya kepala desa dipaksa untuk mengkuti program yang gak jelas;lucunya KDMP itu anggaran sampai 3 M tidak ada biaya urugan pondasi bangunan tidak ada transparani biayanya kepala desa dipaksa untuk mengkuti program yang gak jelas;lucunya koperasi desa merah putih itu anggaran sampai 3 m tidak ada biaya urugan pondasi bangunan tidak ada transparani biayanya kepala desa dipaksa untuk mengkuti program yang tidak jelas;lucunya koperasi desa merah putih itu anggaran sampai tidak ada biaya urugan pondasi bangunan tidak ada transparani biayanya kepala desa dipaksa untuk mengkuti program yang tidak jelas;['lucunya', 'koperasi', 'desa', 'merah', 'putih', 'itu', 'anggaran', 'sampai', 'tidak', 'ada', 'biaya', 'urugan', 'pondasi', 'bangunan', 'tidak', 'ada', 'transparani', 'biayanya', 'kepala', 'desa', 'dipaksa', 'untuk', 'mengkuti', 'program', 'yang', 'tidak', 'jelas'];Kades, KDMP;Kebijakan;Mendukung;Mendukung;Menolak
kita tidak tahu pasti apa rencana Bapak Presiden Prabowo untuk Indonesia bersama kancah global;kita tidak tahu pasti apa rencana Bapak Presiden Prabowo untuk Indonesia bersama kancah global;kita tidak tahu pasti apa rencana bapak presiden prabowo untuk indonesia bersama kancah global;kita tidak tahu pasti apa rencana bapak presiden prabowo untuk indonesia bersama kancah global;['kita', 'tidak', 'tahu', 'pasti', 'apa', 'rencana', 'bapak', 'presiden', 'prabowo', 'untuk', 'indonesia', 'bersama', 'kancah', 'global'];Prabowo;Lainnya;Netral;Netral;Netral
Setuju dengan analisa TEMPO. Prabowo harus dengar ini. Ayo Teddy sampaikan kepada boss mu ya. Tks...;Setuju dengan analisa TEMPO Prabowo harus dengar ini Ayo Teddy sampaikan kepada boss mu ya Tks;setuju dengan analisis tempo prabowo harus dengar ini ayo teddy sampaikan kepada boss mu ya tks;setuju dengan analisis tempo prabowo harus dengar ini ayo teddy sampaikan kepada boss mu tks;['setuju', 'dengan', 'analisis', 'tempo', 'prabowo', 'harus', 'dengar', 'ini', 'ayo', 'teddy', 'sampaikan', 'kepada', 'boss', 'mu', 'tks'];Prabowo, Tempo;Media;Mendukung;Mendukung;Menolak
"Salam dari Kabupaten Mimika Propinsi Papua Tengah hingga saat ini blum dpt perhatian dari Satgas2 KMP,
Buktinya blum ada Koperasi MP di Mimika yg sdh berjalan krn blum bisa dpt Kucuran Dana Operasional Koperasi MP, sangat Miris krn kucuran dana Kemenkeu sdh 200-400  T ke Himbara 
Pemerintah Pusat dlm hal ini TDK berlaku Adil untuk semua daerah di Indonesia ini.
Pak Presiden kurang fokus dg Asta Cita di Daerah di luar Jawa/Desa n Kecamatan di luar Jawa";Salam dari Kabupaten Mimika Propinsi Papua Tengah hingga saat ini blum dpt perhatian dari Satgas2 KMP Buktinya blum ada Koperasi MP di Mimika yg sdh berjalan krn blum bisa dpt Kucuran Dana Operasional Koperasi MP sangat Miris krn kucuran dana Kemenkeu sdh 200 400 T ke Himbara Pemerintah Pusat dlm hal ini TDK berlaku Adil untuk semua daerah di Indonesia ini Pak Presiden kurang fokus dg Asta Cita di Daerah di luar Jawa Desa n Kecamatan di luar Jawa;salam dari kabupaten mimika propinsi papua tengah hingga saat ini blum dpt perhatian dari satgas2 koperasi desa merah putih buktinya blum ada koperasi mp di mimika yang sudah berjalan karena blum bisa dpt kucuran dana operasional koperasi mp sangat miris karena kucuran dana kemenkeu sudah 200 400 tidak ke himbara pemerintah pusat dalam hal ini tidak berlaku adil untuk semua daerah di indonesia ini pak presiden kurang fokus dengan asta cita di daerah di luar jawa desa n kecamatan di luar jawa;salam dari kabupaten mimika propinsi papua tengah hingga saat ini blum dpt perhatian dari satgas2 koperasi desa merah putih buktinya blum ada koperasi mp di mimika yang sudah berjalan karena blum bisa dpt kucuran dana operasional koperasi mp sangat miris karena kucuran dana kemenkeu sudah 200 400 tidak ke himbara pemerintah pusat dalam hal ini tidak berlaku adil untuk semua daerah di indonesia ini pak presiden kurang fokus dengan asta cita di daerah di luar jawa desa kecamatan di luar jawa;['salam', 'dari', 'kabupaten', 'mimika', 'propinsi', 'papua', 'tengah', 'hingga', 'saat', 'ini', 'blum', 'dpt', 'perhatian', 'dari', 'satgas2', 'koperasi', 'desa', 'merah', 'putih', 'buktinya', 'blum', 'ada', 'koperasi', 'mp', 'di', 'mimika', 'yang', 'sudah', 'berjalan', 'karena', 'blum', 'bisa', 'dpt', 'kucuran', 'dana', 'operasional', 'koperasi', 'mp', 'sangat', 'miris', 'karena', 'kucuran', 'dana', 'kemenkeu', 'sudah', '200', '400', 'tidak', 'ke', 'himbara', 'pemerintah', 'pusat', 'dalam', 'hal', 'ini', 'tidak', 'berlaku', 'adil', 'untuk', 'semua', 'daerah', 'di', 'indonesia', 'ini', 'pak', 'presiden', 'kurang', 'fokus', 'dengan', 'asta', 'cita', 'di', 'daerah', 'di', 'luar', 'jawa', 'desa', 'kecamatan', 'di', 'luar', 'jawa'];Prabowo, KDMP;Kebijakan;Diskusi;Diskusi;Diskusi
"kalo masyarakat dlm menjalankan program desa / pemerintah sdh seharusnya ikhlas tanpa pamrih ( gak boleh mengharapkan gaji / honor ). kegiatan harus ttp jalan walau tanpa adanya anggaran dr negara.
Beda dg pejabat dlm melaksanakan tugasnya harus ada anggaran negara, krn program gak bisa jalan tanpa adanya anggaran.";kalo masyarakat dlm menjalankan program desa pemerintah sdh seharusnya ikhlas tanpa pamrih gak boleh mengharapkan gaji honor kegiatan harus ttp jalan walau tanpa adanya anggaran dr negara Beda dg pejabat dlm melaksanakan tugasnya harus ada anggaran negara krn program gak bisa jalan tanpa adanya anggaran;kalau masyarakat dalam menjalankan program desa pemerintah sudah seharusnya ikhlas tanpa pamrih tidak boleh mengharapkan gaji honor kegiatan harus tetap jalan walau tanpa adanya anggaran dari negara beda dengan pejabat dalam melaksanakan tugasnya harus ada anggaran negara karena program tidak bisa jalan tanpa adanya anggaran;kalau masyarakat dalam menjalankan program desa pemerintah sudah seharusnya ikhlas tanpa pamrih tidak boleh mengharapkan gaji honor kegiatan harus tetap jalan walau tanpa adanya anggaran dari negara beda dengan pejabat dalam melaksanakan tugasnya harus ada anggaran negara karena program tidak bisa jalan tanpa adanya anggaran;['kalau', 'masyarakat', 'dalam', 'menjalankan', 'program', 'desa', 'pemerintah', 'sudah', 'seharusnya', 'ikhlas', 'tanpa', 'pamrih', 'tidak', 'boleh', 'mengharapkan', 'gaji', 'honor', 'kegiatan', 'harus', 'tetap', 'jalan', 'walau', 'tanpa', 'adanya', 'anggaran', 'dari', 'negara', 'beda', 'dengan', 'pejabat', 'dalam', 'melaksanakan', 'tugasnya', 'harus', 'ada', 'anggaran', 'negara', 'karena', 'program', 'tidak', 'bisa', 'jalan', 'tanpa', 'adanya', 'anggaran'];Tidak Terdeteksi;Kebijakan;Diskusi;Diskusi;Diskusi
Lahan korupsi baru yaitu KMP;Lahan korupsi baru yaitu KMP;lahan korupsi baru yaitu koperasi desa merah putih;lahan korupsi baru yaitu koperasi desa merah putih;['lahan', 'korupsi', 'baru', 'yaitu', 'koperasi', 'desa', 'merah', 'putih'];KDMP;Korupsi;Menolak;Menolak;Menolak
Keterlibatan TNI justru bisa mempercepat eksekusi di lapangan, bukan mengambil alih desa. Soal dana, itu soal tata kelola, bukan salah militernya atau Prabowo Subianto.;Keterlibatan TNI justru bisa mempercepat eksekusi di lapangan bukan mengambil alih desa Soal dana itu soal tata kelola bukan salah militernya atau Prabowo Subianto;keterlibatan tni justru bisa mempercepat eksekusi di lapangan bukan mengambil alih desa soal dana itu soal tata kelola bukan salah militernya atau prabowo subianto;keterlibatan tni justru bisa mempercepat eksekusi di lapangan bukan mengambil alih desa soal dana itu soal tata kelola bukan salah militernya atau prabowo subianto;['keterlibatan', 'tni', 'justru', 'bisa', 'mempercepat', 'eksekusi', 'di', 'lapangan', 'bukan', 'mengambil', 'alih', 'desa', 'soal', 'dana', 'itu', 'soal', 'tata', 'kelola', 'bukan', 'salah', 'militernya', 'atau', 'prabowo', 'subianto'];TNI, Prabowo;Militerisasi;Netral;Netral;Mendukung
Tujuannya bagus koperasi merah putih ini tapi sangat di sayangkan persiapan SDM di desa2/kelurahan sangat kurang, msh bingung dan blm paham tentang koperasi;Tujuannya bagus koperasi merah putih ini tapi sangat di sayangkan persiapan SDM di desa2 kelurahan sangat kurang msh bingung dan blm paham tentang koperasi;tujuannya bagus koperasi desa merah putih ini tapi sangat di sayangkan persiapan sdm di desa2 kelurahan sangat kurang msh bingung dan belum paham tentang koperasi;tujuannya bagus koperasi desa merah putih ini tapi sangat di sayangkan persiapan sdm di desa2 kelurahan sangat kurang msh bingung dan belum paham tentang koperasi;['tujuannya', 'bagus', 'koperasi', 'desa', 'merah', 'putih', 'ini', 'tapi', 'sangat', 'di', 'sayangkan', 'persiapan', 'sdm', 'di', 'desa2', 'kelurahan', 'sangat', 'kurang', 'msh', 'bingung', 'dan', 'belum', 'paham', 'tentang', 'koperasi'];KDMP;Lainnya;Mendukung;Mendukung;Mendukung
Ladang korupsi baru ini mah;Ladang korupsi baru ini mah;korupsi baru ini mah;korupsi baru ini mah;['korupsi', 'baru', 'ini', 'mah'];Tidak Terdeteksi;Korupsi;Menolak;Menolak;Menolak
Selama ini banyak koperasi yang gulung tikar. Karena uang yang dipinjamkan banyak yang tidak kembali. Waktu  dapat pinjaman senang. Tetapi waktu mengembalikan tak punya kemampuan. Belajarlah dari sejarah.;Selama ini banyak koperasi yang gulung tikar Karena uang yang dipinjamkan banyak yang tidak kembali Waktu dapat pinjaman senang Tetapi waktu mengembalikan tak punya kemampuan Belajarlah dari sejarah;selama ini banyak koperasi yang gulung tikar karena uang yang dipinjamkan banyak yang tidak kembali waktu dapat pinjaman senang tetapi waktu mengembalikan tidak punya kemampuan belajarlah dari sejarah;selama ini banyak koperasi yang gulung tikar karena uang yang dipinjamkan banyak yang tidak kembali waktu dapat pinjaman senang tetapi waktu mengembalikan tidak punya kemampuan belajarlah dari sejarah;['selama', 'ini', 'banyak', 'koperasi', 'yang', 'gulung', 'tikar', 'karena', 'uang', 'yang', 'dipinjamkan', 'banyak', 'yang', 'tidak', 'kembali', 'waktu', 'dapat', 'pinjaman', 'senang', 'tetapi', 'waktu', 'mengembalikan', 'tidak', 'punya', 'kemampuan', 'belajarlah', 'dari', 'sejarah'];Tidak Terdeteksi;Lainnya;Diskusi;Diskusi;Menolak
Bukannya tdk se7 dgn terbentuk koperasi ini tp pihak pemangku kebijakan hrusnya survei dlu krn banyak di desa2 koperasi sdh terbentuk bertahn2 spt di desaku, ada 2 koperasi malahan...klu di adakan lg sy pkir kurg tept dan kurg efektif lebih baik memberdayakan sdh ada. Kan tjuan kemajuan justru dgn hadirnya koperasi baru akan memunculkan lg syart kepentingan dan saingan. Coba d pkir dlulah...;Bukannya tdk se7 dgn terbentuk koperasi ini tp pihak pemangku kebijakan hrusnya survei dlu krn banyak di desa2 koperasi sdh terbentuk bertahn2 spt di desaku ada 2 koperasi malahan klu di adakan lg sy pkir kurg tept dan kurg efektif lebih baik memberdayakan sdh ada Kan tjuan kemajuan justru dgn hadirnya koperasi baru akan memunculkan lg syart kepentingan dan saingan Coba d pkir dlulah;bukannya tidak se7 dengan terbentuk koperasi ini tapi pihak pemangku kebijakan hrusnya survei dlu karena banyak di desa2 koperasi sudah terbentuk bertahn2 seperti di desaku ada 2 koperasi malahan kalau di adakan lg saya pkir kurg tept dan kurg efektif lebih baik memberdayakan sudah ada tjuan kemajuan justru dengan hadirnya koperasi baru akan memunculkan lg syart kepentingan dan saingan coba d pkir dlulah;bukannya tidak se7 dengan terbentuk koperasi ini tapi pihak pemangku kebijakan hrusnya survei dlu karena banyak di desa2 koperasi sudah terbentuk bertahn2 seperti di desaku ada koperasi malahan kalau di adakan lg saya pkir kurg tept dan kurg efektif lebih baik memberdayakan sudah ada tjuan kemajuan justru dengan hadirnya koperasi baru akan memunculkan lg syart kepentingan dan saingan coba pkir dlulah;['bukannya', 'tidak', 'se7', 'dengan', 'terbentuk', 'koperasi', 'ini', 'tapi', 'pihak', 'pemangku', 'kebijakan', 'hrusnya', 'survei', 'dlu', 'karena', 'banyak', 'di', 'desa2', 'koperasi', 'sudah', 'terbentuk', 'bertahn2', 'seperti', 'di', 'desaku', 'ada', 'koperasi', 'malahan', 'kalau', 'di', 'adakan', 'lg', 'saya', 'pkir', 'kurg', 'tept', 'dan', 'kurg', 'efektif', 'lebih', 'baik', 'memberdayakan', 'sudah', 'ada', 'tjuan', 'kemajuan', 'justru', 'dengan', 'hadirnya', 'koperasi', 'baru', 'akan', 'memunculkan', 'lg', 'syart', 'kepentingan', 'dan', 'saingan', 'coba', 'pkir', 'dlulah'];Tidak Terdeteksi;Kebijakan;Out_of_Topic;Out_of_Topic;Diskusi
Rakyat semakin tidak berdaya untuk membendungnya...;Rakyat semakin tidak berdaya untuk membendungnya;rakyat semakin tidak berdaya untuk membendungnya;rakyat semakin tidak berdaya untuk membendungnya;['rakyat', 'semakin', 'tidak', 'berdaya', 'untuk', 'membendungnya'];Tidak Terdeteksi;Lainnya;Netral;Netral;Menolak
Nambah lg beban negara buat bayar gaji manajer;Nambah lg beban negara buat bayar gaji manajer;nambah lg beban negara untuk bayar gaji manajer;nambah lg beban negara untuk bayar gaji manajer;['nambah', 'lg', 'beban', 'negara', 'untuk', 'bayar', 'gaji', 'manajer'];Tidak Terdeteksi;Lainnya;Menolak;Menolak;Menolak
paling2 jadi lahan korupsi baru buat menteri dan pejabat2nya...rakyat cuma jadi objek aja..;paling2 jadi lahan korupsi baru buat menteri dan pejabat2nya rakyat cuma jadi objek aja;paling2 jadi lahan korupsi baru untuk menteri dan pejabat2nya rakyat hanya jadi objek saja;paling2 jadi lahan korupsi baru untuk menteri dan pejabat2nya rakyat hanya jadi objek saja;['paling2', 'jadi', 'lahan', 'korupsi', 'baru', 'untuk', 'menteri', 'dan', 'pejabat2nya', 'rakyat', 'hanya', 'jadi', 'objek', 'saja'];Tidak Terdeteksi;Korupsi;Menolak;Menolak;Menolak
Lahan baru untuk korupsi bersama danantara..indonesia bersiap untuk nyungsep;Lahan baru untuk korupsi bersama danantara indonesia bersiap untuk nyungsep;lahan baru untuk korupsi bersama danantara indonesia bersiap untuk nyungsep;lahan baru untuk korupsi bersama danantara indonesia bersiap untuk nyungsep;['lahan', 'baru', 'untuk', 'korupsi', 'bersama', 'danantara', 'indonesia', 'bersiap', 'untuk', 'nyungsep'];Tidak Terdeteksi;Korupsi;Menolak;Menolak;Menolak
Mengapa hrs pembangunan koperasi merah putih ditangani TNI, karena jika ditangani  kontraktor swasta maka perlu dana besar,, kontraktor2 nanti ambil untung nanti 60%. Akhir biaya pembangunan cmn 40%, jd gmn mutu pembangunan bisa bagus dan standar mutu.. untung 60% pdhal di bagi2 buat pejabat sbgian buat media yg rajin ngomong kritik pemerintah.??????????????????????;Mengapa hrs pembangunan koperasi merah putih ditangani TNI karena jika ditangani kontraktor swasta maka perlu dana besar kontraktor2 nanti ambil untung nanti 60 Akhir biaya pembangunan cmn 40 jd gmn mutu pembangunan bisa bagus dan standar mutu untung 60 pdhal di bagi2 buat pejabat sbgian buat media yg rajin ngomong kritik pemerintah;mengapa harus pembangunan koperasi desa merah putih ditangani tni karena jika ditangani kontraktor swasta maka perlu dana besar kontraktor2 nanti ambil untung nanti 60 akhir biaya pembangunan cmn 40 jadi bagaimana mutu pembangunan bisa bagus dan standar mutu untung 60 pdhal di bagi2 untuk pejabat sbgian untuk media yang rajin ngomong kritik pemerintah;mengapa harus pembangunan koperasi desa merah putih ditangani tni karena jika ditangani kontraktor swasta maka perlu dana besar kontraktor2 nanti ambil untung nanti 60 akhir biaya pembangunan cmn 40 jadi bagaimana mutu pembangunan bisa bagus dan standar mutu untung 60 pdhal di bagi2 untuk pejabat sbgian untuk media yang rajin ngomong kritik pemerintah;['mengapa', 'harus', 'pembangunan', 'koperasi', 'desa', 'merah', 'putih', 'ditangani', 'tni', 'karena', 'jika', 'ditangani', 'kontraktor', 'swasta', 'maka', 'perlu', 'dana', 'besar', 'kontraktor2', 'nanti', 'ambil', 'untung', 'nanti', '60', 'akhir', 'biaya', 'pembangunan', 'cmn', '40', 'jadi', 'bagaimana', 'mutu', 'pembangunan', 'bisa', 'bagus', 'dan', 'standar', 'mutu', 'untung', '60', 'pdhal', 'di', 'bagi2', 'untuk', 'pejabat', 'sbgian', 'untuk', 'media', 'yang', 'rajin', 'ngomong', 'kritik', 'pemerintah'];TNI, KDMP;Militerisasi, Kebijakan;Diskusi;Diskusi;Diskusi
antek2;antek2;antek2;antek2;['antek2'];Tidak Terdeteksi;Lainnya;Netral;Netral;Menolak
Tempo jangan membuat  kami tidak semangat kita perlu dukung niat baik pak Prabowo maju terus pak Prabowo.;Tempo jangan membuat kami tidak semangat kita perlu dukung niat baik pak Prabowo maju terus pak Prabowo;tempo jangan membuat kami tidak semangat kita perlu dukung niat baik pak prabowo maju terus pak prabowo;tempo jangan membuat kami tidak semangat kita perlu dukung niat baik pak prabowo maju terus pak prabowo;['tempo', 'jangan', 'membuat', 'kami', 'tidak', 'semangat', 'kita', 'perlu', 'dukung', 'niat', 'baik', 'pak', 'prabowo', 'maju', 'terus', 'pak', 'prabowo'];Prabowo, Tempo;Media;Mendukung;Mendukung;Mendukung
Tujuan Baik HASIL Nya???????? Semoga Tidak Mengenaskan ??;Tujuan Baik HASIL Nya Semoga Tidak Mengenaskan;tujuan baik hasil nya semoga tidak mengenaskan;tujuan baik hasil nya semoga tidak mengenaskan;['tujuan', 'baik', 'hasil', 'nya', 'semoga', 'tidak', 'mengenaskan'];Tidak Terdeteksi;Lainnya;Mendukung;Mendukung;Menolak
"Dana desa banyak dikorupsi kades + perangkat,, lebih baik digunakan yg bermanfaat buat rakyat..
Kades dilibatkan sebagai pengawas bukan pelaksana (dari pada dikorupsi sama kades + perangkat) . .";Dana desa banyak dikorupsi kades perangkat lebih baik digunakan yg bermanfaat buat rakyat Kades dilibatkan sebagai pengawas bukan pelaksana dari pada dikorupsi sama kades perangkat;dana desa banyak dikorupsi kepala desa perangkat lebih baik digunakan yang bermanfaat untuk rakyat kepala desa dilibatkan sebagai pengawas bukan pelaksana dari pada dikorupsi sama kepala desa perangkat;dana desa banyak dikorupsi kepala desa perangkat lebih baik digunakan yang bermanfaat untuk rakyat kepala desa dilibatkan sebagai pengawas bukan pelaksana dari pada dikorupsi sama kepala desa perangkat;['dana', 'desa', 'banyak', 'dikorupsi', 'kepala', 'desa', 'perangkat', 'lebih', 'baik', 'digunakan', 'yang', 'bermanfaat', 'untuk', 'rakyat', 'kepala', 'desa', 'dilibatkan', 'sebagai', 'pengawas', 'bukan', 'pelaksana', 'dari', 'pada', 'dikorupsi', 'sama', 'kepala', 'desa', 'perangkat'];Kades;Korupsi, Dana Desa;Mendukung;Mendukung;Mendukung
"Wajib ada pejabat yang jadi maling lagi ini...

Indonesia...

??????
??????";Wajib ada pejabat yang jadi maling lagi ini Indonesia;wajib ada pejabat yang jadi maling lagi ini indonesia;wajib ada pejabat yang jadi maling lagi ini indonesia;['wajib', 'ada', 'pejabat', 'yang', 'jadi', 'maling', 'lagi', 'ini', 'indonesia'];Tidak Terdeteksi;Korupsi;Menolak;Menolak;Menolak
baiknya sih parpol di kurangin aja lah demokrasi2 malah carut marut g jls.. yg enak org yg di parpol??????;baiknya sih parpol di kurangin aja lah demokrasi2 malah carut marut g jls yg enak org yg di parpol;baiknya parpol di kurangin saja demokrasi2 malah carut marut tidak jls yang enak orang yang di parpol;baiknya parpol di kurangin saja demokrasi2 malah carut marut tidak jls yang enak orang yang di parpol;['baiknya', 'parpol', 'di', 'kurangin', 'saja', 'demokrasi2', 'malah', 'carut', 'marut', 'tidak', 'jls', 'yang', 'enak', 'orang', 'yang', 'di', 'parpol'];Tidak Terdeteksi;Lainnya;Mendukung;Mendukung;Menolak
koperasi di indonesia dalam sejarahnya yg 100 tahun tidak ada yg berhasil... Malah jadi sarang korupsi, karena tidak akuntable, tidak ada yg audit.  sudah lupakanlah ide koperasi...;koperasi di indonesia dalam sejarahnya yg 100 tahun tidak ada yg berhasil Malah jadi sarang korupsi karena tidak akuntable tidak ada yg audit sudah lupakanlah ide koperasi;koperasi di indonesia dalam sejarahnya yang 100 tahun tidak ada yang berhasil malah jadi sarang korupsi karena tidak akuntable tidak ada yang audit sudah lupakanlah ide koperasi;koperasi di indonesia dalam sejarahnya yang 100 tahun tidak ada yang berhasil malah jadi sarang korupsi karena tidak akuntable tidak ada yang audit sudah lupakanlah ide koperasi;['koperasi', 'di', 'indonesia', 'dalam', 'sejarahnya', 'yang', '100', 'tahun', 'tidak', 'ada', 'yang', 'berhasil', 'malah', 'jadi', 'sarang', 'korupsi', 'karena', 'tidak', 'akuntable', 'tidak', 'ada', 'yang', 'audit', 'sudah', 'lupakanlah', 'ide', 'koperasi'];Tidak Terdeteksi;Korupsi;Diskusi;Diskusi;Mendukung
Semoga tdk meniru gaya pemerintahan militeristik   KorUt;Semoga tdk meniru gaya pemerintahan militeristik KorUt;semoga tidak meniru gaya pemerintahan militeristik korut;semoga tidak meniru gaya pemerintahan militeristik korut;['semoga', 'tidak', 'meniru', 'gaya', 'pemerintahan', 'militeristik', 'korut'];TNI;Militerisasi, Kebijakan;Netral;Netral;Menolak
"Iklim usaha lagi sulit banyak rakyat berjuang untuk cari uang kata mereka sekarang susah.
Ngajukan pinjaman mudah ketika mengembalikan susah akibatnya macet.
Kecenderungan orang suka menerima jasa, upah, dan takut dikejar hutang.
Bersabar pilih yg benar terbaik  untuk pemilu kedepan.";Iklim usaha lagi sulit banyak rakyat berjuang untuk cari uang kata mereka sekarang susah Ngajukan pinjaman mudah ketika mengembalikan susah akibatnya macet Kecenderungan orang suka menerima jasa upah dan takut dikejar hutang Bersabar pilih yg benar terbaik untuk pemilu kedepan;iklim usaha lagi sulit banyak rakyat berjuang untuk cari uang kata mereka sekarang susah ngajukan pinjaman mudah ketika mengembalikan susah akibatnya macet kecenderungan orang suka menerima jasa upah dan takut dikejar hutang bersabar pilih yang benar terbaik untuk pemilu kedepan;iklim usaha lagi sulit banyak rakyat berjuang untuk cari uang kata mereka sekarang susah ngajukan pinjaman mudah ketika mengembalikan susah akibatnya macet kecenderungan orang suka menerima jasa upah dan takut dikejar hutang bersabar pilih yang benar terbaik untuk pemilu kedepan;['iklim', 'usaha', 'lagi', 'sulit', 'banyak', 'rakyat', 'berjuang', 'untuk', 'cari', 'uang', 'kata', 'mereka', 'sekarang', 'susah', 'ngajukan', 'pinjaman', 'mudah', 'ketika', 'mengembalikan', 'susah', 'akibatnya', 'macet', 'kecenderungan', 'orang', 'suka', 'menerima', 'jasa', 'upah', 'dan', 'takut', 'dikejar', 'hutang', 'bersabar', 'pilih', 'yang', 'benar', 'terbaik', 'untuk', 'pemilu', 'kedepan'];Tidak Terdeteksi;Lainnya;Mendukung;Mendukung;Menolak
Saya pikir,penjara lebih sedikit dibandingkan dengan manusia yang masuk penjara nantinya.tapi ini perintah dari Pak Presiden.,apa bedanya dengan KUD yang dulu,hilang tanpa kabar.ini ada motif politiknya,liat aja nanti dalam waktu dekat pasti ada launcing KPDMP secara serempak seluruh Indonesia.Desa yang dengan Indeks Desa sangat tertinggal harus dipaksakan membuat KDPMP ini,setara dengan desa yang sudah maju,karena memang ini perintah dan harus,karena salah satu persyaratan Uang DD Transfer dari KPPN ke RKUD ya harus ada akta notaris KDPMP.;Saya pikir penjara lebih sedikit dibandingkan dengan manusia yang masuk penjara nantinya tapi ini perintah dari Pak Presiden apa bedanya dengan KUD yang dulu hilang tanpa kabar ini ada motif politiknya liat aja nanti dalam waktu dekat pasti ada launcing KPDMP secara serempak seluruh Indonesia Desa yang dengan Indeks Desa sangat tertinggal harus dipaksakan membuat KDPMP ini setara dengan desa yang sudah maju karena memang ini perintah dan harus karena salah satu persyaratan Uang DD Transfer dari KPPN ke RKUD ya harus ada akta notaris KDPMP;saya pikir penjara lebih sedikit dibandingkan dengan manusia yang masuk penjara nantinya tapi ini perintah dari pak presiden apa bedanya dengan koperasi unit desa yang dulu hilang tanpa kabar ini ada motif politiknya liat saja nanti dalam waktu dekat pasti ada launcing kpdmp secara serempak seluruh indonesia desa yang dengan indeks desa sangat tertinggal harus dipaksakan membuat kdpmp ini setara dengan desa yang sudah maju karena memang ini perintah dan harus karena salah satu persyaratan uang dd transfer dari kppn ke rkud ya harus ada akta notaris kdpmp;saya pikir penjara lebih sedikit dibandingkan dengan manusia yang masuk penjara nantinya tapi ini perintah dari pak presiden apa bedanya dengan koperasi unit desa yang dulu hilang tanpa kabar ini ada motif politiknya liat saja nanti dalam waktu dekat pasti ada launcing kpdmp secara serempak seluruh indonesia desa yang dengan indeks desa sangat tertinggal harus dipaksakan membuat kdpmp ini setara dengan desa yang sudah maju karena memang ini perintah dan harus karena salah satu persyaratan uang dd transfer dari kppn ke rkud harus ada akta notaris kdpmp;['saya', 'pikir', 'penjara', 'lebih', 'sedikit', 'dibandingkan', 'dengan', 'manusia', 'yang', 'masuk', 'penjara', 'nantinya', 'tapi', 'ini', 'perintah', 'dari', 'pak', 'presiden', 'apa', 'bedanya', 'dengan', 'koperasi', 'unit', 'desa', 'yang', 'dulu', 'hilang', 'tanpa', 'kabar', 'ini', 'ada', 'motif', 'politiknya', 'liat', 'saja', 'nanti', 'dalam', 'waktu', 'dekat', 'pasti', 'ada', 'launcing', 'kpdmp', 'secara', 'serempak', 'seluruh', 'indonesia', 'desa', 'yang', 'dengan', 'indeks', 'desa', 'sangat', 'tertinggal', 'harus', 'dipaksakan', 'membuat', 'kdpmp', 'ini', 'setara', 'dengan', 'desa', 'yang', 'sudah', 'maju', 'karena', 'memang', 'ini', 'perintah', 'dan', 'harus', 'karena', 'salah', 'satu', 'persyaratan', 'uang', 'dd', 'transfer', 'dari', 'kppn', 'ke', 'rkud', 'harus', 'ada', 'akta', 'notaris', 'kdpmp'];Prabowo;KUD;Diskusi;Diskusi;Diskusi
Akhirnya cuma jadi lahan korupsi aja, kopdes merah putih ?  Tata kelolanya juga gak jelas;Akhirnya cuma jadi lahan korupsi aja kopdes merah putih Tata kelolanya juga gak jelas;akhirnya hanya jadi lahan korupsi saja koperasi desa merah putih tata kelolanya juga tidak jelas;akhirnya hanya jadi lahan korupsi saja koperasi desa merah putih tata kelolanya juga tidak jelas;['akhirnya', 'hanya', 'jadi', 'lahan', 'korupsi', 'saja', 'koperasi', 'desa', 'merah', 'putih', 'tata', 'kelolanya', 'juga', 'tidak', 'jelas'];KDMP;Korupsi;Menolak;Menolak;Menolak
"koprasi : ? 
korupsi : ???";koprasi korupsi;koperasi korupsi;koperasi korupsi;['koperasi', 'korupsi'];Tidak Terdeteksi;Korupsi;Menolak;Menolak;Menolak
Wong duitnya buat rakyat dan negara ko malah ada yg doain bangkrut apa ga otak tai itu yg bilang;Wong duitnya buat rakyat dan negara ko malah ada yg doain bangkrut apa ga otak tai itu yg bilang;wong duitnya untuk rakyat dan negara ko malah ada yang doain bangkrut apa tidak otak tai itu yang bilang;wong duitnya untuk rakyat dan negara ko malah ada yang doain bangkrut apa tidak otak tai itu yang bilang;['wong', 'duitnya', 'untuk', 'rakyat', 'dan', 'negara', 'ko', 'malah', 'ada', 'yang', 'doain', 'bangkrut', 'apa', 'tidak', 'otak', 'tai', 'itu', 'yang', 'bilang'];Tidak Terdeteksi;Lainnya;Mendukung;Mendukung;Menolak
Buang duit;Buang duit;buang uang;buang uang;['buang', 'uang'];Tidak Terdeteksi;Lainnya;Netral;Netral;Menolak
coba tempo ikut berantas korupsi dong biar lebih bermanfaat untuk rakyat;coba tempo ikut berantas korupsi dong biar lebih bermanfaat untuk rakyat;coba tempo ikut berantas korupsi biar lebih bermanfaat untuk rakyat;coba tempo ikut berantas korupsi biar lebih bermanfaat untuk rakyat;['coba', 'tempo', 'ikut', 'berantas', 'korupsi', 'biar', 'lebih', 'bermanfaat', 'untuk', 'rakyat'];Tempo;Korupsi, Media;Mendukung;Mendukung;Menolak
KOPERASI merah putih mungkin mimpi mentri Budi Ari, Koperasi yg ada sekarang itupun boleh di katakan banyak yg tidak jalan  maupun di tambah lg, masyarakat yg paling di butuhkan perbaikan ekonpmi dan inprastruktur;KOPERASI merah putih mungkin mimpi mentri Budi Ari Koperasi yg ada sekarang itupun boleh di katakan banyak yg tidak jalan maupun di tambah lg masyarakat yg paling di butuhkan perbaikan ekonpmi dan inprastruktur;koperasi desa merah putih mungkin mimpi mentri budi ari koperasi yang ada sekarang itupun boleh di katakan banyak yang tidak jalan maupun di tambah lg masyarakat yang paling di butuhkan perbaikan ekonpmi dan inprastruktur;koperasi desa merah putih mungkin mimpi mentri budi ari koperasi yang ada sekarang itupun boleh di katakan banyak yang tidak jalan maupun di tambah lg masyarakat yang paling di butuhkan perbaikan ekonpmi dan inprastruktur;['koperasi', 'desa', 'merah', 'putih', 'mungkin', 'mimpi', 'mentri', 'budi', 'ari', 'koperasi', 'yang', 'ada', 'sekarang', 'itupun', 'boleh', 'di', 'katakan', 'banyak', 'yang', 'tidak', 'jalan', 'maupun', 'di', 'tambah', 'lg', 'masyarakat', 'yang', 'paling', 'di', 'butuhkan', 'perbaikan', 'ekonpmi', 'dan', 'inprastruktur'];KDMP;Lainnya;Mendukung;Mendukung;Menolak
Adanya koperasi ini secara tidak langsung ada peringatan bagi pedagang. Jangan mempermainkan dan getok harga sesukanya bersaing dengan sehat.;Adanya koperasi ini secara tidak langsung ada peringatan bagi pedagang Jangan mempermainkan dan getok harga sesukanya bersaing dengan sehat;adanya koperasi ini secara tidak langsung ada peringatan bagi pedagang jangan mempermainkan dan getok harga sesukanya bersaing dengan sehat;adanya koperasi ini secara tidak langsung ada peringatan bagi pedagang jangan mempermainkan dan getok harga sesukanya bersaing dengan sehat;['adanya', 'koperasi', 'ini', 'secara', 'tidak', 'langsung', 'ada', 'peringatan', 'bagi', 'pedagang', 'jangan', 'mempermainkan', 'dan', 'getok', 'harga', 'sesukanya', 'bersaing', 'dengan', 'sehat'];Tidak Terdeteksi;Lainnya;Menolak;Menolak;Menolak
cobaan Indo makin berat karena ga tobat;cobaan Indo makin berat karena ga tobat;cobaan indo makin berat karena tidak tobat;cobaan indo makin berat karena tidak tobat;['cobaan', 'indo', 'makin', 'berat', 'karena', 'tidak', 'tobat'];Tidak Terdeteksi;Lainnya;Diskusi;Diskusi;Menolak
Vindry paling ayu ttp juga paling ora lemu. Host wedok lain semua lemu lemu;Vindry paling ayu ttp juga paling ora lemu Host wedok lain semua lemu lemu;vindry paling ayu tetap juga paling ora lemu host wedok lain semua lemu lemu;vindry paling ayu tetap juga paling ora lemu host wedok lain semua lemu lemu;['vindry', 'paling', 'ayu', 'tetap', 'juga', 'paling', 'ora', 'lemu', 'host', 'wedok', 'lain', 'semua', 'lemu', 'lemu'];Tidak Terdeteksi;Lainnya;Out_of_Topic;Out_of_Topic;Out_of_Topic
Artinya akan diisi oleh partai ??;Artinya akan diisi oleh partai;artinya akan diisi oleh partai;artinya akan diisi oleh partai;['artinya', 'akan', 'diisi', 'oleh', 'partai'];Tidak Terdeteksi;Lainnya;Netral;Netral;Menolak
Mudah2an aparat keamanan tidak benar2 dilibatkan dalam bisnis ekonomi scr langsung... Bgmn jika mental dan jiwanya berubah dalam berbakti kepada negara demi kesejahteraan masyarakat dan kemajuan bangsa....;Mudah2an aparat keamanan tidak benar2 dilibatkan dalam bisnis ekonomi scr langsung Bgmn jika mental dan jiwanya berubah dalam berbakti kepada negara demi kesejahteraan masyarakat dan kemajuan bangsa;mudah2an aparat keamanan tidak benar2 dilibatkan dalam bisnis ekonomi scr langsung bgmn jika mental dan jiwanya berubah dalam berbakti kepada negara demi kesejahteraan masyarakat dan kemajuan bangsa;mudah2an aparat keamanan tidak benar2 dilibatkan dalam bisnis ekonomi scr langsung bgmn jika mental dan jiwanya berubah dalam berbakti kepada negara demi kesejahteraan masyarakat dan kemajuan bangsa;['mudah2an', 'aparat', 'keamanan', 'tidak', 'benar2', 'dilibatkan', 'dalam', 'bisnis', 'ekonomi', 'scr', 'langsung', 'bgmn', 'jika', 'mental', 'dan', 'jiwanya', 'berubah', 'dalam', 'berbakti', 'kepada', 'negara', 'demi', 'kesejahteraan', 'masyarakat', 'dan', 'kemajuan', 'bangsa'];Tidak Terdeteksi;Lainnya;Diskusi;Diskusi;Diskusi
Sebaiknya bantu koperasi yg sdh ada di majukan.;Sebaiknya bantu koperasi yg sdh ada di majukan;sebaiknya bantu koperasi yang sudah ada di majukan;sebaiknya bantu koperasi yang sudah ada di majukan;['sebaiknya', 'bantu', 'koperasi', 'yang', 'sudah', 'ada', 'di', 'majukan'];Tidak Terdeteksi;Lainnya;Mendukung;Mendukung;Menolak
Keputusan Uncle Wowo ini menimbulkan kegelisahan di tengah masyarakat, terlebih karena diambil pada bulan Ramadan yang semestinya menjadi momentum menghadirkan kebijakan yang lebih arif dan berpihak pada rakyat;Keputusan Uncle Wowo ini menimbulkan kegelisahan di tengah masyarakat terlebih karena diambil pada bulan Ramadan yang semestinya menjadi momentum menghadirkan kebijakan yang lebih arif dan berpihak pada rakyat;keputusan uncle prabowo ini menimbulkan kegelisahan di tengah masyarakat terlebih karena diambil pada bulan ramadan yang semestinya menjadi momentum menghadirkan kebijakan yang lebih arif dan berpihak pada rakyat;keputusan uncle prabowo ini menimbulkan kegelisahan di tengah masyarakat terlebih karena diambil pada bulan ramadan yang semestinya menjadi momentum menghadirkan kebijakan yang lebih arif dan berpihak pada rakyat;['keputusan', 'uncle', 'prabowo', 'ini', 'menimbulkan', 'kegelisahan', 'di', 'tengah', 'masyarakat', 'terlebih', 'karena', 'diambil', 'pada', 'bulan', 'ramadan', 'yang', 'semestinya', 'menjadi', 'momentum', 'menghadirkan', 'kebijakan', 'yang', 'lebih', 'arif', 'dan', 'berpihak', 'pada', 'rakyat'];Prabowo;Kebijakan;Out_of_Topic;Out_of_Topic;Menolak
Pabriknya MAUNG bagaimana? Dapat order nggak? Apa cuma produksi satu mobil saja  buat presiden habis itu tutup?;Pabriknya MAUNG bagaimana Dapat order nggak Apa cuma produksi satu mobil saja buat presiden habis itu tutup;pabriknya maung bagaimana dapat order tidak apa hanya produksi satu mobil saja untuk presiden habis itu tutup;pabriknya maung bagaimana dapat order tidak apa hanya produksi satu mobil saja untuk presiden habis itu tutup;['pabriknya', 'maung', 'bagaimana', 'dapat', 'order', 'tidak', 'apa', 'hanya', 'produksi', 'satu', 'mobil', 'saja', 'untuk', 'presiden', 'habis', 'itu', 'tutup'];Prabowo;Lainnya;Netral;Netral;Menolak
Semoga pembentukan koperasi Merah Putih gagal karena koperasi Merah Putih hanya menguntungkan para pengurus, pejabat nakal dan para peminjam nakal.;Semoga pembentukan koperasi Merah Putih gagal karena koperasi Merah Putih hanya menguntungkan para pengurus pejabat nakal dan para peminjam nakal;semoga pembentukan koperasi desa merah putih gagal karena koperasi desa merah putih hanya menguntungkan para pengurus pejabat nakal dan para peminjam nakal;semoga pembentukan koperasi desa merah putih gagal karena koperasi desa merah putih hanya menguntungkan para pengurus pejabat nakal dan para peminjam nakal;['semoga', 'pembentukan', 'koperasi', 'desa', 'merah', 'putih', 'gagal', 'karena', 'koperasi', 'desa', 'merah', 'putih', 'hanya', 'menguntungkan', 'para', 'pengurus', 'pejabat', 'nakal', 'dan', 'para', 'peminjam', 'nakal'];KDMP;Pengelolaan;Diskusi;Diskusi;Menolak
Zulhas dan budi arie jelas pakarnya korupsi suka duit haram;Zulhas dan budi arie jelas pakarnya korupsi suka duit haram;zulhas dan budi arie jelas pakarnya korupsi suka uang haram;zulhas dan budi arie jelas pakarnya korupsi suka uang haram;['zulhas', 'dan', 'budi', 'arie', 'jelas', 'pakarnya', 'korupsi', 'suka', 'uang', 'haram'];Tidak Terdeteksi;Korupsi;Menolak;Menolak;Menolak
nunjuk inpres gercep satset masuk itu barang.??  inpres jadi sabdo panditoratu;nunjuk inpres gercep satset masuk itu barang inpres jadi sabdo panditoratu;nunjuk inpres gercep satset masuk itu barang inpres jadi sabdo panditoratu;nunjuk inpres gercep satset masuk itu barang inpres jadi sabdo panditoratu;['nunjuk', 'inpres', 'gercep', 'satset', 'masuk', 'itu', 'barang', 'inpres', 'jadi', 'sabdo', 'panditoratu'];Tidak Terdeteksi;Lainnya;Netral;Netral;Menolak
"Koperasi model begini sulit berkembang krn skill dan knowledge bakal pengurusnya sangat diragukan kwalitasnya. Akibatnya potensi Fraud setiap koperasi  sangat tinggi. High risk ini...koperasi2 yg ada skg sudah banyak yg salah urus. 
Usul saya ada semacam OJK di perbankan utk urus...spy di audit dan diawasi ketat.";Koperasi model begini sulit berkembang krn skill dan knowledge bakal pengurusnya sangat diragukan kwalitasnya Akibatnya potensi Fraud setiap koperasi sangat tinggi High risk ini koperasi2 yg ada skg sudah banyak yg salah urus Usul saya ada semacam OJK di perbankan utk urus spy di audit dan diawasi ketat;koperasi model begini sulit berkembang karena skill dan knowledge bakal pengurusnya sangat diragukan kwalitasnya akibatnya potensi fraud setiap koperasi sangat tinggi high risk ini koperasi2 yang ada skg sudah banyak yang salah urus usul saya ada semacam ojk di perbankan untuk urus spy di audit dan diawasi ketat;koperasi model begini sulit berkembang karena skill dan knowledge bakal pengurusnya sangat diragukan kwalitasnya akibatnya potensi fraud setiap koperasi sangat tinggi high risk ini koperasi2 yang ada skg sudah banyak yang salah urus usul saya ada semacam ojk di perbankan untuk urus spy di audit dan diawasi ketat;['koperasi', 'model', 'begini', 'sulit', 'berkembang', 'karena', 'skill', 'dan', 'knowledge', 'bakal', 'pengurusnya', 'sangat', 'diragukan', 'kwalitasnya', 'akibatnya', 'potensi', 'fraud', 'setiap', 'koperasi', 'sangat', 'tinggi', 'high', 'risk', 'ini', 'koperasi2', 'yang', 'ada', 'skg', 'sudah', 'banyak', 'yang', 'salah', 'urus', 'usul', 'saya', 'ada', 'semacam', 'ojk', 'di', 'perbankan', 'untuk', 'urus', 'spy', 'di', 'audit', 'dan', 'diawasi', 'ketat'];Tidak Terdeteksi;Pengelolaan;Diskusi;Diskusi;Diskusi
Awut awut an;Awut awut an;awut awut an;awut awut an;['awut', 'awut', 'an'];Tidak Terdeteksi;Lainnya;Netral;Netral;Menolak
Menggerakkan ekonomi para kroni2nya lah ??;Menggerakkan ekonomi para kroni2nya lah;menggerakkan ekonomi para kroni2nya;menggerakkan ekonomi para kroni2nya;['menggerakkan', 'ekonomi', 'para', 'kroni2nya'];Tidak Terdeteksi;Lainnya;Netral;Netral;Menolak
"Saya salah satu pengurus kdmp, pembangunan ruko dengan dana sekian M tersebut bahkan kami tidak bisa cawe2. Padahal kami sudah riset, kami yang tahu kebutuhan masyarakat, menolak pembangunan ruko itupun tidak bisa. Padahal dari kelurahan kami sudah difasilitasi ruko yang laik pakai.
Penolakan dari kepala desa dan pengurus koperasi tidak digubris.";Saya salah satu pengurus kdmp pembangunan ruko dengan dana sekian M tersebut bahkan kami tidak bisa cawe2 Padahal kami sudah riset kami yang tahu kebutuhan masyarakat menolak pembangunan ruko itupun tidak bisa Padahal dari kelurahan kami sudah difasilitasi ruko yang laik pakai Penolakan dari kepala desa dan pengurus koperasi tidak digubris;saya salah satu pengurus koperasi desa merah putih pembangunan ruko dengan dana sekian m tersebut bahkan kami tidak bisa cawe2 padahal kami sudah riset kami yang tahu kebutuhan masyarakat menolak pembangunan ruko itupun tidak bisa padahal dari kelurahan kami sudah difasilitasi ruko yang laik pakai penolakan dari kepala desa dan pengurus koperasi tidak digubris;saya salah satu pengurus koperasi desa merah putih pembangunan ruko dengan dana sekian tersebut bahkan kami tidak bisa cawe2 padahal kami sudah riset kami yang tahu kebutuhan masyarakat menolak pembangunan ruko itupun tidak bisa padahal dari kelurahan kami sudah difasilitasi ruko yang laik pakai penolakan dari kepala desa dan pengurus koperasi tidak digubris;['saya', 'salah', 'satu', 'pengurus', 'koperasi', 'desa', 'merah', 'putih', 'pembangunan', 'ruko', 'dengan', 'dana', 'sekian', 'tersebut', 'bahkan', 'kami', 'tidak', 'bisa', 'cawe2', 'padahal', 'kami', 'sudah', 'riset', 'kami', 'yang', 'tahu', 'kebutuhan', 'masyarakat', 'menolak', 'pembangunan', 'ruko', 'itupun', 'tidak', 'bisa', 'padahal', 'dari', 'kelurahan', 'kami', 'sudah', 'difasilitasi', 'ruko', 'yang', 'laik', 'pakai', 'penolakan', 'dari', 'kepala', 'desa', 'dan', 'pengurus', 'koperasi', 'tidak', 'digubris'];Kades, KDMP;Pengelolaan;Menolak;Menolak;Menolak
Sy pribadi mundur dari kabinet merah putih. Karena memberikan tempat untuk pemeran pengganti sy agar dpt peran aslinya??;Sy pribadi mundur dari kabinet merah putih Karena memberikan tempat untuk pemeran pengganti sy agar dpt peran aslinya;saya pribadi mundur dari kabinet merah putih karena memberikan tempat untuk pemeran pengganti saya agar dpt peran aslinya;saya pribadi mundur dari kabinet merah putih karena memberikan tempat untuk pemeran pengganti saya agar dpt peran aslinya;['saya', 'pribadi', 'mundur', 'dari', 'kabinet', 'merah', 'putih', 'karena', 'memberikan', 'tempat', 'untuk', 'pemeran', 'pengganti', 'saya', 'agar', 'dpt', 'peran', 'aslinya'];Tidak Terdeteksi;Lainnya;Diskusi;Diskusi;Menolak
"URUSAN PERANG   ?

URUSAN MBG DAN KOPERASI  ?

kwkwkkkkkkkkkkkkkkkk.........................";URUSAN PERANG URUSAN MBG DAN KOPERASI kwkwkkkkkkkkkkkkkkkk;urusan perang urusan mbg dan koperasi kwkwkkkkkkkkkkkkkkkk;urusan perang urusan mbg dan koperasi kwkwkkkkkkkkkkkkkkkk;['urusan', 'perang', 'urusan', 'mbg', 'dan', 'koperasi', 'kwkwkkkkkkkkkkkkkkkk'];Tidak Terdeteksi;Lainnya;Netral;Netral;Menolak
Saya setuju tni yg dilibatkan dr pd polisi. Untuk dana desa mending di hapus n di alokasikan ke subsidi bbm sbb dana desa itu cm makmurkan perangkat desa   slm bertahun2 dana desa cm buat gapura desa gak jelas buat bangun apa sisanya.perangkat desa udah ada bengkok desa tp msh di bayar dr dn desa itu bikin masyarakat cm dengar dana milyaran yg gak berguna.;Saya setuju tni yg dilibatkan dr pd polisi Untuk dana desa mending di hapus n di alokasikan ke subsidi bbm sbb dana desa itu cm makmurkan perangkat desa slm bertahun2 dana desa cm buat gapura desa gak jelas buat bangun apa sisanya perangkat desa udah ada bengkok desa tp msh di bayar dr dn desa itu bikin masyarakat cm dengar dana milyaran yg gak berguna;saya setuju tni yang dilibatkan dari pd polisi untuk dana desa mending di hapus n di alokasikan ke subsidi bbm sbb dana desa itu cm makmurkan perangkat desa slm bertahun2 dana desa cm untuk gapura desa tidak jelas untuk bangun apa sisanya perangkat desa sudah ada bengkok desa tapi msh di bayar dari dn desa itu membuat masyarakat cm dengar dana milyaran yang tidak berguna;saya setuju tni yang dilibatkan dari pd polisi untuk dana desa mending di hapus di alokasikan ke subsidi bbm sbb dana desa itu cm makmurkan perangkat desa slm bertahun2 dana desa cm untuk gapura desa tidak jelas untuk bangun apa sisanya perangkat desa sudah ada bengkok desa tapi msh di bayar dari dn desa itu membuat masyarakat cm dengar dana milyaran yang tidak berguna;['saya', 'setuju', 'tni', 'yang', 'dilibatkan', 'dari', 'pd', 'polisi', 'untuk', 'dana', 'desa', 'mending', 'di', 'hapus', 'di', 'alokasikan', 'ke', 'subsidi', 'bbm', 'sbb', 'dana', 'desa', 'itu', 'cm', 'makmurkan', 'perangkat', 'desa', 'slm', 'bertahun2', 'dana', 'desa', 'cm', 'untuk', 'gapura', 'desa', 'tidak', 'jelas', 'untuk', 'bangun', 'apa', 'sisanya', 'perangkat', 'desa', 'sudah', 'ada', 'bengkok', 'desa', 'tapi', 'msh', 'di', 'bayar', 'dari', 'dn', 'desa', 'itu', 'membuat', 'masyarakat', 'cm', 'dengar', 'dana', 'milyaran', 'yang', 'tidak', 'berguna'];TNI;Militerisasi, Dana Desa;Mendukung;Mendukung;Mendukung
"Udah pernah dibilang, sama tim Bocor Alus kalau ga salah,
Kalau pengelolaan tambang, juga bisa dikelola sama koperaau

Dan koperasinya bisa dibentuk dari orang parpol

Kesimpulannya?
Ini dari mereka, buat mereka mereka juga
Circle duit duit juga
Circle pejabat pejabat juga

Rakyat dapet apa ? Ga tau dah ... ??????";Udah pernah dibilang sama tim Bocor Alus kalau ga salah Kalau pengelolaan tambang juga bisa dikelola sama koperaau Dan koperasinya bisa dibentuk dari orang parpol Kesimpulannya Ini dari mereka buat mereka mereka juga Circle duit duit juga Circle pejabat pejabat juga Rakyat dapet apa Ga tau dah;sudah pernah dibilang sama tim bocor alus kalau tidak salah kalau pengelolaan tambang juga bisa dikelola sama koperaau dan koperasinya bisa dibentuk dari orang parpol kesimpulannya ini dari mereka untuk mereka mereka juga circle uang uang juga circle pejabat pejabat juga rakyat dapet apa tidak tahu dah;sudah pernah dibilang sama tim bocor alus kalau tidak salah kalau pengelolaan tambang juga bisa dikelola sama koperaau dan koperasinya bisa dibentuk dari orang parpol kesimpulannya ini dari mereka untuk mereka mereka juga circle uang uang juga circle pejabat pejabat juga rakyat dapet apa tidak tahu dah;['sudah', 'pernah', 'dibilang', 'sama', 'tim', 'bocor', 'alus', 'kalau', 'tidak', 'salah', 'kalau', 'pengelolaan', 'tambang', 'juga', 'bisa', 'dikelola', 'sama', 'koperaau', 'dan', 'koperasinya', 'bisa', 'dibentuk', 'dari', 'orang', 'parpol', 'kesimpulannya', 'ini', 'dari', 'mereka', 'untuk', 'mereka', 'mereka', 'juga', 'circle', 'uang', 'uang', 'juga', 'circle', 'pejabat', 'pejabat', 'juga', 'rakyat', 'dapet', 'apa', 'tidak', 'tahu', 'dah'];Tempo;Lainnya;Netral;Netral;Menolak
Lha kata Bahlil kita suruh hemat energi.kok Mlah impor mobil itu gimana;Lha kata Bahlil kita suruh hemat energi kok Mlah impor mobil itu gimana;lha kata bahlil kita suruh hemat energi mlah impor mobil itu bagaimana;lha kata bahlil kita suruh hemat energi mlah impor mobil itu bagaimana;['lha', 'kata', 'bahlil', 'kita', 'suruh', 'hemat', 'energi', 'mlah', 'impor', 'mobil', 'itu', 'bagaimana'];Tidak Terdeteksi;Lainnya;Netral;Netral;Menolak
GK di komimfo GK di koprasi masih aja ni orang cari ladang buat korupsi;GK di komimfo GK di koprasi masih aja ni orang cari ladang buat korupsi;tidak di komimfo tidak di koperasi masih saja ni orang cari ladang untuk korupsi;tidak di komimfo tidak di koperasi masih saja ni orang cari ladang untuk korupsi;['tidak', 'di', 'komimfo', 'tidak', 'di', 'koperasi', 'masih', 'saja', 'ni', 'orang', 'cari', 'ladang', 'untuk', 'korupsi'];Tidak Terdeteksi;Korupsi;Menolak;Menolak;Menolak
Menurutku ini tidak akan membawa dampak yg baik buat warga desa, saya tinggal di desa, di desa warung2 kecil sudah banyak, sebagai warga saya lebih suka belanja di tetangga, hitung2 bagi berkat dengan tetangga;Menurutku ini tidak akan membawa dampak yg baik buat warga desa saya tinggal di desa di desa warung2 kecil sudah banyak sebagai warga saya lebih suka belanja di tetangga hitung2 bagi berkat dengan tetangga;menurutku ini tidak akan membawa dampak yang baik untuk warga desa saya tinggal di desa di desa warung2 kecil sudah banyak sebagai warga saya lebih suka belanja di tetangga hitung2 bagi berkat dengan tetangga;menurutku ini tidak akan membawa dampak yang baik untuk warga desa saya tinggal di desa di desa warung2 kecil sudah banyak sebagai warga saya lebih suka belanja di tetangga hitung2 bagi berkat dengan tetangga;['menurutku', 'ini', 'tidak', 'akan', 'membawa', 'dampak', 'yang', 'baik', 'untuk', 'warga', 'desa', 'saya', 'tinggal', 'di', 'desa', 'di', 'desa', 'warung2', 'kecil', 'sudah', 'banyak', 'sebagai', 'warga', 'saya', 'lebih', 'suka', 'belanja', 'di', 'tetangga', 'hitung2', 'bagi', 'berkat', 'dengan', 'tetangga'];Tidak Terdeteksi;Lainnya;Mendukung;Mendukung;Menolak
Videonya bikin mood naik, sama kayak menang di PawPaw4D.;Videonya bikin mood naik sama kayak menang di PawPaw4D;videonya membuat mood naik sama kayak menang di pawpaw4d;videonya membuat mood naik sama kayak menang di pawpaw4d;['videonya', 'membuat', 'mood', 'naik', 'sama', 'kayak', 'menang', 'di', 'pawpaw4d'];Tidak Terdeteksi;Lainnya;Netral;Netral;Out_of_Topic
Pelibatan TNI dalam pembangunan desa bukan hal baru. TNI punya program karya bakti dan pengalaman bantu percepatan infrastruktur di daerah terpencil. Ini soal efektivitas, bukan militerisasi.;Pelibatan TNI dalam pembangunan desa bukan hal baru TNI punya program karya bakti dan pengalaman bantu percepatan infrastruktur di daerah terpencil Ini soal efektivitas bukan militerisasi;pelibatan tni dalam pembangunan desa bukan hal baru tni punya program karya bakti dan pengalaman bantu percepatan infrastruktur di daerah terpencil ini soal efektivitas bukan militerisasi;pelibatan tni dalam pembangunan desa bukan hal baru tni punya program karya bakti dan pengalaman bantu percepatan infrastruktur di daerah terpencil ini soal efektivitas bukan militerisasi;['pelibatan', 'tni', 'dalam', 'pembangunan', 'desa', 'bukan', 'hal', 'baru', 'tni', 'punya', 'program', 'karya', 'bakti', 'dan', 'pengalaman', 'bantu', 'percepatan', 'infrastruktur', 'di', 'daerah', 'terpencil', 'ini', 'soal', 'efektivitas', 'bukan', 'militerisasi'];TNI;Militerisasi, Kebijakan;Diskusi;Diskusi;Mendukung
"*_PENGELOLA MBG =TNI_*
*_PENGELOLA KOPERASI = TNI_*";_PENGELOLA MBG TNI_ _PENGELOLA KOPERASI TNI_;_pengelola mbg tni_ _pengelola koperasi tni_;_pengelola mbg tni_ _pengelola koperasi tni_;['_pengelola', 'mbg', 'tni_', '_pengelola', 'koperasi', 'tni_'];TNI;Militerisasi;Netral;Netral;Netral
Program akan semakin baik kalo seandainya memahami kondisi lapangan... Ini masalahnya;Program akan semakin baik kalo seandainya memahami kondisi lapangan Ini masalahnya;program akan semakin baik kalau seandainya memahami kondisi lapangan ini masalahnya;program akan semakin baik kalau seandainya memahami kondisi lapangan ini masalahnya;['program', 'akan', 'semakin', 'baik', 'kalau', 'seandainya', 'memahami', 'kondisi', 'lapangan', 'ini', 'masalahnya'];Tidak Terdeteksi;Kebijakan;Mendukung;Mendukung;Diskusi
Semoga di 2029 nanti Presidennya ganti yg lebih Merakyat ,bukan Militerisasi spt sekarang...!;Semoga di 2029 nanti Presidennya ganti yg lebih Merakyat bukan Militerisasi spt sekarang;semoga di 2029 nanti presidennya ganti yang lebih merakyat bukan militerisasi seperti sekarang;semoga di 2029 nanti presidennya ganti yang lebih merakyat bukan militerisasi seperti sekarang;['semoga', 'di', '2029', 'nanti', 'presidennya', 'ganti', 'yang', 'lebih', 'merakyat', 'bukan', 'militerisasi', 'seperti', 'sekarang'];TNI, Prabowo;Militerisasi;Menolak;Menolak;Menolak
Sangat luar Biasa tentu akan semakin maju desa, oknum kepala desa yg nakal dan tidak amanah sambil dibersihkan.;Sangat luar Biasa tentu akan semakin maju desa oknum kepala desa yg nakal dan tidak amanah sambil dibersihkan;sangat luar biasa tentu akan semakin maju desa oknum kepala desa yang nakal dan tidak amanah sambil dibersihkan;sangat luar biasa tentu akan semakin maju desa oknum kepala desa yang nakal dan tidak amanah sambil dibersihkan;['sangat', 'luar', 'biasa', 'tentu', 'akan', 'semakin', 'maju', 'desa', 'oknum', 'kepala', 'desa', 'yang', 'nakal', 'dan', 'tidak', 'amanah', 'sambil', 'dibersihkan'];Kades;Lainnya;Mendukung;Mendukung;Mendukung
ABRI  MASUK DESA era Soeharto banyak membantu pembangunan fisik desa;ABRI MASUK DESA era Soeharto banyak membantu pembangunan fisik desa;abri masuk desa era soeharto banyak membantu pembangunan fisik desa;abri masuk desa era soeharto banyak membantu pembangunan fisik desa;['abri', 'masuk', 'desa', 'era', 'soeharto', 'banyak', 'membantu', 'pembangunan', 'fisik', 'desa'];Tidak Terdeteksi;Lainnya;Mendukung;Mendukung;Mendukung
Makin Gelap terus Indonesia... Para koruptor sibuk nyari sumber dana buat dikorup ??;Makin Gelap terus Indonesia Para koruptor sibuk nyari sumber dana buat dikorup;makin gelap terus indonesia para koruptor sibuk nyari sumber dana untuk dikorup;makin gelap terus indonesia para koruptor sibuk nyari sumber dana untuk dikorup;['makin', 'gelap', 'terus', 'indonesia', 'para', 'koruptor', 'sibuk', 'nyari', 'sumber', 'dana', 'untuk', 'dikorup'];Tidak Terdeteksi;Korupsi;Menolak;Menolak;Menolak
Bila dikelola secara profesional dan transparan sulit untuk dibonceng klpk politik??????;Bila dikelola secara profesional dan transparan sulit untuk dibonceng klpk politik;bila dikelola secara profesional dan transparan sulit untuk dibonceng klpk politik;bila dikelola secara profesional dan transparan sulit untuk dibonceng klpk politik;['bila', 'dikelola', 'secara', 'profesional', 'dan', 'transparan', 'sulit', 'untuk', 'dibonceng', 'klpk', 'politik'];Tidak Terdeteksi;Lainnya;Mendukung;Mendukung;Menolak
klu lg damai amerka dtg sebagai penjamin kedamaian,klu lg perang kabur dulu ya. sorry aja tanggung sendiri hihihi;klu lg damai amerka dtg sebagai penjamin kedamaian klu lg perang kabur dulu ya sorry aja tanggung sendiri hihihi;kalau lg damai amerka dtg sebagai penjamin kedamaian kalau lg perang kabur dulu ya sorry saja tanggung sendiri hihihi;kalau lg damai amerka dtg sebagai penjamin kedamaian kalau lg perang kabur dulu sorry saja tanggung sendiri hihihi;['kalau', 'lg', 'damai', 'amerka', 'dtg', 'sebagai', 'penjamin', 'kedamaian', 'kalau', 'lg', 'perang', 'kabur', 'dulu', 'sorry', 'saja', 'tanggung', 'sendiri', 'hihihi'];Tidak Terdeteksi;Lainnya;Diskusi;Diskusi;Menolak
Gerenti.  Gagal;Gerenti Gagal;gerenti gagal;gerenti gagal;['gerenti', 'gagal'];Tidak Terdeteksi;Lainnya;Menolak;Menolak;Menolak
Bagus lah di potong dari pada dana nya di korupsi.....pembangun di desa tidak jelas hanya memperkaya diri sendiri kebanyak ada juga si kepala desa yang jujur dan baik perlu di dukung. Yang teriak itu Hannya kepala desa yang main mata dengan dana desa.;Bagus lah di potong dari pada dana nya di korupsi pembangun di desa tidak jelas hanya memperkaya diri sendiri kebanyak ada juga si kepala desa yang jujur dan baik perlu di dukung Yang teriak itu Hannya kepala desa yang main mata dengan dana desa;bagus di potong dari pada dana nya di korupsi pembangun di desa tidak jelas hanya memperkaya diri sendiri kebanyak ada juga si kepala desa yang jujur dan baik perlu di dukung yang teriak itu hannya kepala desa yang main mata dengan dana desa;bagus di potong dari pada dana nya di korupsi pembangun di desa tidak jelas hanya memperkaya diri sendiri kebanyak ada juga si kepala desa yang jujur dan baik perlu di dukung yang teriak itu hannya kepala desa yang main mata dengan dana desa;['bagus', 'di', 'potong', 'dari', 'pada', 'dana', 'nya', 'di', 'korupsi', 'pembangun', 'di', 'desa', 'tidak', 'jelas', 'hanya', 'memperkaya', 'diri', 'sendiri', 'kebanyak', 'ada', 'juga', 'si', 'kepala', 'desa', 'yang', 'jujur', 'dan', 'baik', 'perlu', 'di', 'dukung', 'yang', 'teriak', 'itu', 'hannya', 'kepala', 'desa', 'yang', 'main', 'mata', 'dengan', 'dana', 'desa'];Kades;Korupsi, Dana Desa;Mendukung;Mendukung;Mendukung
Kami dari masyarakat Lombok Timur.yg penting pengawasan ketat.bila perlu diawasi oleh KPK. Kopdes Merah putih ini. Sebab yg namanya uang.waduh semua ingin jadi pengurus.pengalaman.dulu.KUD.ketua untung duluan.makanya.perlu pengawasan.sebab nanti ada kesempatan. Di dalam kesempitan.;Kami dari masyarakat Lombok Timur yg penting pengawasan ketat bila perlu diawasi oleh KPK Kopdes Merah putih ini Sebab yg namanya uang waduh semua ingin jadi pengurus pengalaman dulu KUD ketua untung duluan makanya perlu pengawasan sebab nanti ada kesempatan Di dalam kesempitan;kami dari masyarakat lombok timur yang penting pengawasan ketat bila perlu diawasi oleh kpk koperasi desa merah putih ini sebab yang namanya uang waduh semua ingin jadi pengurus pengalaman dulu koperasi unit desa ketua untung duluan makanya perlu pengawasan sebab nanti ada kesempatan di dalam kesempitan;kami dari masyarakat lombok timur yang penting pengawasan ketat bila perlu diawasi oleh kpk koperasi desa merah putih ini sebab yang namanya uang waduh semua ingin jadi pengurus pengalaman dulu koperasi unit desa ketua untung duluan makanya perlu pengawasan sebab nanti ada kesempatan di dalam kesempitan;['kami', 'dari', 'masyarakat', 'lombok', 'timur', 'yang', 'penting', 'pengawasan', 'ketat', 'bila', 'perlu', 'diawasi', 'oleh', 'kpk', 'koperasi', 'desa', 'merah', 'putih', 'ini', 'sebab', 'yang', 'namanya', 'uang', 'waduh', 'semua', 'ingin', 'jadi', 'pengurus', 'pengalaman', 'dulu', 'koperasi', 'unit', 'desa', 'ketua', 'untung', 'duluan', 'makanya', 'perlu', 'pengawasan', 'sebab', 'nanti', 'ada', 'kesempatan', 'di', 'dalam', 'kesempitan'];KDMP;Pengelolaan, KUD;Diskusi;Diskusi;Diskusi
Nanti ada desa yg usahanya gak maju bisa jadi koperasi hitam putih bukan merah putih;Nanti ada desa yg usahanya gak maju bisa jadi koperasi hitam putih bukan merah putih;nanti ada desa yang usahanya tidak maju bisa jadi koperasi hitam putih bukan merah putih;nanti ada desa yang usahanya tidak maju bisa jadi koperasi hitam putih bukan merah putih;['nanti', 'ada', 'desa', 'yang', 'usahanya', 'tidak', 'maju', 'bisa', 'jadi', 'koperasi', 'hitam', 'putih', 'bukan', 'merah', 'putih'];Tidak Terdeteksi;Lainnya;Mendukung;Mendukung;Menolak
Mari mendukung penuh setiap program pemerintahan.;Mari mendukung penuh setiap program pemerintahan;mari mendukung penuh setiap program pemerintahan;mari mendukung penuh setiap program pemerintahan;['mari', 'mendukung', 'penuh', 'setiap', 'program', 'pemerintahan'];Tidak Terdeteksi;Kebijakan;Mendukung;Mendukung;Mendukung
Klu pendapat saya, utk meminimalisir dana yg digunakan untuk pembentukan koperasi ada baiknya koperasi ini didaftarkan dgn metode pendaftaran BUMDES di kemendes;Klu pendapat saya utk meminimalisir dana yg digunakan untuk pembentukan koperasi ada baiknya koperasi ini didaftarkan dgn metode pendaftaran BUMDES di kemendes;kalau pendapat saya untuk meminimalisir dana yang digunakan untuk pembentukan koperasi ada baiknya koperasi ini didaftarkan dengan metode pendaftaran badan usaha milik desa di kemendes;kalau pendapat saya untuk meminimalisir dana yang digunakan untuk pembentukan koperasi ada baiknya koperasi ini didaftarkan dengan metode pendaftaran badan usaha milik desa di kemendes;['kalau', 'pendapat', 'saya', 'untuk', 'meminimalisir', 'dana', 'yang', 'digunakan', 'untuk', 'pembentukan', 'koperasi', 'ada', 'baiknya', 'koperasi', 'ini', 'didaftarkan', 'dengan', 'metode', 'pendaftaran', 'badan', 'usaha', 'milik', 'desa', 'di', 'kemendes'];Tidak Terdeteksi;Lainnya;Mendukung;Mendukung;Diskusi
"Desa harus jadi kekuatan ekonomi
Agar warganya tak hijrah ke kota
Sepinya desa adalah modal utama
Untuk bekerja dan mengembangkan diri
Walau lahan sudah menjadi milik kota
Bukan berarti desa lemah tak berdaya
Desa adalah kekuatan sejati
Negara harus berpihak pada para petani
Entah bagaimana caranya
Desalah masa depan kita
Keyakinan ini datang begitu saja
Karena aku tak mau celaka";Desa harus jadi kekuatan ekonomi Agar warganya tak hijrah ke kota Sepinya desa adalah modal utama Untuk bekerja dan mengembangkan diri Walau lahan sudah menjadi milik kota Bukan berarti desa lemah tak berdaya Desa adalah kekuatan sejati Negara harus berpihak pada para petani Entah bagaimana caranya Desalah masa depan kita Keyakinan ini datang begitu saja Karena aku tak mau celaka;desa harus jadi kekuatan ekonomi agar warganya tidak hijrah ke kota sepinya desa adalah modal utama untuk bekerja dan mengembangkan diri walau lahan sudah menjadi milik kota bukan berarti desa lemah tidak berdaya desa adalah kekuatan sejati negara harus berpihak pada para petani entah bagaimana caranya desalah masa depan kita keyakinan ini datang begitu saja karena saya tidak mau celaka;desa harus jadi kekuatan ekonomi agar warganya tidak hijrah ke kota sepinya desa adalah modal utama untuk bekerja dan mengembangkan diri walau lahan sudah menjadi milik kota bukan berarti desa lemah tidak berdaya desa adalah kekuatan sejati negara harus berpihak pada para petani entah bagaimana caranya desalah masa depan kita keyakinan ini datang begitu saja karena saya tidak mau celaka;['desa', 'harus', 'jadi', 'kekuatan', 'ekonomi', 'agar', 'warganya', 'tidak', 'hijrah', 'ke', 'kota', 'sepinya', 'desa', 'adalah', 'modal', 'utama', 'untuk', 'bekerja', 'dan', 'mengembangkan', 'diri', 'walau', 'lahan', 'sudah', 'menjadi', 'milik', 'kota', 'bukan', 'berarti', 'desa', 'lemah', 'tidak', 'berdaya', 'desa', 'adalah', 'kekuatan', 'sejati', 'negara', 'harus', 'berpihak', 'pada', 'para', 'petani', 'entah', 'bagaimana', 'caranya', 'desalah', 'masa', 'depan', 'kita', 'keyakinan', 'ini', 'datang', 'begitu', 'saja', 'karena', 'saya', 'tidak', 'mau', 'celaka'];Tidak Terdeteksi;Lainnya;Diskusi;Diskusi;Diskusi
Tempo memang beda, independensi dan profesionalitasnya tetap terjaga. Keren, top trolooop ????;Tempo memang beda independensi dan profesionalitasnya tetap terjaga Keren top trolooop;tempo memang beda independensi dan profesionalitasnya tetap terjaga keren top trolooop;tempo memang beda independensi dan profesionalitasnya tetap terjaga keren top trolooop;['tempo', 'memang', 'beda', 'independensi', 'dan', 'profesionalitasnya', 'tetap', 'terjaga', 'keren', 'top', 'trolooop'];Tempo;Media;Mendukung;Mendukung;Netral
YG  JELAS  DANA YG DI  BERIKAN           3 MILYAR.TERNYATA  ADA  PETUGAS  DARI  JAKARTA..BERIKAN  PINJAMAN 1 MILYAT;YG JELAS DANA YG DI BERIKAN 3 MILYAR TERNYATA ADA PETUGAS DARI JAKARTA BERIKAN PINJAMAN 1 MILYAT;yang jelas dana yang di berikan 3 milyar ternyata ada petugas dari jakarta berikan pinjaman 1 milyat;yang jelas dana yang di berikan milyar ternyata ada petugas dari jakarta berikan pinjaman milyat;['yang', 'jelas', 'dana', 'yang', 'di', 'berikan', 'milyar', 'ternyata', 'ada', 'petugas', 'dari', 'jakarta', 'berikan', 'pinjaman', 'milyat'];Tidak Terdeteksi;Lainnya;Netral;Netral;Menolak
sarang korupsi baru ...??????;sarang korupsi baru;sarang korupsi baru;sarang korupsi baru;['sarang', 'korupsi', 'baru'];Tidak Terdeteksi;Korupsi;Menolak;Menolak;Menolak
Apa iya seperti itu?? Emang wujudnya sdh ada??;Apa iya seperti itu Emang wujudnya sdh ada;apa iya seperti itu emang wujudnya sudah ada;apa iya seperti itu emang wujudnya sudah ada;['apa', 'iya', 'seperti', 'itu', 'emang', 'wujudnya', 'sudah', 'ada'];Tidak Terdeteksi;Lainnya;Netral;Netral;Diskusi
"ritel di desa perlu diatur benar tapi kopdes sharusnya menjual hasil tani dan alat pendukung tani bukan toko kelontong.pertanyaannya uang hasil keuntungan koperasi desa jika jual kelontong lari kemana ?
pejabat pada mau dijadikan pebisnis.baru tahu rasa kalo seluruh perusahaan pada muak dan pindah ke vietnam.indonesia bangkrut,BEGO.
ini negara sosialis / demokrasi kok pejabat mau jadi pebisnis semua.mending kalo ga pakai uang negara,.";ritel di desa perlu diatur benar tapi kopdes sharusnya menjual hasil tani dan alat pendukung tani bukan toko kelontong pertanyaannya uang hasil keuntungan koperasi desa jika jual kelontong lari kemana pejabat pada mau dijadikan pebisnis baru tahu rasa kalo seluruh perusahaan pada muak dan pindah ke vietnam indonesia bangkrut BEGO ini negara sosialis demokrasi kok pejabat mau jadi pebisnis semua mending kalo ga pakai uang negara;ritel di desa perlu diatur benar tapi koperasi desa sharusnya menjual hasil tani dan alat pendukung tani bukan toko kelontong pertanyaannya uang hasil keuntungan koperasi desa jika jual kelontong lari kemana pejabat pada mau dijadikan pebisnis baru tahu rasa kalau seluruh perusahaan pada muak dan pindah ke vietnam indonesia bangkrut bego ini negara sosialis demokrasi pejabat mau jadi pebisnis semua mending kalau tidak pakai uang negara;ritel di desa perlu diatur benar tapi koperasi desa sharusnya menjual hasil tani dan alat pendukung tani bukan toko kelontong pertanyaannya uang hasil keuntungan koperasi desa jika jual kelontong lari kemana pejabat pada mau dijadikan pebisnis baru tahu rasa kalau seluruh perusahaan pada muak dan pindah ke vietnam indonesia bangkrut bego ini negara sosialis demokrasi pejabat mau jadi pebisnis semua mending kalau tidak pakai uang negara;['ritel', 'di', 'desa', 'perlu', 'diatur', 'benar', 'tapi', 'koperasi', 'desa', 'sharusnya', 'menjual', 'hasil', 'tani', 'dan', 'alat', 'pendukung', 'tani', 'bukan', 'toko', 'kelontong', 'pertanyaannya', 'uang', 'hasil', 'keuntungan', 'koperasi', 'desa', 'jika', 'jual', 'kelontong', 'lari', 'kemana', 'pejabat', 'pada', 'mau', 'dijadikan', 'pebisnis', 'baru', 'tahu', 'rasa', 'kalau', 'seluruh', 'perusahaan', 'pada', 'muak', 'dan', 'pindah', 'ke', 'vietnam', 'indonesia', 'bangkrut', 'bego', 'ini', 'negara', 'sosialis', 'demokrasi', 'pejabat', 'mau', 'jadi', 'pebisnis', 'semua', 'mending', 'kalau', 'tidak', 'pakai', 'uang', 'negara'];KDMP;Lainnya;Diskusi;Diskusi;Diskusi
Parah wowo buat kebijakan yg nguras apbn enak benar lsg pns  ga jelas koperasi2 dr zaman orde baru gagal jd ajang kurupsi;Parah wowo buat kebijakan yg nguras apbn enak benar lsg pns ga jelas koperasi2 dr zaman orde baru gagal jd ajang kurupsi;parah prabowo untuk kebijakan yang nguras anggaran pendapatan dan belanja negara enak benar lsg pns tidak jelas koperasi2 dari zaman orde baru gagal jadi ajang kurupsi;parah prabowo untuk kebijakan yang nguras anggaran pendapatan dan belanja negara enak benar lsg pns tidak jelas koperasi2 dari zaman orde baru gagal jadi ajang kurupsi;['parah', 'prabowo', 'untuk', 'kebijakan', 'yang', 'nguras', 'anggaran', 'pendapatan', 'dan', 'belanja', 'negara', 'enak', 'benar', 'lsg', 'pns', 'tidak', 'jelas', 'koperasi2', 'dari', 'zaman', 'orde', 'baru', 'gagal', 'jadi', 'ajang', 'kurupsi'];Prabowo;Militerisasi, Kebijakan;Menolak;Menolak;Menolak
Emang ada Koperasi yg sukses?... sebutkan satu saja kalo ada....????????;Emang ada Koperasi yg sukses sebutkan satu saja kalo ada;emang ada koperasi yang sukses sebutkan satu saja kalau ada;emang ada koperasi yang sukses sebutkan satu saja kalau ada;['emang', 'ada', 'koperasi', 'yang', 'sukses', 'sebutkan', 'satu', 'saja', 'kalau', 'ada'];Tidak Terdeteksi;Lainnya;Mendukung;Mendukung;Menolak
Wkwkwkwk...koperasi² yg skrg aja bnyk kasus/bangkrut...pengawasan minim...GCG nol...maka dari itu layak diduga pembentukan kop.merah putih cuma utk sekedar bancakan besar²an APBN. Trus kita diem aja nih? ??;Wkwkwkwk koperasi2 yg skrg aja bnyk kasus bangkrut pengawasan minim GCG nol maka dari itu layak diduga pembentukan kop merah putih cuma utk sekedar bancakan besar2an APBN Trus kita diem aja nih;wkwkwkwk koperasi2 yang sekarang saja bnyk kasus bangkrut pengawasan minim gcg nol maka dari itu layak diduga pembentukan kop merah putih hanya untuk sekedar bancakan besar2an anggaran pendapatan dan belanja negara terus kita diem saja;wkwkwkwk koperasi2 yang sekarang saja bnyk kasus bangkrut pengawasan minim gcg nol maka dari itu layak diduga pembentukan kop merah putih hanya untuk sekedar bancakan besar2an anggaran pendapatan dan belanja negara terus kita diem saja;['wkwkwkwk', 'koperasi2', 'yang', 'sekarang', 'saja', 'bnyk', 'kasus', 'bangkrut', 'pengawasan', 'minim', 'gcg', 'nol', 'maka', 'dari', 'itu', 'layak', 'diduga', 'pembentukan', 'kop', 'merah', 'putih', 'hanya', 'untuk', 'sekedar', 'bancakan', 'besar2an', 'anggaran', 'pendapatan', 'dan', 'belanja', 'negara', 'terus', 'kita', 'diem', 'saja'];Tidak Terdeteksi;Korupsi;Menolak;Menolak;Menolak
Pabrikan otomotif Indonesia jatuh harga Dimata dunia gara gara keputusan import mobil dari India... Ternyata India lebih hebat dari Indonesia;Pabrikan otomotif Indonesia jatuh harga Dimata dunia gara gara keputusan import mobil dari India Ternyata India lebih hebat dari Indonesia;pabrikan otomotif indonesia jatuh harga dimata dunia gara gara keputusan import mobil dari india ternyata india lebih hebat dari indonesia;pabrikan otomotif indonesia jatuh harga dimata dunia gara gara keputusan import mobil dari india ternyata india lebih hebat dari indonesia;['pabrikan', 'otomotif', 'indonesia', 'jatuh', 'harga', 'dimata', 'dunia', 'gara', 'gara', 'keputusan', 'import', 'mobil', 'dari', 'india', 'ternyata', 'india', 'lebih', 'hebat', 'dari', 'indonesia'];Tidak Terdeteksi;Lainnya;Mendukung;Mendukung;Menolak
GIMANA YAA...PRESIDENNYA BEKAS TENTARA. JADINYA DIA DIKIT DIKIT DEMEN MAIN TENTARA TENTARAAN. URUS SIPIL AGAK BINGUNG. DIA JAGO KALO URUS BATALYON. YANG PENTING UDAH KESAMPAIAN JADI PRESIDEN. URUSAN MAU BAGUS ATAU NGGA. DI TERIMA ATAU NGGA, YAA URUSAN LOO DAH. kira kira seperti itu analisa nya ????;GIMANA YAA PRESIDENNYA BEKAS TENTARA JADINYA DIA DIKIT DIKIT DEMEN MAIN TENTARA TENTARAAN URUS SIPIL AGAK BINGUNG DIA JAGO KALO URUS BATALYON YANG PENTING UDAH KESAMPAIAN JADI PRESIDEN URUSAN MAU BAGUS ATAU NGGA DI TERIMA ATAU NGGA YAA URUSAN LOO DAH kira kira seperti itu analisa nya;bagaimana yaa presidennya bekas tni jadinya dia dikit dikit demen main tni tentaraan urus sipil agak bingung dia jago kalau urus batalyon yang penting sudah kesampaian jadi presiden urusan mau bagus atau tidak di terima atau tidak yaa urusan loo dah kira kira seperti itu analisis nya;bagaimana yaa presidennya bekas tni jadinya dia dikit dikit demen main tni tentaraan urus sipil agak bingung dia jago kalau urus batalyon yang penting sudah kesampaian jadi presiden urusan mau bagus atau tidak di terima atau tidak yaa urusan loo dah kira kira seperti itu analisis nya;['bagaimana', 'yaa', 'presidennya', 'bekas', 'tni', 'jadinya', 'dia', 'dikit', 'dikit', 'demen', 'main', 'tni', 'tentaraan', 'urus', 'sipil', 'agak', 'bingung', 'dia', 'jago', 'kalau', 'urus', 'batalyon', 'yang', 'penting', 'sudah', 'kesampaian', 'jadi', 'presiden', 'urusan', 'mau', 'bagus', 'atau', 'tidak', 'di', 'terima', 'atau', 'tidak', 'yaa', 'urusan', 'loo', 'dah', 'kira', 'kira', 'seperti', 'itu', 'analisis', 'nya'];TNI, Prabowo;Militerisasi;Mendukung;Mendukung;Menolak
Tak ada koperasi yang bener.  Hanya modus korupsi dan nasabahnya busuk' semua.;Tak ada koperasi yang bener Hanya modus korupsi dan nasabahnya busuk semua;tidak ada koperasi yang benar hanya modus korupsi dan nasabahnya busuk semua;tidak ada koperasi yang benar hanya modus korupsi dan nasabahnya busuk semua;['tidak', 'ada', 'koperasi', 'yang', 'benar', 'hanya', 'modus', 'korupsi', 'dan', 'nasabahnya', 'busuk', 'semua'];Tidak Terdeteksi;Korupsi;Menolak;Menolak;Menolak
Pemerintah juga membuka kerja sama dengan universitas untuk dukung koperasi.;Pemerintah juga membuka kerja sama dengan universitas untuk dukung koperasi;pemerintah juga membuka kerja sama dengan universitas untuk dukung koperasi;pemerintah juga membuka kerja sama dengan universitas untuk dukung koperasi;['pemerintah', 'juga', 'membuka', 'kerja', 'sama', 'dengan', 'universitas', 'untuk', 'dukung', 'koperasi'];Tidak Terdeteksi;Kebijakan;Mendukung;Mendukung;Menolak
Sorry, yaa... jangan² itu buat nyukseskan program J-kawe, kmrn dngr2 ke India, tu? Kalau benar whuehh, bakalan betul jadi sultan negara tu.. bisa tambah mgjungkirbalikkan moral tu.. polisi MK DPR semuanya patuh.;Sorry yaa jangan2 itu buat nyukseskan program J kawe kmrn dngr2 ke India tu Kalau benar whuehh bakalan betul jadi sultan negara tu bisa tambah mgjungkirbalikkan moral tu polisi MK DPR semuanya patuh;sorry yaa jangan2 itu untuk nyukseskan program j kawe kmrn dngr2 ke india tu kalau benar whuehh bakalan betul jadi sultan negara tu bisa tambah mgjungkirbalikkan moral tu polisi mk dpr semuanya patuh;sorry yaa jangan2 itu untuk nyukseskan program kawe kmrn dngr2 ke india tu kalau benar whuehh bakalan betul jadi sultan negara tu bisa tambah mgjungkirbalikkan moral tu polisi mk dpr semuanya patuh;['sorry', 'yaa', 'jangan2', 'itu', 'untuk', 'nyukseskan', 'program', 'kawe', 'kmrn', 'dngr2', 'ke', 'india', 'tu', 'kalau', 'benar', 'whuehh', 'bakalan', 'betul', 'jadi', 'sultan', 'negara', 'tu', 'bisa', 'tambah', 'mgjungkirbalikkan', 'moral', 'tu', 'polisi', 'mk', 'dpr', 'semuanya', 'patuh'];Tidak Terdeteksi;Kebijakan;Menolak;Menolak;Menolak
KDMP DAN MBG ITU RETURIKA POLITIK PARTE  INI BERTENTANGAN DG REFORMASI KARNA MUNCUL KKN SANGAT LUARBIASA;KDMP DAN MBG ITU RETURIKA POLITIK PARTE INI BERTENTANGAN DG REFORMASI KARNA MUNCUL KKN SANGAT LUARBIASA;koperasi desa merah putih dan mbg itu returika politik parte ini bertentangan dengan reformasi karna muncul kkn sangat luarbiasa;koperasi desa merah putih dan mbg itu returika politik parte ini bertentangan dengan reformasi karna muncul kkn sangat luarbiasa;['koperasi', 'desa', 'merah', 'putih', 'dan', 'mbg', 'itu', 'returika', 'politik', 'parte', 'ini', 'bertentangan', 'dengan', 'reformasi', 'karna', 'muncul', 'kkn', 'sangat', 'luarbiasa'];KDMP;Lainnya;Netral;Netral;Menolak
Dikampung saya pembangunan gedung koperasi merah putih pengawasnya banbinsa kan aneh;Dikampung saya pembangunan gedung koperasi merah putih pengawasnya banbinsa kan aneh;dikampung saya pembangunan gedung koperasi desa merah putih pengawasnya banbinsa aneh;dikampung saya pembangunan gedung koperasi desa merah putih pengawasnya banbinsa aneh;['dikampung', 'saya', 'pembangunan', 'gedung', 'koperasi', 'desa', 'merah', 'putih', 'pengawasnya', 'banbinsa', 'aneh'];KDMP;Lainnya;Menolak;Menolak;Menolak
Alfamart dan indomaret aja engga sebanyak itu buat awal usaha dan berhasil, artinya apa pengadaan ini buat rejim koruptor;Alfamart dan indomaret aja engga sebanyak itu buat awal usaha dan berhasil artinya apa pengadaan ini buat rejim koruptor;alfamart dan indomaret saja engga sebanyak itu untuk awal usaha dan berhasil artinya apa pengadaan ini untuk rejim koruptor;alfamart dan indomaret saja engga sebanyak itu untuk awal usaha dan berhasil artinya apa pengadaan ini untuk rejim koruptor;['alfamart', 'dan', 'indomaret', 'saja', 'engga', 'sebanyak', 'itu', 'untuk', 'awal', 'usaha', 'dan', 'berhasil', 'artinya', 'apa', 'pengadaan', 'ini', 'untuk', 'rejim', 'koruptor'];Tidak Terdeteksi;Korupsi;Netral;Netral;Menolak
Aku ksh saran sebaiknya jangan.... Bangdes di desaku aja pd macet ... Jd jangan menambah ladang korupsi berbalut koprasi....;Aku ksh saran sebaiknya jangan Bangdes di desaku aja pd macet Jd jangan menambah ladang korupsi berbalut koprasi;saya ksh saran sebaiknya jangan bangdes di desaku saja pd macet jadi jangan menambah korupsi berbalut koperasi;saya ksh saran sebaiknya jangan bangdes di desaku saja pd macet jadi jangan menambah korupsi berbalut koperasi;['saya', 'ksh', 'saran', 'sebaiknya', 'jangan', 'bangdes', 'di', 'desaku', 'saja', 'pd', 'macet', 'jadi', 'jangan', 'menambah', 'korupsi', 'berbalut', 'koperasi'];Tidak Terdeteksi;Korupsi;Menolak;Menolak;Menolak
Klau kades dan perangkat terlibat dlm kopdes gak akan jalan.yh sdh 2 progran desa contoh bumdes pengurus ada perangkat desa pasti gagal.;Klau kades dan perangkat terlibat dlm kopdes gak akan jalan yh sdh 2 progran desa contoh bumdes pengurus ada perangkat desa pasti gagal;klau kepala desa dan perangkat terlibat dalam koperasi desa tidak akan jalan yh sudah 2 progran desa contoh badan usaha milik desa pengurus ada perangkat desa pasti gagal;klau kepala desa dan perangkat terlibat dalam koperasi desa tidak akan jalan yh sudah progran desa contoh badan usaha milik desa pengurus ada perangkat desa pasti gagal;['klau', 'kepala', 'desa', 'dan', 'perangkat', 'terlibat', 'dalam', 'koperasi', 'desa', 'tidak', 'akan', 'jalan', 'yh', 'sudah', 'progran', 'desa', 'contoh', 'badan', 'usaha', 'milik', 'desa', 'pengurus', 'ada', 'perangkat', 'desa', 'pasti', 'gagal'];Kades, KDMP;Pengelolaan;Menolak;Menolak;Menolak
Sinergi TNI & Koperasi Desa perkuat ketahanan pangan. Prajurit manunggal membangun desa demi ekonomi rakyat mandiri! ????????;Sinergi TNI Koperasi Desa perkuat ketahanan pangan Prajurit manunggal membangun desa demi ekonomi rakyat mandiri;sinergi tni koperasi desa perkuat ketahanan pangan prajurit manunggal membangun desa demi ekonomi rakyat mandiri;sinergi tni koperasi desa perkuat ketahanan pangan prajurit manunggal membangun desa demi ekonomi rakyat mandiri;['sinergi', 'tni', 'koperasi', 'desa', 'perkuat', 'ketahanan', 'pangan', 'prajurit', 'manunggal', 'membangun', 'desa', 'demi', 'ekonomi', 'rakyat', 'mandiri'];TNI, KDMP;Militerisasi;Mendukung;Mendukung;Mendukung
"Seharus nya pegawai koperasi bukan pegawai Negara karena koperasi bisa bangkrut 
Mohon deh apa AD/ART supaya disosialisasi kan lebih awal";Seharus nya pegawai koperasi bukan pegawai Negara karena koperasi bisa bangkrut Mohon deh apa AD ART supaya disosialisasi kan lebih awal;seharus nya pegawai koperasi bukan pegawai negara karena koperasi bisa bangkrut mohon apa ad art supaya disosialisasi lebih awal;seharus nya pegawai koperasi bukan pegawai negara karena koperasi bisa bangkrut mohon apa ad art supaya disosialisasi lebih awal;['seharus', 'nya', 'pegawai', 'koperasi', 'bukan', 'pegawai', 'negara', 'karena', 'koperasi', 'bisa', 'bangkrut', 'mohon', 'apa', 'ad', 'art', 'supaya', 'disosialisasi', 'lebih', 'awal'];Tidak Terdeteksi;Lainnya;Diskusi;Diskusi;Diskusi
Indonesia emas..... Makasih begini² aja polah dan konsepnya ??... Ada ahli teletubis urus ijazah, ada arahan gunakan produk dlm negri malah impor produk India.....;Indonesia emas Makasih begini2 aja polah dan konsepnya Ada ahli teletubis urus ijazah ada arahan gunakan produk dlm negri malah impor produk India;indonesia emas terima kasih begini2 saja polah dan konsepnya ada ahli teletubis urus ijazah ada arahan gunakan produk dalam negeri malah impor produk india;indonesia emas terima kasih begini2 saja polah dan konsepnya ada ahli teletubis urus ijazah ada arahan gunakan produk dalam negeri malah impor produk india;['indonesia', 'emas', 'terima', 'kasih', 'begini2', 'saja', 'polah', 'dan', 'konsepnya', 'ada', 'ahli', 'teletubis', 'urus', 'ijazah', 'ada', 'arahan', 'gunakan', 'produk', 'dalam', 'negeri', 'malah', 'impor', 'produk', 'india'];Tidak Terdeteksi;Lainnya;Mendukung;Mendukung;Menolak
Berdirinya koperasi adalah ke??sadaran para an?gota, percaya atau tdk banyak yg gagal;Berdirinya koperasi adalah ke sadaran para ang gota percaya atau tdk banyak yg gagal;berdirinya koperasi adalah ke sadaran para ang gota percaya atau tidak banyak yang gagal;berdirinya koperasi adalah ke sadaran para ang gota percaya atau tidak banyak yang gagal;['berdirinya', 'koperasi', 'adalah', 'ke', 'sadaran', 'para', 'ang', 'gota', 'percaya', 'atau', 'tidak', 'banyak', 'yang', 'gagal'];Tidak Terdeteksi;Lainnya;Menolak;Menolak;Menolak
