Comment;;;;
Mas,Mbak, boleh gabung ikut ketawa ga'????;;;;
TNI klu punya modal cetering ya GPP   pogranya bagus anak jadi cerdas 👍;;;;
Rezim yg nggak jelas memimpin  negara disamakan setingkat RT rukun tetangga;;;;
Jalan desa harus ditangani  pemda! Spt  kdm, propinsi  bangun  jalan desa.;;;;
Habis parcok terbitlah  parjo?;;;;
Yaa bener spt..;;;;
"Dalam Kajian Geografi Ekonomi:
KDMP(KOOPERATIF DESA MERAH PUTIH) SAMA SEPERTI SWALAYAN MODERN BUKAN KOPERASI. 
KDMP bukan kepanjangan KOPERASI DESA MERAH PUTIH melainkan kepanjangan dari KOOPERATIF DESA MERAH PUTIH dikarenakan awal perintisan bukan desain koperasi sebelum berdiri gedung KDMP dan tidak memilik unsur koperasi berazas kekeluargaan. Kooperatif Desa Merah Putih dibuktikan pengelolah pra pelaksanaan didominasi sepihak dari anak usaha BUMN yaitu PT.AGRINAS PANGAN NUSANTARA yang terdiri dari berdirinya gedung KDMP yang ada potongan administrasi 50% anggaran dari Rp.1,6 Miliar menjadi Rp.800 Juta, lokasi berdiri gedung KDMP asal-asalan tanpa memperhatikan strategis untuk pemasangan yang akhirnya mempengaruhi pendapatan hasil usahanya, dalam berdiri gedung KDMP dan kegiatan usahanya tidak melibatkan pengawas internal KDMP setempat(kaur kesra pemdes, kepala BUMDes dan anggota KDMP perintis), tidak memiliki SHGB(sertifikat hak Guna Bangunan) kepada BUMDes dikarenakan tanah yang didirikan KDMP milik desa dan dikwatirkan tanah milik desa diakui anak usaha BUMN, Penentuan manajemen kepengurusan KDMP,  suplayer barang yang dijual di KDMP diambil dari gudang swalayan modern swasta (bukan berasal dari perusahaan produsen, UMKM desa setempat dan Dolog Pertanian), Rekrutmen karyawan KDMP bukan berasal dari warga desa setempat, tidak ada anggota koperasi perintis, tidak ada sistem keuangan koperasi (Iuran wajib, iuran sukarela dan bagi hasil anggota koperasi). Gedung KDMP dikatakan publik ""SAMA SAMA SEPERTI SWALAYAN MODERN BUKAN KOPERASI"". Berbeda dengan Koperasi yang asli, desain koperasi dimulai dari rekrutmen anggota koperasi desa perintis dilanjutkan penentuan unsur koperasi yang dilakukan dengan musyawarah anggota koperasi perintis seperti pembentukan AD/ART koperasi Desa, pemilihan pengurus koperasi, sistem keuangan koperasi, bentuk kerjasama mitra koperasi, bentuk usaha dan penentuan karyawan koperasi serta berdiri gedung usaha koperasi. Walaupun diadakan kerjasama dengan mitra kerjasama tetap mempriotaskan desain koperasi bersama unsur koperasi berazas kekeluargaan.
Sumber Geograf Indonesia.";;;;
Coba cari data tentang berapa dana yg masuk ke pelaksana untuk pembangunan KDMP, dan siapa yg akan mempertanggungjawabkan;;;;
Emang nya TNI bisa berbisnis😂;;;;
Assalamu'alaikum saya mau tanya berapa upah tukang satu bangunan koprasi merah putih karna menurut saya terlalu murah kebetulan saya sendiri tukannya dari sulbar❤;;;;
Sesuatu urusan yang dipegang bukan ahlinya, kita tunggu kehancurannya;;;;
Perusahaan siapa yang mensuply barang ke koperasi Desa.;;;;
Jiaaaaah....pemerintah sekarang koq keliatan banget begonya bikin program😊;;;;
hidup subur tempo🤲🤲;;;;
Hasil PARCOK...(Polisi di MBG,Tentara di KDMP);;;;
Dalam seluruh aspek kehidupan termasuk ekonomi rakyat,sudah seharusnya melibatkan TNI,supaya terjaga dan tumbuh kepercayaan masyarakat pada kepentingan masyarakat banyak;;;;
KopDes ( Korporasi Desa )....!!!. Anak usaha Pt. Agrinas.;;;;
Sy tau persis kondisi desa. Puluhan THN sy tau sebag. Kegiatan desa. Sy melihat KDMP dikonten ini kok JD ngeri dan TDK sedap ke DPN nya. Owalllaaah.... Pie iki. Kasihan keg.desa yg SDH di rencanakan;;;;
Filosofi koperasi: dari anggota untuk anggota. Koperasi top down,  I am sure it Will fail. Kita tonton aja lima tahun ini. Sudah terdengar di NTB. Aparat pemerintah suruh tutup indomaret n alfamaret?? Nahh..gimana?;;;;
Doreng selalu nongkrong di proyek koprasi;;;;
"RAKYAT YG GOBLOK !!!
REFORMASI 98  YG MENGHAPUSKAN DWI FUNGSI AIR....YG MEMAKAN KORBAN BANYAK JIWA  YG MATI !!!!SEKARANG  MILITERISASI DIHIDUPKAN KEMBALI PAK WOWO";;;;
Hati hati situasi Negara kita semakin hari semakin bisa di prediksi mau menjadi pemerintahan Otoriter. Tanda 2 nya SDH kita ketahui  dengan ikut sertanya aparatur keamanan polri dan tentara dalam pembangunan di desa. Ini tanda 2 mau kembali ke rezim orde Baru. Haeee Antek antek Asing. Merdeka.;;;;
Welah, bisa dipertanggungjawabkan tidak itu, nnti,? Dulu  era jokowi kampanye dr dana  kantor  berdalih pemberdayaan d&pengelolaan sumber daya alam, yg hadir para pejabat daerah dan tokoh2, nggak bisa di pertanggung jwbkan, krn nggak sesuai dg uraian  dom rakl /rab;;;;
Kata gua mah ya banyak yg nganggur di pekerjakan lah, ini malah ijo jadi kasir kopdes😂;;;;
Semua program Prabowo nilai nya hasil nya kecil tp berat di ongkos;;;;
"Ada syair lagu, "" Kalau nakhoda  kurang lah faham alamat lah kapal akan tenggelam ""😅wo u wo u wo";;;;
😂😂😂...memang ini era militer ...😂😂😂...lupa ya rekam jejak pak boss.. ??...😂😂😂;;;;
Kerisikan dulu sampai sekerisi2x, kan sudah di bangun 700 batalyon barulah masuk  ke desa2  dgn bawa bantuan dan di salurkan oleh si kolor  ijo ini barulah, mengambil alih  kepemerintahan jabatan sipil di ambil si kolor ijo ini  konoha sudah di seting 😂;;;;
Indonesia kacau balau;;;;
Kacau balau;;;;
KUD dulu aja udah mangkrak ni di ganti koprasi merah putih mlh mangkrak pasti mangkrak😂😂😂;;;;
antek jos soros ngamuk...;;;;
ADA NANTI ISTILAH,,,, MAU GANTENG PAKAI GENTENG,,,😂😂😂😂MAU JRENG DATANG KE MENTENG😂😂😂😂;;;;
KDMP adalah program yg dipaksakan.. 1. Dana Desa dipangkas 67% konon selama 6 th.. Akibatnya program Pembangunan Desa tdk dapat dilaksanakan. 2. Pemerintah Desa & Pengurus KDMP sama sekali tdk dilibatkan 3. Tidak ada papan kegiatan pelaksananya PT apa dananya berapa? NIHIL...;;;;
Proses pemilu kapanpun dan di manapun apa bila pelaksanaannya  diwarnai kecurangan akan menghasilkan pemimpin yg tidak bisa memimpin dg baik;;;;
"Ijo coklat
Kyk perusahaan perdagangan 
Apa aja mau di urus";;;;
Polisi masuk MBG 😄🤫;;;;
Pekerjaan proyek yg tdk dipegang ahlinya pasti hancur dan sia2;;;;
Karna ga ada kerjaan, ga ada perang mknya urus kebun jagung, operasi pasar, koperasi... Lebih baik kirim ke Afganistan Ukraina Iran biar kerja;;;;
karyawan kdmp juga sudah di atur , mau mengelak tapi kenyataan begitu;;;;
Pada akhirnya rakyat miskin yang akan menanggung semuanya.;;;;
Kalo ada dana desa yg kepakai kdmp kan cuma setahun saja (tdk setiap tahun). Desa puasa lah setahun mah;;;;
Kekenyangan HOAK otak jadi PESIMIS dan tidak percaya diri sendiri kelamaan HOAK beginilah jadinya wajah sebagian KECIL rakyat NKRI kebanyakan orang PINTAR yg ASBUN masih ada Rakyat Indonesia yg tidak percaya NEGARAnya sendiri, atau jangan-jangan bukan rakyat INDONESIA tapi ngaku2 Warga Negara Indonesia kali yeeeh;;;;
TNI ini makin menjadi-jadi jika dilihat sekarang ini,. terang-terangan mereka sekarang ini.;;;;
tidak masalah mau tentara atau bukan, yang penting ada sistem pengawasan operational secara digitalisasi terpusat untuk semua Proyek Strategis Nasional;;;;
Desa yg punya uang malah yg ngatur uangnya org2 penerintah...;;;;
Ya ya  ya  inget pidato soal geteng.  Pi bangun gedung KDMP kok gk pake geteng. Wkwkwkw;;;;
"Koperasi Desa Merah Putih (kdmp) dibangun atas INPRES.
Desa wajib siapkan lahan, TNI yg bangun, brp % potongan anggaran yg DI TILEP? Setelah selesai mjd aset desa, bingung mau diapain.
Dana bangun dan modal usaha dari pemerintah, yg ternyata DANA DAERAH/DESA utk bayar kredit bank 6 thn, tersisa hanya utk gaji staf kantor desa.
6 Thn kedepan, DESA  tdk ada dana utk bangun jalan, perbaikan rumah dan bantuan orang miskin.
Akhirnya KDMP jadi semak belukar. Ditipu lagi rakyat. Itulah Konoha.";;;;
KUD zaman pa Harto akhirnya gagal, sekarang mau dibuat lg dgn sistem komando......rasanya blm ada sejarah bisnis yg sukses dgn system komando.....kawatir ini akn mjd hal yg mubazir, tdk efektif  & APBN kita tdk tepat sasaran;;;;
Nti ada batalyon mbg dan batalyon koperasi..rusak rusak.;;;;
Sebaik nya di evaluasi oleh dewan rakyat;;;;
suruh perang saja, biar g hisap darah rakyat dg gaji buta. biar lewat semua mrk. kirim ke palestina, lebanon, ukraina dan iran. rkyt sdh muak dg bagi uang rakyat dn gya hidup mrk yg bak pengusaha kaya..;;;;
"Genjot pajak dan naikan...
Saing i rakyat dalam jualan...
Ambil keuntungan sebanyak banyaknya dari rakyat...
Bukannya mengelola sumber daya alam untuk kemakmuran rakyat dan mengfasilitasi rakyat bangun usaha eh malah ikut berbisnis kelompok... Hadeh😅";;;;
Sekarang para kades seluruh Indonesia pada nyesel telah pilih Bowo. Padahal sebelum pilpres mereka dikerahkan ke Jakarta untuk konsolidasi pemenangan Bowo Gibran. Dan ternyata Bowo Gibran sukses jadi pemenang pemilu. Sekarang kades seluruh Indonesia pada nyrongos giginya karena kurus kurang makan akibat dana desa dirampok oleh sang penguasa 😂😂😂;;;;
Desa dipaksa bangun fisik KDMP, dgn anggaran 800jt - di Jatim harus dikerjakan sampai selesai ( TNI sebagai pengawas );;;;
Ayo semua bersuara untuk mengembalikan supremasi sipil. tidak da demokrasi kalau sipil ada di bawah tentara;;;;
"di seluruh dunia coba perhatikan.
Kalau ada negara yang peran militer nya dominan, negara tersebut umumnya sulit berkembang.

Ingat masa orde baru, Indonesia menjadi negara tertinggal di asean saja kalah sama Malaysia.

Lihat saja nanti Indonesia juga akan kalah sama Kamboja.

Sabar, tunggu sampai tahun 2029 
Nanti pilih pemimpin dari orang Sipil saja seperti Pak Jokowi.

Kalau mau Indonesia menjadi negara maju 
Pilih Ahok saja ❤❤❤";;;;
Jaman Wowo semua harus melibatkan militer, walaupun kita tau mereka ga ngerti apa2, yg penting militer dilibatkan. Indonesia udah kehabisan ahli/sarjana dibidangnya masing2 🤣🤣🤣;;;;
Ternyata negara kita kapitalis ya? 🗿;;;;
Masih menunggu kelanjutan investigasi bkematian pak lambang babar Purnomo yang penuh misteri;;;;
Kdm lebih baik di hapuskan biar TDK merigikan negara Dan pengusaha kecil;;;;
Tentara ngurus bisnis…lalu para profesional di bidangnya nganggur atau kerja di luar negri…masih bilang rakyat bakal sejahtera?  Masih untung kita gak perang kalo perang gak ngebayangin kalo militer jadi takut pegang senjata!😊;;;;
Bagi-bagi.... MBG coklat KDMP ijo..., sama2 dapet bagian kendraan operasional...., 😂😂😂;;;;
Kebanyakan idea, tambah repot.;;;;
daripada jualan gnteng lebih baik buka lapak tukang cukur hahahahahaha.....;;;;
kolaborasi.....;;;;
Koperasi tp dagang barang. Malah jadi kompetitor baru di kalangan UMKM di lapangan. Keuntungan dagang dari koperasi ini kemana nanti larinya.;;;;
genjatan senyap ini mah, perlahan merasakan orde baru tanpa disadari ya 😂;;;;
Selamat buat rakyat. Pengangguran makin merajalela. Rakyat ga dapat lapangan kerja, sudah diborong si anu sama si Ani, sekarang bukan dwifungsi lagi tapi multifungsi. Kok mereka ga memikirkan teknologi militer supaya  bisa bersaing dengan negara-negara lain malah mengurusi koperasi MBG.  Payah;;;;
"Perlu dikaji tentang ekonomi koperasi. Simpanan wajib, simpanan suka rela, semua punya anggota untuk anggota. Kalau koperasi merah putih itu koperasi atau sistem apa? Kok pake modal awal  dari pemerintah, bukan dari anggota. Kedua, kalau modal dari pemerintah 700 jt (misal), di kaji nggak di desa berapa jumah uang yang beredar per hari? Jangan-jangan ada barang nggak ada yang beli, orang masyarakatnya nggak punya uang yang cukup. Contoh kegagalan; KUD, Usaha Desa yang sedang berjalan, Pasar Agro di beberapa desa, yang tinggal bangunan. Tempo coba investigasi ke desa-desa terpencil.";;;;
Namanya TeMaKo;;;;
Sayang duit segitu banyak baik di pakai buat proyek di luar negeri.contoh  Seperti cina buka smelter di Indonesia;;;;
Bagus klw kpla desa tdk bnyak terlibat,,;;;;
Bengkok kepala desanya digunakan untuk gedung kop merah putih. Kepalanya desa  upahnya berkurang;;;;
Sekalian disiapkan tentara di sektor produksi   pertanian , perkebunan,peternakan periksnsn,industri hasil pertanian,dll;;;;
Koperasi Merah putih calon kompetitor warung rakyat;;;;
Mobilisasi TNI untuk menguasai di sektor sipil sudah jelas dan terang terangan;;;;
Serdadu jadi petani dan masuk koperasi. Baju baru misi sama dengan serdadu masuk desa.;;;;
Kenapa harus ikut tentara dalam urusan bisnis, tentara urusan pertahanan ini sama dengan gaya orba.;;;;
KDMP dipotong tiap tiap pencairan termin...lebih parah;;;;
Koprasi unt mekegalkan RIBA;;;;
Koperasi adalah ekonomi kerakyatan bersifat kekeluargaan.jadi.botom up namum Koperasi.Merah Putih itu justru dari atas kebawah ini menunjukkan ada.pembiasan.semoga bisa benar2 terbentuk dan terwujud dengan baik tapi atas dasar kesadara perbaika ekonomi desa bukan karena tekanan dan paksaan akan menyimpang dari jiwa koperasi itu sendiri semoga !!!;;;;
Pion sors secara tidak sadar?;;;;
"Yach..! Biarlah program tetap program tanpa realisasi, ahirnya
Program omon2";;;;
Jd ngacoo republik ini, dosa apa tuhan rakyat jd korbannya. Andai waktu bisa diulang ke pemilu 2024;;;;
orde militerisasi;;;;
Betapa bijaksananya jika pembangunan fisik KDMP dilaksanakan secara Padat Karya Tunai Desa (PKTD) oleh warganya sehingga menjadi berkah.🙏;;;;
NAMANYA JUGA PRESIDEN ORBA;;;;
Pemerintahan skarang bukan lebih baik TPI Mala lebih hancur, MBG polisi kop merah putih tentara dan dana desa dipotong , Prabowo prabowo;;;;
Makin ngak jelas Ina mau dibawa kemana oleh Prabowo 😂😂😂;;;;
Seharusnya TNI harus jadi tentara profesional, gimana mau ngelawan Iran kaya gini 😂😂😂;;;;
Gk berbobot kritik tanpa gagasan dan solusi;;;;
"Duhhh
Dirumah Semua Atapnya Seng";;;;
Makin parah..kasian nasibmu konoha.;;;;
Faktany memang begitu, dana desa dipotong 700sd 800 jt;;;;
Militer sudah masuk sipil,apa yg akan terjadi????;;;;
"Meskinya evaluasi LBH menyeluruh..
KL.kita liat dimedia ad jg oknum kepala desa yg salah gunakan Anggaran Dana Desa.";;;;
𝗞𝗗𝗠𝗣 = 𝗞𝗼𝗽𝗲𝗿𝗮𝘀𝗶 𝗗𝗮𝗲𝗿𝗮𝗵 𝗠𝗶𝗹𝗶𝘁𝗲𝗿 𝗣𝗲𝗿𝗱𝗲𝘀𝗮𝗮𝗻.;;;;
kalau tdk di kawal pasti fi korupsi oleh oknum kades,;;;;
kalau tdk di kawal pasti fi korupsi oleh oknum kades,;;;;
Tentara skrg bukan angkat senjata, tetapi angkat puring😅😅😅😅;;;;
Korupsi terbesar yg mengunakan dana desa yaitu kopdes;;;;
Paling yang laku Simpin 😂 wong di tempat kita saja  gak tau mau mulai dri mana dan berakhir dimana;;;;
"Mungkin dana pembangunan desa 1 m sdh tidak relefan ksli... Banyak desa sudah di cor, bahkan sampai ke punggir kali .... Kecuali di korupsi di beberapa daerah. 

Kalo lari ke KOPMER... kanpenduduk desa otomatis jadi anggota juga.. 

Tinggal pengawasan ajaaa";;;;
*_mosok se ?_*;;;;
TNI banyak yang Rangkap Jabatan, TNI jadi bos bulog, polisi jadi kacung yang jualin beras nya 😂;;;;
2030 Indonesia bubar;;;;
Rezim terkorup;;;;
Tentara Indon malu2 in ga seperti tentara Iran;;;;
Bisa dipastikan proyek bodong ini akan gagal total... Wait n see...;;;;
TENTARA NGGAK PUNYA KERJAAN , KINI NGURUS KOPERASI DESA MP , KOK LUCU AJA IDE MENDADAK INI ,;;;;
Karena TDK bisa korupsi;;;;
100% bakal bangkrut dan menambah masalah bangsa ini makanya 2029 jangan pilih pemimpin yg goblog;;;;
"KMP.
Projek Bancakan DUIT RAKYAT.
Kasus ini persis KUD.
KETUA untung duluan 😂😂😂
Koperasi merah putih ini 99.9% DUIT bakalan lenyap.. berani' taruhan potong tongkol ayo😂
Cek folding gate yg harusnya 0.8mm.yg sudah jadi ternyata cuma, tebal 0.3..baru tahap BIKIN kios saja ada korupsi di pembangunan fisiknya";;;;
Persiden Ambisi program janji kampanye.padahal  program³ nya nyusahin masyarakat kalangan Bawah..;;;;
Menurut saya bukan karena Prabowo percaya kepada struktur komando saja tapi Prabowo memberikan hadiah kepada TNI setelah berhasil mendukung dia sebagai capres serta agar TNI tempatnya berlindung apabila akan terjadi pihak-pihak sipil yang akan merongrong wibawanya😢;;;;
Danramil banyak proyeknya sekarang😂;;;;
Kembalikan tni dan pulisi pada tugas pokoknya masing masing biar merka orifesional dan fokus menjalankan tugas pokoknya. Haouskan deibfungsi abri dan teritorial, puliisi fokuslah oada tugas pokoknya penegakan hukum dan menjaga kantibmas.. Perkuat polsek sebagai ujung tombak. Kalonujungbtombak lemah maka tidak akan mampu menjawab dan mengatasi  problem di masyarakar. Bubarkan babinkamtibmas untuk memperkuat reserse utk tingkatkan oenegakan hukum. Kerja babinkantibmas  tidak efektik dan tidak ada tolok ukur keberhasilanya. Benahi manajemen pulisi itu harus dikakukan.pimpinan pulisi  Belajarlah dari negara maju utk kemajuan organisasi  jangan hanya  memikirkan karier dan jabatan saja karna itu tidak anda bawa mati;;;;
Serahkan pekerjaan pada ahlinya. Tp yg terjadi tdk profesional dan makin carut marut negri ini. Tentara ngurusi ranah sipil akibat politik dwi fungsi tni, pulisi ngurusin jagung dan mbg padahal ada tugas yg lbh strategis contohnya memperkuat polsek selaku ujung tombak..jd tidak konsen dgn tugas pokoknya masing masing akibatnya bobrok dan lemah. Sadarlah wahai para pemimpin. Kembalilah pada tugas pokoknya masing masing. Kerja mencari citra hanya akan menghasilkan kerja formalitas tanpa hasil maksimal;;;;
tujuan Revormasi 98 ?;;;;
Banyak berita positif.. tapi tidak pernah atau jarang diberitakan.. tidak keseimbangan 😂;;;;
Dwi fungsi??;;;;
"Bang sebagai pokes. 
 Bang. 
 Undang salahsatu kami dari Papua. 
 Biar kk bisa tau";;;;
"Pilihan 58% Begini Amat Ya.
Woii Pendukung Prabowo, Puas Kalian ?
😂😂😂";;;;
Tetap semangat tempo 👍;;;;
TEMPO,tolong kawal Program Koperasi Merah putih ini.Di provinsi Papua,kepala desa dan aparatnya serta masyarakat di desa-desa, belum dan tidak memahami,tentang: Kehadiran Koperasi Merah Putih.Kemudian ada muncul lagi program Koperasi Nelayan Merah Putih.;;;;
"Saya *Sangat Setuju 11-ribu TRILIUN* Dengan Program GENTENGISASI Dari Bpk Prabowo. 

Semoga Program Tersebut Akan Berjalan Dengan Lancar dan Sukses. 

Terutama Atab Gedung Koperasi Desa Merah Putih / KDMP *HARUS DINOMOR SATUKAN / DIDAHULUKAN.*

Karena Saat Ini Bangunan Gedung Koperasi Desa Merah Putih / KDMP *Atabnya BUKAN GENTENG, namun galvalum.*

Oke Gas Okeeee Gasssss.";;;;
yng GK setuju TNI terlibat dalam pembangunan koperasi merah putih....pasti orang yang GK bisa ambil untung dari proyek itu;;;;
Semangat pak Prabowo rakyak Indonesia mendukungmu...jgn dengarkan manusia2 gak guna ini.;;;;
Utang dulu ya genteng nya;;;;
"Dengarkan pak presiden nih kritik&info mencerdaskan ini... 
Evaluasi&audit mekanisme KDKMP ini, 
Program benar+cara benar=sukses program";;;;
Koperasi INDIA JAYA🪳;;;;
Wowo Army 😂😂😂;;;;
KERJA KOMANDO BIAR CEPAT;;;;
"Kepala Desa sebagai Pengawas Koperasi Merah Putih woyy  masuk struktur.. Yg dimaksud tidak dilibatkan apa?? Klo ga dilibatkan dalam megang uangnya, ya iyalah.. Karena yg megang adalah bendahara KDMP, dan itu uang Simpanannya warga desa.. Beda dengan dana Pemdes. 

Kepala desa jg dilibatkan dlm pasokan MBG oleh KDMP. Yaitu mendata potensi2 desa utk dimasukkan ke MBG.";;;;
😂😂😂😂 lucu pake banget;;;;
Kacau balau Negera ini manejemen pemerintahan tidak jelas. Sampai 2029 cukup sajalah;;;;
Seharusnya TNI Jgn ikut serta, supaya Kades dan pengurus KMP dapat menentukan arah menentukanya .;;;;
Lah kok pembangunan gedung utk koperasi merah putih di desa2 / kelurahan atapnya seng bukanya GENTENG.;;;;
Kok gak bahas biaya pembangunannya mas tempo???;;;;
Prabowo cukup 1 periode saja, Krn terlalu banyak omon omon  g ada bukti kerjanya;;;;
2029 ganti presiden;;;;
Puas 02;;;;
Sudh sadar kah 😂😂😂😂 BRAVO..... jaga kopdes biar gk masuk penjajah 😂;;;;
"Sbg insan koperasi, dari pembicaraa bocor alus, blm keliatan marwah, prinsip dan aturan main ""Koperasi Desa MP"" itu. Mengingat koperasi yg sekarang ini msh mengacu pada aturan main UUPerkoperasian No. 25 Thn. 1992, yg pernah mau digantikan dg UUPerkoperasian Thn. 2012, tp itu dianulir karena tdk sesuai dengan prinsip, dan azas ""ekonomi kerakyatan & kekeluargaan"" yg mengacu pada UUD 1945, tentang koperasi itu. Intinya koperasi banyak salah arah dan masalah. 🙏🙏🙏";;;;
"10 _20 persen per1meter 
 Kaya lh coii";;;;
tentara indon aneh2  giliran perang terbuka malah rakyatnya yg melindungi tentara bukan tentara melindungi rakyatnya !;;;;
Seperti TNI kurang kerjaan. Campur tangan koperasi desa.  Ini  salah  jalur,,,salah fungsi TNI. Fokus saja ke tugas pokok TNI;;;;
Gak boleh lah.. melibatkan tentara dgn Koperasi merah putih 👉karena tentara tugasnya menjaga keamanan negara, hallo....🙋;;;;
AMD versi penguasa Baru ?????????;;;;
Negara lain ud mikir bikin rudal canggih militer kita malah ngurus koperasi....lama2 jadi bank emok harian mereka;;;;
Salah sendiri produk orba dipilih....silakan nikmati......;;;;
Pemerintah prabowo wajib evaluasi MBG.KOPDES MERAH PUTIH. Itu kebijakan ugal2an dlm finansial.hancur negara klo tdk di evaluasi;;;;
Inilah hasil preziden pikun udah 75 th. Ancur... Pd banget. Ayo masyarakat boikot;;;;
Org lain urus nirawak. Kita begitu bangga sama MBG. Sampe TNI ikut. Polisi ikut juga. Emang apes negara kita ini;;;;
Selama sy dilahirkan ini pemerintah yg paling buruk mengelola negara🤦🤦🤲🤲;;;;
Tentara harusnya focus mengasah skil perang, sbb dunia saat ini dibawah tekanan Amerika, agar benar² siap tempur saat terjadi serangan militer.;;;;
"Kalo banyak"" juga nanti cuma buat sumber kekayaan kepala desanya hehehehe";;;;
Ini proyeknya siloreng sama dengan cetak sawah di era Jokowi, semua buang anggaran tiada manfaat bagi perekonomian Indonesia.;;;;
Jangan di libatkan merah putih merah putih itu Suci sementara koperasi itu sarat dengan korupsi;;;;
Alasan saja, supaya tentara2 bisa KORUPSI!!!;;;;
Dulu jaman mertua si Omon2 ada yang namanya Koperasi Unit Desa.;;;;
Abri berbisnis dulu tidak boleh skrg boleh aturan amburadul asal bpk senang.;;;;
"Bisnis kalangan mereka aja ini mirip MBG,
ntar karyawan koperasinya jadi ASN.";;;;
"Tentara masuk: koperasi;dapur mbg,sebentar lagi buka salon kecantikan....";;;;
Bagi kami masyarakatbkecil siapapun yg mengelola dana fak masalah yg penting arah jelas, fisiiknya ada dan sesuai speknya skg ini org berlomba lomba kades karena duitnya banyak 😂😂😂;;;;
Tuhan... Tolong selamatkan Indonesia.. ..;;;;
Proyek pemerintah tp RAB nya seperti siluman,, simpang siur,,dn kebanyakan tenaga kerjanya tidak melibatkan masyarakat desa setempat;;;;
🤭;;;;
Semoga rezim Prabowo cepat di ganti agar Indonesia tdk benar benar tenggelam th2030😂😂;;;;
Besok kalau pilih pimpinan jangan terlalu tua juga tidak terlalu muda.;;;;
"Iya mas bro rumah nya di kota kalau hidup di desa masih pakai jerami terutama di Papua...
Untuk koperasi merah putih banyak uang diselengkan nggak tepat guna .koperasi merah putih diserahkan ke militer.";;;;
Pembangunan KDMP kebanyakan bertempat di lahan hijou/lahan pertanian yang produktif, dan banyak yang belum bersertifikat. anggaran kdmp sdh memakai Dana desa 64 % dari Pagu Anggaran DDS desa tersebut. tapi anehnya tuk pengurugan tidak dicover didalamnya sehingga akhirya mengambil lahan di tanah lapang apabila yang memkasakan  untuk di lahan pertaniah maka pengurugan info terakhir mengambil dari Pagu Dana Desa lagi dari tersebut yang sekarangn hanya tersisa 36%.;;;;
Persis jaman orba kud juga dilibatkan didalamnya tni;;;;
Eks bangunan kud  era. Suharto yg tersebar di desa di seluruh Indonesia kan bisa direhabilitasi, ga mesti  bangun baru;;;;
Dlu waktu memperjuangkan reformadi tentara tidak boleh berbisnis , srkarang sudah kembali lagi ke zaman orba ngeri;;;;
Hakul Yakin koperasi korupsi merah putih bangkrut bangkrut. Otak kalian pejabat g prnh trbiasa bikin analisa pasar spt kita swasta retail..jd asbun..asal jlan...proyek latah sok hebat bisnisnya aja blm jln dh import mobil ribuan..wkwkwk yakin bs BEP 2029 😂 geliiii dg ketululan pejabat2 TNI..agrinas isinya jendral2 rakuz..masif suka neken swasta nitip anak2nya yg kualitas jelek dsrh kerja(amit2 rezim ini 11 12 sama ky rezim mulyono);;;;
Pidato berkoar2 tapi nyeleneh masalah atap rumah yang di bicarakan mungkin pikirannya belum sampai tapi berhalusinasi sok pintar...;;;;
Pemerintahan sekarang ini  adalah wujud Orde Baru Gaya Baru.;;;;
TNI ngurusi koperasi. Polri ngurusi gizi. TNI/polri jg banyak menduduki jabatan penting di BUMN. Pejabat2 BUMN disuruh mengundurkan diri sebelumnya. Pemerintahan wowo penuh KKN. Kalau begini sih indonesia akan semakin mundur;;;;
"Kopdes menurut saya terlalu dipaksakan, top down, sehingga kurang melibatkan pihak desa dan masyarakat. Modalnya adalah ""pinjaman""  dari Himbara yg harus dibayar bunganya dan diangsur pokoknya sehingga peluang kredit macet sangat besar. Karena apa? modalnya mayoritas utk bangunan dan pengadaan kendaraan sedang modal utk usahanya sangat minim? Demikian pula bila pakai ""Dana Desa"" sehingga pembangunan desa akan banyak terhambat?. Wallahu'alam.";;;;
Apapun program nya sp pun pmipninya sebnre identik dngn korupsi,cm beda sp yg njalanin program itu;;;;
Dibentuk dgn pendidikan biaya mahal buat pertahanan negara, malah urusin koperasi. Kembali ke Orde Baru, semua dikuasai tentara, sampai terjadi reformasi 1998.;;;;
desaku baru saja musdes utk  bangun KDMP.. betul tentara ada dibalik KDMP dan MBG malah..;;;;
Ya kita di pimpin oleh orang sdh pernah struk,  sama aja mobil sdh turun mesin,  ya sudah Trimk aja maunya, yg parah jadi kesempatan  sama kirikanan nya Prabowo;;;;
Lucu emang;;;;
Yang jelas banyak lahan produktif pertanian di bangunan KDMP...ini kalau di hitung seluruh indonesia luar biasa menyusutnya lahan pertanian kita.;;;;
Nah inilah yang sekarang terjadi. Pada institusi pemerintahan yang penuh jadi tanda tanya. .layak di lakukan   audit. Di keseluruhan jajaran yang  mengerjakan tender proyek. Itu. Terutama  soal  bangunan KDMP itu sendiri . Apa bener  1.6 M itu yang di jqlqnkqn.setiap unit;;;;
program bancaan ini mah;;;;
2 program presiden Prabowo , pemb koperasi merah putih dan mbg itu SDH menghancurkan popularitas Prabowo ,;;;;
Kopdes merah putih dipastikan gagal , niat kopdes merah putih akan mematikan usaha masy yg ada . Maka ada kopdes merah putih yg baru diresmikan presiden Prabowo tutup sebab nggak didukung masy .;;;;
tempo WKWKWK info ga jelas kadang;;;;
Masa sampai segitunya;;;;
Mohon di cek sampai kebawah atau ke desa bahwa biaya membangun gerai KDMP yg total sebenar 1.6m jatuh pada pemborong hanya 700jutaan 900jutanya kemanakan;;;;
*dari awal pembangunan pondasi saja sudah di kawal babinsa*;;;;
dulu kalo ada orang yg profesinya jadi guru, dokter, direktur, dan tukang bangunan sekaligus, kita nyebutnya bintang pekob. sekarang sebutannya ten-...;;;;
"Program koperasi merah putih 
Simalakama utk desa.
Efeknya membebani Desa.
Program Pemerintah memaksakan kehendak..";;;;
Yg ada uang koprasi abis sama tentara;;;;
Betul2 min..kami di suruh sediakan lahan saja..pengerjaan tdk di libatkan.;;;;
negara NKRI sangat besar tapi SAYANG REZIM SEKARANG LEBIH GILA DAN HAUS PROYEK;;;;
Di bayar berapa Ama OCCRP di bawah naungan goerge sorros Min..??;;;;
Lebih baik petugas nya orang jujur dari pada petugas dilakukan orang koruptor atau maling dan perampok perampok uang negara;;;;
Saya setuju tni yg dilibatkan dr pd polisi. Untuk dana desa mending di hapus n di alokasikan ke subsidi bbm sbb dana desa itu cm makmurkan perangkat desa   slm bertahun2 dana desa cm buat gapura desa gak jelas buat bangun apa sisanya.perangkat desa udah ada bengkok desa tp msh di bayar dr dn desa itu bikin masyarakat cm dengar dana milyaran yg gak berguna.;;;;
"Prabowo agak kurang pinter; Palestina dikasih bantuan, info habis triliunan, mbg ruwet";;;;
Kasihan kepala yang hobi membangun desa gara2 koperasi merah putih;;;;
"Pantes pengangguran gak kurang, lah bidang koperasi aja malah tentara yg kerja, yg punya latat belakang ekonomi malah gak dipake 
*cmiw 😂";;;;
"Mnrt sy memang sebaikny sokongan dana desa dialihkan ke pemberdayaan desa melalui kop mershnputih, kl dana desa kan tiap tahun dan hasilny tdk mencerminkan dana 1M tsb banyak dikorupsi dong sm perangkat desa dan kadesny. Proyek koperasi dipegang tentara, mungin biar 1 atap aja kl lwt instituso lain nanti bertele2 banyak meja.

Kadsng sy jg mikir kayakny masy indo memang hrs dibeginikan spy mencapai tatanan tsnpa banyak polemik, tentuny ini sdh dipertimbangkan";;;;
"coba di ""bocor alus"" kan pengadaan  ribuan kendaraan dari India untuk Koperasi merah putih.";;;;
Berarti Pemerintahan yang akan kembali ke orde baru dengan lebih otoriter.... sangat berbahaya bagi Rakyat Indonesia;;;;
Tidak ada koperasi yg bertahan lama bila dibangun top down, buktinya KUD dizaman orde baru. Koperasi itu kumpulan orang2, jadi pembentukannya harus berbasis kepentingan orang maka pembentukannya harusnya buttom up. Cintoh koperasi yg dibangun buttom up adalah koperasi Balota di Toraja. Dibentuk tahun 1941 dan sampai sekarang masih eksis.;;;;
Kunci nya membangun koperasi harus masyarakat punya usaha. Baru kopdar bisa maju.;;;;
Mohon diaudit u pembangunan gedung Kopdes;;;;
"Tak bisa memuaskan Semua.
Sebaik apapun Ide / niat Baik , tetap jelek / salah di Mata Orang yg Tak Suka.
🙏🙏🙏";;;;
Lapangan terbuka kami di jadikan  lokasi KDMP..😂;;;;
Jangan nuruti kepala desa kepala desa itu tidak adil sama rakyatnya adil sama kroni kroninya aja tentara masuk koperasi itu betul sekaligus sebagai pemgawas;;;;
Era rezim mengedepankan militer berperan di segala bidang , sangat otoriter;;;;
Gara-gara kdmp lapangan desa di beberapa tempat lenyap😢;;;;
(saya bukan Tentara) sejauh yg saya tahu, TNI itu HANYA MENDORONG PERCEPATAN & KONSISTENSI, spt halnya MBG dulu. saya justru kasihan & empati thd TNI yg kerja krn perintah saja utk mensukseskan Program..;;;;
Siap siap rakyat kecil semakin terjepit, karna rangkap jabatan rangkap kerja, yang jualan di warung warung semakin ramai, tapi ramai gulung tikar karna disaingi oligarki dan, pejabat pemerintah sendiri, bagian rakyat gigit jari 😂😂😂😂😂;;;;
KDMP ( Koperasi Desa Merah Putih ) akan gagal;;;;
kereen kan presiden kita?????!!! MBG-KOPERASI MERAH PUTIH DAN PROYEK2 lainnya saat ini jadi bancakan para kroni2 wowo, ternyata mskin lana makin kacau;;;;
Salut dengan tempo yang berani membedah kopdes , media yang lain lagi tidur nyenyak;;;;
Mengapa hrs pembangunan koperasi merah putih ditangani TNI, karena jika ditangani  kontraktor swasta maka perlu dana besar,, kontraktor2 nanti ambil untung nanti 60%. Akhir biaya pembangunan cmn 40%, jd gmn mutu pembangunan bisa bagus dan standar mutu.. untung 60% pdhal di bagi2 buat pejabat sbgian buat media yg rajin ngomong kritik pemerintah.👈👈👈🤣🤣🤣🤣🤣🤣🤣🤣;;;;
Diharapkan lahir Tiyo Tiyo lainnya utk melawan keserakahan politik busuk penguasa.;;;;
Hasil pemilu dari bansos ya kek gini😅hasil pemilu dari asyik ikutan joget 😅;;;;
gua udah feeling klo prabowo naik bakalan era suharta ternyata bener ,,,, rasakan yg mengelu2kan era suharto;;;;
Jangan curiga dulu. 3 th kdepan hasilny unt kdmp, manfaatny thd masyarkt desa.;;;;
kalau menurut saya ini konten sangat merusak negara;;;;
Ormas Islam seperti NU dan Muhammadiyah tidak 1 pun yg mengkritik Pemerintah...😢😢😢;;;;
Selamat datang. Tempo adalah pionnya George Soros he he he;;;;
Doa kalian begitu membenci perangjat desa , hapus dana desa tersalurkan kawan , jadi selamat menikmati saja , kita lihat endingnya aja;;;;
mending di awasi TNI kepala  desa supayah ngga bisa koropsi  kepala desa sok soan kepala desa kaya duit dendiri;;;;
😶;;;;
"Semakin banyak jabatan sipil dijabat aparat militer seperti rezim Orde Baru.
Indonesia semakin seperti Korea Utara...
Militer masuk ke semua bidang pekerjaan...";;;;
5 tahun kuliah sipil mahal2.. Eee kerjaan ngawasi banhunan di srobot tukang jaga negara.. Bubar ajalah ngapain kuliah  kalau gini.. Semrawut.. Urus negara kok amburadul;;;;
Emang betul kalo ngakdidampinggi TNI.banyak yg ngelatur dananya. Yg paling rawan didesa..;;;;
Koperasi desa sangat penting tpi jgn di godipin yg TDK pas... Ingat! JERBA SUKI MAWA BEYO..... Memang Indo sekarang rakyat nya bebas TPI TDK  meberi jln yg baik';;;;
Mantap;;;;
betul th bang. rasanya pemerintah sekarang tanggung jawab di berikan kepada para kepala desa, keuntungan kepada kroni pemerintah. Konsep pembangunan yang tidak berdasarkan kebutuhan dilapangan;;;;
Gmn ya...koperasi ni di potong dr dana desa ..tpi kadesnya tdk di libatkan dlm kegiatan kopd3s ini ...aneh...;;;;
Program pemerataan korupsi;;;;
Bancakan.. Setelah parpol, ormas, asing dan sekarang aparat pula ikutan.. 😂😂😂;;;;
Bagaimana mungkin proyek milyaran rupiah dibangun tanpa ada tanda minimal plakat proyek??;;;;
Diseberang rumah gue ada pembangunan KMP ini. Tiap hari ada TNI yang parkir depan rumah gue, dan yap dia mondar mandir sebentar dan selfie disono😒;;;;
Kalaw pajang umur kita lihat nanti  koprasi merput pasti banyak gak beres;;;;
Hari ini kenapa tidak ada bocor alus politik tayang;;;;
WO & WI SEDANG BALAS DENDAM PADA NEGARA & RAKYAT INDONESIA. wo & wi pernah jd musuh bersama indonesia, wi anak pki, wo penjahatHAM98 papua timtim dll, yg kabur ke yordania utk hindari penjara.;;;;
Kakekku bilang...gaya wowo dah kayak gaya PK1. MBG dan semua program wowo hanya utk korupsi kolusi nepotisme koncoisme utk kumpulkan kekuatan next pemilu 2029;;;;
"Menurut Analisa saya,Presiden udah tau akan ada prahara besar.
Jadilah disiapkan team suplai  bahan pokok . berikut team masak2 😂";;;;
Di daerahku pembangunan gerai KDMP itu anggarannya hanya1,1 M. Berbeda saat penyampaian Kemenkop saat RDP di DPR..;;;;
Sebagain memang benar, banyak perangkat desa yg mengeluh dan harus menyediakan layanan buat pendirian koperasi MP;;;;
"Subsidi Silang ke daerah 3T..?
Kami kog meragukan kondisi tersebut.
Mampukah KPK dan atau Kejaksaan Mendalami proses pembangunan fisik KDMP?";;;;
Lama2, presiden sekarang lebih parah dari presiden sebelumnya, menurutku ini bukan program, tp proyek, termasuk MBG;;;;
"NGURUSI HAL YANG KAGA PADA DOMAINNYA..
URUSI NOH PATOK PATOK PERBATASAN PADA GESER SEMUA..
BUANG BUANG UANG PAJAK AJA GAJI ORANG KAGA TAU KERJAAN... TAIIIII";;;;
Pddk Desa jd penonton;;;;
Kembali ke sistem orde baru. KKN dan NEPOTISME;;;;
"Mempercepat penyebaran pihak"" yg nantinya hrs balas budi di 2029 nanti 😂😂😂";;;;
Nikmatilah pilihan 02 !;;;;
"Mbg kmp sama sj proyek, UUD juga.
Kantor koperasi cukup 2 meja numpang di ktr kelurahan go head operasi 3th ada hasil dan prospek tahun ke 4 program ktr permanen.
Ini baru akal sehat.
Maklum mental omon"" g tau eksekusi. Jadix ABS";;;;
"Negara kalau di pimpin
Orang sipil.jadi lemah.
Enak jaman pak.
Suharto tegas dan murah sandang pangan.";;;;
Makanya jangan taruh mereka di atas awan. Kita punya trauma besar terhadap mereka, oleh karenanya selalu awasi gerak-gerik mereka.;;;;
Membuka lapangan kerja jutaan pembuat genting rakyat seluruh Indonesia;;;;
tentara itu ya rakyat lhoo...kecuali tentara am3rika...;;;;
Hebat..presiden Prabowo pro rakyat kecil...dari genting akan terbentuk produksi genting dari rakyat seluruh Indonesia;;;;
Rakyat semakin tidak berdaya untuk membendungnya...;;;;
Carut marut pendanaan sebuah program,ambil sana ambil sini..kacau.;;;;
"😂😂😂😂
Tempo ini saya perhatikan pikirannya masih trauma dengan Orde Lama";;;;
Koperasi , gentengisasi tp koprasi gak ada yg pakai genteng;;;;
Kasian buat oknum kades yg udh modal gede pas pemilihan jdi susah balik modal dong 😁😝;;;;
Kamu tanya ke kades .coba tnya ke rakyat nya .kades banyak yg gak jelas;;;;
Semua proyek koperasi merput proyeknya ada di TNI....budget 1.6M...tapi ke kontraktor disuruh kerjain 700-800jt;;;;
Bagus lah di potong dari pada dana nya di korupsi.....pembangun di desa tidak jelas hanya memperkaya diri sendiri kebanyak ada juga si kepala desa yang jujur dan baik perlu di dukung. Yang teriak itu Hannya kepala desa yang main mata dengan dana desa.;;;;
Dampaknya tidak sesederhana itu ya 🙏🏽;;;;
Pantesan ada MBG untuk menutupi hal ini;;;;
Rezim bodoh , Rakyat udah capai disuguhi drama kebijakan bodoh pemerintah.;;;;
Nanti nya perlawanan terhadap MBG dan kmp nyata.kita tunggu aja di pemilu yg akan datang;;;;
Lebih baik tentara terlibat pembangunan jelas duit ga kemana mana kalo lewat dinas atau aparat lain muter2 buat pusing;;;;
Kalian lupa klw tujuan utama Prabowo menjadi penguasa adalah untuk melancarkan bisnis kelapa sawit nya dan bisnis genteng merah putih nya;;;;
Mereka sydah ada gaji, kenapa ngga diberikan kepada sarjana yg masih mencari kerja;;;;
Yg penting dapat anggaran...Aji Mumpung... mumpung berkuasa..;;;;
"Otak pemerintah prabowo-gibran ini nyampenya hanya untuk urusan MAKAN, bagi bagi korupsi dan GENTENG.
Rejim ini rejim bodoh, dungu, memalukan, rendah dan TEBAL MUKA !!!.
REVOLUSI adalah SOLUSI bagi BANGSA & NEGARA ini. Tidak ditemukan solusi lain, sudah sangat rusak !!!.";;;;
Biarkan mereka saja yg bayar bunga dan cicilan bank himbara;;;;
ORBA mulai bangkit 🙂, dari pada dipegang abah anis malah tambah ambyar;;;;
"Amburadul
Job semua tidak sesuai bidangnya, makin rusak SOP";;;;
Menurutku ini tidak akan membawa dampak yg baik buat warga desa, saya tinggal di desa, di desa warung2 kecil sudah banyak, sebagai warga saya lebih suka belanja di tetangga, hitung2 bagi berkat dengan tetangga;;;;
"Tolong DONG, SEBELUM MEMBAHAS SESUATU  d survei semua sektor jangan cuma bertanya! TAPI LIHAT REALITANYA!
 Itu dana desa mending d buat seperti itu, ada bentuknya REAL, Daripada dana Desa gak jelas wujudnya.
Survei ke beberapa daerah kak. Liahat sendiri banyak DESA yang gak BERKEMBANG!
padahal dapat dana desa tiap tahun,
Jangan kan pengembang desa, perbaikan aja KAGA";;;;
Coba tempo cek semua desa konsepnya sama;;;;
Regulator tidak baik menjadi operator;;;;
Pasti saja para kades marah, DD nya dipotong lebih dari 50%.😂😂😂😂😂😂;;;;
Entah kenapa banyak akun buzzer yang berusaha mencounter narasi bocor alus. namun dengan kalimat formal seperti robot yang menjalankan komando . sepertinya buzzer yang ini timnya berbeda dengan buzzer termul kubu si cungkring. ada kemungkinan buzzer ini adalah buzzer khusus pemerintah;;;;
Suarakan kebenaran dn keadilan.;;;;
Prabowo top;;;;
Tentara yg mana bro.;;;;
Melihat rezim Prabowo ini sebenernya Indonesia berevolusi loh, tapi mundur.;;;;
Rezim omon2;;;;
12 taon UU Desa lahir sbg pengakuan akan hak lokal desa, trmasuk hak pngelolaan keuangan dana desa sndiri, skrg SETBACK hny bbrpa bulan aja mjd resentralisasi kmbali ala Orba. Desa dianggap sangat bodoh tdk bsa mmbangun KDMP sndri..tdk bsa mngelola program pmberdyaannya sndri sbgmna amanat UU Desa;;;;
Pemerintahan  Prabowo kalau tidak menurut hilang   persis pemerintahan mrrtuanya;;;;
"Jokowi, diteruskan ke prabowo gibran tetap saja Indonesia tidak ada perubahan.. Program MBG hanya menguntungkan orang'kaya, pejabat merka semua yang mampu dan mereka lah sang pemilik, sedangkan rakyat tidak semua menikmati.. koperasi merah putih untungnya pa buat rakyat...??? Dalam pembangunan nya saja sdh ngawur, contoh banyak urukan saja dari galian c ilegal, terus rekanan yang borong atau bangun kebanyakan orang kaya dan ada beberapa anggota DPR... Sebenarnya Indonesia mau dibawa kemana pak prabowo...!!!! Bapak saya pilih dua kali dan sekarang sudah menjadi presiden. Kami dlu memilih bapak dengan tujuan bisa ngayomi dan mensejahterakan masyarakat... Namun dalam prosesnya tetap sama saja pak...??? maaf Pak kenapa tentara sekarang malah pro aktif dalam politik aktif... Semoga pak prabowo bisa adil buat rakyat.. Kami titipkan bangsa ini dipundakku pak prabowo...??? Untuk tempo tetaplah menjadi media yang Independen, semoga tempo menjadi garda terdepan mengawal Indonesia...?? Karena kami sdh tidak percaya dengan media besar Siber, cetak maupun televisi, karena rata-rata sdh dirangkul pemerintah..??? Kami berharap ada dan lebih banyak media besar seperti tempo, tegas, lugas, berani.. TEMPO 👍👍👍
Setelah Full menyaksikan berita ini, Saya sangat tertarik sekali menjadi wartawN tempo... Sayang  umur sdh tua 🤣🤣🤣😊";;;;
Kembali ke era primitif;;;;
Makan cari perang, biar TNI gak masuk ke sipil.;;;;
Yg lebih parah itu desa disuruh menyerahkan tanahnya untuk pembangunan koperasi;;;;
Lebih baik ABRI masuk desa jaman jadul;;;;
Akibat dana desa banyak di salah gunakan;;;;
Didukung lah..jangan di besarkan jeleknya...kapan majunya;;;;
"makin jadi rebutan jabatan dandim dapat ""proyek"" MBG dan koperasi merah putih ""plus dana desa"" 😂";;;;
"Pengangguran melimpah, bukannya diberikan kesempatan kerja, eehhh...malah yg sdh punya pekerjaan diberikan lagi pekerjaan..😫😫
Sungguh keadilan sosial bagi seluruh rakyat berseragam..
Semoga sumpah serapah rakyat miskin mengisi hari tua kalian 😈😈";;;;
"TNI koprasi merah putih
Polisi mbg";;;;
Boleh juga sih, agar terjaga kedaulatan koperasi dan usaha kecil;;;;
Map terserettttt kagak naik2 sc nya;;;;
Malu kutarik lagiii;;;;
Wkwkwk;;;;
Saya warga lumajang, setiap kepala desa selesai menjabat mereka hartanya berlipat ganda.. Bagaimana menurut anda dgn hal tersebut.? 10 tahun dana desa tidak berupa apa2 selain perawatan jalan yg tiap tahunnya ada perbaikan. Dana Bangunan di kutil masuk saku pribadi.. Apakah dgn hal tersebut kita acuh saja.?;;;;
didaerah saya cuman dikerjakan 1 pemborong tok...;;;;
bisnis baru si ..... itu;;;;
"Halloooo MBG.......
Hallooo Pak Wowo & menteri serta jajarannya.....
Lebih penting & urgen mana,memaksakan program egois MBG,MAKAN BERGIZI(kadang beracun) GRATIS namun anggarannya JUMBO(yang riskan sekali atau sengaja agar dikorupsi&dibuat bancakan kawan Anda Pak Wowo) dibandingkan dengan pembangunan infrastruktur perbatsan(yg notabene menjadi wajah Indonesia),penyediaan lapangan kerja(yang bisa membiayai anak untuk sekolah) serta Pendidikan murah(bahkan kalau bisa gratis).
Syarat penerima KIP pun sekarang harus penghasilan ORTU dibawah UMP/UMK artinya sekarang dipersulit & sangat sulit sekali,mungkin karena anggarannya tersedot untuk MBG.";;;;
Seakan lupa 98, malah dipilih lagi macam tak ada pilihan lain;;;;
Secara ga langsung program ini mengadu domba masyarakat sama kodim ini... 😮😮😮😮;;;;
Media yg cuma bisa kritik tapi tidak bisa berbuat banyak untuk Rakyat Indonesia !;;;;
Kemudian dana setelah tertransfer ke Kodim, itu pelaksanaan ke proyeknya gak pake tender atau lelang lho, sepertinya langsung tunjukan.;;;;
"Random banget jirr si Bowo. ""Gentengisasi"" wkwk 😅";;;;
Baru hari ini, saya liat di suatu wilayah dg saya tinggal.. ada bangunan yg lagi dibangun utk kopdes merah putih, terus ada yg mantau seorang TNI (dia pke baju nya soalnya)😊;;;;
Betul tempo, anggaran desa di potong seperti di Wonogiri;;;;
tempo apa tempe;;;;
2029 gnti presiden aja gk sih?;;;;
"Presiden aslinya kolonel Teddy bukan sih...?😂
Kan semua lporan harus msuknya ke teddy semua,bisa jadi kan lporanya ke presiden yang baik2 aja mungkin😊";;;;
Belum ada rencana membangun koprasi merah putih aja. Di desa saya jalan jalan rusak berat gak ada perbaikan...;;;;
"Ah yg penting jangan nyinyir dulu.. . Kita lihat dulu mudah mudahan banyak manfaatnya bagi masarakat desa. Klu masalah dana desa yg milyaran. D desa saya hanya buat banca""an oleh oknum2 perangkat setempat.";;;;
Kop merah putih ada untuk mendukung pemberdayaan ekonomi masyarakat desa.tenga kerja yg menganggur bisa ada lapangan kerja,;;;;
Sebenarnya dengan adanya dana pembangunan gedung kop merah putih bisa menyerap tenaga kerja di desa,ABRI hanya mengawasi.ABRI sudah digaji dari negara ,mereka dobel omset;;;;
Pemimpin NOL PRESTASI;;;;
Korupsi terang²an ga sih?;;;;
Ini di desaku jg tentara intimidasi pengurus adat,biar tanah adat di lepas untuk pembangunan koperasi merah putih,,;;;;
Wahai para rakyat Indonesia. Selamat memasuki era otoritarianisme jilid berkutnya;;;;
"Yg lebih menonjol korupsinya dari pembangunan fisik koperasi merah putih itu MATERIAL BESI, yg harusnya ukuran sekian malah di downgrade, itu jelas bnget
Bahkan pemasok materialnya orang² yg dekat dgn komandan di kota/kabupaten atau kecamatan tsb, SETAU DAN KEYAKINAN SAYA SEPERTI ITU...";;;;
Salah rakyat, pilih mereka. Ya kita nikmati saja. Koperasi itu yang punya anggota yang jadi pertanyaan apa memang pengurus dan anggota koperasinya warga atau malahan penguasa dan kaki tangannya. Semoga bukan skandal perampokan dana nantinya dan kades nya tidak jadi penghuni jeruji besi;;;;
"Lebih baik tidak pulang dari pada gagal
.";;;;
Prabowomon Subiantomon;;;;
"Koperasi merah putih program pemerintah akan gagal total seperti  program MBG
Koperasi mendidik orang berhutang dg bunga
Sedang koperasi yg lama pada tutup , banyak yg hutang gk bisa bayarrt 😊😊😊";;;;
Kalau pun lebih percaya pada struktur komando, kalau berjalan dengan baik, apa salahnya?;;;;
Serba salah, entah lembaga mana yang bisa dipercaya unt menjalankan program2 pemerintah. Semuanya dianggap proyek bisnis bagi oknum2 tertentu. Tapi unt sementara kita sepakat TNI yang pegang kendali unt KDMP, agar tidak ada oknum2 yg menggangu proses jalannya KDMP kedepan. Sehingga program KDMP ini dapat berjalan sesuai dengan aturan hukum yang berlaku.;;;;
Pemerataan korupsi..suara rakyat suara tuhan suara penguasa suara fir aun;;;;
selamat menikmati;;;;
"Dulu saat perangkat desa demo, semua netizen menghujat, sekarang dan 6 tahun yg akan datang baru terasa,

Selain gaji perangkat turun 50% ada hal lain yg tidak kalah penting, penerima BLT DD berkurang, pembangunan desa masif, kegiatan desa (karang taruna,keagamaan, pemberdayaan masyarakat) masif, operasional desa berkurang, rumah sehat desa kurang dana, insentif RT/RW dan posyandu (kader) terhambat, PMT posyandu terhambat dan masih banyak lainya.";;;;
Coba kita lihat di TV, setiap ada liputan, pasti ada kentara;;;;
DALAM RANGKA KUMPULKAN RAKYAT, DIKASI 100REBU SUDAH TERIAK2 KESENENGEN.. HIDUPP PRABOWOO.. AMAN DAH 2029, ITU KALO MASIH HIDUP😮😮😮;;;;
Chaos;;;;
Tentarausuhnya masyarakat mulai keliatan ky polisi;;;;
Betul tetap kepala desa mengeluh karena dana desa di potong, bukan di tambah;;;;
Apa salahnya kalo TNI ikut membangun kenapa kalian ga protes kalo TNI ikut bantu banjir Sumatra juga...kecuali Tentara diraja malaysia yang membangun baru ribut;;;;
"Piye kabare..penak jamanku toow
Kata Mbah to..???";;;;
di kabinetpun banyak matra darat ato yg pensiunan darat misal seskab den panglima tni wakil panglima menkopolkam menlu kabulog;;;;
Pak.Joko.widodo.presiden.indonesia terbaik,bangun.indonesia.sampai pelosok.tanah air;;;;
Cukup 1 priode saja pak. Uda jelas soalnya.. no debat;;;;
Bagus donk, lha kalu dikasihkan kades KDKMP gak bakalan jadi isinya kades pd korupsi kok. Fakta selama 10 th era Jokorupp dana desa yg di kelola oleh kades byk yg dikorupsi 😮;;;;
Tugas pokonya tdk becus malah mau ngurus yg lain , bobrok bobrok bobrok;;;;
Disamping status tanah, bahan material pendirian bangunan juga tidak di toko besi sekitar juga,tenaga pekerjanya juga tidak mengunakan tenaga kerja di desa sekitar....;;;;
Kegiatan yg berskala besar dilaksanakan secara mendadak, yakin banyak modaratnya dan bahkan bisa gagal, kecusli kalau tujuan lain dibslik itu...😂😂😂;;;;
Pendirian bangunannya saja perlu di pertanyakan,dibangun di tanah desa yg strategis, tanah penggantinya ngak ada. Padahal di ambil yg letaknya strategis,juga kwalitas tanahnya juga yg terbaik,lahan hijau byk yg hilang.;;;;
Kok tayangan2 tempo gak muncul di home aku yaa, sampe harus di search dulu. Kirain mah gak upload2;;;;
Presiden boneka Jokowi ini harus segera di impeachment dan diturunkan segera, kalo nggak bisa hancur negara ini dalam lima tahun;;;;
Tolong dicek juga ..mengenai upah pekerja..pembanguna koperasi MP...;;;;
Hidup Wowo, hidup Wowi, hidup fufa.;;;;
Koperasi.Merah putih bisa gagal karena ketiadaan Nasabah;;;;
100% proyeknya ....tentara;;;;
Para kades baru sadar....bahwa dana desa itu ternyata sangat politis.... terbukti  sekarang ....;;;;
Kasihan negeri ini, 80th merdeka tidak mampu menjamin warga yg sakit untuk berobat. Malah aneh2, MbG,KdMP yg menjadi sarang baru korupsi;;;;
Bro Tempo, jenis koperasi ada macam2, yg mo dibangun koperasi apa? Koperasi ada krn kebutuhan anggota. Anggotanya sdh ada? Shg perlu gedung? Perlu liputan jilid 2, tks;;;;
Kmp. Nyanyian lama dulunya KUD , sekarang gak ada yang hidup , habis gak ada bekas.;;;;
Pantes saya ngelamar d mbg saya g d terima dengan alasan jauh lah padahal kalau naik motor 30 dari rumah k mbg karena saya bukan orang gerindra.;;;;
Prabowo menantu Suharto , orde bAru bersemi;;;;
Otoriter nan Kejam;;;;
Ini jelas bahwa Prabowo cukup 1 periode saja, Krn tdk pro rakyat;;;;
Pembuatan Gedung dilakukan oleh TNI dengan cara yang arogan, INDONESIA BUKAN NEGARA MILITER;;;;
Dah gak ada harapan lagi bangsa ini;;;;
MBG jatah Polri dan Koperasi jatah Koperasi.;;;;
Semoga MBG dan KopDesMP tetap dapat dijalankan sesuai dengan marwahnya. Hidup TNI dan POLRI;;;;
Di channel Tempo - jangan cari berita baik ttg Prabowo, di Tempo semua berita memojokkan/mencemooh kanpresiden Prabowo;;;;
Kalau Jokowi menjadikan parcok utk kekuasaan nya, Prabowo menjadi tentara utk kepentingannya;;;;
6 tahun dana desa di potong 70 ,60 % untuk pembangunan fisik dll.. desa semakin terpuruk dari hasil Musrenbang  murni dari rakyat tidak terlaksana ... Plus BPJS yg di tanggung apbf  untuk rakyat miskin di blokir..  lengkap sudah penderitaan rakyat ini...dengan sgl macam kebutuhan dan bayar pajak pajak nya 😂😂😂😂😂;;;;
"Menurut saya koperasi desa merah putih untuk buat mbg, anggota koperasi adalah warga desa sehingga kemakmuran bersama, bukan dimiliki oleh satu orang saja, 

Yg gendut nambah gendut
Yg kurus nambah kurus

Daripada usaha koperasi ini akhirnya bersaing dengan umkm/warung/usaha setempat";;;;
Ayolah genz bikin partai, ubah dsri dalam;;;;
"Apa kabar dgn DANANTARA????...
Mungkin sudah jadi 1MDB nya Malaysia,, mungkin,cuma tanya saja";;;;
TNI dan polri kan BUMN sekarang;;;;
😂😇😂😂😂😇😇😇😇;;;;
Cukup 1 periode aja ya kawan2;;;;
"desa di kabupaten Bogor warganya di minta iuran untuk bikin gapura, keamanan siskamling, iuran sosial dan polsek

tiba-tiba aja permintaan iuran dan pajak naik, saya sudah habis 350.000 ribu lebih di awal februari";;;;
saya salut dengan tempo,,menyajikan berita apa adanya dan tidak pandang bulu,,,mau pol1si dan tent4ra semua berita dikupas,,,dan saya lebih salut lagi kalo yang dibahas tent4ra yg dibawa2 pol1si padahal kalo berita pol1si ga ada bawa2 tent4ra🤣;;;;
Coba lihat UU koperasi dee, apakah KMP sudah sesuai UU koperasi..... selamat datang di orde rekayasa .....mengukir citra diatas kertas 😂😂😂;;;;
Mohon pertolongan atau pencerahan, aku buka tempo lewat google chrome tp kenapa tertulis pinjaman anda disetujui dan silahkan mengajukan. Piyee iki😢😢😢;;;;
rakyat juga gak prcaya dgn civil yg trlalu brani dan cerdik utk korupsi...mental maling ini yg harus di cari solusinya masss mass dulurr dulurrr...UUD..hukuman mati bgi koruptor hrus direalisasi itu WAJIB HUKUMNYA!!!;;;;
Kalau ga baca teks, pak tua itu emang sering ngawur.... hiks;;;;
"SBY meninggalkan korupsi hambalang
Jokowi meninggalkan korupsi ikn dan woosh
Prabowo meninggalkan korupsi mbg dan koperasi merah putih";;;;
Militer gagah perkasa berbisnis;;;;
"Yang sering dilupakan adalah :
Yang baik itu belum tentu benar, tetapi yang benar itu pasti baik.
Tentara jadi tukang koperasi? Baik ya, benar? Belum tentu. 
Coba yang terjadi di Indonesia ini. Berapa banyak Polisi dan TNI yang menjadi backing Pengusaha? Pengawal Pengusaha? Tanpa sadar mereka bukan lagi Patriot Bangsa yang menjadi Bunga Kesuma Bangsa. Tetapi Tentara mencaplok domain Sarjana Koperasi.
Ini penjajahan terstruktur dalam dunia pekerjaan. Tidak terjadi The right man in the right place.";;;;
Cenderung menjadi candi Hambalang part 2;;;;
"﻿بِسْمِ اللّٰهِ الرَّحْمٰنِ الرَّحِيْمِ

Rasûlullâh shallallahu alaihi wa sallamﷺ bersabda; “Barangsiapa yang diangkat oleh Allah menjadi pemimpin bagi kaum Muslim, lalu ia menutupi dirinya tanpa memenuhi kebutuhan mereka, (menutup) perhatian terhadap mereka, dan kemiskinan mereka. Allah akan menutupi (diri-Nya), tanpa memenuhi kebutuhannya, perhatian kepadanya, dan kemiskinannya.” (Diriwayatkan dari Abu Dawud dan Tirmidzi dari Abu Maryam)";;;;
Welcome to the jungle.;;;;
Tentara skrg udah kaya jadi kontraktor sipil, atau jadi pengawas lapangan konstruksi.. menyedihkan;;;;
tentara yg harusnya ngurusi pertahanan, malah ngurus koperasi...receh banget presiden ku;;;;
Lulusan teknik sipil auto nangis. Konsultan pengawas;;;;
Cokelat dapat dapur; Hijau dapat koperasi😮;;;
Desa tidak keberatan pembangunan gerai dan lainnya dilakukan pihak ketiga, tapi tolong transparansi pembangunan RAB nya diperlihatkan, jangan sampai pembangunan gerai KDMP menjadi sumber korupsi besar besaran;;;;
Tempo selalu menyerang pemerintah. Karena mereka tahu dalam suatu negara pasti ada  rakyat yg tidak suka pada pemerintah, dan momentum itu di manfaatkan oleh Tempo, biar selalu dapat pemirsa.;;;;
"ini tanda"" Indonesia akan bubar";;;;
Di kampungku lagi bangun itu koperasi desa merah putih. Pengangguran udh mulai nglamar disana, gtw deh prosedurnya gmn ke siapa. Diriku yg jobless gk minat. Haha... Ada kejanggalan yg tdk terungkapkan😢;;;;
Seperti proyek gak sih????;;;;
Kades mengeluh karena lahan korupsi tidak dipotong untuk koperasi merah putih😅😅😅wajarlah seorang pengguna anggaran lebih percaya kepada orang orangnya,kenapa harus protes;;;;
"Jadi menurut w, memang ssmua ini agenda 2029, mulai banngun banyak kantor mereka sama di setiap kabupaten, yg tidak tau manfaatnya apa, banyak kegiatan yg lebih ke cari muka,padahal mereka dallangnya satgas PKH,
Rekrut komcad dan anggota nya yg super banyak di tiap tahunnya, sedangkan anggota yg ada saja sudah gk ada kerjaan ,dimana mereka sekang sampai² merambah ke sipil .
Sedangkan koprasi merah putih? Dasar mereka apa sampai ikut ke dunia sipil? Sampai ke level paling bawah....
Jalaunkita telaaah, ini mereupakan strategi prabowo untuk menjaga 2029, karena hanya militer yg bisa dinkendalikan beliau....jadi memperbanyak dan mensejahtetahkan mereka adalah salah satu cara mengamankan 2029";;;;
Persoalan uang jangan oecaya dengan oolro atau tni l serahkan kepada koperasi sipil .. nanti akan kesulitan ketika ada pelanggaran;;;;
Tentara masuk koperasi, dan mbg;;;;
Tentara saja nyerahkan sama china.;;;;
Kalau saya sih , lebih baik dana desa dihentikan, buang buang uang, ajang korupsi, kepala desa dan kroninya, masyarakat, lebih Heppy kalau tidak ada dana desa, ini program kacau ga usah diteruskan;;;;
Koperasi merah putih adalah merampiok uang rakyat;;;;
Betul TNI ikut menjaga kdmp karna pemerintah yng sekarang sangat tidak percaya dengan prangkat desa yng sering melakukan korupsi,,maka nya TNI turun langsung,,,karna dalam kdmp itu gak main main uang milyaran di situ;;;;
"Inkompetensi
Program mentah yang dipaksakan
Tak ada kajian yang mumpuni
Perangkat desa kebingungan
Tentara dikejar target
Produsen besi kehabisan stok";;;;
Sangat  Rusak model kebijakan seperti ini.;;;;
Koprasi merah putih & mbg juga..;;;;
Saya rakyat sangat setuju keterlibatan tentara terhadap koprasi MP , kalau nggak gitu kepala desa semaunya mengkorup dana seperti pengelolaan dana desa;;;;
PEJABAT INDONESIA PASTI KORUPTOR 1000 PERSEN SAMPAI MEREKA SEMUA DI BINASAKAN OLEH  ALLAH SWT TAMPA SISA 1 PUN HIDUP;;;;
Tentara buat bela negara bukan bisnis;;;;
Tempo memang beda, independensi dan profesionalitasnya tetap terjaga. Keren, top trolooop 👍👍;;;;
"Coba korek dana desa selama ini bagaimana. Banyak infrastruktur desa tidak dibangun.
Baiknya ditelusuri dana desanya bagaimana. Baru di komparasikam dengan program koperasi merau putih.";;;;
"polri ngurus MBG..
TNI ngurus kopdes..
sip dah😅😅";;;;
Betulllll;;;;
KDMP & MBG program mubazir Pak Presiden;;;;
Yang lebih parah lagi, klo kepala desa pake anggaran DDS 5jt pun harus bikin keterangan di papan nama, koperasi ngk ada papan informasi sama sekali.;;;;
"SAYA LEBIH PERCAYA TNI
DARI PADA
ORANG-ORANG DESA.";;;;
Kalau di serah dengan kades habis duitnya gedung roboh cuma berapa bulan PADA DASAR KORUPTOR ITU PELAKUNYA SIPIL TAMATAN PTN PTS TERKENAL DI INDONESIA TEMPO PILLLLLLLAT;;;;
ada cerita.. aparat desa, terdepan memfollow up untuk mewujudkan koperasi merah putih di desa nya.. singkat cerita semua proses nya lewat TNI.. ternyata dana pembangunan nya koperasi merah putih, gede potongan nya.. wah sudah ng amanah lgi.. gila nya lg koperasi merah putih diambil dari dana desa.. wah wah.... udah Ng benerrr.. parahhh..;;;;
"RIP negara ❤...gak heran dgn gaya kepemimpinan gemoy ...hanya itulah kemampuannya ...🤔
2026 masih terjadi penembakan warga sipil pilot di Papua meninggal dunia 😢😢 , layak menhan  , kapolri dan kasad mundur sbg bentuk kegagalan dalam tanggung jawab , ini menurut keyakinan saya 🤔";;;;
Kopdes lewat tentara juga payah anggaran pembangunan 1,6 M tapi di jual /di subkan ke fihak lain 800-850jt terus sisanya ke mana;;;;
Suamiku udah 6 tahun kerjasama pemetaan dan pendataan potensi desa di banyak desa DIY. Sebelum semua ini, lancar-lancar aja. Tapi, begitu tahun 2026 ini udah mulai susah desa melakukan kegiatan ini karena dana desa yg awalnya untuk program pemetaan dan pendataan, justru skrg dialihfungsikan buat bikin kdmp 🥲 padahal, kantor suami bener-bener kantor swasta kecil yg memperkerjakan beberapa karyawan, tp skrg terpaksa hiatus hingga waktu yg ga ditentukan, karena ketiadaan anggaran dari desa tsb.;;;;
"Aparat itu tergantung jenderalnya,
Jadi polisi maupun tentara yg prajurit bukan mengabdi pd bangsa, negara, rakyat atau tanah air

Tapi mengabdi pd jenderal
Si jenderal mengabdi pada oligarki";;;;
Bagus lah TNI masuk koperasi desa biar transparan;;;;
Kacau;;;;
Rakyat jgn terlalu banyak berharap dari pemerintahan prabowo;;;;
Terlalu aneh.. yg mendirikan dri desa, yg ke notaris untuk akta pendirian jga dri desa, yg menentukan usaha yg akan dijalankan jg dri orng orang desa, tiba tiba saat membangun kok ke TNI..;;;;
Koprasi merah putih di desa banyak di bangun di tanah Ulayat di tanah leluhur, padahal kami sangat menghormati.kalau bisa jangan sembarangan bangun. Tanah ulayatkan bukan tanah negara🙏;;;;
"Setelah menyimak.spt nya efeknya nambah pemain.........
Nambah anggaran
Dan nambah......";;;;
owh brti ini 19juta lapangan yg dijanjikan di sppg sama kopdesmerput;;;;
Agak laen memang pemerintahan bapak Prabowo ini 😞;;;;
Ada tni aj. Prnkat desa bnyk yg gk msuk 😂😂😂;;;;
TNI banyak yg pengangguran,,,makanya sekecil apapun proyek di desa TNI yg bekerja,,sedangkan rakyat jadi penonton,;;;;
Orang² yang berpikir sudah tau kemana republik ini akan di bawa.;;;;
Manunggal bangkit dari kubur;;;;
Kok bisa ya heran,;;;;
Akibat usulan asal bapak senang berdampak pendirian koperasi merah putih desa harus menghibahkan tanah sementara tidak sedikit desa yang mempunyai tanah untuk pembangunan koperasi merah putih inilah yang akan menimbulkan masalah hukum di kemudian hari bagi desa yang tidak mempunyai aset tanah untuk membangun koperasi tersebut seolah olah hibah ternyata adanya ganti rugi atau beli;;;;
Angel angel angel;;;;
Ini ya teman2 kalian harus sadar nanti di 2029 kita lihat siapa yang paling banyak donatur dan paling banyak anggaran kampanye jangan dipilih, percaya deh nanti spt saat ini, yg diprioritaskan duluan pasti orang2 terdekat penguasa (donatur kampanye) baru rakyat padahal kita yg bayar pajak. Dan jangan pilih orang dr militer, contoh aja skrg, yg tadinya tugas sipil diambil alih sama aparat. Trus sadar ngga bansos pendidikan, bpjs beberapa sdh dinonaktifkan krn anggaran sudah habis buat penuhin gengsi Prabowo dg program MBGnya yg sistemnya tidak efisien sama sekali. Disuruh ubah sistemnya agar anggaran negara efisien dia tdk mau, krn dia mau memperkaya orang2 terdekatnya yg memegang MBG tsb. Nanti 2029 tdk peduli itu dr partai mana yg terpenting lihat donatur kampanyenya, kalo kalian msh mau hidup dan tgl di Indonesia.;;;;
Bagi bagi kue ....tentara dapat koperasi , polisi kelola mbg 🤭;;;;
"TNI POLRI HANYALAH ALAT NEGARA, KITALAH YANG MEMILIH PEMERINTAH SEBAGAI PENGGUNA TNI POLRI. 
KALAU KITA SALAH PILIH YA BEGITULAHH JADINYA.";;;;
Lebih parah dari bansos. Mencari pemilih 2029;;;;
Kurang apalagi coba polisi mengelola MBG TNI mengelola koperasi, sungguh mulia sekali pemerintah kita ini;;;;
Makasih tempo...Membuka informasi yg tertutup sebelumnya;;;;
Bukan 80% ,tapi 85% dana desa utk KMP....rusak lah negara ini;;;;
T3nt4r4 udah terlibat banyak seperti Masak, ke ladang udah, ke koperasi juga. Bisa bisa nanti nyampe netein😢;;;;
Anehnya koperasi merah putih melalui kodim, sedangkan ada dinas koperasi, seharusnya anggaran itu melalui dinas terkait di pemerintahan kan lebih efisien..;;;;
Polri proyek MBG tni proyek KOPRASI MERAH PUTIH...rakyat jadi jongos sejati;;;;
Sedang lucu lucunya;;;;
Inilah kalau pemimpin ,dari bekas jenderal , ini biasa sitimnya yg paling banyak ,ya sistim komado ,seperti jaban orba,;;;;
Dwi fungsi ABRI 😅 kembali 😅😅😅 desa TDK boleh tahu spek bangunan anggaran dan diborongkan pihak ketiga brp 😅😅😅;;;;
Mantap ulasannya 👍;;;;
Program Jokowi yang pro Rakyat di hilangkan Sama prabowo. Keberlanjutan gimna ini? 😊;;;;
Coba ditelurusi dana pembangunan Koperasi Desa itu dananya lewat mana?;;;;
Sebenarnya masarakat gak peduli, mau tentara polisi genderuwo yg penting duitnya sampe rakyat perbaiki dulu aparatur negara dari lurah sampe lain2;;;;
Gedung2 dapur MBG dan gedung koperasi desa merah putih pakainya galfakum tu, bukan genteng  . 😂😂;;;;
Kalau seragam ijo ini diberikan peran , seakan akan itu adalah kewajiban mereka. Jadi kalau ada yang menentang langsung dianggap pemberontak negara... Jadi tangan besinya langsung otopilot 😅;;;;
saya setuju kalo pengelolaan koprasi diserahkan pada tni;;;;
gimana pak presiden aja , kok kalian berisik amat sih ,  tempo pengen dapat proyek apa ? ajukan aja ke pak pelsiden ya . 🤪😜😝;;;;
Jika KDMP diurus desa pasti ada korupsinya ..saat ini KDMP di urus tentara pasti juga ada korupsinya...jika mau bersih tak ada korupsinya serahkan KDMP kepada malaikat saja.;;;;
"TNI   dilibatkan  dgn  proyek2  negara..
Tar  kalo  berkasus  korup  bs  ilang  martabat  tni.   Bhaya";;;;
"Saya salah satu pengurus kdmp, pembangunan ruko dengan dana sekian M tersebut bahkan kami tidak bisa cawe2. Padahal kami sudah riset, kami yang tahu kebutuhan masyarakat, menolak pembangunan ruko itupun tidak bisa. Padahal dari kelurahan kami sudah difasilitasi ruko yang laik pakai.
Penolakan dari kepala desa dan pengurus koperasi tidak digubris.";;;;
Bagus;;;;
Meskipun saya kurang setuju keterlibatan Tentara dalam Koperasi Merah Putih... namun untuk  tahap awal saya setuju sebagai bagian dari pendekatansock terapi. Mari kita tinjau fakta bahwa sebagian besar Koperasi di Lingkungan Intansi Lembaga formal sipil maupun yang di tangani oleh kelompok masyarakat sipil banyak yang gagal, bumdesa pun banyak yang gagal. Coba bandingkan dengan Primkopad di TNI sampai sekarang masih ada dan aktif. Sedangkan Koperasi Pegawai Negeri, Koperasi Desa, banyak yang tidak jalan... karena pengurusnya kurang jujur, anggota nya tidak aktif dan banyak bikin utang.;;;;
Klo Kades yang ambil peran takutnya malah ngak jadi 😅;;;;
Apakah koperasi itu harus ada bangunan fisik?;;;;
Dah hopeless ma niy presiden... Kagak jelas mw ngapain dy...;;;;
"Bnyak program"" yng menjadi kendaraan politik";;;;
"*_PENGELOLA MBG =TNI_*
*_PENGELOLA KOPERASI = TNI_*";;;;
Yg bekerja bukan masyarakat lingkungan desa karena yg melaksanakan proyek kontraktor yg mengawasi TNI pertanyaannya apakah tentara gak doyan duwit bos;;;;
Orde Baru Reborn.....congratulation;;;;
Semua program prabowo mengambil porsi dana besar dan lsg k bawah, jadi teringat cara2 rezim sebelumnya, apa tuk persiapan modal dana dan suara tuk 2029?;;;;
Pak Prabowo Subianto menjalankan sistem orde baru  melibatkan TNI sehingga Marwah desa mau hilang usulan dari arus bawah rakyat kecil tidak dihargai;;;;
Akibat di pimpin pecatan tentara semua jadi kacauuu;;;;
Nanti ada BGN. BADAN GENTENG NASIONAL;;;;
Ndonesia akan menjadi seperti iran;;;;
Ya harus dipotong karena dana desa itu tidak tepat sasaran dan habis  untuk proyek yg tidak maksimal ( bocor Alus );;;;
Fakta dgn sistem komado segala proyek bisa benar2 terpantau dan terealisasi dgn memperkecil mark up, salah kita sipil yg mental aji mumpung sehingga merusak orang yg benar2 jujur dan profesional... Kita semua sebagai Anak bangsa GK usah ribut siapa yg menjalankan, siapapun itu Nau militer atau sipil asalkan bisa membawa kemajuan utk bangsa mari kita semua bekerjasama dan saling dukung🙏🙂;;;;
LBH baik mlibatkn TNI cz klo diserahkan k desa,mk indikasi korup sangat besar.Dah BRP kades terlibat korupsi dana desa?;;;;
semua pengadaan bahan bangunan proyek untungnya lumayan, fee 10% dari kontraktor proyek juga dapet. cair cair;;;;
"Dan Pemerintah Desa ""dipaksa""  untuk menyiapkan Lahan untuk Gerai KDMP";;;;
"Pantes 2 kali nyapres kalah mulu. Ternyata kualitasnya gini wkwk

Skrng bisa menang pun karena dibantu Pria Solo 😅";;;;
"Pemdes hanya ditugaskan untuk mencarikan lahan yang strategis untuk pembangunan kopdes, itu juga klo ada, klo gak ada bingung lagi..

Disamping itu muncul kekhawatiran dari masyarakat jikalau adanya kopdes itu jadi pesaing bahkan bisa menghambat usaha2 masyarakat yang sudah ada di desa...

Sebenarnya yang masih dibutuhkan masyarakat desa itu masih seputar infrastruktur dasar, jalan, jembatan, gedung posyandu tiap Dusun/RW, fasilitas pemukiman, sarana prasarana PAUD/TK & TPA/MD juga irigasi pertanian yang masih ada yang belum tersentuh pembangunan/perbaikan..";;;;
coba pikirkan cara mengatasi LSM yang selalu meras proyek pemerintah,d Banten ada proyek bantuan rumah utk masarakat tdk mampu, Alhamdulillah rumah terwujud LSM g berani mendekat, karena pengawas proyeknya d pegang TNI;;;;
2029 bakalan boncos APBD diatas 60% gara²  banyak proyek populis ambisius, asal cepat dan jadi, harus libatkan aparat. :);;;;
Gimana 58, mantep?;;;;
Pengurus nya sajah tidak dilibatkan 😂;;;;
Mantap,,otoriter kembali ke Orba.Reformasi gagal;;;;
"Setuju tentara di libatkan pembangunan
Karena terlalu banyak oknum pejabat yg rakus degan korup";;;;
Jika tentara terlalu banyak terlibat di pekerjaan sipil seperti koperasi merah putih dan MBG, dikhawatirkan profesional tentara menjadi menurun. Ingat perperangan  untuk pertahanan sekarang adalah penggunaan teknologi. Mestinya tentara fokus pada pertahanan yang menggunakan teknologi, seperti riset pembuatan rudal,  drone, radar dan sejenisya. DPR sebagai wakil rakyat harus mengingatkan itu;;;;
Pak kepala. Desa ngeluh biasanya dapat 10 persen tiap. Pembangunan ini tidak dapat apa2😊😊😊;;;;
Bahaya aparat dapat jatah proyek siluman..;;;;
"kalo masyarakat dlm menjalankan program desa / pemerintah sdh seharusnya ikhlas tanpa pamrih ( gak boleh mengharapkan gaji / honor ). kegiatan harus ttp jalan walau tanpa adanya anggaran dr negara.
Beda dg pejabat dlm melaksanakan tugasnya harus ada anggaran negara, krn program gak bisa jalan tanpa adanya anggaran.";;;;
Bocor alus mmg media yg pertama lepas dari kemilau cahaya joko widodo.kwren.lanjutkan dan tetap sebg penyeimbang;;;;
Tentara luar kerjanya perang. Tentara Konoha kerjanya Selfi di koperasi merah putih;;;;
Tempo seperti rayap yg merusak bangunan.;;;;
Orde baru jilid ke 2. Polisi dan TNI di tarik masuk sipil semua. Semangat reformas udh di rusak;;;;
tentara urus koperasi polisi urus dapur mbg😁 maling2 merajalela;;;;
Orde Baru versi abad 21. Mirip banget kek suharto;;;;
"Yg menjadikan pertanyaan para personil TNI apa tdk sadar bhw yg ia dapat dr bocoran uang proyeknya Prabowo ini lebih kecil dr yg didapat kroninya 
Dgn uang receh mrk tdk sadar diadu domba";;;;
Semoga di 2029 nanti Presidennya ganti yg lebih Merakyat ,bukan Militerisasi spt sekarang...!;;;;
bukan genteng.. GENTING, sehingga muncullah gentimgisasi..;;;;
Ya itulah Presiden Prabowo,..jika ini ( Kop Merah - Putih ) kurang se7..,di 2029 gak usah pilih Prabowo ..,pilih KDM,..atau  Anies..atau Ahy,..ini yg perlu Rakyat dicermati...! Gitu aja kok REPOT. !;;;;
Ok gas ok gas tamba dua torang gas 😂;;;;
Sbnrnya konsep dana desa pun ga jelas, itu kan programnya jkw, bisa aja setiap saat di cancel.;;;;
Zaman orba Tentara masuk desa;;;;
Spek pengadaan tanah yg sangat saklek menjadi kendala bagi desa kami yang tidak punya tanah darat yang lebar depan 30 meter ke belakang 20 meter, sedangkan di desa kami tidak ada tanah yg seperti itu, dan akhirnya DD di potong;;;;
"Prabowo pengin meniru orba, tapi dia terlalu jorok dan arogan, mainnya kurang Alus yg menyebabkan terlalu terlihat otoriter
Mestinya ambil dulu hati rakyat, dari yg setuju dia ataupun oposan dia";;;;
Nya kunaon bisa kieu ??;;;;
Pemerintah komando lebih efektif saat ini. Di kampungku alokasi dana diarahkan pada kegiatan2 yang sulit dimengerti dan mudah dikorupsi.;;;;
Pas pileg pilkada pil kades rakyatnya juga maunya di bayayar, konsitusi model ga jelas.;;;;
Sy lebih percaya tentara karena lebih disiplin dari pada kades.;;;;
12 th dana desa milyaran takguna bagi warga desa, yg menikmati kades2 dan pecundang2 kades.;;;;
saya setuju jika APBN turun ke KMP pusat - KMP Provinsi - KMP Kota / KMP Kabupaten - KMP Kecamatan - KMP Desa................. Gurbernur ambil APBN ke KMP Provinsi, Bupati ke KMP Kabupaten, Walikota ke KMP Kota, Camat ke KMP kecamatan, Kepala Desa ke KMP Desa. untuk memutus birokrasi KORUPSI para pejabat Korup.;;;;
MENDING GITU DARIPADA DIMAKAN UANGNYA SAMA PEMERINTAH DESA APALAGI PARA KADES YG GK TERIMA ITU.. UDH BUKAN RAHASIA UMUM GIMANA UANG KELUAR MASUK DI LINGKUNGAN DESA... GK BISA MAEN2 MEREKA SEKARANG 😂🤣;;;;
kalau saya pribadi sementara ini lebih percaya dulu ke TNI daripada kepala desa dengan bantuan polisi.;;;;
Gagal paham neh soal koperasi..;;;;
Menurut keyakinan saya Kepala Desa mengeluh karena kehilangan tempat untuk mengeruk keuntungan lewat proyek yang diambil alih oleh pihak lain yang membangun;;;;
"Di sumsel  para babinsa mengelabuhi kades dan camat utk menandatangani  persetujuan ttg tanah hibah.
Camat kades tdk dil8batkan tp TNI yg berperan aktif.
Infonya dana dr Pusat 1.5 M sampai ke desa tinggal 1.1M";;;;
Cek dulu deh, orang Indonesia itu ngerti nggak Konflik Kepentingan itu apa ... wong kebanyakan nggak ngerti kok;;;;
"Tentara main koperasi
Polisi jualan beras";;;;
"KOPRASI MERAH PUTIH.. DIAMBIL DARI DANA DESA TAPI YG NGERJAKAN TENTARA..GAK BOLEH DI AWASI GAK BOLEH DI AUDIT DG ALASAN PEKERJAAN KUSUS... 
TANAH YG MENYEDIAKAN DESA DANA YG MENYEDIAKAN DESA..";;;;
Pengurus KDMP pun tidak dilibatkan Sama sekali;;;;
wok wok, dunia lagi perang wok,,, latih pasukannya  jangan malah disuruh masak genteng;;;;
Di kira olih pk prabowo klau sdh tentara gak tergiur uang gitu apa...!;;;;
Tapi saya juga gak percaya sama perangkat desa desa itu karena nantinya cuma jadi bancaan tetapi akankah kop merah putih ini cuma jadi cerita seperti kud jaman soeharto saat lengser hilang juga bersama angin malam . 🤣🤣🤣🤣;;;;
kenapa harus ada koprasi merah putih,bukankah di desa2 sudah ada K U D yg dulu sudah ada,bukankah pemborosan dana lagi....;;;;
Bakal gagal Kop Des tunggu aja buyarnya;;;;
Daripada di korup sama kades & prangkatnya mending sama tni lah ,konyol lu tempo;;;;
Orde baru jilid 2 ini...;;;;
Fakta yg tidak pernah muncul dipublik karena takut sehingga sulit dibuktikan;;;;
"Kira2 proyek apa lagi ya yg besok bisa diberikan kpd  ""PARMASRENG"" Partai Ormas Baju Loreng yg dulu juga mendukung ""Duo Lucu"" Capres - Cawapres yg skrg terpilih & berkuasa 😂";;;;
"Kirain pembangunan koperasi merah putih dari dana kemenkop. 
Ternyata diambil dari ADD
Terganggu lah program desa yg udah direncanakan";;;;
Solusi berikutnya untuk segala program yg tidak masuk akal, kita vonis merekA di tahun 2029 dengan tidak memilihnya;;;;
"Faktanya kepala desa & kodim yang terlibat langsung,
Pengurus koperasi plongo uang operasional dari awal pembentukan koperasi dana 0 .
Disuruh pinjam Himbara . bunganya yang ngurus pengurus kan lucu";;;;
Pidatonya ngelantur, yg jelas ini proyek gentingnisasi proyek keluarga dan kroni-kroninya;;;;
Pusing mau jelaskan seperti apa;;;;
Bantu dukung pemerintah, kecil-kecil juga bakal berpengaruh buat kemajuan bareng;;;;
Untung banyak para Komandan militer..horreee..saatnya berjaya dan kaya raya;;;;
Kalau mau atasi stunting kuatkan posyandu wok... Bukan MBG... kocak lu wok...😂;;;;
pinjam moto damkar : jangan pulang sebelum habis anggaran 😂😅😊;;;;
kayanya waktu kampanye gk ada janjikan dirikan koperasi desa ya?!!!;;;;
bagi roto sak roto2ne;;;;
TNI 10 tahun kepemimpinan Jokowi tidak dipakai dan seperti kelaparan, sekarang presiden nya dari kelompok mereka, kdmp ga akan berjalan dan nasibnya seperti KUT jaman dl dan menjadi ladang korupsi berjamaah, program ga jelas dan menghamburkan uang rakyat;;;;
Yo..supaya orang2 kecil bisa dapat pendapatan tetap dari pekerjaan nya. Dibeli koperasi ..;;;;
Antek george soros. Anehnya yg komen pada percaya sama narasinya. Menurut saya otoriter lebih efektif daripada demokrasi asal tujuannya baik.  Demokrasi hanya efektif pada negara yg masyarakatnya sudah sejahtera.;;;;
Kepala desa harus di kawal TNI 😂 kalau ngk lenyap kaya dana desa yg di korup 😂;;;;
Nanti pilpres Prabowo gunakan koperasi ini untuk mendulang suara, gampang dibaca😅;;;;
Demi mensejahterakan Aparat di jalan yang bermartabat. Jagalah agar tetap bermartabat;;;;
Pemerintah hadir buat masyarakat, jadi mari bales dengan semangat dukungan penuh;;;;
Seandainya tempo tidak ada lagi apakah masih ada media yang independen dan kritis saat ini ?;;;;
polisi ngurusi makanan , tentara ngurusin bangunan. luarbisa Wowo dkk LOL;;;;
Junta militer kah;;;;
Tetap dukung prabowo krn pembangunan koprasi kl tdk di awasi oleh tentara anggaranya jadi bancaan Ramai2. Korupsi sdh merajalela dimana mana;;;;
TNI - polri juga masuk MBG 😂😅;;;;
Apakah TNI pun kini sudah tidak lagi netral?;;;;
Mau yg ngerjakan desa jg pasti byk penyelewengan anggaran... Dana desa jg g transparan kegunaannya untuk apa saja...masyarakat desa sbagian bsar jg g tau kegunaan dana desa untuk apa saja tiap tahunnya...;;;;
Kenapa Gentengisasi? Karena Republik ini sedang Genting2nya Gaess.;;;;
Lebih dari Dwi Fungsi lagi... Ngurus Koperasi, MBG, Kementerian, BUMN, dll. Demi kesejahteraan bersama...Adiiiit Adiiiit. Maaf Bang Jarwo.;;;;
Udah di potong sekitar 67% trs di suruh menyiapkan anggaran untuk pengurugan jga;;;;
Memangnya negara lagi dlm kondisi diserang musuh, sampai semua urusan hrs melibatkan militer...sepertinya negara ini mau dijadikan negara junta militer atau junta preman ya..😄;;;;
Yg namanya KOPERADI itu scr TEORI SANGAT BAGUS tp dlm pelaksanaannya hasilnya amburadul, BUBAR. Lihat saja yg namanya KUD apa masih hidup sekarang ini pdhal ber-kali2 dpt pinjaman tp tetap TIDAK BS HIDUP alias mati. Koperasi itu sifatnya atau CARA KERJANYA PERJUANGAN. Pengurus & anggotanya dlm bekerja adalah BERJUANG DEMI HIDUPnya koperasi. Mana ada orang disuruh berjuang tanpa batas. Untuk menghidupi diri sendiri saja kembang kempis. Lihat saja sesuai dg berjalannya waktu paling2 akhirnya KOIT dan modalnya habis MRNGUAP !!!!!;;;;
Program² prematur, tanpa melibatkan masyarakat, klw soal program pemberdayaan belajarlah dr Pak SBY;;;;
Pemerintah hadir buat masyarakat, jadi mari bales dengan semangat dukungan penuh;;;;
19 juta lapangan kerja baru untuk tentara dan polisi 😂😂;;;;
Dari pada di korupsi ,lebih baik di kelola bersama tni;;;;
"Apakah kopdes MP? 
Akan membunuh umkm, warung, pedagang disekitar koperasi

Apa urgensi diadakan kopdes MP? 

Apakah akan membantu perekonomian rakyat, atau hanya penghabisan dana saja?";;;;
Narasi bohong, emangnya kades banyak yg kena ott;;;;
"Siiip bocor Alus Tempo edisi sekarang, ulasan lengkap.
Namun masih ada yg tertinggal tentang 'Tanah' yg digunakan membangun koperasi merah putih milik siapa atau sdh termasuk biaya 1 Milyar ?";;;;
Pembangunan Koperasi merah putih di tempat kami kabupaten sergei rata sisa dananya 1.050.000.000;;;;
𝘗𝘢𝘴𝘵𝘪 𝘈𝘴𝘰𝘴𝘪𝘢𝘴𝘪 𝘗𝘦𝘮𝘦𝘳𝘪𝘯𝘵𝘢𝘩 𝘋𝘦𝘴𝘢 𝘺𝘨 𝘥𝘶𝘭𝘶 𝘣𝘢𝘨𝘪𝘢𝘯 𝘥𝘢𝘳𝘪 58% 𝘱𝘢𝘴𝘵𝘪 𝘴𝘢𝘯𝘨𝘢𝘵 𝘮𝘦𝘯𝘺𝘦𝘴𝘢𝘭 𝘮𝘦𝘮𝘪𝘭𝘪𝘩 𝘗𝘳𝘢𝘣𝘰𝘸𝘰 𝘬𝘢𝘳𝘦𝘯𝘢 𝘥𝘶𝘭𝘶 𝘮𝘦𝘳𝘦𝘬𝘢 𝘣𝘦𝘳𝘮𝘪𝘮𝘱𝘪 𝘋𝘢𝘯𝘢 𝘋𝘦𝘴𝘢 5 𝘮𝘪𝘭𝘺𝘢𝘳, 𝘯𝘺𝘢𝘵𝘢𝘯𝘺𝘢 𝘫𝘶𝘴𝘵𝘳𝘶 𝘥𝘪𝘬𝘶𝘳𝘢𝘯𝘨𝘪 😄😄😄;;;;
DD banyak dikorupsi kepala desa;;;;
Trus gmn yg desa kecil penduduknya cuma seribuan..buat mbangun gedung aja dah 1 m ..lebih;;;;
"Presiden kita ini sudah tdk bisa ragukan lagi , jelas OTORITER !.
Strateginya  di libatkan tentara dan Polri.
Polri di MBG tentara di koprasi Merah putih !.
Scara pribadi prabowo jelas supaya  Tentara ini di jadikan perlindungan gersk politiknya. !.
bahaya akan terjadi seperti kejadian 98, pemakhulan presiden Suharto.";;;;
Kembali ke laptop ..eh.. Kembali ke Orba;;;;
"*PRABOWO BUKAN MENERUSKAN PROGRAM JOKOWI , TAPI MALAH MENYEMPURNAKAN PRAKTEK KKN PARA REZIM MERTUANYA DULU 😂*
*REZIM SUHARTO ADA ABRI MASUK DESA, REZIM PRABOWO: SELURUH TNI, PURNAWIRAWAN, DAN PREMAN MASUK KOPERASI DESA😂*";;;;
Untung saya enggak ikut memilih, secara moral paling tidak tak kena dibodohi.;;;;
lucunya KDMP itu anggaran sampai 3 M tidak ada biaya urugan pondasi bangunan. tidak ada transparani biayanya kepala desa dipaksa untuk mengkuti program yang gak jelas;;;;
Hampir semua kades mengeluh dg koperasi merah putih, fisikx SD di intervensi;;;;
Presiden negara mana sih...kog ngeri kali programnya...diluar Nurul sehat...😮;;;;
Desa disuruh siapin tanah buat bangun bangunan koprasi desa, harus pokoknya harus ada;;;;
Saya kemaren kaget...di Bandara yang ngamanin TNI, luar biasa beda klo yang ngepam TNI sama Polisi. Klo polisi cuma tongkrang tongkrong, macet saja di biarin...klo TNI keren, bahkan ngatur lalu lintas, bantu penumpang yang kesulitan bawa barang bawaan. Kerenlah...pantesan pak prabowo hanya percaya TNI;;;;
Bohong2 dong Mematahkan Semangat Raknyat yg Sdh terbentuk Apa Kbr Menteri perekonomian Raknyat 😭 Semena mena Kiamat;;;;
Smg a Media Tempo Ternama dpt Menghancurkan Semua persoalan Kepalsuan Bohong yg Mematikan Ekonomi Raknyat Mati,pembunuhan ini Lawan;;;;
Pemerintah hadir buat masyarakat, jadi mari bales dengan semangat dukungan penuh;;;;
Sepanjang jadi WNI sejak Suharto, rasanya kali ini yg terburuk secara keseluruhan;;;;
"INI PELAJARAN BUAT RAKYAT...
MILITER DIPILIH JADI PEMIMPIN....
AKAN KAH KEDEPAN RAKYAT AKAN MEMILIH DARI MILITER LAGI ????😊😊😊";;;;
MBG, KMP proyek ambisius buat menguras rakyat, perampokan terang2n di depan mata rakyat;;;;
Akhirnya mereka merasakan dampak ok gas ok gas;;;;
Di dapur saja ada tentara dan polisi. Apa lagi koperasi.  Pada 2024  kemarin sudah memilih presiden terbaik, sekarang kok ngeluh;;;;
pastinya pemerintah dan presiden itu budeg....;;;;
"Bersiap untuk ekonomi morat marit,,siapa yang berani teriak jika dana desanya dipotong, wartawan yang serba tahu tentang apa saja cuma bisa diam tanpa berani memberitakannya ""waktunya lebih teliti menilai setiap langkah pemerintah""""";;;;
Ikan busuk dari kepalanya.... itu siapa ya yang mengatakan itu😂😂;;;;
Komen2 positif fix buzzer wowo wkwkw;;;;
Proyek abadi ini mah hahahha;;;;
Pak presiden sudah ada niatan baik, mari kita dukung;;;;
Mahasiswa Diem Aja ini ??;;;;
Nyimak;;;;
Akhirnya.....;;;;
Percayalah…yg seragam loreng pun tak jauh beda dengan si coklat…mereka tak sebaik yg masyarakat kira😢;;;;
BUKAN TENTARA MASUK KOPERASI,,,,, TENTARA HANYA MELAKSANAKAN PEMBANGUNAN,, SETELAH BERJALAN ITU DI SERAHKAN SEPENUHNYA KE DESA/KELURAHAN UNTUK MENGELOLA BUKAN TENTARA YG MENGELOLA,,,, JADI PAHAMI DULU KONTEKSNYA OM;;;;
Bukan kmp bangunan dapur mbg aja yg jaga tni kok;;;;
Bubarkan Indonesia;;;;
Si anu emang pidato nomer 1;;;;
memang desa kurang bisa dipercaya dalam pengelolaan anggaran desa apalagi dana desa banyak bocornya kenapa saya bilang begitu kerena saya seorang perangkat desa dengan adanya tni kepala desa ga bisa apa apa mau korup ga bisa;;;;
Kenapa program baru tapi dana desa yg dipakai?apa program ini akan berlanjut atau sekedar hanya program sementara.Tolong di kontrol dengan baik;;;;
Mahasiswa kkontrol nya mana kok sepi2 ajha membiarkan kita kembali ke jaman otoriter...  tentara harus kembali ke barak dan menjaga NKRI. Bukan ikut berebut kue sama rakyat sipil;;;;
kurang kerjaan karena ngga ada perang😂😂;;;;
Bocor Alus gak berani ngomongin Ijazah Jokowi;;;;
Fakta : mandor projek koperasi MP di desa saya yg mantau Koramil cuyy;;;;
Dana desa potong ok. Kades rata2 korup..;;;;
Yang di mau 58%;;;;
Semaakin sini semakin jelas tohh;;;;
"ORDE BARU JILID 2....TENTARA BUKAN DWI FUNGSI LAGI...BERUBAH ""MULTIFUNGSI""";;;;
Keterlibatan TNI dalam pembangunan Koperasi Desa Merah Putih adalah bentuk sinergi negara untuk rakyat. Disiplin dan pengalaman lapangan membantu program tepat sasaran, memperkuat ekonomi desa.;;;;
Mengerikan sekali ... Demi bangsa dan negara, selalu siap menghadapi antek antek pemecah belah bangsa;;;;
Ini biadab banget rezim wowo,  dana desa dipakai bukan untuk yg semestinya;;;;
"Bung Hatta "" menangis """;;;;
Tar juga ada tentara sedot WC 😂😂;;;;
MBG jatahnya polisi. KDKMP jatahnya tentara..lengkap sudah prabowo dan gerindra ini nafsu kekuasaannya dan serakahnya tinggi;;;;
Maaf nie tempo fakta di lapangan kalo di kasih ke lurah atau kepala desa di kurupsi ada harus lebih dalam lagi cari sumber beritanya harus yang adil sebagai media;;;;
❤;;;;
Serahhkn pembangunan ke desa rawan korupsi;;;;
"Maaf dari awal saya merasa host dan narasumber tdk menguasai dg baik persoalan KDMP ini. Jadi alur dr KDMP yg sebenarnya adalah :

1. Bank Himbara kucurkan dana ke Agrinas.

2. Agrinas memberikan jatah 3 M per KDMP. Dimana 1,4 atau 1,6 M (saya lupa yg mana angka persisnya) peruntukamnya utk kantor dam sarana pendukung KDMP. 

3. Sisa dari 3 M setelah dikurangi angka pembangunan kantor dan sarana pendukung itulah yg dinamakan modal kerja. Modal kerja ini simpang siur masih apakah diberikan dalam bentuk uang tunai atau barang2 yg akan dijual oleh KDMP.

4. Agrinas langsung memotong  dana desa sebesar 640 juta per tahun selama 5 tahun (jadi dana 3 M yg diberikan Agrinas akan kembali ke Agrinas sebesar 3,2 M) sbg sumber pemgembalian dana dari desa. Mereka tahu kalau sumber pemgembalian dari KDMP ada resiko gagal bayar (jika KDMPnya gak produktif).

Yg harus dikritisi dg sistem seperti ini adalah :

1. Kebijakan ini bertentangan dg visi Prabowo, dimana seharusnya dg KDMP maka ekonomi desa akan bergerak. Faktanya pembangunan KDMP tdk melibatkan desa melainkan dihandle langsung oleh Kodim.

2. Kebijakan pembangunan KDMP spt skrg sangat rawan thd isu korupsi. Rumor yg beredar dana pembangunan terindikasi disunat.

3. Ketidaksiapan SDM di desa menyebabkan  banyak koperasi yg bingung mau bisnis apa.

4. Seharusnya KDMP berfungsi sebagai supplier utama dari MBG. Hal ini bertujuan agar jgn sampai produk KDMP justru bersaing dengan pengusaha lokal di desa.";;;;
KOPERASI BISA JADI KOKPERESI ..;;;;
"Kebijakan Pemerintahan Presiden Prabowo Subianto....berubah....utk Desa,....

Perlu....DI DUKUNG....dan ...DI SUKSESKAN....

Ya,..sekarang...para Kades..seharusnya......kembali ke Paradigma lama....sebelum....ada kebijakan  Dana Desa, DD,dan ADD...

Dulu...para...Kades  lama,,..sebelum  ada....DD...dan ADD....ternyata..tetap....bisa menjalankan......roda Pemerintahan....dan Pembangunan Desa,,..tetap ..bisa,....Jalan.....

Yang terpenting,,..sekarang....jalankan....dan sukseskan....Program Pemerintah Presiden Prabowo .Subianto....untuk membangun Koperasi Desa Kelurahan.Merah Putih,....di seluruh NKRI.

Nanti...setelah KDMP.....Berjalan....dan menghasilkan....kan...bisa...digunakan...utk membangun Desa Kelurahan....

Trims.❤";;;;
Klo aq sih setuju biar tentara yg ngurus drpd diserahin ke pemdes nti malah rawan jadi ladang koyupsi;;;;
Saya kerja di puskesmas dan kebetulan tupoksinya cukup bersentuhan dengan posyandu. Pemotongan dana desa sangat berdampak terhadap honor kader posyandu. Cukup banyak kader yg mengundurkan diri karena ada pemotongan honor. Udah kecil, tambah lagi dipotong. Miris banget;;;;
Bantu dukung pemerintah, kecil-kecil juga bakal berpengaruh buat kemajuan bareng;;;;
Tentara ngurusi koperasi. Polisi ngurusi MBG. Negeri yg aneh...;;;;
"Dana desa banyak dikorupsi kades + perangkat,, lebih baik digunakan yg bermanfaat buat rakyat..
Kades dilibatkan sebagai pengawas bukan pelaksana (dari pada dikorupsi sama kades + perangkat) . .";;;;
Dana pembangunan koperasi banyak yg gak jelas alias tidak transparan...;;;;
Sebentar lagi juga akan terjadi spt itu....ya kita liat sajalah;;;;
Zaman Soeharto Presiden tentara, gubernur tentara, bupati tentara, lurah tentara, dirjen2 tentara....hampir semua pejabat eselon 1 itu tentara;;;;
Jaman smkin sulit pngkan hukum brantakan lebih bnyk pncitraan minim keberhasilan;;;;
Suarakan terus kebenaran;;;;
Menurut informasi anggaran Koprasi Merah putih pertitik 1,6M ternyata sampai ditangan pemborong pekerjaan hanya 800juta, hilang 50% untuk para pejabat;;;;
Kok bisa kepikiran program yang bikin rakyat sengsara tapi dibungkus yang gak dukung antek asing haduuhhhh;;;;
Jangan di udhon dulu yaaaa;;;;
Se tau saya kepala desa itu kan sudah dapat bengkok atau ganjaran sawah puluhan hektar..kenapa kepala desa masih dapat gaji..menurutku ya Ndak masuk akal.....tolong di gaji kepala desa di tinjau kembali..... kurasa ini segera di bahas  yaaa;;;;
kalau yang ngeluh kepela desa sih biarin aja lah. menurut keyakinan saya, keluhan mereka sebagian besar karena tidak dapat jatah proyek atau kurang bisa mroyek. selama ini di banyak desa Dana Desa tidak ada dampak nyatanya bagi wakyat kok.... kita lihat saja, kira kira pengelolaan model baru ini lebih merakyat atau tidak secara ekonomi.... ini menurut keyakinan saya.;;;;
Program bagi2 cuan untuk timses🤣🤣🤣🤣;;;;
1,6 .. yakin tu sm pelaksanaan utuh?;;;;
Lah...koperasi juga..omon2..doang...sampe sekarang ga ada realisasi..;;;;
kami semua berkorban demi ego remaja vintage yg dpt hadiah jabatan. egomu kah itu pak?;;;;
Indonesia masih harus dipaksa untuk bergerak dan berinovasi. Sehingga pemerintah Butuh prototipe awal untuk menjalankan program strategis dahulu. Semoga setelah berjalan indonesia akan lebih maju;;;;
Siapa yg bangun koperasi merah putih? TNI, ditenderkan, atau siapa? Pemdes tidak tahu, pengurus tidak tahu. Nasib kopdes pun juga tidak tahu.;;;;
Msh bnyak jalan di desa yg rusak. Pdahal utk angkut pertanian. Kenapa tdk itu aja.;;;;
Jaman suharto dimana2 didirikan KUD dan SD inpres...serasa dejavu;;;;
Koperasi yg nyimpen kagak ada, yg pinjem bejibun, yg ga bayar hampir semuanya.;;;;
Orba lagi;;;;
MANUSIA APAPUN JABATAN, STATUS ATAU APAPUN KLAU BICARA DUIT HARUS DAWASI KALAU TDK BISA JADI IBLIS,!!!!!!!!!!!!;;;;
Mau kejar koruptor ke Padang pasir. Tapi ladang koropsi baru di ciptakan;;;;
APAKAH SELAMA INI DANA DESA YANG MENIKMATI MASYARAKAT DESA ATAU HANYA ORANG DILINGKARKAN PERANGKAT DESA,,?;;;;
Koperasi Merah Putih menjadi simbol kebersamaan, TNI ikut mengawal kesejahteraan rakyat.;;;;
Konsep pendirian koperasi sudah salah.;;;;
Krn tentara gk ada kerjaan,dan yg jd pengurus jg cuman family saja;;;;
Sudahlah masalah genteng biarkan sesuai selera masing-masing yg penting tidak merugikan oranglain,  nanti suruh pake genteng, pabrik atap lainya sepi karyawan dirumahkan;;;;
Kebijakan sudah tentu untuk kepentingan  nasional semangat gaspool;;;;
Untuk pembangunan gedung Koperasi Desa Merah Putih melibatkan KODIM dan KORAMIL , saya amati positif  selain lebih cepat , kualitas bangunanya juga lebih bagus dan tidak ada LSM / preman yg mengganggu ,  dibanding lewat PEMDA yg pemenang tender biasanya pendukung/ kader  saat pilkada dan LSM preman  banyak yg minta jatah sehingga kualitas bangunan rendah.;;;;
Kalo abis nonton manfaat koprasi ini sih positif untuk orang kaya saya yang di daerah dengan harga gas 3kg 45rb, semoga beneran jadi sembako murah, dan untuk tni ikut turun menurutku untuk sekarang ok gak si buat sama2 mengawasi pembangunanya sama keuanganya, dari pada takutnya kurang pengawasan ntar ada belok anggaran, semoga program ini lebih baik dari pada program makan siang yang anak saya 3 nya dapet makan siang semua, tapi saya masih pusing untuk cari kerja untuk makan 3 kali, apa gak lebih baik makan sinagnya di ganti sama  lapangan kerja aja gak si🤔;;;;
Arah kebijakan sudah ada, tinggal dijaga konsistensinya;;;;
Kebijakan Pak Pravowo untuk kesejahteraan rakyat;;;;
Pemerintah hadir buat masyarakat, jadi mari bales dengan semangat dukungan penuh;;;;
DASAR TEMPO MEDIA PENUH KEPENTINGAN DAN PROVOKASI SAJA;;;;
TNI memiliki fungsi pembinaan teritorial (Binter) yang bertujuan menjaga stabilitas wilayah. Keterlibatan dalam koperasi desa dipandang sebagai pendekatan non-militer untuk membangun kedekatan dengan masyarakat, memperkuat kemanunggalan TNI-rakyat, serta mencegah potensi konflik sosial.;;;;
20% + 5 %;;;;
Klo tentara tidak di libatkan uang di berikan ke kades bs habis dan keamanan pembangunan juga bisa hilang semua alat2 / besi nya;;;;
cair2....;;;;
"KRITIK UNTUK TEMPO = TIDAK MENGULAS INTI MASALAH EKONOMI hanya mengulas hal yang bukan substansi utama pelemahan ekonomi (mungkin didesain seperti ini agar laku dipasaran)

KOPDES = MENGURANGI PENGANGGURAN secara instan = TAPI.......
UNIT BISNISNYA bersaing dengan UMKM (unit bisnis masyarakat bawah) yang sudah ada
Akhirnya KOPDES  bersaing dengan UMKM 
(Permodalan Kopdes dari Pemerintah sedangkan UMKM dari Dana Pinjaman Pribadi/Bank)

MASALAHNYA KELAS MENENGAH KOLAPS, Tapi pemerintah tidak bisa menghidupkan + menambah  INDUSTRI penopang kelas menengah = sedangkan KELAS MENENGAH pengkomsumsi penggerak terbanyak barang/jasa dari kelas atas dan kelas bawah

Kopdes bukan solusi untuk mengobati sakit pada kelas menengah, yang sakit mana yang diobati mana)";;;;
Kop Des klu TDK di kendalikan ...maka habis di makan pak desa ..;;;;
Hey genteng genteng asengg;;;;
Babinsa jadi seperti sales motorist yang tiap cover retail foto display produk dan selfie.. 😂😂😂;;;;
Semoga Tuhan memberkati untuk mewujudkan Indonesia yang lebih baik di masa depan;;;;
Kolaborasi antara pemerintah, BUMN, dan TNI menunjukkan sinergi antarlembaga.;;;;
Tentara terjun ke koperasi, polisi dikasih jatah urus MBG, bener2 pembagian adil dan merata 😂;;;;
"Terima.kasih BAP Tempo...
Terus menyiarkan fakta";;;;
INILAH HASIL PILPRES CURANG. RAKYAT KECIL DAPAT APA. MASYA ALLAH SEMOGA DITERIMA DISISINYA;;;;
PRABOWO TIDAK MAMPU MAKA ANIS BASWEDAN INSYA ALLAH SEMAKIN KUAT DI 2029;;;;
Prabowo bisa hancur nama baiknya,kalau mengikuti cara Jikuwi/mulyono,dulu polisi sekarang TNI 😂😂;;;;
Waduh, informasi penting jatuh ke tangan antek antek aseng nih, anak buah jrot sorot?😅;;;;
Kalo menurut saya, lebih baik mereka TNI turun tangan, dari pada dana desa dikorupsi oleh oknum kades, karena sudah banyak bukti nya Kepala Desa masuk buii. Siapa tau itu memang strateginya pak presiden.;;;;
Sama dgn jikiwi dong,pake parcok,pemerintah sekarang pake parijo😂😂;;;;
Tentara ga buka warung madura sekalian? 😂;;;;
Pemerintah melibatkan tentara dalam pembangunan Koperasi Desa Merah Putih untuk memastikan program berjalan lancar sesuai tergetnya.;;;;
Habis parcok sekarang Parjo.;;;;
Mudah2an aparat keamanan tidak benar2 dilibatkan dalam bisnis ekonomi scr langsung... Bgmn jika mental dan jiwanya berubah dalam berbakti kepada negara demi kesejahteraan masyarakat dan kemajuan bangsa....;;;;
Sinergi TNI & Koperasi Desa perkuat ketahanan pangan. Prajurit manunggal membangun desa demi ekonomi rakyat mandiri! 🇮🇩🌾💪;;;;
Parah periode ini.. Semua mau di diktator...;;;;
Pelibatan TNI dalam pembangunan desa bukan hal baru. TNI punya program karya bakti dan pengalaman bantu percepatan infrastruktur di daerah terpencil. Ini soal efektivitas, bukan militerisasi.;;;;
WELCOME BACK NEO ORBA. DAN SEMUA GARA-GARA SI PLANGA PLONGO.;;;;
Pemerintah terus bekerja dan Lakukan yang terbaik untuk masyarakat Indonesia;;;;
Semua elemen dan aparat dikerahkan oleh pemerintah yaitu untuk memaksimalkan semua potensi yang ada.;;;;
Pemerintah terus berupaya lakukan yang terbaik untuk masyarakat Indonesia;;;;
Prabowo sama sekali nggak pantes jadi presiden,, gk punya gagasan apa2, , cuma bisa dikit2 tentara,, sekarang semua proyek bisa2nya di pegang tentara semua;;;;
Pemimpin saat ini bisa saling mendukung demi kemajuan dan kesejahteraan bersama;;;;
Dana desa macet itu indikasi perencanaan yang belum rapi, bukan bukti militerisasi. Jangan salah sasaran—yang perlu dibenahi mekanisme, bukan programnya.;;;;
Keterlibatan TNI justru bisa mempercepat eksekusi di lapangan, bukan mengambil alih desa. Soal dana, itu soal tata kelola, bukan salah militernya atau Prabowo Subianto.;;;;
yg provokatif2 gitu biasanya cuma nyari keributan, ga peduli dampaknya;;;;
Sinergi sipil–militer dalam konteks pembangunan bukan hal baru di Indonesia. Dengan pengawasan yang baik, kolaborasi ini bisa mempercepat pemerataan kesejahteraan hingga pelosok;;;;
Buzzer udh msk kolom komen tempo 😂;;;;
Setuju, TNI turun ke desa itu buat bantu percepatan pembangunan, bukan ambil alih apa-apa.;;;;
Justru bagus kalau TNI ikut dampingin program desa, kerja jadi lebih cepat dan rapi.;;;;
Udah sering kok TNI bantu irigasi, jalan desa, sampai penanganan bencana. Ini hal wajar.;;;;
Koperasi Merah Putih juga program bagus buat warga desa, mending didukung daripada dicurigain terus.;;;;
Yang penting hasilnya nyata buat masyarakat, jangan malah digoreng jadi isu politik gak jelas.;;;;
kebijakan yg ada sekarang untuk ke depannya;;;;
kebijakan yg ada sekarang untuk ke depannya;;;;
Parah ini mmang..smua diambil alih;;;;
Wahh pasti pada bangga ni 😂😂😂😂;;;;
Presiden terbodoh kata ketua BEM UGM😂;;;;
Kehadiran TNI dalam pembangunan desa adalah bentuk nyata kemanunggalan TNI dengan rakyat. Dengan disiplin dan kerja keras mereka, program Koperasi Desa Merah Putih bisa berjalan lebih cepat dan terarah.;;;;
Keterlibatan TNI di program desa biasanya pendampingan dan percepatan lapangan, bukan ambil alih fungsi sipil. Sudah sering di program irigasi, jalan desa, sampai bencana.;;;;
Bocor 2 ingat motto kampanye opa ulik 2019! Nikmatilah orde Baru reborn!!🤑🤑;;;;
Biar tidak di korup para kroni2 desa saya dukung itu mantap;;;;
Tempo lagi tempo lagi 😂 ga heran ga kaget kerjaannya provokasi aja 😅;;;;
Kita dukung jangan ditertawakan;;;;
Bagus tni dilibatkan koperasi merah putih siap satu komando dari pada sipil;;;;
Hal ini menunjukkan semangat gotong royong negara. TNI hadir bukan hanya menjaga keamanan, tapi juga membantu memperkuat ekonomi desa, memastikan program berjalan tertib, tepat sasaran, dan benar-benar dirasakan manfaatnya oleh masyarakat;;;;
Padahal pelibatan aparat seperti Tentara Nasional Indonesia dalam pendampingan program sipil bukan hal baru. Dari dulu mereka terlibat di ketahanan pangan sampai penanganan bencana. Tapi ya, kalau bisa dibikin seolah-olah ancaman, kenapa tidak?;;;;
Pemerintah selalu berusaha yang terbaik;;;;
Balikin modal pemilu dan para pendukungnya;;;;
Terus?;;;;
Masyarakat diimbau menyikapi isu ini dengan kritis namun bijak, melihat informasi lengkap dari sumber resmi, dan tidak mudah terpancing narasi provokatif yang bisa memperkeruh suasana.;;;;
Tempo ni lama2 emg mirip anak abah. Kehabisan bahan smpe mbahas2 yg g penting . Salahnya dmana Kopdes merag putih libatkan aparat? Slma g salahi aturan ya itu ud jd wewenang presiden. Makanya jd presiden, jgn jadi kacung abah mulu po tempo 😂;;;;
Daripada membangun narasi kepanikan, lebih baik mendorong dialog terbuka antara pemerintah dan masyarakat. Dengan komunikasi yang baik, kritik bisa menjadi energi positif untuk memperkuat tata kelola pemerintahan dan meningkatkan kesejahteraan bersama.;;;;
Dengan keikutsertaan TNI untuk mempercepat pelaksanaan koperasi Merah Putih;;;;
yg penting bermanfaat;;;;
Buset banyak buzzer ijo;;;;
wes toh, masih bisa nikmati kopi yaudah nikmati kopi aja. Alhamdulillah Negara ini masih ada Pemerintahnya. Karena klo smp gak ada Pemerintah, pasti rusak stabilitas keamanan dan seluruh sistem yang sudah berjalan. mau dibawa kmn negara ini? kita berdoa aja semoga apapun kebijakannya, menjadi pembangunan yang positif untuk jangka panjang.;;;;
koperasi merah putih banyak membantu rakyat kecil di desa desa;;;;
Keterlibatan TNI dalam pembangunan desa justru mempercepat proses dan memastikan keamanan distribusi. Ini bentuk sinergi yang kuat!;;;;
Membangun dari desa butuh tangan-tangan yang siap bekerja nyata! 💪 Kehadiran TNI dalam program Koperasi Desa Merah Putih adalah wujud kemanunggalan untuk mempercepat pembangunan dan memastikan program strategis menyentuh hingga ke pelosok. Mari kita lihat ini sebagai kolaborasi besar untuk memperkuat ekonomi rakyat. Dengan gotong royong, tidak ada tantangan yang tidak bisa kita lalui. Desa kuat, Indonesia hebat!;;;;
Ngeriii....😢;;;;
apa tujuannya, itu yang sering diskip;;;;
Dukung pemerintah, udh pasti yajg terbaik;;;;
Justru bagus pak Prabowo bisa satukan TNI dan sipil;;;;
Demokrasi yang kuat menjadi fondasi pembangunan, dan pemerintah terus berupaya menjaga sistem yang terbuka dan adil.;;;;
Pernyataan tersebut menunjukkan komitmen pemerintah dalam menjaga demokrasi dan menghormati pilihan rakyat.;;;;
dikelola orang biasa dikorupsi, dikelola aparat salah juga, aduh kudu gimana;;;;
Iya pejabat desa banyak yang korup, ini kan upaya saja, bisa dikawal dan diberikan masukan yang baik, jangan cepat disimpulkan buruk;;;;
Mari mendukung penuh setiap program pemerintahan.;;;;
Melibatkan TNI justru dapat mendisiplinkan dan menertibkan penggunaan anggaran sebagai pembangunan koperasi. kan tidak selamanya untuk membangun. hanya di awal saja;;;;
Semua ada pertimbangan tersendiri oleh pemerintah, mungkin itu lebih baik saaat ini. kita harus dukung dan terus mengawasi jalannya pemerintahan;;;;
Keren banget prabowo bisa satukan TNI & sipil;;;;
Menurut saya semua pihak boleh terlibat dalam membangun indonesia, itu tidak ada salahnya.;;;;
TNI memang sudah teruji bosku;;;;
Tentara dalam KDMP hanya sebagai pendukung agar program tersebut berjalan dengan baik dan lancar;;;;
gapapa banget ga sih, kan tentara dari rakyat untuk rakyat, yang penting rakyat sejahtera dan terbantu;;;;
Keterlibatan TNI dalam pembangunan desa justru mempercepat proses dan memastikan keamanan distribusi. Ini bentuk sinergi yang kuat!;;;;
Lihat saja dulu hasilnya, ini mungkin akan memperbaiki sistem koperasi kita;;;;
Salah yg pilih presiden,sekarang mau apa ,untuk apa gedung koperasi klo mau mensejahtrakan petani ya pupuk yg harganya tinggi  bisa murah terus petani di bimbing biyar tanamanya panennya berlimpah ,masak kalah sama viyatnam ,viyatnam bisa bisa jadi pengekpor ,klo gedung paleng ya untuk pos pilpres nanti  gak ada gunanya;;;;
tentara dibikin berebut anggaran. kenapa sih ga bisa normal aja menjalankan negara ini.;;;;
Budi Arie kemana yah ?? Lama gak kelihatan..;;;;
Keterlibatan TNI itu bukan ambil alih desa, tapi bantu percepatan. Dari dulu TNI memang sering dilibatkan dalam pembangunan lewat program karya bakti.;;;;
Namanya jg proyek potong kue 😁🤭 pasrah ajaa..;;;;
Pas sudah parcok MBG dan Parjo KDMP;;;;
Semakin banyak yang membantu, semakin cepat Koperasi Merah Putih maju 👍;;;;
‪Jangan sebar provokasi bung‬;;;;
Belum apa” udah salah aja, dan akan selalu salah ketika memang yang dilihat dari sisi buruk dan kurangnya aja;;;;
Klo dilibatkan utk kesuksesan program koperasi utk tercapainya kemakmuran rakyat gak masalah... Itu slaah satu operasi non perang dlm rangka mewujudkan sishankamrata. Ga usah terpengaruh opini wartawan mereka kan cm ikutin apa kata pemrednya;;;;
Hati hati sudah dengan media provokasi;;;;
Oknum tentara: why not (kenapa kacang) 😄;;;;
Keterlibatan TNI itu bukan ambil alih desa, tapi bantu percepatan. Dari dulu TNI memang sering dilibatkan dalam pembangunan lewat program karya bakti. Selama tujuannya untuk percepatan dan pengawasan, itu sah-sah saja.;;;;
Keterlibatan TNI justru bisa meminimalkan kebocoran anggaran karena pengawasan di lapangan jadi lebih ketat. Dana desa tetap aman jika dikelola dengan koordinasi yang baik.;;;;
hanya orang bodoh yang percaya provokasi pemecah belah bangsa;;;;
😂 Rezim Militer Baru;;;;
Kolaborasi antara pemerintah, BUMN, dan TNI menunjukkan sinergi antarlembaga.;;;;
Kopdes Merah Putih membantu kita rakyat kecil.,..;;;;
Kolaborasi boleh saja demi percepatan pembangunan desa. Tapi transparansi dana dan kewenangan tetap harus jelas supaya program nggak macet dan tetap bermanfaat buat warga.;;;;
Program pendampingan desa oleh TNI sudah lama dikenal. Perannya membantu masyarakat dan pemerintah setempat, bukan menggantikan fungsi sipil.;;;;
Makin kesini makin kesana ya tempo makin ke asingg, media pesanann soalnya dari kemarin tuh provokasi terus;;;;
Parah;;;;
tentara masuk koperasi, polisi masuk MBG. menyala negeriku! 🔥;;;;
"Heran dikit dikit bilangnya mirip orba. Kita berfikir positif aja emg ga bisa ya
Toh program dari pemerintah sangat bagus dan tujuannya jelas untuk kesejahteraan rakyat";;;;
apa yg didapat dari tiap hari selalu tebar pesimisme, berharap indonesia tidak bisa maju kah, memang kalau sudah penyakit hati akut gak makan kalau gak sebar emosi negatif;;;;
Sebelum kades ngeluh, coba transparansi dulu aja, berapa orang yg berani?;;;;
Stidakny kehadiran TNI dlm pmbangunan desa sbgai bntuk nyata kedekatan TNI dgn rakyat.. selain itu, jga mrukan tanggung jawab atas kedisiplinan dan kerja keras mereka;;;;
Gak usah dengar apapun dari media tempo, ini media pesanan asing wkwkwk;;;;
Kehadirannya kan hanya mendukung sih. Bukannya apa;;;;
Tentara ngurusin koperasi, pembangunan infrastruktur ama bikin dapur mbg + jadi koki;;;;
Klau kades dan perangkat terlibat dlm kopdes gak akan jalan.yh sdh 2 progran desa contoh bumdes pengurus ada perangkat desa pasti gagal.;;;;
Kades mengeluh krn gak bisa korupsi dan foya2 brow.mending ditata dan disukseskan dulu program kodes buat masyarakat.;;;;
Keterlibatan TNI dalam pembangunan Koperasi Desa/Kelurahan Merah Putih mendapatkan berbagai apresiasi positif sebagai langkah strategis untuk mempercepat pemerataan ekonomi hingga ke pelosok desa.;;;;
kekkk,,,mengeluhlah...para kepala desa.......;;;;
Pelibatan TNI dalam program desa bukan hal baru dan biasanya dalam konteks pendampingan atau percepatan, bukan mengambil alih kewenangan sipil. Justru kolaborasi lintas unsur sering dipakai untuk memastikan program berjalan tepat waktu dan tepat sasaran. Soal dana desa, mekanismenya tetap diatur dan diawasi sesuai aturan—kalau ada kendala teknis, itu ranah evaluasi pelaksanaan, bukan bukti bahwa program pasti macet.;;;;
Ya mgkn biar cepat bergerak.. cepat terealisasi kan;;;;
Keterlibatan TNI belum tentu negatif, bisa jadi buat percepatan dan pendampingan supaya programnya rapi. Soal dana desa juga pasti ada aturan dan pengawasan. Yuk lihat dulu hasil dan mekanismenya, jangan langsung diasumsikan macet.;;;;
Coba di Serahkan Desa ,gk mungkin jadi..di desa banyak PREM*Nnya. dg tentara Prem*n nya gk berani ndekat;;;;
Apakah tahun depan karyawan koperasi Desa Merah Putih akan diangkat menjadi ASN?;;;;
dinasti orba bertemu dinasti solo.. selamat menikmati;;;;
Tentara masuk koperasi? terus polisi masuk MBG? Mantap kan 😂;;;;
Loh justru sinergi antar lembaga makin baik lah;;;;
Indonesia tinggal tunggu waktu, mau makmur apa hancur;;;;
Gak ada yg otoriter woiii... sipil juga tetap ada ruang untuk memimpin...jangan di printil.;;;;
Pemerintahan sekarang itu seperti orang polos. Seperti punya kendaraan tetapi gak tau rute jalan nya, akhirnya amburadul. Pemerintahan seperti tidak punya konsep, alias berantakan, karena berdasarkan emosional, bukan berdasarkan pemikiran yg matang, yg sudah terintegrasi dg metodologi sistem bernegara.;;;;
Bagus mengkritik untuk kemajuan bersama tapi jgn sampai menggiring opini masyarakat untuk membenci pemerintah. Masyarakat dan oemerintah harus ttp bersatu untuk kemajuan suatu bangsa, yokk bersatu👍;;;;
Makin ngeri negara ini;;;;
kek money laundry gtu gak sih;;;;
ini tentara SMA kan? sama Polisi juga gak profesional;;;;
Bye², tentara profesional.;;;;
salahnya dmn emg?;;;;
Semua program, MBG, Kop Merah Putih, dll ..pijakan berpikirnya adalah untuk mengamankan kekuasaan di 2029.;;;;
"Kelak apa yg dilakukan oleh prabowo saat ini dgn mileterisasi disemua lini akan menjadi beban besar bagi pemerintahan yg lebih demokratis.
Bakal sulit merobohkan pondasi itu...apalagi isinya militer.";;;;
Ga aneh kl Prabowo bagi2 kue sama kolega parcok Parjo. Dulu di TNI jg gitu. Dia sgt loyal org2 yg dekatnya. Ga peduli itu KKN.. Alm Faisal Basri  dan cak nun uda wanti2 kl pengganti jkw lbh buruk. Siap2 aja negara diatur secara ugal-ugalan. Rakyat mesti sabar tingkat dewa😭😭;;;;
Setiap bidang sudah ada ahlinya..serahkan pada ahlinya;;;;
Tentara manusia disiplin;;;;
Tidak apa-apa, kalau TNI ikut serta, karena kemarin dana desa hanya memperkaya kepala desa,itu fakta, mereka tidak bisa membuka lapangan kerja, mereka para kepala desa hanya memikirkan pembangunan fisik, sementara rakyat banyak yang yang nganggur, akhirnya rakyat banyak tercekik bank mekar dan pusing, karena para kades hanya memikirkan perutnya sendiri;;;;
Kepala desa gak setuju, sebab gak bisa koropsi;;;;
"Ide bagus, selama untuk kesejahteraan rakyat dan mengurangi kebocoran dana desa.
Dengan dibantu TNI semoga koperasi merah putih semakin mantap 👍 
Bravo TNI ♥️♥️♥️";;;;
Astaghfirullah tambah ngaco aja konoha;;;;
Program janggal;;;;
kolaborasi itu penting untuk mewujudkan keberhasilan;;;;
Segala digoreng kalau gak pas dengan hatinya karna rasa kebencian terhadap pemerintah. NKRI Harga Mati.;;;;
Baguslah jika dihendel Tentara dari pada dana desa jadi lahan korupsi kepala desa ?  Lihat saja yg demo kemaren pada ditangkap kejaksaan kan ?;;;;
Channel ini sangat provokatif tidak berdasarkan bukti yang valid, hanya menggiring opini publik untuk menyudutkan  pemerintah;;;;
saya kira dg keterlibatan tentara akan lebih baik, tp nyatanya malah lebih BURUK, fakta dilapangan pembangunan KDMP ugal ugalan terkesan memaksakan, banyak lokasi KDMP tidak strategis krna mengandalkan lahan milik desa yg tersedia, lalu pembangunan fisik berupa material pun banyak menggunakan material asal tidak seusai rencana teknis/biaya. bahkan papan proyeknya pun ga ada. LSM/Ormas pun tiarap yg biasanya mencari mangsa.;;;;
kacau ...kacau indo ini lepas dari mulut buaya ehhhh...keterkam sama harimau bukan fokus di perbaikan ekonomi dan tangkap koruptor malah menggemukkan kroninya....susah memang hidupdi negri ini.....😂😂😂😂;;;;
Daya rusak satu orang ini luar biasa, bisa2 beneran hancur ini negara, cuma bisa berdoa semoga Allah melindungi rakyat Indonesia dari kezoliman pemimpin ini;;;;
BAGUS JUGA, MUNGKIN TENTARA CUMA MENGAMAN KAN KOPERASI, GENTENG NISASI HEHE HEHE ANEH , MUNGKIN INI BUKA LAHAN BARU / USAHA BARU.👍;;;;
pantes sebelah rumah baru dibangun mandornya loreng;;;;
Kepala desa harus waspada bilamana dikemudian hari terjadi korupsi dlm pembiayaan KMP akan jadi TUMBALLLLLLLL.;;;;
Du suatu daerah ada fasilitas kesehatan mau digusur karena tanahnya mau dibangun KMP;;;;
Menurut saya  begini  ada benarnya  memang dana desa  kurang efektif  ,sudah puluhan tahun hasilnya tidak ada kemajuan ,lebih baik di alihkan  yang produktif seperti koprasi merah putih yang bisa menyerap tenaga lokal  memang kepala desa  mengeluh  dana desa hanya buat Bancakan , ada juga yang habis  buat poya poya okn di m kepala desa,;;;;
Saya sebagai ketua kopdes ini juga merasa bingung, ini program strategis nasional tapi tidak memikirkan pengurus sama sekali, dari awal dilantik pun tidak menerima upah , semua pakai uang pribadi.;;;;
Kalau tni bisa lebih tidak korupsi dalam pengerjaan koperasi desa, jauh lebih baik mereka turun tangan daripada birokrat. Ni tempo tau atau pura pura tidak tau kalau korupsi kades itu sangat banyak dari dana pembangunan desa;;;;
Yuk jalan bareng pemerintah, soalnya mereka juga nggak pernah lepas dari masyarakat;;;;
Bahas pajak kendaraan naik di jateng dong min tempo;;;;
"Mau tanya, apakah untuk struktur atau denah koperasi merah putih dibuat seperti swalayan, dan ada ruko2 kecil untuk apotik dsb? 
Apakah satu Indonesia desainnya sama? 
Soalnya sudah menemui 2 calon koperasi merah putih di dua desa beda kecamatan, bentuknya sama
Terima kasih";;;;
"Iklim usaha lagi sulit banyak rakyat berjuang untuk cari uang kata mereka sekarang susah.
Ngajukan pinjaman mudah ketika mengembalikan susah akibatnya macet.
Kecenderungan orang suka menerima jasa, upah, dan takut dikejar hutang.
Bersabar pilih yg benar terbaik  untuk pemilu kedepan.";;;;
"Waduh bangsaku, MBG diserahkan ke TNI dan POLRI, Koperasi diserahkan ke TNI menunjukan TNI dan POLRI tidak ada kerjaan.
Sebaiknya cari pemuda S1 jurusan Ekonomi, seleksi, jelaskan tugas pokoknya sesuai dengan tujuan koperasi, setelah dilaksanakan evaluasi, dan awasi.";;;;
Betul bgt kembali ke jaman otoriteris prabraro yg tdk menyentuh ke rakyat cilik² di desa bro;;;;
Selama 10 tahun ini dana desa yg begitu jumbo diberikan kepada kepala desa juga minim dampaknya kepada masyarakat, terlalu banyak data yg menyebutkan adanya penyelewengan di dalamnya;;;;
Pak Wo2 ni Menggunakan Polisi dan Tentara Untuk Menyuses Program2 Bait MBG maupun KopDes... Rakyat Biasa Jadi Penonton saja... 2030 Indonesia Bubar Kata Pak Wo2 Sendiri;;;;
Kop MerPut akan banyak oknum2 Koruosi kalo Perangkat desa yg pegang. Tapi TNI pun tidak tertutup.juga. kecuali semua dikerjakan bersama , dgn audit internal, pegawasan dan evaluasi. Perbankan saja audit ketat masih ada fraud, jni koperasi....fahamlah semua.;;;;
Ga kebayang kalo negara kita mendadak diinvasi negara lain.Begitu pasukan musuh masuk,eh tentara kitanya lagi sibuk ngitung laba rugi di kantor koperasi;;;;
Semangat tempo utk beri kritik dan saran pemerintah sekarang! Saya bingung orang terdekat presiden seperti melakukan pembiaran dengan semua keputusan yg dibuat beliau. Semakin dibiarkan, semakin terpuruk ekonomi Indonesia. Kesenjangan ekonomi akan semakin tinggi, krn cuma memperkaya orang terdekat beliau saja;;;;
Kehancuran baru yg dibuat prabowo utk nkri dgb TNI msk urusin kop mrrah putih tdk pd Tupoksi Tni.;;;;
kira2 solusinya gimana? soalnya makin lama makin parah kebijakan dia. yang gentengisasi aja bikin bingung;;;;
Pemerintah juga membuka kerja sama dengan universitas untuk dukung koperasi.;;;;
seng dbuat oleh pabrik dan pabrik pemiliknya cm segelintir culong2 kaya indo, kl genteng UMKM warga yg bergerak d pembuatan genteng banyak, jd gentengisasi lebih pro rakyat. fakta;;;;
Di LUMAJANG;;;;
mau komentar dan beri kritik rasanya percuma,,Wowo pasti menang juga 2 periode mengingat SDM kita sangat rendah,,,slamat tinggal supremasi sipil selamat datang era militarisasi;;;;
TNI sekarang lebih sibuk bisnis daripada mengurus keamanan dalam negeri 😢;;;;
program ini bisa menggerakkan ekonomi brpa persen?trus KLO fisik koperasinya SDH berdiri, organ koperasi (rapat anggota, pengurus, pengawas) sudah paham tugasnya apa belum? masyarakat yg hrusnya diajak sebagai anggota apa SDH paham apa itu koperasi?;;;;
Bukanya sbg pengawas pendirian KDMP lurr..biar meminimal boros anggaran / menyalahi RAB;;;;
Benar dgn sistem komando dan itulah karakter tentara  dia menganggap tentara itu pintar dlm segala hal, demokrasi noooo,jadi mau kita nikmati saja sd 2029 atau.........kl saya sangat tdk percaya berghasil mungkin akan lebih buruk;;;;
"Mantap Tempo, jangan pemerintah melulu sorotan Tempo, Sekali sekali sorotan tajam tujuan ke OLIGARGI yg sdh merampok sumber daya alam dan kedaulatan (Ekonomi Keuangan, hukum dan Politik) itu point. Kecuali Tempo sdh ada ""deal""dg para OLIGAR, seperti yg lain.";;;;
Membuka peluang besar buat korupsi;;;;
Makin bobrok negri kita ini😮😮😮😮😮😮;;;;
Nggak seluruhnya yang disampaikan disini sesuai dengan fakta di lapangan dan cenderung di lebih lebihkan.;;;;
Koperasi Merah Putih dan MBG untuk memenangkan  wowoo di 2029;;;;
"Dari 1,6 m
Tinggal 800 JT 
Di desa saya
Itu dipotong buat apa ya
Karna kepala desa saat ini lagi pusing ngurusi kdmp";;;;
semua jadi ajang bisnis;;;;
Dana desa yg selama ini ga tahu manfaatnya buat apa, eh skrg buat ginian. Awas aja KLO koperasi malah membunuh UMKM Dan gaada manfaat;;;;
Kalo di dracin sejarah ....kerajaan yg bykan di atur oleh pejabat militer dripada sipil maka kerajaan itu akan hancur;;;;
"KDMP
DARI PRESIDEN KE PANGLINA TNI KE BHABINSA 

KADES CAMAT BAHKAN BUPATI TIDAK TAHU APA APA";;;;
Demokrasi tanpa kendali akan lelet dan kehilangan arah , namun penyelenggaraan negara mengandalkan sistem komando , maka akan berjalan kaku dan dangkal.. ambil saja jalan tengah dengan Manajemen dan leadership yang tegas namun bijaksana.;;;;
Cuma tempo yg berani jujur keadaan/situasi yg sebenarnya. Mantappp 😂;;;;
"Bukan program tapi proyek ituma, bancakan prab dengan kroni""nya.

Macan lansia hadeuh";;;;
Sy setuju TNI. Kalau kades banyak korupsinya.;;;;
Proyek yg berbau !!! ,,,,, gaya baru yg susah diaudit ,, inilah negeri kanoha...;;;;
"Program - program Prabowo bombastik banget anggaran dan progresnya,

btw suka dengan ruangan podcast yang ini daripada yang lalu😊";;;;
Bener banget masyarakat yang tidak paham akan mengira akan adanya tidak pidana korupsi oleh pemdes atau kelurahan karena apa yang telah di tetapkan ditahun sebelumnya tidak terealisasi,padahal DD itu untuk Progmam (MAKSA) dari prabowo yang selama ini kita tau MBG lebih banyak masalahnya daripada manfaatnya 😢;;;;
Heran gue dengan ini rezim.;;;;
Yg nyari kontraktor pembangunan Gedung juga tentara. Paham disini khan;;;;
Sarana dan alat untuk memobilisasi guna keperluannya,,,,;;;;
Kopdes harusnya dikerjakan secara padat karya, tapi dilapangan malah ada kontraktornya, dengan desain dan luasan yang sama harga borongannya berbeda-beda, dari Rp.900 jt an sampai Rp.1,2 M, aneh...;;;;
Kolaborasi ini bisa menjadi kesempatan untuk memperluas keterampilan warga desa.;;;;
KMP PROGRAM GAGAL TOTAL;;;;
Ternyata Lebih ikhlas *BANSER* , Jaga kegiatan masyarakat tanpa dibayar, dapat snack ataupun nasi bungkus sudah Alhamdulillah 😂😂😂.;;;;
"😂ada yg sedang merintis jalan menuju Indonesia bubar 2030 ?...... 😂
Mudahan ada salah satu dari 280jt rakyat yg mau menjadi pemimpin untuk menghentikan perintis indo bubar itu ya?...";;;;
Baru krasa kalo otoriter 🙂‍↕️🙂‍↕️ era bangkitnya orde baru,.. & lokasi bangunan KMP kenapa juga memakai lahan ruang terbuka hijau, contoh di bwi kota , Jatim 😭😭;;;;
Orde baru masih lebih jelas arahnya, walau ada arogansi.;;;;
Di daerah rawan gempa seperti di sumatera orang lebih memilih pakai Seng daripada genteng namun tidak tahan tiupan angin;;;;
Kebayang tentara kita saat perang... Ngurus koperasi 😭;;;;
Ap yg prnh dikemukakan pdip new orde baru jilid 2 hmpir mndekati;;;;
Dwi fungsi abri;;;;
Urus ASABRI aja di korupsi.;;;;
"Bukan rahasia om
Saya wong bodoh nggak pendidikan mendambakan
Bagaimana hukum bisa ditegakkan
 kalau tentara  tidak hanya di barak bagaimana mungkin seperti China? presiden pun bisa digantung jika korupsi..
Seperti di Malaysia atau Singapura yang hanya sebesar saudara jg menjadi contoh yang baik bgmn tentara hy di barak";;;;
Rakyat bawah yg penting masarakat bawah makmur mau militer maupun non militer yg pimpin..;;;;
daripada bntuk koperasi MP... lbih baik dananya utk mbangun pertanian dg teknologi dan beri subsidi petani di pedesaan agar lapangan kerja bertambah dan ekonomi desa hidup...;;;;
Melibatkan tentara karena ceperan nya kurang,, masih jauh  banyak polisi ceperannya🤣🤣🤣🤣;;;;
Ganti sj nmnya koperasi kodim😂😂;;;;
"Banyak yg nilai bangunannya antara 800 sp 900 jt...
Pd hal hrsnya 1,2 M...sisanya kmn ??????";;;;
"Rebutan : harta,tahta,wanita.
Ekonomi hutang riba imf pasti hancur.
Riba,rentenir,pajak,palak dilaknat Allaah.";;;;
Dulu waktu pemilu mereka kades mengancam kami kalo gak milih prabowo akan dicoret bantuan utk kami, sekarang saya bilang utk aparat desa sukurin;;;;
"Tidak semua desa membangun koprasi merah putih.
Pertanyaanna, apakah desa yg belum bisa membangun koprasi tersebut, dana desanya sudah ada pemotongan dana desa tersebut?";;;;
Kompas ini kenapa....apa salah tentara....;;;;
Koprasi merah putih bagus dgn catatan di kelola secara elektronik dan di bawah kementerian koprasi,dananya di ambilkan dari 1 % apbn di seluruh kementrian,dan pegawai nya dari kementerian koperasi;;;;
Negeri ku,, kenapa dapat pemimpin sejak 2014 tidak pernah bener kerjanya;;;;
"Salut sama tempo yang selalu berani membuka 
Kebobrokan pemerintah 
👍";;;;
1,6 jadi 9 kdmp 😂😂;;;;
Koperasi merah putih hanya menguntungkan kelompok bukan untuk rakyat peraturan yg menyimpang progam yg membodohi rakyat;;;;
Itu uang KOPERASI MERAH PUTIH nya untuk apa ???, bukannya untuk membantu Desa ? 😢;;;;
"Pem.militeristik ala prabowk. 
Puyeng liat nya";;;;
Mulai merajalela..;;;;
Kalo kepala desa di libatkan 😂😂😂 banyak sekali keluarga kepala desa yg kaya. Masih bagus TNI;;;;
JANGANKAN URUS KOPRASI PEDESAAN;  URUS BISNIS-BISNIS PETERNAKAN SAPI  OLEH PARA VETERAN SAJA MANDEK/MACET DAN TERBENGKALAI.;;;
bagus sih ngelibatin army. mereka ga ada kerjaan jg;;;;
Kirain cm disini aj shinobi bangun koperasi, ternyata emang se-Konoha, tp yg ngerjain ada tukangnya, mungkin mereka yang pegang duitnya;;;;
Hancuur dah the power oknum rakus 😂😂;;;;
Kok jadi gini lagi ?;;;;
Makin hancur Indonesia... ijonisasi keknya... 🤮,pokok kroni2 kudu balik modal dulu keknya... kroni2 keluar duit banyak bgt buat naekin.... jd RI 1😁... berdoa banyak2 aja deh...;;;;
Ini pemerintah parah tentara kita gak dihormati Mlah disuruh ngurusi koperasi;;;;
Semua dikerjain kecuali kerjaannya sendiri. Padahal dunia sudah diambang perang dunia ketiga.;;;;
"TNI Dan POLRI sudah meleeati batas hak2 sipil..mereka teejun di Dunia usaha sipil.. inilah seperti jaman Orba.. saat negara dipimpin serta dijalankan secara garis komando 
MBG.. Mas Bowo Group usahAnya :
1. MBG Makan Bergizi Gratis
2. Koperasi Merah Putig 
3.  MBG Membuat Bisnis Genteng";;;;
militer multi fungsi,segera kirim ke gaza,biar di bantai sama hamas;;;;
Si anak emas wkwkw;;;;
KOPERASI MERAH PUTIH RASA KOPERASI TNI-POLRI (PRIOMKOPAD PROMPOPAL PRIMKOPAU PRIMKOPOL) 🤣🤣🤣;;;;
Maaf gak berani koment bang tempo. Mainnya datang kerumah. 😅;;;;
Ya Allah dzolim banget proyek-proyek ini;;;;
Dana desa sdh jd jaminan angsuran kdmp,  jd klo kdmp ndak ndak laba otomatis dana desa untuk angsuran. Pengurus kdmp ujug2 terbentuk warga desa mayoritas tdk paham dan tdk ada penjaringan ide usaha;;;;
Orba jilit 2;;;;
Cek jg keterlibatan militer di MBG;;;;
Kepala desa gak perlu takut dilibatkan , ntar yg korupsi militer yg di tangkep kepala desa nya kok 😅;;;;
Ohhh ......pantesan ada proyek bangunan koperasi di tempat q ada TNI ...... Setiap q lewat ada TNI ....... Tempo emang akurat .....;;;;
SPPG POLRI🔥🔥🔥🔥🔥🔥🔥🔥🔥🔥🔥🔥🔥🔥🔥🔥🔥;;;;
Tentara, Polisi, MBG sangat dimanjakan di periode ini;;;;
"Di korea : pertanian perkebunan di tangani bank nonghyup 
Perikanan di tangani bank shuyup 
Kenapa indonesia tidak menggunakan bank milik bumn seperti BRI dan BNI yang sudah menyebar seluruh daerah di indonesia... klo bikin baru pasti dananya lebih tinggi dan lahan basah untuk dikorupsi... begitu juga  dengan mbg disini dapurnya di setiap sekolahan...";;;;
Dana Desa langsung diPotong oleh pusat untuk membayar pinjaman kopdes ke himbara. Sangat disayangkan 6 tahun kedepan Desa desa di indonesia akan minim bahkan tidak ada pembangunan fisik maupun SDM, bayangkan desa sudah melakukan Musrenbang yang dimana dstu hadir masyarakat untuk memberikan usulannya  terkait prioritas pembangunan yang ada di Desa sprti jalan tani, drainase, jalan dusun, pelatihan peningkatan sdm masyarakat AKAN tetapi dengan adanya pemangkasan anggaran ini ke kopdes seluruh usulan itu harus hangus dan tidak dapat direalisasikan.;;;;
Awut awut an;;;;
Koperasi MP untuk si ijo, MBG untuk si cokelat;;;;
sudah cape loh kita di OMON OMON nin PRABOCOR...saat nya REVOLUSI..REVOLUSI..REVOLUSI..;;;;
Salah satu program sampah yg akan hilang setelah pilpres selanjut nya 🤣;;;;
Coba cek deh pembangunan bangunan koperasi desa merah putih di danau kemang bogor desa 😁;;;;
Contoh2 desa itu baru di Jawa kan. Belum di Indonesia timur dampaknya lebih parah lagi.;;;;
Parjo&preman mulai naik daun,parcok mulai gelisah;;;;
Hidup Negara Kesatuan Gerindra 😇😇😇;;;;
"Negara yg tujuannya mau cepat maju mk program utama pemerintah adalah :
1. Meningkatkan kualitas Pendidikan dr SD sd level universitas dgn biaya secara gratis bg rakyat tdk mampu 
2.. Menaikkan gaji guru & dosen
3.. Meningkatkan kualitas dan fasilitas kesehatan dgn biaya gratis bg rakyat tdk mampu
4. Penegakan & Keadilan hukum
5. Memperbanyak lapangan kerja 

Bukan malah spt MBG, Koperasi Merah putih dan Gentengisasi ataupun program2 lain yg mungkin saja toiletnisasi, perabotanisasi, kursi meja tamunisasi,  kompor masaknisasi bahkan program  tabung gasnisasi  yg sifatnya membantu masyarakat utk percepatan “alirisasi anggaran”  berlabel bantuanisasi dan efisiensi dgn pembagian yg jelas, cepat cair dan aman tentram “bagi sesama”… Pemilu 2029 pun lancar jaya";;;;
Duh.. Koktambah ra jelas kih 😢 2030 ambyar😅😢;;;;
menang benar, pembangunan dilakukan oleh koramil babinsa masing².;;;;
Pilpres 2029 gejolak kembali karna orba sdh di mulai;;;;
"Neo Orde Baru..
Semua ditekan dari atas...😢";;;;
Apapun itu sumber pendanaannya, bagaimana kontrol dan auditnya??? Lantas siapa yang mengelola KMP nya? Siapa saja anggota pemilik KMP? Apakah semua warga Desa?? gak jelas ini urusannya...;;;;
Conto.h Management dan System ( Flow Proses dari Indomaret );;;;
Koperasi cuman untuk kedok presiden padahal ada bisnis kroni2 presiden untuk menjual barang2 mereka;;;;
Polisi masuk ke makan gratis sekarang giliran TNI yang masuk ke koprasi, proyek lagi 😃;;;;
Kades juga banyak yang korup;;;;
Koperasi merah putih tujuan nya apa? Penasaran;;;;
akhirnya generasi muda zaman sekarang bisa juga merasakan era ORBA........bisa belajar sejarah dari pengalaman langsung 😅;;;;
nais info;;;;
Sampai hari ini masih belum ada solusi bagi desa yang tidak punya ketersediaan tanah untuk banguna KDMP,, sekiranya ada opsi untuk bisa dipilih, maka sekiranya bisa, ada baiknya Dana desa bisa juga diperuntukan untuk pembelian tanah terlebih dahulu, sehingga program ini tdk terkendala dalam pelaksanaanya.,, Opsi kedua, sekiranya mungkin ada pilihan penyesuaian lahan,,,,,jadi yang penting KDMP berjalan dulu,,,,ya contoh kecilnya kita meniru warung-warung madura,,,,,,,maka kalo sudah berjalan bisa disesuaikan denga kebijakan pemerintah agar KDMP ini bisa berjalan seragam seluruh indonesia.;;;;
Prabowo cukup 1 prode tentara ikut2 urusan sipil ngarang;;;;
Wartawan Tempo cb wawancara para supplier MBG...pasti dapat berita Jackpot keterlibatan para Tentara, Polisi, Kopdes Merah Putih & Keluarga Parpol;;;;
"Abis Joko terbitlah wowo enakan jamanku
Toh.";;;;
dana desa banyak juga dikorupsi bancakan ama aparat desa dan kroninya.. maju mundur kena sama aja;;;;
DENGER2...diborongkan cuma 800 juta per unit? Coba diinvestigasi ke kontraktornya.;;;;
Dana desa dipangkas 😮 jelas prabowo lebih percaya tni dan polri di bandingkan sipil, padahal anggaran dari apbn pajak, yaa yaa 😂 😂  miriss.. belum lagi hutang jalan terus,, ending ya rakyat yang bayar 😑 terang banget jadi orda baru;;;;
Ambulans desa tdk ada operasional.. warga harus bayar;;;;
Sejak kapan dana desa punya mereka (kepala desa). Itu dana desa kami. Kepala desa banyak korupsi dana desa. Bahas dong;;;;
Selama reformasi korupsi dilakukan sipil da bobrok ni negara mau bangkrut.. apalagikepala desa banyak bnget yg kena kasus korupsi...;;;;
Selamat datang ORDE BARU.... sangat cocok untuk IQ 78....;;;;
"Program pemerintah yg struktur organisasi udah jelas dari RT sampai presiden 
Kini betul2 jadi program partai Gerindra  mengandeng TNI polri 
Struktur pemerintahan cuman penonton dan tanda tangan 
Padahal program di biayai negara 
Dari dulu yg saya kuatirkn terjadi bila Prabowo naik jadi presiden pasti otoriter  seperti orba";;;;
Selama reformasi korupsi dilakukan sipil da bobrok ni negara mau bangkrut.. apalagikepala desa banyak bnget yg kena kasus korupsi...;;;;
😂😂😂😂😂 parjo;;;;
Target utama Parjo di 2029;;;;
pemerintah skrg malah amburadul...ga jelas programnya...;;;;
Sudah mantap pemerintah presiden prabowo 😊;;;;
...apapun keterlibatannya, it's all about money...apa yg tak diperebutkan dari proyek2 presiden antara parjo & parcok? mulai dari mbg s/d kopdes merput, namanya kopdes tp yg 'ngelola' tentara, belum lagi nanti parcok ikut2-an...sebisanya anggaran  'dihadang' di level elite dulu, setelah diutak-atik, baru sisanya dilempar ke bawah..proyek2 sekarang dilihat2 lebih parah dari ikn & whoosh...;;;;
Dana desa rakyat, bukan dana desa mereka (kepala desa).;;;;
Terimakasih TNI;;;;
"Itu penugasan oleh Prabowo 
Kontraktor jadi subkon doang dihargai 1 M per lokasi, entah berapa dari pemerintah
Selisihnya apa dumakan tentara sendiri dan Prabowo tidak paham apa apa";;;;
Karep dewek;;;;
Program hanya menguntungkan pendudung2 nya.. Rentan konflik kepentingan;;;;
Asumsi asumsi belaka;;;;
Mari sipil bergerak;;;;
2029 tanpa Prabowo;;;;
Kasihan bupati2 disalahkan jalan2 rusak pdhl real dananya di pangkas prabowo;;;;
Beli bahan bangunan juga dari daerah lain, yg di kelola sama babinsa.;;;;
Tentara yg saat ini bisa dipercaya Prabowo daripada polisi.🙏;;;;
MBG dipegang Polri, Kopdes dipegang TNI, berikutnya apalagi?;;;;
"Sipil dan Polisi.....sdh gak usah dipercaya....
Di pegang TNI saja....
Disiplin.....";;;;
wowo wiwi dari namanya aja udah 11 12;;;;
Kepala desa atau kelurahan mana ni di Lumajang yang mengeluh dana desanya dipotong?;;;;
Gak sadar² juga para kepala desa ini dikadalin jokowi dan dilanjut prabowo ..geblek emang;;;;
wooo  uwukkkkkk kuokkkk kuokkkk 😁🤪;;;;
Bentar lg nkri jd kerajaan ...jabatan penting dikuasai ponakan dan keluarga...ekonomi dan infrastruktur dikuasai parcok dan parjo..di kritik ..dr bacotnya keluar antek asing..dan ancaman..nnt ada paksaan warga jd anggota koperasi...negara edan...😢😢😢;;;;
analisa baik... Tapi tetap percaya kekuatan tetap di tangan rakyat...;;;;
Ayo pendukung 58% kalian memperbaiki program NY Wowo dengan sopan santun;;;;
pantes ada loreng di pembangunan koperasi nya, kirain gua ngapain foto-foto,;;;;
Program musiman...;;;;
Sudah salah arah pengelolaan negara ini.Harus di hentikan.;;;;
"saya rasa rakyat udah muak dengan sipil2 yg korup
dan rakyat tutup mata as long as itu program manfaat bagi mereka";;;;
"Pikir kan juga pengurus koperasi nya, udah lantang lintung kesana kemari tanpa gaji
Bahkan sudah banyak yg berhenti, mereka lebih mencari kerja yg pasti";;;;
Program gilakk, leader gilakkk;;;;
Besi WF diganti CNP. Bahayaa...;;;;
rakyat indonesia bingung dengan cara berfikirnya prabowo....;;;;
Dua periode kemaren Negara diserahkan sipil semakin g karu2an;;;;
Sdh idem dg orba. ABRI masuk desa😂😂😂;;;;
Mau masuk atau tidak bukan urusan kalian para koruptor yang bikin gaduh suasana, rakyat senang' aja, yang anti tentara berarti dia para maling semuanya;;;;
Praktek kapitalis terang terangan 😂;;;;
Mau di bawa kemana Negara ini;;;;
pemerintah hembuskan isu receh., alihkan perhatian ganti sistem demokrasi spy rakyat ga lagi punya hak memilih.;;;;
Kebijakan luarneger, kebijakan dalam negeri GAK JELAS.....PARAH! .... Sebelum Indonesia bubar mending disudahi saja rezim gak jelas.👺;;;;
Sdh umum dan bukan hal baru. TNI juga dari dulu punya koperasi. Salahkan sipil karena selama ini banyak yg tidak becus dalam urus koperasi. 80% koperasi cuma papan nama doang.;;;;
Bagaimana pertanggungjawaban perangkat desa atas pemakaian dana desa untuk pembangunan bangunan koperasi merah putih?;;;;
Kacau balau rezim ini selalu menyengsarakan rakyat.;;;;
Buat biaya fisik kantor koprasi desa paling tinggi 250 juta aja sdh sangat memadai, aneh juga bangun kantor koperasi desa mendekati satu miliyar ???? kacau bener klo gini;;;;
Utk honor kades dan prangkat itu idak ada sangkut pautnya dgn DD ( APBN ) tp dari ADD ( APBD ). Desa itu wilayah pemerintahan yg Otonom  mknya optimalkan pendapatan asli desa ( kan ada contoh desa2 yg pendapatan asli desanya miliaran ). utk pos yandu itu kynya ada anggaran dr apbn melalui kementrian kesehatan dibayar lewat puskesmas. Malu dong desa yg otonom gak mampu hidup mandiri ??? sdh terlanjur manja krn disuapin oleh pemerintah tingkat atas ??!;;;;
Koperasie pakai galvalum wo😜;;;;
Saya yakin setelah  di resmikan KDMP akan kukut....knp???karena program ini syarat dg kontradiksi dg program-program desa yg telah berjalan cukup lama😢;;;;
Akhirnya... program-program yang telah ditetapkan dalam musdes, musrembang.. banyak yang dicancel...;;;;
Kalau lihat film Dirtyvote 2 ada benar nya;;;;
Iya dana desa menurun penghasilan wartawan dari desa juga menurun 😁😄🤣 korupsi desapun menurun jadi penyanderaan kasus menurun 😄😁🤣;;;;
Bocor Alus keren,,,;;;;
"Tujuan koperasi merah putih itu gak beda dengan danantara,,,2029 akan di gunakan sebagai alat politik 
yang sangat dahsyat. Ambisi syawat nya untuk memiliki negeri ini sungguh......astaghfirullah..";;;;
"duplikat orde baru
semua oleh TNI";;;;
Pas bener DD itu dikurangi, sialnya gak signifikan manfaat buat Rakyat DD itu, malah terindikasi merosotnya moral oknum kades karena mengolah uang melimpah itu;;;;
Suatu hari akan ada jenderal yg masih punya nurani memimpin perlawanan terhadap kesewenangwenangan rezim;;;;
kewenangan desa berskala lokal sekarang ini sudah di rampas oleh pusat , visi misi kepala desa hanyalah janji2 yg tertuang dlm RPJDMdes ,, Musrenbangdes hanyalah seremonial utk mensosialisasikan program pusat yg tertuang dlm peraturan2 menteri ,, desa hanyalah mandatori pemerintah pusat;;;;
Sejak dulu kebodohan dipelihara pemerintah, agar circle elite mereka beranak cucu untuk memerah susu dr rakyat dan tanah airnya. Mereka adalah penjajah sesungguhnya, sadar lah wahai kalian rakyat yg bodoh ♥️;;;;
Gila.;;;;
Indonesia...nasibmu kini...,;;;;
Mgkn krn byk kepala desa yg korupsi dana desa..jd gak d libatkan...;;;;
Militerisasi...mulai diterapkan...;;;;
Mending untuk kmp daripada untuk desa.;;;;
58 persen kok diam semua;;;;
ayo cerdaskan bangsa ini lewat bocor alus.;;;;
"Ah ngomong nya terlalu bertele-tele 🤣, dasar bocor nya terlalu alus 😂, udah jelas lah kalian juga tau mengapa si gemoy melibatkan TNI AD dan polisi karena untuk menjaga posisinya di kursi kekuasaan 😂😂😂, TNI AD & polri itu yang menguasai mobilisasi & memegang senjata dan lebih parahnya lagi mereka harus dianak emaskan karena merasa paling kuat & berjasa meskipun sebenarnya generasi pejuang kemerdekaan yang sebenarnya sudah tidak ada lagi yang ada tinggal kelompok kelompok pensiunan korup mantan penjilat penguasa orde baru dan anak anak muda yang masih aktif karena merasa jadi gagah bila jadi tentara dan bisa berkuasa karena melihat contoh nya dijaman orba, sebagian lagi terpaksa jadi tentara untuk mendapatkan gaji & pekerjaan.
Tapi mental minta dihormati nya sudah sangat tertanam sejak orde baru, mangkanya siapa pun penguasa di Indonesia kalo mau aman harus menganak emaskan TNI AD dan polri, bahkan Soeharto aja bisa tumbang karena sudah  menggeser mitra bisnis nya dari TNI ke anak anak nya & kroni kroni nya sehingga dukungan dari TNI AD pun menghilang.
Hehehe.
Mantap bocor alus 👍 lanjutkan.";;;;
Bentar lagi bakal muncul Pgn, Partai Genteng Nasional...;;;;
Biar spt dulu saja ... Sebelum ada dana desa.. Biar dana gak dikorupsi;;;;
Jangan cuman kepala desa yg jd narasumber,coba tanyakan ke rakyat setuju gk kalau dana desa cumna jd bancakan kepala desa dan perangkatnya;;;;
ORBA betul gaya kepemimpinan si wowo;;;;
Apakah mengarah ke negara militer?;;;;
Ambisius penguasa untuk merealisasikn janj poltiknya sangat bar bar dan semerawut,. Pogram yg sesungghnya hanya membuang2 anggaran negara saja dn tdk bermanfaat bagi kmahslatan  bangsa. Palibg hancur sdah pemerintaah saat ini.....;;;;
Tentara & polisi seharusnya tidak dilibatkan di program sipil meskipun hanya sebagai pengawas.;;;;
Lapangan sepak bola..banyak yg terdampak krn dipakai tuk membangun KMP;;;;
Lapangan sepak bola..banyak yg terdampak krn dipakai tuk membangun KMP;;;;
Lapangan sepak bola..banyak yg terdampak krn dipakai tuk membangun KMP;;;;
pokoknya atur seambyar dan sebubar mungkin la ya ini;;;;
Salah pilih kita😢;;;;
PRABOWO LUCUUUU....MAU GENTENG ATAU SENG ITU TERGANTUNG DAERAHNYA...KALAU DI DIENG WONOSOBO DAN DATARAN TINGGI LAINNYA KL GENTENGISASI TIDAK TEPAT ...BEGITU JUGA BANGUNAN YANG DIPERUNTUKAN GUDANG;;;;
"minimallll ada kalimatt baru GENTENGISASII 🤣
dh klo baik jgnn setengah2 klo mo rusakk jgnn setengahh2 biarrr cpettt runyam skaliann";;;;
Semakin banyak yang terlibat dalam bisnis koperasi tsb, maka akan semakin buyar ekonomi rakyat karean ditangani oleh pihak yang salah dan tidak kompeten;;;;
Mendirikan koperasi menurut UU hrs oleh min 9 orang yg punya kepentingan yg sama. Tunggu sj endingnya;;;;
Menyesal kemudian hari dahh tak guna. Jogetinnb ajahhh;;;;
Junta militer versi indonesia.;;;;
Info dari tetangga saya yang jualan daging. Sekarang nggak bisa dagang daging lagi. Kenapa. ?? KARENA STOK DAGING HABIS BUAT PROGRAM MBG. Sudah MBG potong dana Pendidikan 20 % , eh ternyata membuat usaha orang lain jadi susah;;;;
Sdh jadi rahasia umum itu....Dwi fungsi ABRI muncul lagi....tanda reformasi gagal....;;;;
Menurut keyakinan saya... Ini ORDE BARU ERA MODEREN... TNI dan KEPOLISIAN DILIBATKAN DALAM SETIAP KEBIJAKAN PEMERINTAH...;;;;
Pemerintahan angka-angka. Kuantitas Yes. Kualitas No.;;;;
Padahal koperasi merah putih sendiri atapnya seng😂;;;;
Nyebelin bgt kerjanya mandori tukang, padahal ga ada urgensi;;;;
dana desa tidak dianggarkan utk membayar gaji kades dan perangkat desa min. gaji kades dkk dianggarkan melalui alokasi dana desa (add) yg bersumber dari APBD;;;;
KUPERASI;;;;
Tanah carik, habis dijadikan bangunan KMP! Pelaksananya? Korem....;;;;
dikasih mulyono kalian alergi, dikasih prabowo kalian ngeyel, bocor alus mau lo apa sih? apa kalian termul juga?;;;;
Kompas TV;;;;
Guru honorer bertahun gak jadi ASN,pegawai MBG bakal jadi ASN;;;;
Ini kondisi bangsa yang harus d lihat sacara serius. Militerisme bicara komando yg dlm sejarahnya banyak memakan korban.;;;;
Sukak suka mereka sajalah...apatis dan apriori mungkin jadi opsi terbaik masyarakat. Karena mau ada pemerintah atau tidak, toh rakyat kebanyakan sudah babak belur dengan beratnya hidup.;;;;
Targetnya jelas. Menang dalm pemilu berikutnya. Cara apa pun bakal dipakai. Dan biasanya dgn intimidasi dan pemilu curang yg melibatkan aparat.;;;;
untuk totaliteran;;;;
Cuma TEMPO kurang menukik dan substantif hny ngangkat peran tentara.  Padahal trkait 'pemotongan' mayoritas anggaran dana desa hny unt KDMP ini jauh lbih kcelakaan sistemik dlm sejarah penerapan UU Desa. Ide dasar  UU Desa bhwa eranya desa membangun indonesia dibalikkan kembali mjd indonesia membangun desa;;;;
Waktu pilpres kades dilibatkan utk cari suara, setelah menjabat kades tdk dilibatkan dlm kebijakan, anggaran pun dipotong. Pd nyesel gak tuh para kades;;;;
Dana desa turun bertahun tahun hasilnya tidak ada perubahan didesa.banyak kasus gizi kurang,gizi buruk dan sunting.jalan desa rusak dimana mana;;;;
Klo di kasih kr sipil semua ciriny lemot hasilny .. bs2 10 thn bru beres ..;;;;
tv tempo apa tempo tv?;;;;
Selamat datang Orde Baru versi Lite...;;;;
TNI POLRI sdh dapat gaji , jika mereka mengurus KOPERASI MERAH PUTIH artinya juga dapat upah/ gaji , gajinya dobel sedangkan warga sipil walau punya kompetensi tentang ekonomi , perkoperasian tidak dapat pekerjaan , ini menambah pengangguran  lebih banyak lagi.;;;;
Untuk menekan korupsi kades.;;;;
Kok kopdes gapakai genteng?;;;;
"1. Seyognya jk KDMP program unggulan bpk Prabowo, tidak tepat mnggunakan dana desa yg mrupakan hak desa.
2. Makin jauh dr cita2 lahirnya UU Desa yg brtjuan pengakuan hak desa dan kemandirian desa  ktika  tjd lg resentralistik, program di direct pusat lg.
Smoga Tempo bsa mjd corong desa yg saat ini tdk max mmbangun desa dg hny 300jt an dana desa";;;;
Sangat bagus TNI ikut andil....perangkat banyak kebocoran;;;;
Polisi udah kenyang dapat SPPG;;;;
coba cantumkan kades2 mana yg mengeluh, jangan hanya opini utk tujuan negatif;;;;
Manula jadi pemimpin,ya beginilah jadinya.. banyak halu banyak mimpi dan banyak lagi hal2 yg membagongkan dan membikin miris. Salam waras;;;;
Ambisi populis yg tdk terukur jadi mengorbankan segmen lain;;;;
Setelah PARCOK terbitlah PARJO...😂😂😂;;;;
Di desa saya proyeknya mangkrak , bayaran buat kuli telat . .;;;;
Pada akhirnya sepercik api menepalknanwowo;;;;
Bagi2 kavling, mbg oleh parcok, kmp oleh pardjo.;;;;
Program akan semakin baik kalo seandainya memahami kondisi lapangan... Ini masalahnya;;;;
Jujur koperasi merah putih berat untuk maju di berbagai desa, banyak masyarakat yg masih blm bisa memahami koperasi ini,sdh banyak berdiri koerasi di berbagai desa,namun kenyataan di lapangan.GAGAL.dan pengurus kabur,;;;;
Tujuan koperasi nya buat apa ya?;;;;
Kelihatan jelas pembangunan Kopdes Merah Putih pas di depan koramil😂;;;;
"Iya bener, saya kontraktor, pagu 1,6M turun jadi 600 juta, akibatnya ya material dikurangi abis2an bahkan rangka dan kualitas atap diturunkan sampe kelas paling rendah, luar bata ringan, dalam cuma partisi triplek, catnya apa aja yg penting SNI (tentara gak paham spek taunya yg penting SNI 😂) dan itu mengandung timbal.

Kembali ke masalah anggaran, dari 1,6 itu dipotong pajak 11%, disunat oleh yg menurut keyakinan saya oknum ""komandan"" sekitar 200juta per unit, dan biasanya yg menang tender itu perusahaan y deket dengan ""oknum"" itu, nanti sama yg menang dijual ke sub kontraktor sampai harga 600juta,wkwkwwk

Bayangkan saja angka 1,6 turun sampai 600juta. Ini proyek terburuk dan tervulgar pemandangan korupsinya, dari agrinas ke oknum, kontraktor yg selingkuh dengan oknum sampai makelar lapangan semua secara jamaah main sunat.

Andaikan pagu 1,6 M itu murni untuk bangun koperasi sumpah demi Allah kalian akan dapat bangunan yg bagus secara spek dan estetika. Intinya adalah kalian hidup di Indonesia, semua proyek yang kalian lihat bisa jadi 2-3x lebih bagus seandainya semua itu amanah. Hahaha gini ya nasib jadi WNI 😂";;;;
"Sebagai warga desa saya menginformasikan yg terjadi di wilayah kami. 
Dana desa yg di gunakan membangun infrastruktur KDMP lebih real daripada dana desa yg di kelola kepala desa, karena kebanyakan kepala desa di wilayah kami tidak kredibel dan tidak cakap";;;;
Bubar2 negara ini, wowo paling ikhlas;;;;
dzalim kali :<;;;;
Kazau kazau;;;;
Pemerintahan tidak ada lagi pejabat..yang ada PENJAHAT;;;;
Program asal2an diluncurkan tp gak dipantau piye to wo ngerti ora😅;;;;
"Polisi mbg
Tni kdmp
Wkwk luarbiasa negara lawak";;;;
Lawan kkb masih belum menang ❤;;;;
Dikampung saya pembangunan gedung koperasi merah putih pengawasnya banbinsa kan aneh;;;;
Temen gw bandar genteng di majalengka sepertinya bakal Kaya mendadak nih dengan adanya gentengnisasi Prabowo 😂;;;;
"Pembangunan nya anggaran 1M ..pdahal pembangunan  kdmp asal""an....kebanyakan yg dikorupsi berarti anggaran nya..gk si coklat.gk si ijo sama aja..";;;;
GIMANA YAA...PRESIDENNYA BEKAS TENTARA. JADINYA DIA DIKIT DIKIT DEMEN MAIN TENTARA TENTARAAN. URUS SIPIL AGAK BINGUNG. DIA JAGO KALO URUS BATALYON. YANG PENTING UDAH KESAMPAIAN JADI PRESIDEN. URUSAN MAU BAGUS ATAU NGGA. DI TERIMA ATAU NGGA, YAA URUSAN LOO DAH. kira kira seperti itu analisa nya 😂😂;;;;
Sekarang polri MaLah ikut ngurusin pangan nasional... 😁😁;;;;
Ngeri banget negri ini;;;;
"Kemaren di era jkw, parcok yg dpt jatah bnyak proyek², anggaran, jbt dll 
Kini di era owo giliran parjo yg dpt jatah & parcok hrs rela berbagi bhkan jatahnya dikurangi😁

Penguasa kerap memberi ""makan"" para pndukung & penyokong kekuasaan politiknya dr duit negara atau apbn dg akal²an seolah itu program atau proyek buat rakyat pdhl kerap hnya kedok aj krn kbnyakan program & proyek tsb terkesan asal²an hnya skedar menutupi modus mrk merampok apbn

Lht aja bbg program & proyek dmn yg terlibat kerap adl para pjbt pengpeng, kroni & pndukungnya
Sdngkan rakyat kerap cm kebagian ampasnya😝

Sbg contoh
Coba tengok siapa sj yg terlibat dlm proyek ikn, kcic, psn dll pd era jkw
Kini di era owo program & proyek spt mbg, kmp, dll kerap yg terlibat & dpt jatah adl kubu mrk sndiri";;;;
Makin lama makin eneg denger podcas ini ... segaja cari cari kesalaham pemerintahh ...;;;;
MEMALUKAN;;;;
Ini adalah salah satu media provokator anteknya, Aseng manusia otak' iblis otak dajal sorus. Dan ini adalah salah satu media provokator anteknya, Koruptor teriak Koruptor anteknya, maling teriak maling dan ini adalah salah satu media provokator gerombolan manusia otak' iblis otak dajal menyesatkan tak berguna bagi rakyat Indonesia.;;;;
Borong semua .... 😂;;;;
dulu banyak kades yg mendukung paslon 2 jg kan,;;;;
yang lebih boom lagi si kocak ini maunya gedung koperasi ini harus baru;;;;
Gaji perangkat desa bukan dari dana desa tapi melalui ADD yg bersumber dari APBD daerah, sedikit keliru ini penjelasannya kawan2. Mestinya cari tau dulu secara pasti;;;;
Dana Desa tidak sampai 1 milyar;;;;
Ada yg keliru skema pembiayaan kopdes yg di jelaskan oleh kawan2 tempo,;;;;
"Belum lengkap pembahasannya. 
G membahas tentang kontraktor pembangunan gedung nya yg terpusat ke salah satu kontraktor. Jadi desa  g bs membangun gedung nya sendiri. 
Bentuk bangunan yg seragam.  Bahan bahan nya yang hadew. Merk semen nya saja aneh.  Dan yang paling aneh gedung nya g pake genteng.. 😂😂😂😂😂 pake gavalum";;;;
Koperasi utk pemilu 2029 dan utk partai..😂😂😂;;;;
"Sesungguhnya yg diinginkan oleh UUD'45 itu BUKAN KOPERASI sbg badan usaha, tetapi adlh SYSTEM, dimana

dalam SYSTEM KOPERASI itu, a.l: tiap2 orang yg menerima penghasilan dari Perusahaan apapun saja itu, a.l: wajib bekerja 8 jam/perhari dg upah yg sama, tetapi penghasilannya berbeda krn ada tunjangan keahlian atau jabatan, sehingga 

sebanyak apapun uang yg dimilikinya itu dirinya maximal hanya bisa bekerja di 2 (dua) perusahaan, krn sehari itu = 24 jam
Ma'af jika saya salah. Rahayu....Rahayu.....Rahayu";;;;
Keterlibatan tentara ada di vaksin covid. Ada di bencana sumatera nopember 2025. Salam hormat utk tni.;;;;
Pantas pengangguran kian meninggkat, yh uda ada kerja di beri pekerjaan baru;;;;
Banyak emang saya juga heran 😅;;;;
Ada rumor bahwa siapapun seseorang yang mengkritik program pemerintah, misal MBG, dibungkam. Update status kritikan lewat status WA, beberapa waktu kemudian akan ada telp dr seseorang untuk menghapus status WA nya. Bener nggak sih? Apakah ketika KMP sudah berdiri akan seperti itu juga?;;;;
"- rangkap jabatan POLRI dan TNI
- bansos dan dana desa dibagi2 untuk aparat desa dan kerabat2nya
- MBG dan koperasi jadi bisnis dan lapangan kerja bagi aparat dan kerabat2nya
BANGUN KAWAN, SADAR, PAJAK DAN KEKAYAAN NEGARA KITA SEDANG DIRAMPOK PEJABAT SECARA TERANG-TERANGAN!!!";;;;
presiden urus genting brooo.... mang gk bisa mikir yg lebih penting;;;;
Cuan cuan;;;;
Ga guna semua program prabowo...nunggu perang dunia ke-3;;;;
Memang Hancur Negara kalau di tangan Militer.. Siap2 kembali rezim Orde Baru.. Itu yg banyak di ragukan oleh banyak pihak jika Prabowo- jadi Presiden;;;;
"Kades tdk maksimal/puas dapat jatah ""kue"" betul..
..
Tapi kalo tdk dapat sama sekali 'ga juga..sebagian Kades jdi suplyer material pembangunan fisik...Cek lagi..";;;;
"Polisi dapat jatah MBG
Tentara dpt jatah koperasi...lengkap sudah nasib rakyat jelata cuma jd kacung dan babu apalagi guru guru cuma dpt remah remah kue kemenangan 02...okegas..okegas...jogetin ajah...😅";;;;
Koperasi desa hijau;;;;
MANGKANYA DI PROYEK PEMBANGUNAN KOPERASI MERAH PUTIH DI SESAKU SELALU DI JAGA PAK TENTARA ... TERNYATA EH TERNYATA ...  KRDIRI GUYS ...;;;;
Sdh dri awal keluhatan klo otoriter..;;;;
Betul betul betul;;;;
Ini namanya penghijauan.. penghijauan di segala bidang;;;;
Material bangunan ambilnya ke koramil2;;;;
"Dulu jaman Soeharto semua bupati seluruh Indonesia harus dari TNI.
Sekarang jaman Prabowo setiap koperasi merah putih di kelola oleh TNI.
Nah ini sudah terbaca dan rakyat semua juga sudah tahu.";;;;
Gw dlu pilih prabowo krn pikir ga mgkn korupsi dan kolusi krn udh tua dan ga ada penerus yg kuat, tenyata antek2nya yg korupsi, dia cuma jd boneka ga paham kondisi bawah,,nyesel pilih prabowo, mending calon lain;;;;
Beribu cara utk memperkaya para kolega demi 2029;;;;
Bobrok bener jamannya prabowo ini, kolusi dan korupsi terang2an, ga mbg ga koperasi kocak;;;;
Berarti ada anggaran tambahan buat Handphone Para Babinsa dong bang..😊😊😊;;;;
Orde Baru dengan Wajah  Baru. Sama ajaaa..😂😂;;;;
"Tni pengacau lagi...
 😂😂😂";;;;
Di pemerintahan yang sekarang, harus sering sering istighfar, mbah wowo tolonglah mbah, pun sepuh mbok empun!!!;;;;
"Tentara masuk ke bisnis?!, udah dari dlu.
Modus sebagai perantara utk beli barang tambang (dapet fee karena pembelian masuk melalui koperasi mereka), dapat fee lagi dari pinjam bendera utk berbagai keperluan pendukung tambang, dapat fee lg dari jasa keamanan bermodus outsourcing.
Makanya pamen dan pati mereka “subur”, udah gitu ditambah modus lama beli aset tanah/bangunan undervalued, dan dilaporkan di LHPKN, setelah beberapa tahun dijual dengan harga wajar (selisihnya untuk ngamanin uang panas yg masuk ke kantong mereka)";;;;
"Tujuan akhirnya : rakyat mau makan harus antri di SPPG, rakyat mau beli barang dan bahan harus di KMP, rakyat mau dilayani sbg warga negara harus ikut parpol tertentu. Selain itu dianggap sbg ""renegade""!";;;;
"Memang kemampuannya mentok tok tok level genteng
Kita kerja taget A, tercapai
Langsung di push target B
Target B tercapai
Di push target selanjutnya dst";;;;
kapan kita berperang dengan australia, malaysia atau dengan papua nugini sekalian. Biar para petinggi TNI kita memikirkan pertahanan negara bukan MBG atau KMP.;;;;
Jadi ragu klau INDONESIA emas 2045 anggaran desa aja di kurangin dipotong segala macam;;;;
Coba di suruh audit BPK 😂😂😂😂…. Anggaran 1,6 kok turunnya 700 juta ke kontraktor 😂😂😂😂;;;;
Prabowo lama lama mau jadi otoriter kah?;;;;
OM PRAM KEMANA MAS MBAK KOK NGGAK PERNAH NONGOL....?;;;;
Bnyak lapangan sepak bola yg di korbankan buat di jadikan bangunan koperasi, bukannya di bagusin, malah di hilangkan.Regulasinya blm ad solusi buat desa yg g punya lahan.;;;;
Di desaku, tukang bangunan diambil dari luar, umkm lokal tidak diberdayakan, harga-harga bahan bangunan dipermainkan, harga-harga sewa alat berat dipermainkan oleh babinsa desa setempat (Provinsi Riau, Kabupaten Kuantan Singingi, Kecamatan Singingi Hilir);;;;
Set back, Memang karakter militeristik nya tak terbendung..;;;;
Mantab gerindra sudah 2 investasi atau alat politik merah putih dan mbg di tambah lembaga negara;;;;
Desa harus wajib menyiapkan lahan.. Kadang harus menyiapkan lahan dengan menguruk dulu biaya sampai ratusan juta. Biaya di tanggung desa;;;;
HASIL TAK TERASA SECARA INSTAN. UDAH BERAPA LAMA DD DI KUCURKAN APAKAH TERLIHAT KINERJA KEPALA DESA DAN PERANGKATNYA HANYA BBBERAPA SAJA YG JUJUR BUAT DESANYA......DESA NOLAK KARENA ANGGARAN BUAT KANTONG DAN KRONI BERKURANG, KDMP TUJUAN BAIK TAPI DIGORENG, DALAM PEMBANGUNAN KDMP BANYAK YANG MENGHAMBAT KENAPA TENTARA HARUS HADIR , TENTARA HADIR SAJA MEREKA KELIMPUNGAN KRN ADA YG TAK MAU DISENGGOL GEGARA KDMP;;;;
Izin menyanggah rikang soal keterlibatan desa yang terjadi di lapangan pengurus kopdes memang penentunya kepala desa dan perangkat namun untuk bangunan fisik betul itu tentara yang menangani dan desa tidak tau menahu;;;;
Berarti bukan di wilayah kami saja TNI bikin proyek kopdes,,,, perlahan kita perhatikan memang rezim sekarang ini mau menuju ke orde baru,,,, kemarin dia suruh bikin laporan kalau ada orang atau warga yang menghina menu MBG,,,,;;;;
"Mbg polisi?
Koprasi TNI?
2029?";;;;
"No 7......Parcok
No 8......Parjo
No 9......???? Kapan yg pro wong cilik";;;;
Citi2 negara otoriter akan menghanburkan negara....sudah menjadi hukum alam. Otoriter pasti hancur, apalagi tentara masuk kehidupan sipil, tambah hancur.;;;;
Ya masuk akal pendapat benix investor, data lebih jelas;;;;
"TNI mungkin sudah LUPA, menganggap KUNO  atau GAGAL PAHAM atas Filosofi Dasar Doktrin (Jaman Baheula)  ""BERJUANG BERSAMA RAKYAT"" ...Oh Dear.... 😭";;;;
Inilah akibatnya pilih presiden produk orba kental militerisme;;;;
"Yang 1 matcha
Yamg 1 coklat...
Diabet deh...";;;;
Hehehe, kan uda dr awal gw kasih tau, ati2 para kades, KMP ini bkal menyaingi pengaruh kades, malah mgkn kdeoan ktua koperasi d desa jauh lebih berpengaruh dr kades kdepan, ini agenda politik d balut ekonomi;;;;
Mungkin keterlibatan tentara dalam koperasi merah putih dalam rangka Latihan... positive thinking aja... terkait latihan nya apa, silahkan berpendapat...;;;;
50 trilyun dari desa, buat rebutan padahal pendapatan negara 5000 t 😅😅;;;;
dana desa dipotong untuk koperasi, yg untung kepala desa atau tentara?;;;;
Denger denger bisik tetangga potongan pembangunan fisik gedung koperasi potongan nya gede. Gede banget... Dari anggaran 1,6M, yang dikerjakan pelaksana hanya  900. Apa benar seperti itu wallahu a'lam bissawaab.;;;;
Makanya Papua gk tuntas2 di selesaikan,gimna mau sanggup menumpas OPM yg sudah profesional semntara tentaranya pun nanam jagung,nanam ubi,ngurusin MBG,ngurusin koperasi,bentar lagi ngurusin genteng blm lagi bisnis2 yg lain,parah sudah negara ini,;;;;
Pemerintahan balas budi;;;;
Anbu Kok Jualan Ramen;;;;
"Desa sama sekali tidak di libatkan dalam pembangunan.. 

Hanya suruh bengkok nya untuk di jadikan koperasi, 
Sungguh miris sekali kebijakannya";;;;
Masalah rakyat gak di selesai kn  tapi buat peraturan yg membuat Masalah bagi rakyat Indonesia 🇮🇩;;;;
Rakyat Indonesia 🇮🇩 ❤️ dapat apa 😊;;;;
"Wkwkwkw kepala desa ngeluh.

Bukannya kalian juga yang bikin si Bowo naik jadi presiden? Karena dijanjiin jabatan 9 tahun + 3 periode ya?";;;;
byk sarjana sulit dpt kerja, yg dah jd aparat doble akting, Bancakan antar mereka adl penyebab derita rkyt;;;;
Kakak Tempo ga mau bahas 11 Juta BPJS PBI-JK yg di nonaktifkan kah 😊;;;;
Tercipta celah korupsi baru, bagi hasil proyek dibalik layar;;;;
Kalau gak ada gerakan menumbangkan rezim spt thn 98 ya bakal tambah parah sih;;;;
Dana desa dipangkas cepak buat koperasi merah putih😊;;;;
Prabowo cuman nyusahin rakyat doang...mensejahterahkan pejabat, aparat Dan oligarki.;;;;
Makzulkan Wowo - Samsul;;;;
Target minimal “mereka” adalah berdirinya +~ 80.000 Gedung KDMP yg nilainya sekitar 1,5 M/ unit. Gedung ini kalau dikerjakan dgn lebih efisien + pajaknya bisa selesai dgn dana cukup 900 jt jadi ada potensi markup 600 jt/ unit. Coba kalikan aja potensi cuan “mereka” 80.000 unit x 600 jt = …,,,,?;;;;
ABRI masuk desa lagi;;;;
KUD dulu diseeahkan ke sipil nyatanya gagal total.. serba Salah .;;;;
Semoga tdk meniru gaya pemerintahan militeristik   KorUt;;;;
Pembagunan itu butuh fisik pertanyaan tanahnya beli sewa atau bagai mana;;;;
laknatulloh pemerintah tdk amanah dg rkyt, malah Bancakan dillingkarnya;;;;
Ungkap lg polisi masuk MBG;;;;
Hanya satu kata TUKUL 😂😂😂;;;;
Hampir 700jt dana yg di sunat untuk pembangunan koperasi merah putih, bisa di cek langsung ke lokasi di Lampung..;;;;
Indonesia sdh terlalu akut butuh pemerintahan otoriter yang berpihak pada kepentingan bangsa;;;;
Kirain kebijakannya untuk 2045. Ternyata.. hanya... ahhh sudahlah.;;;;
Menurut saya lebih baik perangkat desa tidak dilibatkan.. karena pengalam saya pribadi.. kalau adau proyek2 di desa dan yang mengendalikan adalah kepala desa. Sebagian besaar proyek itu tidak maksimal dan pegawai atau petugas2 proyek sebagian besar adalah lingkup dari kepala desa itu sendiri;;;;
"Di Bali pengurus Koperasi nya hampir semua PDIP.. 🤷🏻‍♂️

Di Jawa Timur pengurus Koperasi nya dominan PKB.. 🤷🏻‍♂️

Di Sulawesi Tengah pengurus Koperasi nya dominan Demokrat.. 🤷🏻‍♂️

Di Bengkulu pengurus Koperasi nya dominan PAN.. 🤷🏻‍♂️

Di NTT pengurus Koperasi nya dominan Golkar.. 🤷🏻‍♂️

Di Sumbar pengurus Koperasi nya dominan PKS.. 🤷🏻‍♂️

Di Papua Barat pengurus Koperasi nya dominan Nasdem.. 🤷🏻‍♂️

Di Kalimantan Utara pengurus Koperasi nya dominan Gerindra.. 🤷🏻‍♂️


Semua tergantung Gubernur nya partai apa, kebayakan tokoh masyarakat daerah cederung ikut ke situ.. 🤷🏻‍♂️";;;;
Bagus 1jt%;;;;
Satu lg proyek top down yg pasti gagal;;;;
koperasi desa itu rata2 tidak memiliki ijin dan dibangun di atas lahan sawah dilindungi.;;;;
😁😁😁;;;;
Korupsi,nepotisme,,kolusi gaya Prabowo+ intimidasi yg kritik;;;;
Benar bahwa TNI dan Polri tidak boleh masuk ke ranah Sipil . Namun perlu dikoreksi juga parpol sebagai cerminan Sipil tidak bisa memposisikan secara benar . Bahkan elit parpol terindikasi kolusi dgn elit mereka juga. Rakyat yg mjd korban.. 😭;;;;
"Setelah tayangan ini, adakah orasi "" MEDIA ANTEK ASING "", 
😂😂😂
Maju terus Tempo...";;;;
"URUSAN PERANG   ❌

URUSAN MBG DAN KOPERASI  ✅

kwkwkkkkkkkkkkkkkkkk.........................";;;;
"Tidak mudah kalau hal hal yg d paksakan.

Dan, pendirian Koperasi Desa tsb, tergantung kepentingan atau kebutuhan masing-masing Desa, Koperasi dalam bentuk Apa yg d usahakan, jadi tidak bisa sama kebutuhan masing-masing Desa tersebut. 

Dan, juga tidak bisa cepat atau d percepat, utk pendirian nya, jadi tergantung kebutuhan Desa YBS. 

Jadi hrs d dorong Dan tidak bisa mengharapkan Kades Dan aparatnya. 

Harus masyarakat Desa setempat utk mendirikan Dan mengelola Koperasi tersebut. 

Jgn sampai ke Depan merusak Pemerintah Pusat, atau curiga akan menjadi alat Pilptes 2029....nah ini repot bila di paksakan berdiri Dan Tidak Berhasil, jatuhlah Prabowo d Tahun 2029.";;;;
Koperasi Merah Putih akan gagal dan lambung korupsi. Koperasi Merah Putih hanya alat politik Prabowo. Indonesia semakin jauh dari negara demokrasi.;;;;
tendensi parjo akan dipakai sebagai alat politik jelang 2029, setelah parcok sudah terbukti efektif.;;;;
Ngeriiii;;;;
Lebih baik tentara drpd orang desa atau lurah yg selama ini korup dan inkompeten.;;;;
"Selama militer bisa bekerja dgn baik dan tidak korupsi , lanjut terus
Mana mau orang sipil bekerja di pelokso pedesaan mereka membantah menolak, hanya ingin kerja di perkotaan, minta gaji gede, 
Apalagi Gubenur dan Bupati daerah hanya tunduk patuh sama ketua umum partai.

Silahkan TEMPO❤❤❤ mengkoreksi peran serta  MILITER di daerah pelosok hutan pedesaan❤❤❤😂";;;;
Di Daerahku MBG Dan KDKMP TNI Dan Komcad;;;;
Makin tua makin absurd aja ni kakek 😂;;;;
baguslah ..TNI Paling di depan ..sejak refprmasi setelah 1198 sipil sudah dikasih rkesempatan aap hasil nya Hancuuuur ,,lebih hancurrrrrrrr;;;;
Kewenangan Dinas Koprasi Melemah,;;;;
Yg penting bukan dikelola polisi;;;;
Berevolusi kebelakang menjadi feudalisme nyata;;;;
Saya kliru milih;;;;
Lah ruko2 kosong tiba2 jadi Koperasi merah putih ya ada😂;;;;
"Negara diurus secara sembrono
Ampun dj";;;;
"Kembali lagi. 
Jika president model begini terpilih kembali alangkah bodohnya bangsa kita. Gunakan akal sehat";;;;
Mberuhh, intine jika ada penyelewengan angaran pembangunan apakah kpk mampu menindak 😂😂😂;;;;
Ini efek percepatan ekonomi 1 komando.;;;;
Semoga dengan pembahasan di bocor alus tempo, program kdmp bisa dievalusi, yang jelas pelaksanaan di bawah sangat semrawut;;;;
Saya tidak yakin akan tercapai target. Kecuali cuma berdasarkan survey 🤔. Ini belum segi  kalau ada potensi terjadinya korupsi 🤔;;;;
yes;;;;
"Siapa saja yang terlibat program OMON OMON ini, anda terlibat dalam pengancuran sebuah negara
1. MBG
2. Koperasi Merah Putih
3. 3 juta rumah
4. Gentengisasi";;;;
Bancakan mkn gratisan ke parcok, kopdwes ke parjo, setelah disyahkan UU yg menaungi keduanya;;;;
Bancakan mkn gratisan ke parcok, kopdwes ke parjo, setelah disyahkan UU yg menaungi keduanya;;;;
PROTES DIKIT LANGSUNG ILANG !;;;;
"Koperasi adalah badan usaha ekonomi yang tidak sehat.
Sebab menejemen koperasi tidak sehat.
Sebab koperasi di rancang sendiri, diusahakan/dikelola sendiri dan diawasi sendiri(oleh Pengurus)
Mana mungkin bisa fair.
Sehingga sangat dimungkinkan serba rekayasa, tidak jujur dan tidak terbuka dan rawan korupsi dan penyimpangan.
Selama ini koperasi hanya formalitas badan usahanya ada tapi realisasi kegiatannya kembang kempis, hidup segan mati tak mau.
Mau bubar tidak boleh, tetap  berdiri tidak ada kegiatannya.";;;;
Siapapun Presidennya pasti dikritik sama rakyatnya, itulah INDONESIA;;;;
"Dana desa cair full 1 M selama ini, apa desa - desa di Indonesia infrastruktur nya jadi baik semua ? 
Nyatanya tidak ada perubahan signifikan di Desa-desa kan ?
😅";;;;
diduga, selama ini dana desa, dikorupsi, oleh oknum kades;;;;
Melihat mental, tabiat korup para Kades, shg terjadi pemerataan koruptor Kades yg berpesta pora dengan korupsi Dana Desa. Jadi dengan terpaksa ane sependapat TNI n Polri dilibatkan diprogram ini. Salam prihatin;;;;
Tau kan sekarang, kenapa ada pilot bisa tewas dibunuh KKB dan Papua belum aman? Ya karena Polisi mengurusi MBG, tentara mengurusi KMP.;;;;
Apakah ada jaminan dengan adanya tentara masuk ke sipil tidak ada korup?;;;;
TNI masuk SPPG + Koperasi 😅;;;;
Intinya rakyat dikasih makan kenyang dan sehat, tapi tergantung sehingga akan butuh terus. Pintar untuk mandiri berkurang, jadi yg teriak dan protest berkurang😂;;;;
"Bagus lah... akhirnya ada yg mengangkat masalah KDMP. Terutama keterlibatan instansi itu secara langsung di lapangan.

Tapi ada hal yg belum diangkat dalam video tersebut, yaitu :
1. Penyediaan lahan untuk fisik bangunannya kerap menggunakan tanah kas desa, bahkan lapangan olahraga milik desa juga dipakai.
2. Dengan pola² yg diterapkan di KDMP dan juga di MBG, bagaimana dg peran BPK yg harusnya mengawal juga. Karena potensi penyelewengan dana dan penyalahgunaan aset dsb sangat besar.

Btw... saya ditawari Khodim untuk membangun fisik KDMP, nilainya 900 Jt.
Langsung saya tolak...😁
Dari hitungan kasar saja bisa menelan 1,2-1,3M/unit kok. Apalagi anggaran dari Pemerintah 1,6M.";;;;
"Tambahan informasi :
Ada 2 sumber dana untuk desa :
1. Alokasi Dana Desa (ADD) yg berasal Kabupaten. Sebagian besar digunakan untuk biaya operasional. 
2. Dana Desa (DD) berasal dari Pemerintah Pusat. Dana ini tdk dipakai untuk biaya operasional. Penggunaan dana ini diatur oleh Menteri Desa. 
Mengenai Koperasi Merah Putih, ada harapan baru untuk mengangkat perekonomian rakyat di Desa. Kita lihatlah perkembangannya. Kita berprasangka baik saja. Seandainya nanti disalah gunakan. Baru kita protes.";;;;
Koperasi merah putih merugikan masyarakat miskin di Papua.;;;;
Tentara dan polisi dikasih bisnis semua, kira kira bisa netral ga mereka nanti pas pemilu? Bayangkan😢;;;;
Tentara Jeep...GP....General Purpose.;;;;
Kalau memang cocok apa yang dilakukan pak Prabowo terhadap pemerintahannya gak ada yang salah, artinya pak Prabowo pede banget pakai tentara dalam melakukan misinya menyehatkan anak bangsa;;;;
Halaah bacoot , kalo ga tau lapangan diem, gag usah giring opini aneh2;;;;
pemerintahan yang lalim;;;;
Awal kampanye perasaan ga ada pembahasan MBG, kopdes, danantara, apa hanya sy yg lupa??;;;;
"kan supaya ADIL gantian dong, kemarin"" waktu pemimpinnya si mulyana (sunda). kan porsi nya banyak di kasih sama golongan LADUSING. sekang gantian......";;;;
Bukannya koperasi udah dibangun budi ari ribuan unit kemaren?;;;;
"INTINYA, 
MBG MENGAMBIL SEBAGIAN ANGGARAN PENDIDIKAN
KDMP MENGAMBIL SEBAGIAN BESAR DANA DESA

EDAN!";;;;
Di lapangan bukan TNI yg melaksanakan, tp di mandor borongkan;;;;
maaf, tp kepala desa gue kalo sangat terlibat pasti orang2nya doang;;;;
Kapan nih gerakan rakyat bersatu,sebelum semua terlambat;;;;
Di zaman sekarang setiap ada kesempatan jadi pejabat tidak berfikir memajukan bangsa tapi bagaimana caranya bisa ber, korupsi;;;;
Kelihatannya demokrasi, suasananya sudah seperti di Myanmar 😢;;;;
"Anggaran yg di terima pemborong rekanan TNI untuk membangun fisik hanya 900 - 800 JT padahal pagi anggarannya 1,5 M Sisa uangnya kmn ???
Kalau semua TNI yg bekerja jd swasta kerjanya apa ??";;;;
Saya setuju TNI terlibat dalam pembangunan desa...karena kepala desa dan perangkatnya sumber korupsi....fakta;;;;
Bilang aja sipil mau ambil alih biar bisa korupsi;;;;
Proyek jarahan APBN berlanjut, jadi tambah malas bayar pajak.;;;;
"Pimpinan indonesia itu tidak pernah ada yg ideal..
Tetap berkaca dengan masa lalu dan itu yg akan dilakukan saat dia berkuasa...
Gek negoro model opo?
Retrotika doang tp rakyate soro...";;;;
POLISI MASUK 80% URUSAN MBG.. KURANG RAKUS APA?;;;;
Salah kaprah,,,tentara urusan perang,,,,ngurusi koperasi,,,...MULTIFUNGSI,,,,bukan Dwifungsi ABRI lagi,,,lbh parah dr ORDE BARU,,,rezim Soeharto,...;;;;
Gak usah terlau mengkritik..bgmn ceritanya dulu jaman si kurap kep desa korupsi habis2an? Bgmn cerutanya parcok jd alat si kurap dan bnyk lagi. Gk laku omon2 demokrasi kalau rakyat msh bisa disuap BLT. Mending otoriter  tp berjalan utk rakyat;;;;
Penonton setia sampai mati bocor alus politik...semangat teman2..semoga sehat2 dan konsisten;;;;
MBG itu jangan kita pikir singkatan dari Makan Bergizi Gratis tapi Maling Berkedok Gizi 😂😂😂..;;;;
Kl cm 2 th/ 1 periode paling lm, trus bakal lanjut/mangkrak ya;;;;
Yg disampaikan dlm pordcast ini benar dan akurat sbb di daerah sy para lurah juga mengeluh hal yg sama. mereka tdk dilibatkan dan ironinya potongan2 anggaran yg cukup besar;;;;
"Pemerintah sedang gambling ""kopmerahputih"", apakah hasilnya sesuai dengan visi misinya atau buang-buang anggaran di kemudian hari.";;;;
Tapi kepala desa juga suka korupsi... Apa bedanya 😂😂😂😂;;;;
"Sebenarnya gak ada yang baru dari keterlibatan TNI dan Polri dalam kegiatan/program sipil pemerintah. Dari sejak SBY, Jokowi dan sekarang prabowo.
Contoh peran tentara dan polri dalam program pertanian, cetak sawah dll. Gak juga bisa kita justifikasi kalau hanya prabowo yang menggunakan militer";;;;
"KDKMP ini mjd program yang sangat bagus, tetapi kenapa sedikit"" melibatkan tentara?";;;;
Kapan nih bahas BoP?;;;;
republik milik tentara;;;;
Mbg parcok... kmp parjo 😃😃;;;;
Programnya makin ngaco aja ni Prabowo...ayo mahasiswa gerak dong;;;;
KOPDES GAK JELAS;;;;
Masuk ke ranah sipil mau, giliran nanti korup ga mau di adili di peradilan sipil;;;;
Bahas dong perkara PT LAPINDO BERANTAS (Lumpur Lapindo) bagaimana kelanjutannya ?;;;;
Setiap zulhas terlibat dalam program pemerintah dsnalah masalah akan muncul;;;;
Menit 14:17 rakyat apa mau mas, ikut kerja klo gak di bayar,  knp selama ini tentar ikut bnyak di segala bidang, cotoh pertanian, MBG, koprasi dll.... ya krn menurut bpk² di ataas, msh percaya sama TNI,  Klo bukan krn printah kita juga........ ??? Jd sabar ini baru proses pembangunan.....;;;;
Takut kepada oligarki, beraninya hanya kepada rakyat kecil.;;;;
"Yg Gw heran betul kah data survei tu kepuasan masyarakat 80%
Geleng2 ternyata mayoritas masih percaya dg data itu prabowo semakin pede akan bwt program dan bagi2 tanpa henti
Ini yg salah kita atau mereka sih, heran Gw";;;;
Ekonomi semakin terpuruk karena sistem komando alias uang tdk berputar di rakyat.;;;;
Nga usa hrn yng mimpin sekarang siapa..jd bagi2 kue lah...kmrn parcok jaya sekrng giliran kacng ijo;;;;
Indonesia  itu aneh  di pimpin  sipil  rawan  kudeta  skrg di pimpin  mantan  Tentara  teriak juga;;;;
Astaghfirullah.. Prabowo mau. Dbw kmn ini...;;;;
Sekedar info sisa dana desa 300 jutaan bukan untuk honor dan gaji perangkat desa tapi untuk membiayai kegiatan di desa sesuai dgn hasil musrenbang. Kalo gaji kades dan perangkat itu anggarannya dari ADD bukan DD .... Cuma yang perlu dipertanyakan apakah jika kodim yg menguasai anggaran pembangunan KDMP uangnya tidak akan dikorupsi? Secara rekam jejak pengelolaan uang di institusi TNI /Polri itu sarat akan korupsi ...;;;;
kopdes 🇮🇩 = tni ad masuk desa...;;;;
"Tentara ngurusin koperasi, yang ASN disuruh jadi komcad...
IHSG  dan ekonomi nyungseb, masyarakat diminta pasang genteng...";;;;
Desa suruh nombok;;;;
"KopDes atau koperasi desa pada nantinya menjadi kepemilikan siapa ??.termasuk ""bondo deso"" atau mjd milik pusat seperti puskesmas.Anggaran desa dipotong untuk KopDes atau anggaran desa diprioritaskan untuk KopDes ???.Serba janggal.Kalu spt ini masa depan belum terlihat cerah.";;;;
Apa yg dsampaikan di broadcast  itu benar adanya , kami mngalaminya . KUD zaman Orba gak ada rimbanya , mau diulangi lagi !;;;;
Koperasine wae mbangune sak penake;;;;
Ya, nggak apa lah selama ini ( tempo) diam, anda asal ngomong, selama ini koperasi mati suri, Anda tempo pendukungnya imperialis (oligarki);;;;
Ide ngidupin koperasinya bagus si, dan kalo pake dana desa, menurutku masih bs dipahami, sbg saham desa. Dan jangan salah, selama ini banyak dana desa yg dipakai sekadarnya, bukan utk hal² yg bnr² diperlukan warga, yg penting terserap.;;;;
"😂😂😂😂
Menghilangkan korupsi di tempat sblmnya dan membuka peluang korupsi di tempat baru!!!
Mungkin jg dalam mendirikan gedung ny sudah trjdi korupsi!?";;;;
Kasihan lohh kelurahan2 nya ...maju kena mundur kena.;;;;
Nikmati ajalah pemimpin pilihan rakyat😮 kan dulu pas kampanye kalian para kepala desa juga ikut sosialisasikan capres yang berkuasa ini, juga kalian bahkan bikin turnamen joget oke gas😂😂;;;;
Wajarlah. Kalau TNI diberi tugas mendampingi. Babinsa kan ada disetiap daerah. Coba angkat kades korupsi. Manipulasi data dana desa. Kok gak dibahas juga.;;;;
Sepanjang bermanfaat dan berdampak baik, oke2 sj;;;;
"Saya acungkan 2 jempol 👍👍utk para Juru Kamera/Penata Kamera Program Bocor Alus Poltik TV Tempo di Youtube ini.
Tampilan para narasumber bisa tampil bgt bagus jika dibanding setting kamera acara2 serupa di berbagai kanal Youtube...";;;;
Urusin genteng wowo edan;;;;
Nanti akan ada SPPG, Satuan Pengelola Pengadaan Genteng, 1 SPPG per Desa Kelurahan;;;;
"hidup di desa yang kepalanya dipilih warga selama 7 tahun ini, mau dana desa turun atau dipotong buat bikin koperasi merput ini, tetep aja gak ada kemajuan yang signifikan. jalan masih jelek, desa gelap karena gak disemua titik ada lampu bahkan masyarakat masih harus ngumpulin uang sendiri buat bayar listriknya. ada pembangunan kopdes ini malah nambah satu bangunan yang bikin rame. gak ngebela pembanguan ini bagus atau enggak, cuma mau ada proyek itu atau enggak dana desa di beberapa desa ""aneh"" yang gak terserap demi kesejahteraan hidup warganya";;;;
BUKAN KOPERASI DESA MERAH PUTIH...TAPI KORUPSI MULAI DARI DESA PRAWOWO...;;;;
Waduh program.  gila-gilaan yg buat indo benar2 Gila.!!!;;;;
Jadi ingat omongan panji di MENSREA....😂;;;;
Kalau ada segmen tempo institute, jujur mauu ikutan hehehe 😂😂;;;;
😂😂😂 kepingin ngakak takut dosa soalnya kalah tua sama presiden kita, tapi kok sempat2nya ngomong masalah genteng..;;;;
"Kebanyakan program ini itu...nasib rakyat keteteran....
Laporan ABS....yg diberikan laporan senang beri Bintang Jasa...";;;;
Bukan di kop tentara pol juga terlibat mdkan gratis.kop seharusnya warga. Apa betul itu kop sesuai UU kop no 25 dr rakyat untuk rakyat maafff;;;;
Halah kalau dipegang kelurahan malah dikorupsi ama pala desa dan perangkatnya, malah enak kalau koperasi dikelola TNI NPL pasti rendah;;;;
"Baguslah... 
Mantaaaap... 
Demi meningkatkan ketahanan dan kewaspadaan nasional... Saatnya memang hrs sprti ini jika ingin NKRI jaya..";;;;
"1 kata "" Revolusi """;;;;
TEMPO memang terpercaya dan teruji mengungkap fakta👍 👍;;;;
Kembali ke era Orba;;;;
Intinya... SALAH PILIH PRESIDEN 😅😅😅;;;;
Tata negara nya hancur, maka yakin lah negara tidak akan pernah maju....yakin!😢;;;;
Tentara dan polisi udah ikut ngurus proyek bahkan jadi bekingnya proyek...;;;;
Akan selalu begitu.  Jika saja presiden nta dari Pemuda Pancasila, Insha Allah besok anggotanya dilibatkan dalam program sejenis ini.;;;;
Penghasilan tetap kepala desa dan perangkat bukan dari dana desa..;;;;
Dari timeline video ini saja sudah ketebak arah kecurigaannya kemana saja, dilapangan saja sudah bikin malas, tempat saya malah senang kepala desanya karna terkait lahan desa bermasalah, kepala desa pengen terlibat bukan murni untuk merjuangkan desanya juga, ingin kepentingan saja;;;;
Hahahaha;;;;
Saya yakin program KMP itu tida efektiv;;;;
11 % = 11/100 ...... Terbukti;;;;
Caution caution✅✅kepada PARA WAJIB PAJAK SIAP SIAP YA BAYAR PAJAK DIMINTA CEPET BAYAR BAYAR YA BERIKUT ADA DISKON KLO BAYAR PAJAK DIDEPAN😅😅😅 DEMI CUAN PARA GENTENGERSS DAN MBG'ERSSSS😅😅😅;;;;
jaman suharto ada program abri masuk desa, reformasi ganti nama jadi tmmd(kamuflase), kini lebih ganas lagi TMP_tentara masuk koperasi, jaman mulyono ada PMG_presiden masuk gorong². hahaa.. bangsat benar negeri dipimpin para termul, presiden aja bagian dr termul.;;;;
Semua pembangunan gedung diambil dari dana desa 70% yg semua dikomandoi kodim bahkan untuk warga setempat yg mo ikut kerja Kuli bangunan pun lapornya ke kodim pimpro ga ada kewenangan, desa ga mungkin bisa bangun klo ga dapet dana aspirasi, watak rezim militer mulai mencengkeram rakyat;;;;
Selagi bisa bagi2 kue untuk kroni & para penjilatnya kenapa tidak dijalankan...????😅😅😢;;;;
Kalo utk tentara terlibat di masyarakat dlm urusan KopDesMP, saya sih nggak terlalu usil. Dulu juga ada Program AMD zamannya Jend. M. Yusuf sbg Menhankam/Pangab. Tapi kalo ada banyak anggota polisi yg terlibat dlm Program SPPG & Ketahanan Pangan, ini problem utk saya. Apa iyah urusan menjaga ketertiban & pengayoman di masyarakat  SUDAH BERJALAN OPTIMAL ? Banyak titik2 kemacetan yg mestinya anggota polisi hadir...;;;;
Sebaiknua di urus oleh orang profesional, biarkanlah TNI dibidangnya sendiri;;;;
Nikmati saja pemeritahan kali jni.. ok gas ok gas... PEMILIH  GOUBLOK HASILNYA PEMIMPIN OTORITER;;;;
Pengusaha genteng SIAP SIAP CUAN UANG HARAMMMMM pengusaha MBG UDAH GERAK JALAN TAPI SIAP2 DINEPALKAN YA;;;;
"😂😂😂😂...aneh...emang tempo nggak tau....kan era NEO ORBA
OTORITER PASTI
ketemu sama oposisi...cuma lips seevice doang buat menyenangkan oposisi....yg nggak tahan sama anplop😂😂😂😂😂";;;;
Rusak😂;;;;
Bocor alus jangan apriori dulu dong....Justru jika koperasi merah putih sukses maka ekonomi kerakyatan akan berhasil diwujutkan.....jadi bukan indomaret maupun alfamart sj yg bisa hidup;;;;
Payah patutnya tentara sebagai pembantu saja jgn melibatkan tni lebih dalam biar pihak desa untk ngelola dan dbantu TNI dalam pngawasannya;;;;
Sudah hampir mirip zaman orba;;;;
Hidup Ku Perasi Merah Putih !!!!;;;;
Negara kita semakin kacau...😮;;;;
"""Senjata"" tidak akan bisa dievaluasi";;;;
Semoga saja Konoha segera bubar agar rakyat dapat memformat ulang negara untuk menjadi lebih baik.;;;;
Mengapa program yang dulu tidak dilanjutkan saja ada KUD Koperasi Unit Desa;;;;
Makan Bergizi Gratis dan Koperasi Desa Merah Putih hamburin uang aja. Mereka lagi sibuk nyari lahan bangun koperasi, Koperasinya ko Otoritarian;;;;
Terima kasih kpd TV Tempo via Bocor Alus Politik yg menyediakan ruang unt menyampaikan uneg2. Sbg pedagang nasi uduk kuning di dpn rmh, sy se-olah2 punya panggung bersuara. Alhamdulilah... 🙏🙏🙏😊;;;;
alih profesi dari aparat perang, menjadi profesi multi talent;;;;
Semakin membagongkan..TNI ngurus koperasi...Polri ngurusi SPPG...🤐;;;;
"Waah.. yg milih 02 pasti bangga...
Program2nya sukses.
Sukses utk golongan tertentu...😅";;;;
Bener bener neoorba 🥺😢;;;;
Saya berharap tim Bocor Alus Tempo tetap mengkritisi dan berani untuk mengungkapkan kebenaran empiris  informasi yang kadang tidak sampai kepublik, karena takut oleh initimidasi oknum penguasa rezim ini.Mudah2an tidak gentar dg diintimidasai rezim penguasa yang terusik oleh penyampaian berita kritis tim Bocor Alus Politik .;;;;
"Sbg rakyat, saya kaget baca di medsos bahwa ternyata penonaktifan BPJS PBI itu dari Presiden via Keppres !
Kaget krn di atas podium Presiden sll ""utk kepentingan rakyat"". Ehhh di belakang podium, malah bertolak belakang...
😢😢😢😢😢😢";;;;
TNI itu alat pertahanan negara gila dan sinting ketika di libatkan ke organisasi sipil apalagi di wilayah jabatan publik;;;;
Gw kesini paling suka nonton intro nya aja hahaha;;;;
"Makin amburadul pengelolaan negara ini... 
Pemimpin terlalu banyak omon omon... dengan program yg tidak jelas dan pemborosan anggaran...";;;;
Siapa yg suruh milih orang yg hanya pakai gimik gemoy ..!! Makan tuh pilihanmu;;;;
Selama itu baik utk rakyat maka pelibatan tentara malah hal yg positif, kepala desa di indonesia kebanyakan korup pantas aja mereka mengeluh kl uang desa dipake buat bangun koperasi;;;;
Sebagai pendamping KDKMP melihat program ini bukan tentang membangun ekonomi rakyat,tp membangun mesin politik baru yg sangat besar...;;;;
"Soal pengelolaan kelak akan bermasalah, membuat KMP tsb agar menghasilkan laba, agar kompetitif dgn warung sekitarnya,dst. Saya pribadi meragukan hal kemampuan pengurus utk mengelola. Lihat saja BUMN, banyak yg rugi..
Padahal direksi , dan manajer orang yang pintar 
Perhatikan juga Asuransi Asabri , yg dikorupsi Triliunan rupiah,.

Sebaiknya KMP ini dibuat secara bertahap, semacam pilot project. Agar ada bahan evaluasi utk diperbaiki dan atau dilanjutkan..
Bukankah pada rezim orde baru ada Koperasi Unit Desa / KUD !? dan sekarang jadi bangunan tua yg tak berfungsi !?

Kenapa kita tak belajar dari Sejarah!?";;;;
"Singkat nya GERINDRA LEBIH BURUK DRI PDIP.
DAN PRABOWO SNGAT BURUK LEADERSHIP DRI MEGAWATI.";;;;
Koperasi politik dilingkungan desa, RT, RW.;;;;
Sangat sedih tentara bust koepeasi Dan polisi bust mbG;;;;
pantas sekarang banyak pengangguran ternyata lowongan kerjanya direbut oleh pihak2 yg sdh mapan & bergaji... alangkah lucunya negeri konoha;;;;
gak udah di pilih lagi 2029;;;;
Tentara dilibatkan untuk kelancaran pendirian kdmp.;;;;
Koperasi loreng2;;;;
Dana desa kalau cm ngerjain gapura sayang dnk… bikin industri kecil terintegrasi lebih baik. Moga2 dana desa lebih bisa bermanfaat multipler effect nya ada;;;;
Prihatin dengan kondisi negeri ini. Cita-cita reformasi mulai digerogoti. Apakah ramalan 2030 tentang Ina terjadi?;;;;
"*Oligarki Masuk Desa Kuasai MBG-KDMP, Sirna Harapan Warga Desa? [Alfie Akhmad]*
(cari di YouTube dengan tag diatas ini)
*Menurut Prof.Mahfud MD, 1 1/2 periode Reformasi demokrasi berganti jadi Oligarki, sampai kini rupanya.*
*Di akhir 2025 Index Korupsi kita dari 37 turun ke 34 , bocor tapi legal bukannya makin naik indexnya, Malaysia saja Index korupsinya 50, di AS 60an kalau ngga salah, makin mendekati 100 makin baik lho*";;;;
Betul sekali apa kata tempo dana desa di kurangi 70% sehingga bantuan BLT untuk masyarakat tidak mampu harus di kurangi, dan program lain pun mandet, miris sekali tapi tidak bisa melawan karna diancam dana desa gak bakalan cair, aku kmren ditunjuk sebgai pengurus koperasi sumpah menyesal pengen berhenti tapi kalau berhenti jadi pengurus koperasi harus denda 😢 di suruh kerja tapi gk ada gajih tapi kalau berhenti dincam bayar denda sampai 4 juta 😅 sakit sekali negara ini 😢;;;;
Hanya tempo yang berani bersuara;;;;
Pie kabare, masih enak jamanku, to 😂😂;;;;
Sudah sangat tepat, banyak negara hancur karena ekonomi, sebagai alat pertahanan negara, wajib tentara membantu ekonomi rakyat, dari pada turun di medan perang, lebih baik turun di medan ekonomi;;;;
Program bobrok, saya petani program Serap Gabah Petani juga cuman jalan sekali abis giat digencar²kan. Setelah itu sampe sekarang ditinggalkan.;;;;
Kangen Uncle Pram 😊;;;;
bukan koperasi yg buat prabowo akan susah dlm waktu dekat ini kecuali itu yg dekat semanggi;;;;
Menteri Koperasi saat ini , Bpk Ferry  Yuliantono adalah kader dari partai Gerindra..;;;;
Infrastruktur koperasi kayak gimana sih sampe ngabisin dana 1M?;;;;
*menghela napas* 😮‍💨;;;;
Pak lurah gak bisa korupsi karena banyak pengawasan, biarin saja;;;;
"Bakalan tambah banyak pengangguran 😂, jabatan tinggi untuk tentara dan polisi sedangkan calon karyawan ya orang dalam / keluarga sendiri.... 😂 Yang lainnya singkir saja GK penting.... 

Ini sih Menurut Keyakinan Saya pribadi.";;;;
Serahkan semua kegiatan koperasi kepada aparat dan jangan sekali kali rakyat ikut terlibat;;;;
Ngomongin Maslah genteng,program program Prabowo sendiri justru sedikit yang memakai genteng😂 contoh nya pembangunan kmp sendiri gedung gedung nya tidak memakai genteng ,😂 harusnya jadi percontohan kalo mau memajukan gentengisasi di Indonesia 😂;;;;
"WAH...IJO & COKLAT dh dmn2.
Mulai dr Direksi/Komisaris BUMN, Dapur SPPG MBG, bahkan KOPERASI MASUK DESA pun jd BANCAKAN.

Tp scara KASAT MATA, semuax bermuara pd PENGUATAN TENTAKEL2 MESIN POLITIK 2029.

Gak KEBAYANG bentuk INTIMIDASI yg akan DITERAPKAN nantix menjelang 2029";;;;
Posyandu bukan dananya dari BOK kementerian kesehatan? Di minahasa selatan dana desa tidak turut mempengaruhi operasional posyandu setau saya 🙏🏻😅 klo salah mohon di koreksi;;;;
Tidak bisa dipungkiri selama ini dana desa banyak diselewengkan untuk kepentingan pribadi oleh oknum kepala desa dan perangkat lain, kongkalikong dgn APH, inspektorat dan para pejabat lain biar aman...Dan harus diakui saat ini rakyat lebih percaya kepada TNI dari pada pihak lain. akibat sistem korup yg dipelihara selama ini.;;;;
Saya setuju gerakan Koperasi Mrah Putih di bantu/ kawal sama Babinsa hanya jangan Dananya Koperasi Merah Putih di Potong dari Dana Desa.;;;;
DWI FUNGSI ABRI JILID 2 N REZIM NEO ORBA.;;;;
Mungkin ini tidak lebih buruk dari pada  dipercayakan sama kepala desa yang demo brutal di DPR?;;;;
Kayaknya koprasi merah putih di jamin mangkrak contoh Hambalang Jokowi bendungan2 apalagi merah putih hampir seluruh desa;;;;
Kades pada bingung karena gak bisa korupsi dana desa lagi;;;;
Fakta di lapangan real seperti itu 😂,banyak di pegang Babinsa / TNI 😅;;;;
Om Pram g pernah kelihatan.. Apakabar? Semoga sehat selalu semua;;;;
Betul sekali pemberitaan TEMPO... Dana desa tergerus oleh pembangunan fisik koperasi,...cirebon terdampak juga.;;;;
2029 masih lama kah, pengen sekali coblosan pemilu, Kangen plisss boleh g klo d percepat;;;;
Mantabsss TEMPO ❤;;;;
WE DON'T TRUST PRABOWO ANYMORE !!;;;;
"di benahi tni ribut 
di kelola asing nyengir 
negara berhutang pusing
negara berproduksi kerakyatan ""gentengisasi"" di ketawain. 

kontribusimu ke negara apa? 🤔";;;;
Kenapa hanya percaya pada struktur komando?;;;;
Rasaain lu para kepala desa khususnya apdesi, dana desa di potong akan bat lu dukung pragib, puaass;;;;
Saya blm selesai dg diri sendiri...;;;;
Dana desa yg seharusnya digunakan sesuai dgn kebutuhan masyarakat setempat, tidak pernah benar-benar sesuai krn PUSAT sangat mengatur penggunaannya dgn senjata PMK penggunaan DD. BUMDes & BUMDesMa dipaksakan dibentuk, akhirnya nggak jelas, muncul KMP yg lbh memaksa lagi. Apa gunanya RPJMDes, RKPDes kalo semua mua dipaksakan dari pusat.;;;;
Memang benar tahun 2026 ini desa kami menunda hasil musdes karena anggaran DD di alihkan untuk pembangunan gedung Koperasi merah putih yg tiap tahun akan di potong sekitar 500 juta;;;;
Hahaha dana desa dipotong 70-80% buat KMP. Dah mirip MBG ngerampok mayoritas APBN 🤣;;;;
"Ujung2 nya supaya 2 periode
Rakyat bodo mlarat.gpp
Asal tetap berkuasa";;;;
Permainan pengaruh TNI sudah benar-benar sampai ke akar rumput untuk mengamankan kepentingan politik militeristik Prabowo yang selain bagian dari pembagian kekuasaan pada para pendukungnya, namun juga upaya pengamanan suara pada pemilu mendatang... Setelah kecolongan pada pemerintahan Jokowi, mulai sekarang jangan melihat kebijakan politik ekonomi hanya sebagai peristiwa alami namun sebenarnya sudah dalam skenario membungkam demokrasi...;;;;
"Istilah kata, mengindari lubang eh malah masuk  jurang. 

Satu sisi ketika anggaran desa dikurangi otomatis koruptor bingung, tapi pindah lahan basah baru ke koprasi merah putih.";;;;
dana koperasi merah putih jd bancakan tentara banyak tentara yang minta jatah puluhan juta ke pemborong yang pegang duit untuk dana pembangunan;;;;
"Ujung ujungnya menguap ketika diaudit. Orang nya nggak ngerti koperasi, disuruh ngurus.
Habis modal";;;;
"Selamat datang neo orba.
Prabowo presiden, Suharto pahlawan, dwi fungsi tentara.";;;;
MBG, KDMP, program kurang jelas, tapi menyita anggaran luar biasa...;;;;
Ikutan ngakak denger genteng 😂😂😂;;;;
pelan tapi pasti mau diaktifkan lagi sistem orba;;;;
Tentara dan polisi serta keluarga pejabat tambah gemuk karena koperasi merah putih dan MBG 😂;;;;
Tempat kami juga gitu. Tentara semua yang urus pembangunan fisik koperasi merah putih;;;;
Mau gerak, tapi sy dikampung bisa apa :(;;;;
ABRI  MASUK DESA era Soeharto banyak membantu pembangunan fisik desa;;;;
Bener2 melanjutkan Wiwi dalam menghancurkan Konoha menuju Bubar 2o3o;;;;
Dana desa pun  gak maksimal.. banyak desa desa gak ada perubahan walaupun dana desa 1 M. Cuman di korupsi.. main ke Aceh tenggara bos. Brp istri kepala desa setelah ada dana desa 1 M;;;;
klo di gratisin gua rela atap asbes di ganti genteng, drpd  gua bayar pajak ga dapet apa apa;;;;
Menurutku kalo otoriter di birokrat ga masalah, biar disiplin, amanah, dan sat set. Tapi jgn sampe otoriter ke rakyat sipil;;;;
"Bahaya program makan program ujungnya terbelit program.
Mau dibawa kemana Negara ini ??";;;;
Biarin aja bro, prabowo susa dikasi taw, ingat chat ini PROGRAM DANA DESA DAN MBG TDK AKA BERHASIL, YG BERHASIL KIRUP NYA;;;;
Tempo still the best👍💐❣️;;;;
Rindu erwan wq;;;;
banyak program penting belum terlaksana, kenapa harus MBG yang dikejar+anti kritik;;;;
"Mengapa yg ada tidak di berdayakan seperti  Bumdes
......! Mengapa usaha desa di buatkan saingan";;;;
Sekarang saling tuding , sedang kan kepala desa dikasih Anggaran setiap tahun juga gk ada kelihatan dananya buat desa,hanya buat memperkaya diri sekarang TNI ,turun tangan,kepala desa ngeluh ,dananya berkurang, kalau dana desa dibuat memperkaya diri koq gk ada suaranya, sekarang apapun keputusan dan kebijakan presiden yg mendukung buat rakyat,kita dukung p.prabowo,,yg penting  bawahan nya dananya transparan kalau buat kemakmuran dan sejahtera an rakyat Kitu setuju sebagai rakyat kecil,dan intinya jangan dikorupsi,;;;;
MASALAH PRILAKU KORUPSTIF MENGINTAI ...SEMUA PROGRAM, PROGARAM BERANTAS KKN GAK ADA ARTINYA SEMUA ADALAH KONYOL;;;;
Mau dua periode nggaklah, ngerih bos efeknya ke rakyat kecil kalau begitu caranya.;;;;
"Tentara kita berpolitik, polisi kita membunuh.
Benar lagi si Pandji";;;;
Ngurusi yg seharusnya tidak diurusi...;;;;
Sebenarnya rakyat ini sangat marah dengan pemerintahan Prabowo, kemarin udah 10 tahun kita DIKIBULIN Mulyono sekarang Prabowo yg harusnya menjadi penyelamat rakyat ternyata sama aja malah lebih parah, tinggal nunggu pemicunya aja nih buat menggulingkan Presiden Gagal ini. cuma kapan kita belum tau;;;;
Tempat diambil dari lahan milik rakyat, Pembiayaan diambil dari Pajak Rakyat yang disuruh beli rakyat tapi yang untung mereka para aparat;;;;
setelah  apbn capai  10 000  t  desa  makur  tdk  angsur  kredit  kdmp  ya  6  thn mdesa  ngirit goblok  lu;;;;
"Semua program yg mendahulukan slogan semacam ""merah putih"" atau ""garuda"" tak satu pun yg berhasil krn fokusnya hanya retorika kosong tanpa makna, bukan substansi programnya. Program2 spt itu umumnya digagas oleh pemimpin dan rejim pencitrraan yg mementingkan retorika demi pencitraan dirinya";;;;
Podcast Omon Omon;;;;
Pantes, banyak di pelosok desa KMP di bangun oleh tentara. Dalam hati kok sedikit aneh, kenapa yang dapat pengadaan proyek pembangunan gedung KMP kok tentara? Oh ini jawabannya;;;;
Serba tentara. Giliran perang dunia pecah semua bingung dgn kecanggihan teknologi. Sibuk MBG;;;;
Biar cepat balik modal 3 x  kalah pilpres abis modal.;;;;
Saya positif aja kenapa anggota di libatkan. Lurah² itu atau kepala desa juga banyak yg bandit² keles teri. Ujung² ntu koperasi jadi ladang korupsi juga;;;;
Menang retorika dan pidato di podium doang;;;;
Yah kn udh tau keberlanjutan ...udh jlas masa lalunya jga 😂😂😂;;;;
"kalo dikerjakan sipil percayalah banyak tendensi nya... mulai politik sampai korupsi... paling nalar sekarang memang dikerjakan aparatur TNI rantai komando jelas... aliran dana mudah di audit....
Toh ini memang untuk kemajuan bangsa Indonesia.. setidaknya untuk membela Tanah air dalam bentuk pembangunan koperasi merah putih.... menurut saya sih ini... dari pada di kerjakan orang parpol... banyak resikonya... hehehhe";;;;
"Polri akan punya 1500+ spbg. Yang karyawannya pppk diberi molis.
Tentara akan punya ribuan KMP. Plus program gentengisasi prabowo

karyawannya akan diberi status pppk, dibayar negara diluar pendapatan usaha dapur/koperasi murni.
Penciptaan lapker sekaligus mematikan lapker lainnya 

Status pppk berarti program akan berlaku abadi, siapapun presidennya.

Yang bikin ide ini cerdas sekali.";;;;
Saya paling setuju dana desa untuk bikin koprasi merah putih..koprasi merah putih di pegang tentara karena udah terbukti rakyat sipil lebih rakus kalo di pegang pejabat sipil...contoh MBG;;;;
Ya Allah segerakan kehancuran negeri ini;;;;
Apakah KopDes MP ini hanya akan dijadikan sponsor 2029 ?;;;;
Idenya oke tp pelaksanaan mbuh, krn semua cumak siap... siap...;;;;
Apatis akan berujung di kehancuran;;;;
"Mau tidak mau, suka tidak suka, Prabowo-Gibran sudah menang pemilu 2024, jadi ""nikmati"" saja semua kebijakan   pemimpin pilihan anda...

Dan mohon diingat untuk pakai akal sehat dalam menentukan pemimpin anda di 2029";;;;
Dwi Fungsi Tentara dan Dwi Fungsi isilop.;;;;
"Begini :
Rata2 pendidikan masyarakatnya tdk seperti amerika.
Mau demokrasi atau kebebasan kaya apapun hasilya kacau balo.
No 1 itu pemimpinya punya kpentingan pribadi atau tdk.
Prabowo sdh kaya.umur 75 thn.
Klo tdk, bangsa ini beruntung.saya percaya P.Prabowo mau membangun bangsa ini.";;;;
ya beginilah kalo hasil dari joget2 .. buat yg 58% kalo sembako mahal, biaya pendidikan mahal, biaya kesehatan mahal jangan ngeluh lu ya;;;;
Betul sekali kepala desa tdk dilibatkan, omon omon utk keluarga dan golongannya sendiri, ibu Pertiwi akan runtuh di tangan omon-omon;;;;
Setuju..saya sbg warga pelosok desa,,,setuju .pak Prabowo melibatkan tentara, sebagai bentuk tentara ikut partisipasi dalam membangun kemajuan ekonomi desa. Perangkat desa terlibat..dalam koperasi desa, mereka juga  aktif dalam bekerjasama dengan tentara dalam membangun kdmp. Semoga kedepannya,  rakyat kecil lebih diutamakan.;;;;
"Bangun koperasi paling 100 juta bisa tuh pakai hebel ,anak2 youtuber bangun rumah 50 juta dr hebel uas lbh kurangv5x7 ,2 kamar,1 dabur,1 kamar mansi,keramik ,pln. Dstnya...
Waj semewaj apa sih sampai bangun koperasi 1 M";;;;
ORBA REBORN;;;;
"Di desaku (dijawab timur) dana desaku gak jelas juga jadi apa.
Jalan makadam udah 4x pemilu presiden.";;;;
Ini peran tentara seperti ORGC di Iran, ikut masuk ke peran2 sipil;;;;
Bukan memajukan daerah tapi malah memeras desa....fakta kepala desa yg bnyak mengeluh;;;;
Pembangunan desa semakin terpuruk karena dana desa dipotong untuk koperasi merah putih;;;;
"kepemilikan SPPGbmayoritas TNI, POLRI dan yayasan bolo"" wowo, yg mandiri sgt sedikit";;;;
Memangnya koperasi merah outih itu bisa sukses? Sdh banyak yg gagal, ide sih boleh tp tidak melihat dikon di masyarakat;;;;
TNI sangat terlibat;;;;
Bocor Alus tumben lambat ngebahas KOPDES MP itu udh dari program ini d luncurkan tentara udah lngsung terlibat;;;;
Ga belajar dr mertuanya yg berkuasa 32th tumbang oleh gerakan mahasiswa& rakyat, serah deh;;;;
udahmah nyari gawe susah, gajikecil, hargabahan pokok juga mahal, hadeh gak pernah ada peran pemerintah disini;;;;
"Evolusi orde mbah arto ke rezim now
 start here";;;;
PRAM MANA ?;;;;
Tempat gua... Persawahan dikerjakan tentara, mbg  dikerjakan polisi,... Selamat  bagi  yg memilih si omon omon  wowo... Sbgai org  sipill. Saya  tdk pernah  mau dipimpin militer.yg memerdekan bangsa ini juga sipil ( sukarno hatta) bukan militer... Sampe sini  paham ??;;;;
Ane setuju klau TNI dan POLRI yg benahi kop.merah putih.krna dana desa hanya dikorupsi RT.Rw.Lurah dan Antek2nya Bravo TNI dan POLRI❤❤❤❤❤❤❤❤❤❤;;;;
Proyek untuk 2029 pilpres 😅 biar 1 komando;;;;
"Membangun koperasi untuk menghindari tengkulak ❌
Merampok negara💵💵💵 ✅";;;;
Koprasi desa merah putih, satuan pelayanan pemenuhan gizi terlihat mulia sekali dan berpihak kepada rakyat menengah kebawah tapi ingat yg dapat keuntungan bukan rakyat😂😂😂😂, sppg keuntungan 2000/porsi x 1.800 porsi x 25hari = 90jt/sppg x 10sppg untuk 1yayasan = 900jt/bulan/yayasan x 5th kedepan 54M profit nya.😂😂😂😂 Itu jika keuntungan 2rb/porsi, sangat2 terstruktur sekali dan tidak mungkin akan di usut KPK. Coba KPK usut apakah benar 1porsi itu nilai nya 10rb pasti tidak akan di usut KPK.;;;;
Parah penerintahan periode ini;;;;
Yg satu memain kan sistem hukum yg satu memporak porandakan sistem administrasi yg sudah ada selama ini di bangun klop deh... Bubar bubar deh bodooo amat;;;;
Ternyata 😊Di mata tempo kebijakan pemerintah ga ada yang baik ya pantas saja di tuduh agen asing,;;;;
Walah koq jadi gini ????;;;;
"SEPANDAI & SERAPI APAPUN MENELISIPKAN/MENYELIPKAN NIAT POLITIK PRAKTIS,,, MASYARAKAT PASTI MAMPU MEMILAH & MENYIKAPINYA DENGAN BIJAKSANA ""MASYARAKAT/RAKYAT INDONESIA SEKARANG LEBIH CERDAS""";;;;
Mending keliatan ada wujudnya, dr pd dn ds buat bancaan perangkat2 nya;;;;
Mungkin saking mumet nya cari org2 jujur berintegritas yg mencintai negri ini tanpa syarat...ya ke TNI...;;;;
Cuan banget ni proyek kopdes & mbg khusus buat parcok, parjo, timses, kader/anggota partai gede untung nya 🤑 rakyat jadi pengangguran aja. Pemikiran nya jadul banget ni presiden kaya masih di tahun 90 an;;;;
Yg dikatakan jurnalis tempo valid.....pemdes TDK dilibatkan sama sekali cmn sebatas kordinasi.. dlm hal anggran..rab pmbngunan ja ngk tau...tugas desa nyediain tanah...DD sebagai amanah UU desa...-+6thun digadaikan buat bayar cicilan...pmbngunan jga dilaksanakan kontraktor TDk mllibtkn pemdes;;;;
Kades SANGAT MERAGUKAN governance nya....TAPI apakah parjo bisa lebih baik?rent seeker?😅;;;;
Yang disampaikan ini 100jt % benar;;;;
Semua utk .pemilu kedepan;;;;
Sabar aja, sisa 4 tahun lagi menuju Indonesia BUBAR! 😂;;;;
Terbukti negara yg cepat maju adalah negara yg otoriter atau negara monarki , Contohnya china, singapura, vietnam, uea, qatar, saudi. Sedangkan negara yg mengagungkan demokrasi bnyak yg ketinggalan krn bnyak konflik dan gaduh.;;;;
"Kebijakan pemerintah amburadul , tapi tingkat kepuasan mencapai 79% lebih....
Itu tukang survei dibayar siapa...???";;;;
Mengamankan kue 😂;;;;
"KDMP
MBG

bisnis para elit pejabat & aparat 😂";;;;
Koperasi merah putih haya kedok pemerintah mengumpulkan uang dari rakyat utk pembiayaan MBG;;;;
Waduh makin parah aja pemerintahan Prabowo ini, isinya bisnis semua, dari atas Ampe bawah;;;;
Ya mungkin mau mensejahterakan ijo,dibawah turunnya bisa 800jt 750jt 😅😅😅;;;;
Gapapa menurutku kalau struktur komando. Karena Indonesia sejak lama sudah trial lewat cara yang demokratis tp gitu gitu aja. Mental korupnya sampe level bawah, gak ada ide kreatif dkk.;;;;
Parjo mulai merampok lagi;;;;
"Prabowo ingin meniru gaya Kim Jong Un yg diktator dan sistem Junta militer khas Myanmar yang hirarkis dan otoriter.. 😂

Pada akhirnya sipil pun harus tunduk dalam otoritas militer yg ada dimana2..

Prabowo terlihat seperti sangat kesetanan dan anti kritik";;;;
Gak usah pd ikut kegiatan tuh kop ,mungkin aja udah pd dikorup;;;;
Niatnya baik tapi ga sadar dibawah berantakan luluh lantak;;;;
kalau salah pilih kepala desa kepala daerah.kepala negara. rakyat akan sengsara 5 th.uji coba program akan berlangsung 5 th;;;;
parcok lagi parjo lagi... duh;;;;
Makin kesini makin kesana, program makin gak jls, tdk berpihak ke rakyat kcl. Pdhl ada bnyk hal yg lbh penting, di sumut aceh infrastruktur sklh jg msh blm terjamah, gaji guru jg msh bnyk yg dibqh standart terutama honorer. Aduuh paak, gmn ya mikirnya, ampyuuun deeh 🤦‍♀️;;;;
Kl di selain kepala desa mallah hncr... Di ksh dana desa 1milyar aj mlh bnyk yg kurupsi;;;;
Rezim skrg pelan tp pasti sedang menuju diktator militerisme ala Korut. Gak lama lagi si gemoy pasti namanya diganti jadi Kim Jong Wo 😂;;;;
Koperasi merah putih tdk akan bisa bertahan lama jika inisiatip dari pemerintah bukan dari rakyat sebagai anggota, seperti jaman ORBA dibentuk KUD yg menghilang atau bangkrut.;;;;
Lapangan sepakbola dipake separuh nya, buat bangun gudang kopdes, itu lapangan tinggal separuh, lah jadi ga standar lapangan bola, hanya karena lapangan tempat nya strategis.😢;;;;
"Pak presiden  sebenarnya  negara kita ini  pnya  bnyk  duit  atau  kekurangan duit sih? Dilain waktu  bikin hambur ""kan anggaran  di waktu yg  lain  pengin  hemat anggaran dan.pajak  tetap  dibyar  oleh rakyat kan.sdh bnr "" dimanfaatkan untuk kepentingan rakyat  atau  ga  tepat guna";;;;
probematik sekali, kembalikan militer ke barak. perkuat peran sipil;;;;
Hidup TNI. Teruskan sampai rakyat menjadi Tentara. Tentara jadi sipil;;;;
Kepala desa menandatangani hutang ke AGRINAS sejumlah tertentu, tetapi tidak pernah tau uangnya, uang utk membangun kantor koperasi yg dikendalikan tentara ( sistem pengadaan barang dan jasa utk membangun gedung itu TDK jelas) dan sebagianmlagi uangnya utk beli alat dlll.;;;;
Bangun jalan desa² taiiii mending di jalankan yg pasti aj demokrasi kemaren² gk bner.mending sedikit² otoriter biar rakyat merasakan;;;;
Di kecamatan saya, yg jdi keluhan para kades adalah masalah urukan, tdk masuk dlm juknis tpi tdk bisa jga di ambilkan dri dana desa 🤣fix program Absurd;;;;
Gak masalahlah kan tni  ikut masuk..mncegah mereka yg mau coba2 korupsi yh sdh berakar;;;;
Saya shi ngk masalah kalo niatnya baik.;;;;
"Sapa suruh pilih presiden ex militer..? Makan tuhhh..
Bentar lagi juga TENTARA MASUK SALON😂😂";;;;
Piye enak jaman ku kan??? 🤣🤣;;;;
MENGELUH KARNA KURANG YG DIKORUPSI;;;;
Pemerintah agresif;;;;
saat ini POLRI dan TNI sudah keluar dari fungsinya.;;;;
…., 19 juta lapangan kerja….😂😂😂😊❤;;;;
betul sekali mas wartawan....desa dan penduduk tidak dilibatkan dalam pembangunan. seperti ini kok mau sukses yan mas. Kok saya pesimis. Saya adalah anggota aktif KMP.  tetapi prihatin.;;;;
Kembalinya dwifungsi abri;;;;
Ngapain melibatkan kepala2 desa tukang korupsi  dana desa itu??? 😅;;;;
"🎉🎉🎉🎉 pemerintah tebang banyak pohon 🌲🌲 izinkan pabrik seng dan koar koar soal iklim, cuaca, kenaikan suhu, perubahan cuaca, banjir dll 😂😂😂😂
Sudah dibahas belum nih 😢 pilih pemimpin bodoh/jahat untuk mewakili kebodohan/kejahatan ?????😮😮😮 Nggak gitu dung 😢 jangan ya kak yaaaa . . .";;;;
Yang punya proyek ijo semua;;;;
Ya itu memang bnr TNI jdi pengawas pembangunan dapur MBG dan KOPDES, itu nyata di daerah saya pekalongan;;;;
Kita yang dibawah hanya bisa dipaksa dan harus menjelaskan masyarakat yang memangkas kegiatan yang lebih prioritas untuk masyarakat;;;;
Prabowo = New Orba;;;;
"di Tanjungpinang, Kelurahan Senggarang pembangunan KKDMP dilakukan oleh Korem 033/WP
Sedangkan di Kelurahan Melayu Kota Piring, pembangunan KKDMP dilakukan dekat sekali dengan rumah pribadi Gubernur Kepri, Ansar Ahmad";;;;
Militerisasi sipil atau sipilisasi militer;;;;
TNI dan POLISI  tidak boleh ada di ranah sipil..kalau perlu TNI dan POLRI dbawah naungan kementrian,,merekalah yang paling merusak sisten dinegeri ini;;;;
Negeri ini makin ngak jelas haluannya;;;;
Belajarnya dari siapa ya?;;;;
Kongloteng. Konglomerat genteng;;;;
ngak kebagian kerjaan dong 🤣;;;;
Proyek sialan;;;;
Hayuuu bangun, jangan joget mulu😢😢;;;;
Cukimaii........;;;;
Negara kok dijadikan bancakan rame2, demi keuntungan pribadi.. Miris banget sii. 😢😢😢;;;;
EKSEKUTIF LEGISLATIF YUDIKATIF PARCOK KUARTET KORUPTIKA JOKOWIKA, KARENA TRIAS POLITIKA SUDAH USANG KURANG BANYAK HASILNYA;;;;
Pantesan cari tempatnya asal2lan..lapangan yg seharusnya buat rakyat olah raga di bikin buat kopdes...program gk jelas buang2 duit pajak;;;;
Uang dari pajak rakyat sudah terlalu banyak dihambur² kan untuk program yang kurang memiliki manfaat...;;;;
​​FAKTA KDMP DI DESA-DESA KAB. BANDUNG : ANGGARAN PEMBANGUNAN KDMP DI DESA-DESA DARI PT AGRINAS SENILAI 1,6 M. TERNYATA, YG TURUN DI DESA HANYA 600-800 JUTA SAJA. TENTARA JAGAIN DARI PROTES WARGA. KADES YG VOCAL PROTES SOAL ANGGARAN YG TURUN KE DESA HANYA 600AN JUTA DARI ANGGARAN 1,8M, TENTARA KORAMIL LANGSUNG MAEN INTIMIDASI KE KADES MAU BONGKAR AUDIT DANA DESA.;;;;
Semakin parah;;;;
Kalau menurut saya lebih baik digunakan untuk koperasi Merah putih. Selama ini dana desa lebih banyak masuk ke kantong pribadi kepala desa.;;;;
Gile apbn habis buat program gak jelaz.. 😂;;;;
TANPA KEBANGKITAN RAKYAT, INDONESIA TIDAK AKAN PERNAH ADA KEADILAN KEBENARAN KEJUJURAN KEMANUSIAAN DAN KEDAULATAN RAKYAT INDONESIA;;;;
INDONESIA AYO BANGKIT BERSATU BERJUANG TEGAKKAN KEJUJURAN KEBENARAN KEADILAN DAN KEMANUSIAAN SERTA KEDAULATAN RAKYAT INDONESIA;;;;
"Prediksi si bakal bnyk koperasi yg mangkrak. 
Logika aja pembuatan dr dana desa, harus nyicil balikin duitnya. 
Perkembangan desa menurun, koperasi ga jalan karena operasional pasti gede. 
Buat listrik aja contohnya, untuk gedung segede itu pasti lampu bnyk, freezer ada, kulkas ada, dll.. 

Nah yg pling penting,, siapa yg mau belanja disitu..?? 
Mending beli ke tetangga, bsa saling melengkapi sesama tetangga yg dagang.";;;;
"AMBISI yg dikedepankan demi rakyat ??? 
BUKAN!! Tapi demi CITRA bahwa JANJI kampanye TERPENUHI......!!! Walau pendanaannya hampir MURNI dari hutang dan pemangkasan anggaran....  
Agar ke depannya peluang utk TETAP diberi amanat besar ! 
Jadi.... Artinya BUKAN demi Rakyat tapi DEMI AGAR BISA BERLANJUT 😅😅😅😅
Baru setahun lebihhhhhh..... Yg kepikiran sdh 2029 kayaknya";;;;
Tentara kan cuma lulusan sma , banyak Sarjana ekonomi  mala milih loreng;;;;
Gawatnya negeri ini;;;;
Semua dikendalikan didikte pusat, persis Orba...masyarakat dianggap bodoh, transparansi gk ada di pemb fisik KDMP, harapan rakyat desa lenyap..., inikah keadilan? Mendes bilang sesenpun gak motong dana desa, rakyat dikibuli alus2an.;;;;
Tentara israel akan belajar kpd tentera konoha, jd g melulu baku hantam sm hamas😂;;;;
parah. sampai ngorbanin kesehatan masyarakat demi menuhin ambisi program ckck;;;;
"apakah ini mau 2 periode?
duh,lamanya";;;;
"Tentara masuk koperasi merah putih..
Polisi masuk MBG 

Kacau sudah negeri ini 
Lowongan kerja yg semestinya untuk rakyat m untuk UMKM..malah diserobot oleh tentara dan polisi";;;;
Parah.;;;;
Selain itu tentara juga sekarang ada yang ikut andil dalam bagi membagi penerima manfaat di dapur MBG, marwah TNI sudah lagi bukan menjaga keamanan negara tapi menjadi pelaksana program pemerintah;;;;
1 kdmp di minta 100 jt;;;;
Tantara dan polisi kagak usah berbisnis ... Mereka sudah digaji negara dan sejahtera ... Biar dikerjakan pengangguran kalau ada bisnis baru, dikasih modal oleh negara ... Sehingga rakyat tambah sejahtera dan kehadiran negara di rasakan;;;;
"Itu koperasi segitu bnyak klo mangkrak bijimane itu 😂
Buang2 apbn aja,";;;;
Sppg polisi, koperasi mp tentara.... rakyat sipil????;;;;
baru kemaren ada pembangunan koperasi merah putih di lapangan voli depan rumah dibangun oleh tentara wkkwk;;;;
Program baru,proyek baru,bocooorrr baru.🤦🤦;;;;
"Waktu aku kecil liat SERDADU lg latihan takut sekali.
Maling pasti dimasukkan ke KORAMIL. Mknya negara AMAN
Intinya JANGAN KORUPSI aja";;;;
Tentara masuk koperasi?? Ga malu sama seragam loreng ijo???;;;;
Indonesia mau dijadiin Myanmar jilid II.;;;;
Militeristik...semua instansi..lembaga ad TNI  yg  kuasai;;;;
"*Lebih baik pulang tinggal nama daripada gagal dalam tugas..!!* Itu dulu. Dulu sekali. Sekarang..?? 
*Lebih baik hilang wibawa daripada gagal dalam merebut anggaran..!!* 😢";;;;
Mmg skr presiden nya dri militer yg dipecat jdi skr setelah jdi penguasa kyak bingung sendiri seperti nya mimpi nya pingin seperti mertua nya harus dilakukan ,payah;;;;
Tentara Konoha mau ngapain masuk koperasi ?? Terus buat apa sarjana ekomoni ?? Pantes sarjana ekomoni yang pinter pada kabur keluar negri..orang kerjaannya direbut tentara;;;;
Rakyat di tekan bayar pajak, tp dana pajak di hambur2kan  yg gak ada manfaatnya untuk rakyat;;;;
Jangan beropini bahwa program prabowo itu baik, apanya baik jika uang rakyat buk yg bocor;;;;
"Bapak presiden tolong dengarkanlah suara rakyat mu.
Bongkar semua koruptor untuk bangsa ini menuju Indonesia emas demi anak cucu kita";;;;
Semuanya namanya dadang😂;;;;
Dibolak balik soal makan isi perut bukan tidak ada manfaatnya akan tetapi lebih bermanfaat uang/dana begitu besar lebih baik untuk dana pendidikan itu lebih berguna karna untuk anak indonesia bebas biaya pendidikan untuk anak indonesia lebih maju dan pintar.;;;;
Yg udh ketrima ga jadi kerja 😂;;;;
"terimakasih PIS,SETARA dll semoga berhasil meruntuhkan tembok  persekusi di NKRI ini.
terimakasih ❤";;;;
Pantau/kawal terus sampai terbukti korupsinya;;;;
tujuan utama KDMP & MBG tidak jauh jauh dari nyari suara buat 2029;;;;
"Dalam Kajian Geografi Ekonomi:
KDMP(KOOPERATIF DESA MERAH PUTIH) SAMA SEPERTI SWALAYAN MODERN BUKAN KOPERASI. 
KDMP bukan kepanjangan KOPERASI DESA MERAH PUTIH melainkan kepanjangan dari KOOPERATIF DESA MERAH PUTIH dikarenakan awal perintisan bukan desain koperasi sebelum berdiri gedung KDMP dan tidak memilik unsur koperasi berazas kekeluargaan. Kooperatif Desa Merah Putih dibuktikan pengelolah pra pelaksanaan didominasi sepihak dari anak usaha BUMN yaitu PT.AGRINAS PANGAN NUSANTARA yang terdiri dari berdirinya gedung KDMP yang ada potongan administrasi 50% anggaran dari Rp.1,6 Miliar menjadi Rp.800 Juta, lokasi berdiri gedung KDMP asal-asalan tanpa memperhatikan strategis untuk pemasangan yang akhirnya mempengaruhi pendapatan hasil usahanya, dalam berdiri gedung KDMP dan kegiatan usahanya tidak melibatkan pengawas internal KDMP setempat(kaur kesra pemdes, kepala BUMDes dan anggota KDMP perintis), tidak memiliki SHGB(sertifikat hak Guna Bangunan) kepada BUMDes dikarenakan tanah yang didirikan KDMP milik desa dan dikwatirkan tanah milik desa diakui anak usaha BUMN, Penentuan manajemen kepengurusan KDMP,  suplayer barang yang dijual di KDMP diambil dari gudang swalayan modern swasta (bukan berasal dari perusahaan produsen, UMKM desa setempat dan Dolog Pertanian), Rekrutmen karyawan KDMP bukan berasal dari warga desa setempat, tidak ada anggota koperasi perintis, tidak ada sistem keuangan koperasi (Iuran wajib, iuran sukarela dan bagi hasil anggota koperasi). Gedung KDMP dikatakan publik ""SAMA SAMA SEPERTI SWALAYAN MODERN BUKAN KOPERASI"". Berbeda dengan Koperasi yang asli, desain koperasi dimulai dari rekrutmen anggota koperasi desa perintis dilanjutkan penentuan unsur koperasi yang dilakukan dengan musyawarah anggota koperasi perintis seperti pembentukan AD/ART koperasi Desa, pemilihan pengurus koperasi, sistem keuangan koperasi, bentuk kerjasama mitra koperasi, bentuk usaha dan penentuan karyawan koperasi serta berdiri gedung usaha koperasi. Walaupun diadakan kerjasama dengan mitra kerjasama tetap mempriotaskan desain koperasi bersama unsur koperasi berazas kekeluargaan.
Sumber Geograf Indonesia.";;;;
Kalau bpk persiden niatnya bagus INSyya ALLOH terlaksana;;;;
"😂😂😂
Yang milih tanggung jawab dunia akhirat";;;;
Kelihatan banget perencanaannya kacau bos..., perencanaannya bagus aja masalah ada aja..., kalau organisasi yg perencanaannya kacau hampir pasti hasilnya jauh dari harapan..alias GAGAL...;;;;
kok saya pesimis ya ini berjalan sesuai visi.  coba mrk ditarget . gaji bulanan kecil sj. atau spt agen asuransi sj. gaji dibayar dgn kompensasi. klo ga begitu kyknya ga ada yg kerja optimal nnt apalagi merasa punya saudara pejabat. atau yg dititipkan oleh oejabat tertentu. kerjanya setengah hati biasanya;;;;
Ini yang namanya revolusioner dari dalam: undang-undang dilanggar, sistem dirusak, hutan dibabat, 19 juta lapangan kerja diperuntukkan orang dalam. Istimewa😢;;;;
Koperasi MP kedepan sepertinya banyak yg akan mangkrak;;;;
Sudah banyak yang berjalan tinggal dilanjutkan malah bikin banyak hal baru dari nol;;;;
"*SIAPA PEJABAT KONSEPTOR REKRUT MANAJER KDMP?*

INI FAKTA REKRUTMEN  :
1. Tujuan rekrut untuk posisi top manajemen KDMP (Manajer).
2. Tidak dibutuhkan pengalaman kerja untuk formasi ini. 
3. Materi seleksi hanya standart seleksi ASN , yaitu Seleksi Administrasi, Seleksi Kompetensi terdiri dari SKD dan SKB (CAT), 
    Seleksi Kompetensi Tambahan (SKT) yang meliputi tes mental dan ideologi, serta Pemeriksaan Kesehatan. 
4. Bersedia mengikuti Pelatihan Pembinaan Pembentukan Karakter dari Kementerian Pertahanan serta pelatihan manajerial dari 
    Kementerian Koperasi.
Syarat lain gak penting dibahas. Terlalu remeh temeh.


Perhatikan nomor 1 dan 2. Seorang manajer diangkat tanpa pengalaman kerja level manajer, bahkan pengalaman jadi tukang batu pun tidak dipersyaratkan. Padahal jabatannya adalah manajer, jabatan tertinggi di KDMP yang memegang decision maker. *GILA BUKAN??*

Perhatikan angka 4, indikasi KDMP akan asal jalan (atau jalan asal2an ya??) adalah ditempatkannya seorang top manajer KDMP yang *hanya berbekal PELATIHAN MANAJERIAL.* Ini memperlihatkan kekonyolan Panitia Seleksi Nasional (Panselnas) di bawah komando Kementerian Koordinator Bidang Pangan (Bukan dibawah Kementerian Koperasi lho). Sangat jelas bahwa Kementerian ini tidak paham bahwa kemampuan manajerial itu perpaduan dari ilmu, seni, dan pengalaman. Mungkin kebiasaan pejabat berpikir instan ya? 
Saya 20 tahun lebih punya pengalaman urusan HRD, baru kali ini ada rekrutmen dagelan. 
Lebih konyol lagi harus ikut Pelatihan Pembinaan Pembentukan Karakter dari Kementerian Pertahanan. Saya bayangkan seperti pelatihan para Kepala Daerah tempo hari di Rindam. Pertanyaannya adalah mau dilantik menjadi Manajer KDMP atau Pasukan yang akan dikirim ke medan tempur?? Fakta yang terjadi  Kepala Daerah yang sudah dibina karakternya di Rindam, tampil gagah dengan seragam doreng,  toh  banyak yang ditangkap KPK bukan? Saya membayangkan Komandan Rindam sedih karena gagal membentuk karakter alumninya. 
Ini membuktikan membentuk karakter seseorang itu tidak seperti sulapan, tetapi dibentuk sejak usia dini. 

Atau...
Apakah pemimpin2 kita saat ini murid  Pak Tarno pesulap legendaris Indonesia ya?? ""Bimsalabim jadi apa prok prok prok"" 🤣🤣🤣

Saya jadi bingung negara ini pura2 goblok atau memang goblok beneran ya? Uang trilyunan digunakan seperti main2. 
Rasanya negara ini benar2 akan bangkrut.
Semoga saja prediksi saya salah.";;;;
Semua program Prabowo berat di ongkos....cuma bikin bangkrut negara;;;;
lgi ngumpulin dan ngajarin koruptor2 baru di tataran bawah;;;;
Koprasi lembaga bisnis Abal Abal yg ga bisa maju;;;;
Menunggu Presiden baru tahun 2029 untuk awal yg baik .;;;;
19 juta lapangan pekerjaan untuk siapa sebenarnya?;;;;
Di daerah ku Lampung  koprasi nya di bgun jauh dari pemukiman, dh gitu madep ke tebing..😂😂😂;;;;
Pemerintahan sekarang rezim koplak buat program malah memusuh usaha rakyat kecil,  harusnya buat usaha menguatkan ekonomi rakyat;;;;
Kl diangkat jd ASN, bgm kl ternyata sbgn dari mereka kinerjanya jeblok, lebih baik dilakukan dg  sistem kontrak kerja sja dg evaluasi setiap tahun serta dg uji coba minimal 3 thn, artinya kl selama tenggang waktu tsb tfk ada progress kerjanya, sebaiknya diputus saja, namun kl kinerjanya bagus bisa dipertimbangkan utk diangkat sbg pegawai tetap;;;;
Tempo paling berani mengungkap fakta;;;;
Menang sengaja dikusut kusutin.;;;;
"KDMP sepertinya tidak mencari untung.... Semoga harganya lebih murah dr mini market yang  sudah ada....

Pernah lihat KDMP di Blok Mbharga air mineral 5ribu/ botol, sedangkan di warung Madura dijual 3ribu/ botol";;;;
"Saya kok “membaca” dr sisi lain ttg berdorinya KMP yg spt “dipaksakan”. Itu adalah LANGKAH POLITIK yg dimasukkan lewat aspek “ekonomi gotong royong”.
Itu modal utk PILPRES DAN PEMILU LEGISLATIF 2029. 
Warga kita yg pendidikannya masih rendah….rawan di imingi2 “bungkusan dan bantuan”. Leaat lembaga KMP apapun bisa disakurkan ….misalnya Koperasi RUGI LALU PERLU DI INJEKSI LEWAT APBN. Catat ini nanti APBN 2028 dan 2029 akan banyak digelontorkan lewat Koperasi. Secara prosedural tidak melanggar.
Cantik bukan caranya….";;;;
Pemerintah siapkan kriterianya untuk jabatan  tersebut jangan ngawur pak inilah banyak program tapi kurang paham cara dan jalurnya, belajar dulu sebelum omon.;;;;
"Tau gak min si loreng minta data ke desa malam hari malam itu juga langsung harus ngirim
Padahal di bawah kita juga ditekan kalo asal pilih nama bisa diprotes warga Mereka nggak mah tau. Alhasil kita belum mengirim data dianggap tidak kooperatif";;;;
Manager Koperasi Merah Putih harusnya tak menerima gaji kalau mmg ingin mengabdi untuk rakyat.;;;;
Mungkin bukan dibiayai ketika pensiun,tp itu uang ASN sendiri yg dipotong taspen untuk tabungan pensiun. Jd uangny mmg milik ASN.;;;;
"Mau berharap apa kalo ""rusak"" sedari recruitment ....padahal itungan koperasi tidak sekedar ""asal jalan""..*itu baru recruitment manajer kdpm";;;;
"TIMESTAMPE
01:00 03:00 05:00 07:00 09:00 11:00 13:00
15:00 17:00 19:00 21:00 23:00 25:00 27:00
29:00 31:00";;;;
Ngeributin pepesan kosong !;;;;
Keanehan pertama ada ditahap pertama, dimana setelah CAT BKN dengan Passing Grade 110 tiba-tiba diturunkan. Orang-orang dengan nilai Kognitif dibawah 110 akhirnya jadi bisa masuk. Sementara tujuan seleksi tentu mengeliminasi ratusan ribu yang lain yang gagal. Kondisi seleksi tahap lanjutan juga banyak yang benar-benar harus di koreksi. Dalam 1 hari itu ada 2 panitia untuk 2 seleksi berbeda di 1 hari yang sama. Ada Kemenhan dan ada dari Pihak Militer. Betul-betul banyak yang harus dikoreksi. Belum lagi lulusan manager ini juga harus menjalani program Komcad, Sarjana dilatih militer. Dan berbagai hal yg perlu diperbaiki kedepannya.;;;;
"Yang tepat itu pegawai kontak sbg kompensasinya digaji tinggi krn manager itu kadang bener kadang juga tdk bener (pinter kadang goblok).
Jafi kalau kerjanya tdk bener maka putus kontrak dan diganti baru.
Pertanyaannya?
Kalau setiap desa ada koperasi  terus usaha koperasi itu meliputi kegiatsn spa saja?
Kalau mengelola/menyediakan kebutihan masyatakat desa mk akan berpengaruh besar thd  turunnya usaha anggota masyarakat.
Kalau benar bhw KMP bekerjasama dg Indomart betapa kejamnya KMP (secara tdk langsung membunuh UKM) dan selanjutnya semua sektor kegiatan ekonomi akan dikuasai prmilik modal yg bekerjassma dg penguasa (dholim).
Saya curiga kuat bhw ini untuk dukumgan politik penguasa.
Idiologi manablagi yg dicurigai?
Komunis  dianggap tdk bersalah bwrarti idiologi ini boleh hidup kembali???
Benar kita tidak sedang baik2 saja dan ke depan sepertinya akan lebih buruk.
🙏🙏🙏";;;;
"BUBARKAN KOPDES MERAH PUTIH.
HANYA KEDOK SUPAYA BISA KORUPSI CUK CUK JUANCUK";;;;
Koperasi ga pake dollar sih🎉;;;;
58 % dana desa dialihkan ke KDMP krn dana desa banyak yg dikorupsi, sekarang gantian KDMP pingin jg kebagian dana desa 😂😂😂;;;;
Bagaimana nasibnya Pengurus kdkmp ya,.;;;;
"INILAH BANCAAN YG TERSTRUKTUR UNTUK KDMP. 
DESA DIDESAK SIAPKAN LAHAN TANAH URUK NANTINYA UNTUK PEMBANGUNAN KDMP. 
DARI TANAH URUK SUDAH MERUGIKAN DESA. 
SETELAH NANTI JADI DAN DIRESMIKAN DATANGILAH PARA MANAGER DAN KARYAWAN YG LAIN. 
DISITULAH ADA LUBANG KING KALIKONG. KARYAWAN TITIPAN SAUDARA ANAK TEMAN DLL. 
LALU PENGURUS YG DIBENTUK OLEH DESA AKAN DIKENAKAN DAN DAPAT GAJI TIDAK KALAU MASIH DIPAKAI.";;;;
"Yang disebut hanya ""merah dan biru"" gimana dengan warung2 yang lain? Selain kami berkompetisi dengan sesama umkm, kami juga harus berkompetisi dengan warungnya pemerintah";;;;
Bayangin aja anggaran koperasi sebesar itu dikelola oleh manajer yg tidak punya pengalaman😂;;;;
ada yg sangat janggal tempatnya;;;;
"Jika KDMP ini ingin  maju,,,,, setiap calon manajer kdmp ini harus diadakan seleksi ketat,,,!!
 sebab jika  koperasi ini dikelola oleh orang2yg tidak profesional dikhawatirkan akan mengalqmi kebangkrutan.
Jadi penempatan orang2 yg mengwlola koperasi ini harus selektif dan jgn ada unsur  kkn didalamnya...!!";;;;
"test paling absurd yang pernah saya ikuti, kok bisa jawaban pindah sendiri. tertlalu terang""an setingan wkwkwk";;;;
"Ini lebih penerapan sistem ekonomi sosialis, negara yg urus, jauh kalau bicara keuntungan dibanding sistem kapitalis.
Anggap saja pos logistik jika pasar sedang kacau.";;;;
Presiden terkacau;;;;
Kok aku biasa aja yg memang waktux 7 menit  untuk menjawab  kalok menurut saya ini transfaran kok rekrutmenx;;;;
Kayaknya kita nggak siap buat program koperasi merah putih ini..bagaimana bisa manager direkrut oleh pemerintah,😂..aturannya khan pengurus yg merekrut manajer dg persetujuan anggota dlm RAT (pasal 50 Undang Undang no 25 tahun 1992)apa pemerintah tidak baca undang undang perkoperasiankah?😂kalau dipaksakan, lha untuk apa undang undang dibuat kalau dilanggar sendiri..ini jadi aneh 😂😂;;;;
"Ntah negara ini mau dibawa kmna , negara yg kaya akan sumber daya alam ...
Dengan julukan negara 1000 pulau yg dmna stiap pulau punya tmpt destinasi wisata,budaya , dan makanan khas ... Tapi bisa jadi negara yg ngk ada arah tujuan sangatlah miris ...
Padahal ekonomi negara ini bisa dibangun dari , minyak hasil kelapa sawit, pariwisata , export import , pertambangan, pertanian, budidaya ikan/ peternakan karna punya tanah yg subur dan tidak kekurangan air tapi asudahlah hidup dinegara ditengah"" grombolan tikus pilihannya cuman 2 menghindari tikus / menunggu digigit tikus ...";;;;
Pt. Agrinas sebagai relles untuk mencari cuan dan dukungan pada tahun politik;;;;
Bakal mucunghul menejer   tdk kredibel, nampang doang, sekedar cari status n gengsi otak kopong, sangat mengerikan, jebol anggaran gaji stlh mbgeh..;;;;
Ada lagi koperasi nasional merah putih, 😂😂;;;;
Besok lusa ada juga wacana pemerintah pusat akan merekrut tenaga warung kopi merah putih dan dapur merah putih untuk persiapan perhelatan tahun politik;;;;
Tes menejer koperasi ini hanya formalitas aj.. Udah di atur sistem untuk meloloskan kerabat nya;;;;
Menejer koperasi yang di angkat oleh pemerintah pusat ini punya kepentingan politik tahun 2030;;;;
Sementara posisi pengurus koperasi seperti apa, ini kebijakan konyol;;;;
Beda konsep koperasi dalam uu untuk menejer koperasi di tunjuk oleh pengurus koperasi, tapi sekarang kdmp untuk menejer koperasi di angkat langsung dari pusat;;;;
Kenapa lokasi pembangunan bangunan KDMP aneh2? karena pembangunannya dipaksa di tanah milik desa, jadi dimana aja boleh. Pemerintah seperti gak mikirin lokasinya strategis atau tidak, pokoknya bangun. dan dana desa pun sudah dipotong duluan. Jadi kalo gak bangun dana desa tetap dipotong. Bangunan KDMP desa kami juga dibangun di tanah kuburan umum. Yang beli hantu ehehe;;;;
miris...karyawan kopdes dengan mudahnya di ASN kan..sementara semudah itukah guru honorer di ASN kan setelah mengabdi bertahun-tahun lamanya?;;;;
Apakah perlu manager KDMP yg baru berdiri apalagi diluar jawa sdgkan guru honorer nasibnya tdk jelas;;;;
Enak sekali bisa jadi ASN sedangkan guru dan tenaga medis banyak yg sudah tahunan mengabdi masih honorer.;;;;
Ruet;;;;
Kop merah putih harus ada tatakelola baik karna kop mp sudah cacat HK secara ad/art nya klo lihat mbg jangan2 kop mp pun hanya jadi penempatan timsesnya aja tak peduli fungsi organisasinya;;;;
peluang kerja baru untuk Indonesia maju;;;;
Dept koperasi penuh korupsi, sy pernah pegang koperasi di salah satu kota besar di indonesia.. dinkopnya selalu minta uang walaupun secara tersirat untuk pengurusan administrasi. Koperasi harus dibawah OJK bukan Dinkop...;;;;
Assalamualaikum wrwb...salam waras semua rakyat Indonesia!!!....semua org yg korupsi...makan keringat rakyat...atas nama MBG...koperasi red white...akan sgr dihukum oleh alam...detik ini..besok..atau lusa!...dari presiden sp lurah....pesimis..mbg...koperasi....hanya kedok politik???...;;;;
Semakin ruwet bin ribet kualitas kabinet prabowo gk ngotak terkesan asal njeplak ujung2nya go bikin rakyat dimusnahkan ti malah di sulitkan ini program paling semrawut;;;;
mirip hyena ... saling terkam dn menikung sesama hyena ..... LoL;;;;
Kekenyangan HOAK otak jadi PESIMIS dan tidak percaya diri sendiri kelamaan HOAK beginilah jadinya wajah sebagian KECIL rakyat NKRI kebanyakan orang PINTAR yg ASBUN masih ada Rakyat Indonesia yg tidak percaya NEGARAnya sendiri, atau jangan-jangan bukan rakyat INDONESIA tapi ngaku2 Warga Negara Indonesia kali yeeeh;;;;
negara luar berfikir bagaimana membodohi negara lain....dsni msih mikir gmn cara membodohi rakyatnya sendri;;;;
Yg direkrut manajer KDMP adalah sarjana2 yg belum punya pengalaman manajerial.. nantinya pasti gak akan bisa berjalan tuh koperasi😂;;;;
KDMP dan MBG itu program utk pemilu 2029;;;;
Tunggu setelah junjungannya tumbang, ramai2 ditangkap kpk;;;;
Presiden manula. Pikirannya tidak mulur!;;;;
Asal programnya sendiri pasti anggarannya dibuat selangit hasilnya masih teka- teki sebab dasar pemikirannya teoritis tanpa survey lapangan.;;;;
Bagus ini. Daripada dulu pendamping dana desa. Orang-orangnya dari Partai PKB dan PDI semua. Dan diberikan bocoran jawaban juga;;;;
Koperasi itu dari anggota untuk anggota, jadi pemilihan ketua itu harusnya dari anggota? eh ini koperasi desa merah putihnya belum ada anggota kok ya;;;;
Tetap KKN apapun programnya;;;;
Yang di suarakan tempo itu realitas yang dominan berlaku di lapangan. KKN swmakin menggurita  sebagian besar institusi dan lembaga2 negara.;;;;
Ribet banget Indonesia ini lembaga inilah itulah ,,kapan bubar nya sih ni negara,,dah ancur lebur;;;;
Nggk perlu diangkat menejer di kopdes;;;;
Nambah lg beban negara buat bayar gaji manajer;;;;
Ponakan saya juga ditawari jd pegawai koperasi tp ponakan menolak karena ponakan ku seorang guru,menolak karena melihat MBG sj amburadul JD ngga mahu dan Ndak mahu terlibat;;;;
Program ampas . Kendaraan politik prabowo sialan 😂;;;;
LAHAN BARU BUAT KORUPSI;;;;
Negara acak acak an;;;;
ganti penguasa ganti kebijaksanaan.......;;;;
Jalan sj belum , sudah ikatan dinas aja. ya kalau laku dan ada laba. Bagi kopdes yg ada di tengah hutan atau puncak bukit pekimaneee... berarti solusi satu2 nya agar kopdes ini jalan adalah memaksa penduduk untuk beli / bertransaksi disitu;;;;
nice;;;;
"Klo ga kusut bukan konoha namanya....
Prinsip utama tetap jadi acuan....
KLO ABU ABU JA GA MASALAH KNPA HARUS PUTIH ???";;;;
Masyarakat sudah mengetahui apa tujuan akhirnya yaitu tuh ......;;;;
Parah wowo buat kebijakan yg nguras apbn enak benar lsg pns  ga jelas koperasi2 dr zaman orde baru gagal jd ajang kurupsi;;;;
Pemberian akses dan prioritas pada koperasi lebih realistis dibandingkan harus di Kekola negara.;;;;
Bisakah berjalan dengan baik koprasi merah putih, AQ ga yakin. Karena di daerhku sudah banyak koprasi sawit.;;;;
smakin kacau pengelolaan negaranya...;;;;
"Ga ada yang utang-utang negara ini, program2 kyk gitu mah cm masa dia mimpin doank. 

Klo utang2 negara, bisa dia dah mokat juga anak cucu cicit negeri yg bayarin all utang atas programmnya";;;;
Semua program carut marut;;;;
"Pemerintahan PS tidak karu""an,sbtlny arahnya rakyat mau dibawa kemana? PS dan GRR sama sekali tdk bs memimpin. Baru 1,5 th sj sdh muak dgn pemerintahan ini. Masa PNS merekrut asal"" ...hrsny melht penddknny. Masa br sj lulus aplg SLTA mengalahkan yg sdh lama mengabdi dan penddknny jauh lbh tinggi. Betul kt Tiyo, PS presiden bodoh. Suka menghamburkn uang rakyat.";;;;
Tempo apa ada update ttg kasus nadiem untuk mencerahkan kami2 yg kurang paham ttg kasus ini?;;;;
Saya pesimis kopdes merput ini akn jln 😢;;;;
Ditambah kepala desa jg ikut nimbrung hrs dilibatkan. Tambah Kacau aja negara ini;;;;
Rezim ini kok semakin amburadul gak karuan;;;;
"Pantesan kemaren  peserta trekrurmen  calon  pegawai kopdes "" pada teriak"" soalnya  banyak yg "" lari lari "" saat peserta meng klik jawaban yg benar ... Ternyata rekrutmen  ini cuma formalitas.";;;;
Berita halu , udah jelas seleksi pake Panselnas lewat website resmi , link resmi , mana ada orang dalamnya , kuliah S1 gak pernah yudisium dan wisuda ya gini;;;;
Program bagus , bener;;;;
Kdmp seharusnya ya dikkelola warga desa itu sendiri. Bukan dari orang luar desa yg ditempati kdmp, klu diisi orang luar sama saja pengangguran di desa yg ketempatan kdmp percuma saja,;;;;
"Program tai dan perekrutan tai, perekrutan ini tidak dibutuhkan sama sekali dan seharusnya tidak perlu ada. Ini sangat terlihat memaksa untuk persiapan 2029 setiap desa sudah ada lumbung"" suaranya otomatis";;;;
Masalahnya semua berasal dari penegakan hukum yang lemah;;;;
Eh bocah Tempe. Bocah CSIS jg nih;;;;
Paling dana nya di korup . Udah budaya ya;;;;
Nggak akan beli disitu. Kepasar aj;;;;
Memang harus hancur dlu untuk tumbuh kembali , mari kita dukung sepenuhnya supaya kehancuran itu cepat terjadi;;;;
Masak koperasi karyawan nya kok yg gaji agrinas , bukan dari hasil keuntungan dari koperasi itu sendiri;;;;
Seharusnya namanya diganti saja jadi Warung Merah Putih atau apalah kerna nyata2 meski namanya Koperasi Desa Merah Putih unit itu tidak bekerja seperti layaknya koperasi tapi lebih mirip kerja Indomaret dan Alfamart yang beroperasi di desa2.;;;;
"KETUA Koperasi sudah diangkat
Sudah dapat gaji ??
GAJI ???
ANEH2 NIH ....
Keluar dari Azad koperasi
Jadi BUMN dengan nama ""BUMN KOPERASI "" 
Tanpa anggota
Tanpa usaha
Yg penting
MERAH PUTIH";;;;
Yang mereka lakukan hanyalah sebagai ajang bisnis tanpa berfikir mampaat dan tida nya bagi rakyat😅😅😅;;;;
Ternyata belum benar2 dengan perencanaan matang namun sudah dipaksakan waduh grusa grusu nyata akan timbul permasalahan  nantinya jelas berbau 29 !!!;;;;
Percayalah, KOPDES akan bernasib sama dengan KUD BUUD di zaman pak Harto : ludes, punah tanpa bekas sebab abaikan profesionalisme. KOPDES akan keok dg UMKM, waroeng kecil, Indomaret dan Alfamart yg buka 24 jam nonstop. Pak Harto kurang apa coba ? Zaman itu belum ada HP;;;;
2029 GANTI PRESIDEN BUBARKAN AJA PROGRAM BAGI² KUE NTUK PARPOL PENDUKUNG;;;;
"Si.omon omon triak triak efesiensi  anggaran faktanya NOL BESAR..malah buang buang hambur hamburkan duit ratusan trilyun..WOSH MBG kopdes riba.

..Konoha menuju bangkrut total boncosssss...
Pejabat pejabat bersiaplah lari ke LN";;;;
Kusut banget jadinya negara ini ya, bkn suruh rekrut pegawai bumn 😂;;;;
Pengumuman : TEMPO, itu PEMREDnya KELOMPOK KALAH PILPRES. Isinya sesuai pandangan hatinya. Tidak apa-apa. Yang penting dapat UANG, kan Jurnalis butuh Uang dan ikut perintah PEMRED ????;;;;
Coba pemerintah sekarang butuh manajer koperasi, tapi prodi konsentrasi ekonomi koperasi di hilangkan dulu, dan sekarnag gak dianggap sedih banget jurusan pendidikan Ekonomi, dah masuk daftar jurusan yg mau dihapus pula😂🎉🎉;;;;
Guru honorer di hapus, manajer KDMP direkrut Indonesia sedang menyiapkan fase kemunduran nya dimana masalah perut lebih unggul dari masalah otak;;;;
"13:13 Jadi pegawai BUMN dong 😂😂

Nanti buat Serikat Pekerja, terus jadi alat untuk mengumpulkan pundi suara dan memonopoli pasar

Suram sekali bangsa ini 😢";;;;
Hancur sudah negara ini rakyat harus cepat2 bergerah;;;;
Kerawang lebih jelek dari depok . Lebih parah lg ancurnya priok gabung sama tanggerang;;;;
😢;;;;
"Cb nanti sama"" di cek siapa yg jd manager dan punya saudaranya siapa saja. Mesti org bawaan";;;;
KOPDES KORUPTOR DESA ADALAH BAGIAN DARI KORUPTOR NUSANTARA;;;;
NGGEDABRUS  TOK. HATI HATI DNG MEDIA2 BAYARAN. MEFEKA DI BAYAR UNT MENGADU DOMBA RAKYAT DNG PEMERINTAH.;;;;
Korupsi model orde baru telah diaktifkan kembali 😂😂😂😂😂😂😂😂😂😂;;;;
Sebetulnya gampang rekrut  karyawan KDMP kalo MAU ? Kan ada perguruan tinggi perkoprasian ( IKOPIN ) Itu dulu tujuanya kan mau buat koprasi tiap desa. 🙏;;;;
Apakah ada hubungannya dengan pemilu 2029 rekrutmen manager koperasi merah putih ini yaaa..,.????..…;;;;
Berselih atau mencari selisih dalam rekrutmen manager koperasi merah putih....?????.....;;;;
Koperasi Nusantara donk di colek atau di investigasi donk orang orang tempo kerena tu, karena itu triki juga tu 😂😂😂 pemiliknya cuma 1 orang aja tu, isunya ada orang kuat juga tu;;;;
Pembangunan kmp jalan 3 bulan baru 40/: pembangunaya tidak sesuai sfex kalau saya nilai tidak sama dengan  pembangunan pemda kayak bangunan pribadi ( terserah gua mau apaluh);;;;
"Di tiktok buanyaak bgt buzzer nya kdmp ini 😢 setiap ada yg vocal mengkritik atau berpendapat komennya template semua bilang gini ""koperasi merah putih memajukan masyarakat desa, memajukan petani"" gitulah kurang lebihnys";;;;
Pak presiden calon menejer kopdes merah putih bawa ke Magelang di didik militer agar kuat mental dan fisiknya, agar menejer kopdes merah putih bisa perang tni jadi bisa kerja sipil biar amburadul sekalian tanggung rusak aturan sekalian hancur leburkan negara, rakyat bingung ke presiden ini negara mau di bawa kemana ya biar rakyat kebingungan sekalian;;;;
Bagi saya yang pernah berkoperasi.. biasa nya manager itu faham tentang seluk beluk perkoperasian.. ada pelatihan..dsb..;;;;
"Itu koperasi emang gak ada profit ?
bayar sendiri lah, koperasi berdikari.
Pantesan investor asing males masuk ke Indo.";;;;
KDMP=KDM-Presiden;;;;
Tunggu mainya paling ful k k n dan tak akan jalan lama...;;;;
Indonesia bangkrut!!!!!!;;;;
Miris bgt sekelas negara bikin program malah gajetot gini. Duit rakyat yg dihambur2 hmmm;;;;
Parah,, rusak sekali birokrasi negri ini,, semua harus minta jatah,, lalu rakyat kecil dapat apa,,? pak,,,,!;;;;
paling jatah utk para kader partai2 nyaa😂;;;;
Sebaiknya manajer koperasi memberdayakan org desa setempat utk dilatih tata kelolanya agar dpt                  diterima madyarakst setempat utk mempromosikan KDMP.;;;;
Sebaiknya manajer koperasi memberdayakan org desa setempat utk dilatih tata kelolanya agar dpt                  diterima madyarakst setempat utk mempromosikan KDMP.;;;;
Sebaiknya manajer koperasi memberdayakan org desa setempat utk dilatih tata kelolanya agar dpt                  diterima madyarakst setempat utk mempromosikan KDMP.;;;;
rencana tanpa perencanaan. kayanya gagal didepan mata;;;;
sebenarnya kalau mau jujur, koperasi MP ini membuka peluang dan dampaknya sangat signifikan. jln mudahnya suruh pegawai UMKM jadi manajer lalu kreatif menciptkan keuantungan untuk membayar gaji pegawai sehingga tdk menjadi beban apbn.;;;;
DI KOREA, CUMA SATU ORANG SAJA BERTUGAS MENGELOLA SELEVEL KOPERASI/ MINIMARKET;;;;
Sistem yg membuat,,UMKM mjd lesu....Krn sdh dimonopoli negara😢😢;;;;
Allahumma sholli ala Sayyidina Muhammad wa ala ali Sayyidina Muhammad 🤲;;;;
Kalau PNS nanti nggak boleh memihak dalam pemilu 😂;;;;
"Terima kasih atas diskusi dan pandangannya dqri tim tempo.
Menurut saya ada beberapa hal yang perlu dipertimbangkan:

1. Rekrutmen harus profesional dan dibebankan kepada professional hire bukan BKN
2. Untuk lembaga militer yang terlibat boleh, tapi hanya untuk keamanan aset KDMP saja
3. Manager KDMP sebaiknya statusnya di bawah agrinas sebagai anak perusahaan/ perusahaan lain yang dikontrak agrinas begitu juga dengan beberapa pegawainya dibawah manager statusnya pegawai kontrak saja mengurangi beban financial agrinas
4. Sistem Prnggajian dibuat dalam satu kontrak yang dikelola agrinas berupa fixed cost dan variable cost depend on KPI masing-masing pegawainya
5. Untuk struktur koperasi tidak usah nama Manager lebih baik Kepala Koperasi
6. Parpol tidak perlu dilibatkan, parpol daerah ormas hanya pengawas saja, KPI yang diutamakan sehingga lebih terlihat performancenya";;;;
Kalau APBN habis tinggal menaikkan pajak, londo ireng berkuasa;;;;
Koperasi ini adalah program rakyat kecil selalu banyak tantangan dari oligarki  ,ini adalah ekonomi, yang terintegrasi dengan petani petani seluruh Indonesia.....;;;;
Warung merah putih;;;;
Ok gas ok gas.. selamat menikmati goyang gemoy kalian.. wkwkwk;;;;
Salah satu ajang korupsi terbesar setelah MBG;;;;
Di daerahku belum ada koprasinya tapi susunan personelnya sudah terbentuk, keren sih😂;;;;
Menuju kacau;;;;
Yang daerah wisata kayanya di Pacitan kayanya haha, di tikungan tanjakan deket Wisata, kampung saya;;;;
Makanya pilih presiden yang cerdas jenius berpengalaman berakhlak mulia;;;;
Bersyukurlah kalian yg jujur dan tdk lulus. Rezeki yg diperoleh dgn cara yg tdk benar dan tidak halal merupakan rezeki yg tdk ada hak kepemilikannya. Siap2 dimintai pertgjawban di akherat ya.. Semoga Allah mempermudah niat baik rekan2 yg berjuang dgn cara jujur;;;;
Program MBG Merah putih, program gak bermutu;;;;
Sudah ada jatah di tiap seleksi KDMP... Ytta lah;;;;
Bais menyiapkan cara penyiraman air keras 😂;;;;
Sebaiknya manejer di ambil dari TNI atau polri;;;;
di dunia per Koperasian ... hanya KDMP koperasi terkocak sepanjang sejarah......;;;;
Kalau kebijakan diberlakukan tapi menabrak aturan2 yg sdh ada, apa jadinya negara ini.;;;;
Hadeuh PNS yang ada aja cuma buat beban negara dan kerjanya sini deh liat faktanya, jam2 kerja di warung kopi, kerja udah kayak perusahaan bapak dia, gaji 27x setahun, udah gak kerja pun masih di gaji, udah pensiun dapet RTLH. yang marah pasti keluarga atau orang tuanya PNS;;;;
"Kalian pikir hanya siapkan buat pilpres 2029?
Tidak!!! Ini strategi buat membentuk monarki.

Lihat saja... Negara sudah carut marut begini Oposisi tetap diam, artinya mereka sudah dapat bagian.

Setelah 2 Periode nanti akan diteruskan oleh Gibran untuk membentuk kekaisaran Solo.

TNI dapat jatah Kopdes, Polri dapat jatah MBG... Lengkap sudah tidak akan ada yang memberontak.

Oposisi satu²nya hanya Tempo, tapi itu juga tidak akan berarti apa² karena Soros akan kesulitan melawan pondasi yang sudah solid ini.";;;;
Paling jadi sapi perahan kalau berhasil, jadi kambing hitam kalau gagal;;;;
TDK mudah cari manager yg kapabel....selektif berpengalaman dan orang yg mendewakan prestasi...bukan  mendewakan kekayaan pribadi....;;;;
Pengaturan negara semakin amburadul, bagi bagi kuenya kentara sekali;;;;
"Usaha Koperasinya belum tentu berhasil sudah MW merekrut Pegawai yg direncanakan MW diangkat jadi ASN ?
Asli ini bukan tujuan efisiensi anggara justru  pemborosan.
Saya rakyat jelata memprediksi Program Koperasi akan menimbulkan masalah ....";;;;
Kacau deh kita yang sarjana mikirnya kaya gini;;;;
Ancuuurr NKRI makin gak karuan tata kelola negara yg ugal2an dari rezim bangsat gemoy malehoy !😮;;;;
ga heran sih;;;;
Kuat bertahan 1 tahun aja sudah juara;;;;
KDMP. TUJUANYÀ.  BUAT. JARINGAN. MENGAMANKAN. POSISI. PRABOWO. DI. PEMERINTAHAN. DAN. BILA. th. 2029. PRABOWO. NYAPRES. LAGI. KAN. PRABOWO. SDH  PUNYA  JARINGAN. ITULAH. TUJUAN. UTAMA. BERDIRINYA. KDMP.;;;;
dlu waktu mertuanya jadi presiden ada KUD (koperasi unit desa) dan sekarang gak gak tau itu gmna KUD, nah sekarang dia jadi presiden mau bikin koperasi juga KDMP 🤔;;;;
Parah dan kronis;;;;
Bayar berapa tuh supaya bisa masuk manager kopdes😂😂😂😂😂😂;;;;
🇮🇩🤔😂🤣;;;;
Saya menyayangi peranan Departemen koperasi dihilangan karena di ambil alih oleh lembaga lain;;;;
Zaman tahun 1970 Rekrukmen  PNS ditangan oleh BAKN  keika Reformasi banyak peraturan yg berubah ..itulah makanya yg menangani ASN ini tumpah tindih;;;;
nilai 11/100 apa yang mau diharepin?;;;;
keren bahasannya;;;;
Program kok setebak setaik,... program merampot utk dodosi uang negara jak tu,.. namanye koperasi gaji mereke ya dari operasional koperasi lah,.. mane ade koperasi dpt gaji dari dana kamarentah,.. merampot ,.. baghusnya ya bantulah koperasi2 yg sudah ade ni,.. difasilitasi tenage2 pengawas dan tenage2 pendamping dari eksternal koperasi setelah mereke mandiri bise menghasilkan baru dilepas,.. artinye sifatnya ad hoc/ sementare,..;;;;
Aneh, yg honerer sj belum tuntas statusnya, skrg tiba2 manjaer kdmp menyalip dgn cepat bahwa mereka akan di pns kan, rezim ini makin hari makin aneh sj.;;;;
Kalo kalian lihat MBG itu sudah aneh, kalian belum tahu seaneh apa KDMP ini 😂;;;;
"Prabowo ini DEALER BUKAN LEADER.
NGAK JELAS KEBIJAKAN DIA KERJA.";;;;
Jangan banyak doa klo urusan dalam kota semua sdh ada list seperti perekrutan PPK PPS test Cat cuma formalitas aj. Nanti juga gagal di interview.. buang2 waktu;;;;
yang paling lucu ujiannya 50 soal selama 7 menit. Puncak komedi di negeri ini. Anjir setara ujian masuk NASA;;;;
apes sekali jadi wni, dari filmnya benyamin sueb dan A. Hamid Arief sudah sering sindir budaya Ordal, awokawokawokawokawok;;;;
We've got the worst president in this modern time.;;;;
dinegara manapun didunia, sebuah program itu tidak dibuat dadakn, harus memulai perencanaan yang matang, ada simulasi bahkan butuh waktu 3 hingga 5 tahun untuk dikaji, beda dengan kita motonya, YANG PENTING BIKIN AJA DULU,  TEKNIS PELAKSANAANNYA BAGAIMANA NANTI satu hal yang dipetik dari para pejabat kita, sudah bodoh, keras kepala, tidak kreatif, dan bekerja dengan telunjuk bukan pake otak dan hati.;;;;
segini nya ngurus ketring & toko;;;;
Media Tempo ini selalu bikin  Optimis orang orang yang mudah Terhasut...apapun program yang  kerjakan pemerintah buat Rakyat Sejahtera ga ada Baik baiknya di mata media TEMPO ini;;;;
Itu barang harus menghidupi dirinya sendiri;;;;
Kesimpulannya Koperasi merah putih ini tdk jelas visinya…parah…hambur hamburkan uang rakyat saja.;;;;
Seharusnya uji coba dulu beberapa  ratus koperasi dan manejer cukup sistem kontrak seperti pmpn mandiri;;;;
"kalau memang niat,

jangan bohongi rakyat, kami jauh datang ke ibuk kota dengan ongkos mahal, ternyata sistemnya amburadul";;;;
"Coba bahas BBM pertalit sebelum subsidi 16.000
Pas subsidi 10.000
Pertamak non subsidi 12.300
Di harga pasar 12.600
Ko bisa  pertalit non subsidi  harga.a lebih mahal sama pertamak non subsidi ....?";;;;
"Apakah ini menjadi salah satu alasan timeline "" Seleksi CPNS"" ga ada kabar terus.....?";;;;
Bikin program nasional kok spt anak konglo yg di kasih duit bapaknya buat bikin bisnis tanpa ada study lapangan.;;;;
pemerintahan kali ini ga ada well nya ngawur semua;;;;
19 jt lap kerja hanya untuk org2 mereka juga 🙄;;;;
Oot: KUD masih ada gak si?;;;;
Pengelolaan negara semrawut, ujung ujungnya lahan korupsi;;;;
Nanti jika KDMP bubar, maka pegawainya tetap dapat menerima gaji, lha orang orangnya kader Gerindra;;;;
Plng bener ttp beli ditetangga/umkm deket rumah ajalah;;;;
melihat feri mentri koperasi pas prescon ditanya soal ujian cat kdkmp sama keluhan peserta dll dia gbisa jawab bhkn menghindar😂;;;;
Bagi bagi lahan korupsi;;;;
"Kopdes adalah PROYEK yg Paling ""NAON SIH?!""";;;;
Gak nyampe 2030 udah bubar nih ,ciye yang pilih sigendut;;;;
Agrinas mau kontrol manager karena untuk pengerahan kantung suara. Kalo jadi P3K mereka gak bisa pressure 🤣🤣🤣🤣;;;;
"Kita pernah mendengar ulasan ""ANCIENT BRAIN""  dan ""MODERN BRAIN"" ????
Tinggal kita pakai yang mana menilai geprakkan dari ide KOPDES ...
Disayangkan pola pikir para pejabat masih terlalu tertanam ""ANCIENT BRAIN"" srhingga di abad modern saat ini sdh harus DITANGGALKAN""  Sangat kontradiktif dengan pola kehidupan yang semakin telanjang di dunia GLOBAL.";;;;
DAN TUJUAN KOPDES INI ADALAH MEMATIKAN PANGKALAN GAS LPG,AGEN GULA,BERAS DAN SEMBAKO LAIN NYA.. MAKA CEPAT ATAU LAMBAT AGEN LPG ITU DI DESA DESA TIDAK AKAN ADA LAGI SEMUA HANYA ADA DI KOPDES;;;;
JADI GINI KOPDES ITU YANG MEGANG ADALAH KADER DARI PARTAI PENDUKUNG KEMENANGAN PRABOWO GIBRAN.. KOPDES INI SUDAH BOCOR DULUAN DI KALANGAN KADER KADER PSI DALAM PEMILIHAN DPRD DAN DPR RI DI TAHUN 2024.. NAH UNTUK MENRAUP SUARA DARI KALANGAN MASYARAKAT DESA DESA MAKA SI PARA CALON DPRD DARI PARTAI PSI INI MENYEKENARIOKAN BAHWASANYA JIKA SAYA TERPILIH MAKA AKAN ADA KOPDES DI DAPILNYA. . KOPDES DAN MBG INI PROJECTNYA JOKOWI DAN GIBRAN;;;;
Bukan cuman partai politik yg nitip ormas2 juga banyak yg nitip juga dengan alasan pengawasan;;;;
gas terus sampai abis APBN dan IDR bikin ATH baru terus;;;;
Bawa joged aja;;;;
Tes manejer kooersi hanya formalitas..yg bkal lulus smua org titipan..elit rlit keponakanlah.keluarganyalh.sepuounyalh...anak ksmpangnya lh....;;;;
hmm;;;;
Negara kayak dibuat dagelan. Suka suka bikin program tidak jelas 😅;;;;
Pengurus dan pengawas kita tolong di bahasa juga min. Kita merasa sia-sia;;;;
"Kok lembaga2nya jadi bekerja gak sesuai jalurnya ya 😅😅😅

Amburadul bener";;;;
Tentara dianggap pintar;;;;
Usaha belum jalan,barang yang akan dijual tidak jelas,rata2 pelamar kerja titipan & minim pengalaman bermimpi jadi manajer,enaknya dijogetin aja 😂😂;;;;
"Urus BUMN sj yg besar, itu aj rugi padahal kebanyakan monopoli. 
Coba yg kecil kasih ke rakyat, kalo dak malah jd lahan baru korupsi";;;;
"- BGN --> MBG --> waste
- KDMP --> high risk
- Kabinet GEMOY --> high cost
- Transparansi Bursa --> TRUST issue

-- KONOHA's IGNORANCE? --";;;;
Makin nyata kebodohannya para pengemban amanah rakyat ini , dan semakin cepatlah menuju kehancurannya negeri ini , 😂😂😂😂;;;;
Makin nyata kebodohannya para pengemban amanah rakyat ini , dan semakin cepatlah menuju kehancurannya negeri ini , 😂😂😂😂😂;;;;
Makin nyata kebodohannya para pengemban amanah rakyat ini , dan semakin cepatlah menuju kehancurannya negeri ini , 😂😂😂😂;;;;
antek2;;;;
proses tesnya hanya simbolis aja spaya terkesan profesional;;;;
Tes manager kdmp parah sekali, kemarin saya tes hari ke dua aneh sekali jawaban bisa berubah sendiri a jadi b , b jadi c , c jadi d, bukan saya aja tapi kejadian masal seluruh Indonesia, menurut saya aneh sekali sistem seperti di kunci tidak boleh milih jawaban yang benar.;;;;
Para maling rampok rajin bikin narasi merongrong pemerintah karena harta korupsinya sudah mulai terdeteksi,anggaran anggaran siluman di hapus total;;;;
Rakyat sendiri hanya sebagai penonton.. Sangat menyedihkan;;;;
Semakin banyak acara, semakin banyak yg dapat kue. Semua yg makan akan saling melindungi di 29 nanti..;;;;
carut marut negara ini dibuat mereka, bener 2030 bakal bubar ini dibuat sama mereka;;;;
Kacau kebijakan/keputusan pemerintah dengan mengangkat manager KDKMP sebagai PNS. Pemerintah gak paham dengan undang undang perkoperasian No. 25/1992 dan omnibuslow;;;;
Manajer koperasi dapat gaji dari sisa hasil usaha. Besarannya ditentukan dari Shu dan keputusan besaran, ditentukan oleh rapat anggota .;;;;
Sptnya keluar dari makna Koperasi yg dirintis oleh pendahulu2 kita,,,Koperasi itu punya anggota, modal dari anggota dan boleh di bantu pemerintah berupa Hibah, pimpinan Koperasi dipilih oleh anggota,,, naaah sekarang bagaimana ???.....;;;;
Guru  Non PNS di desa bisa  tuh di berdayakan  di koprasi , mereka  cakap;;;;
Import pickup gimana, lupa ?;;;;
"Jangan tunggu 2 tahun dijamin sudah bangkrut...!!!
Bentuk koprasi gampang...!!!
Tapi mau jalani koprasi itu tidak mudah.
Paling selesai dibancakin kopdes kdmp ini bakal tinggal papan nama saja.";;;;
Kalok ada manager arti nya melanggar undang undang koperasi... Koperasi itu hanya ada ketua.. Sekertaris.. Bendara...  Di pilih anggota... Dan rapat anggota tahunan itu yg tertinggi😮😮😮..... Ngacokkk;;;;
kl ini sih jelas korporasi bukan koperasi;;;;
remuk;;;;
Banyak yg ujian pilihan yg dipilih pindah sendiri ke opsi lain...ini memang menurunkan kepercayaan pada BKN karna ulah perekrutan yg kurang persiapan kayak gini;;;;
Lama2 banyak program yang menurut keyakinan saya tidak pro rakyat;;;;
jelas, nyata, sebenarnya negara mampu menggaji guru lebih layak tapi negara memilih untuk tidak menggaji guru dengan layak;;;;
Proyek politik utk 2029....pekerjaan pemimpin yg gak kompeten....;;;;
"tes hanya formalitas😂😂😂 tpi sdh di tentukan siapa yg lulus
tmn2 saya banyak😂😂😂😂";;;;
Lah yg seleksinya dari TNI, harusnya penganggaran gaji biar masuk aja ke TNI juga 🤣🤣🤣;;;;
Buat kalian yg g lolos bersyukur lah..karena jeratan politik telah menjauh dari anda;;;;
Jgn kan melamar jd manager, lamar jd pasukan di jalanan aja harus ada ordal;;;;
Koprasi kok ada menager, dr pemerintah lagi? Namanya koprasi bukannya SDH punya aturan sendiri ttg lembaga sekelas koprasi? Bukannya koprasi itu pengurusnya di tunjuk oleh anggota?;;;;
"Koperasi Desa Merah Putih (kdmp) dibangun atas INPRES.
Desa wajib siapkan lahan, TNI yg bangun, brp % potongan anggaran yg DI TILEP? Setelah selesai mjd aset desa, bingung mau diapain.
Dana bangun dan modal usaha dari pemerintah, yg ternyata DANA DAERAH/DESA utk bayar kredit bank 6 thn, tersisa hanya utk gaji staf kantor desa.
6 Thn kedepan, DESA  tdk ada dana utk bangun jalan, perbaikan rumah dan bantuan orang miskin.
Akhirnya KDMP jadi semak belukar. Ditipu lagi rakyat. Itulah Konoha.";;;;
Anak saya juga S 1 baru lulus kuliah dia PGN tuh daftar ,tapi GK semangat kata dia masalahnya pasti udah d tentukan yg dapet nya  karena orang dalam pasti bermain , itu udh pasti la ,y;;;;
Tanpa Meritokrasi dijamin Hasilnya AMBURADUL bin Ruwet.;;;;
Bowo, bowo;;;;
Repot2 cari mngr,,, guru honorer siap dr PD 2027 nganggur😅😅😅🔥🔥;;;;
gawat negara dibikin bancakan begini, role model awalnya siapa lagi kalo bukan geng solo;;;;
Niatnya dari kata kata Presiden itu  bagus…ketemu Guru bilang akan saya naikan gaji guru /honorer 2 jt tiap bulan…ketemu buruh akan saya bikin juta’an rumah subsidi…ketemu ojol bilang akan saya naikan penghasilannya….keteme nakes akan saya renov seluruh puskesmas di Indonesia segera…ketemu Pak Jokowi bilang ….” Hidup Jokowiii….tapi harga sembako mahal diem diem bae😊 yg jelas nyari kerja sekarang susah!;;;;
pragib joko wee, tidak ada pesta yang tidak selesai;;;;
kl.mau bisnis mndg kluar dr pemerintahan;;;;
Jujur banyak sekali kejanggalan yang saya alami pada saat mengikuti tes mulai dari sistemnya ambaradul atau berantakan;;;;
Kalo saya sih g bakal mau belanja di koperasi itu biar bangkrut sekalian, bukannya membuka 19 juta lapangan pekerjaan malah mau ngerampok kerjaan yang sudah susah payah dibangun oleh orang lain.;;;;
Bahas jg soal error pas CAT jg.. Apakah ada potensi titipan dr partai td atau hanyar error karena kurang siap sistemnya aja;;;;
Rakyat kembali dipaksa menelan pil pahit;;;;
"Perlu di usut recruitment KDKMP.. Saya termasuk saksi yg ikut tes di BKN, jawaban yg dipilih berubah""... Kasian teman"" Udh ngeluarin dana transportasi, penginapan dll.. Hamya untuk mengikuti Tes KDKMP, eh malah di kebuli.. Begini  banget jadi warga +62😂";;;;
Program goblog dari pemimpin goblog;;;;
Menarik kalo tempo mau breakdown investasi kemenkop ini ke mana saja, KPI dan objective ya terukur atau tidak.;;;;
"Sangat amburadul sekali neg3ri ini dibawah kepemimpinan  @prabowo inilah bukti bahwa generasi TNI sekarang tidak mampu menangani pekerjaan sipil 
Prabowo menjadi  presiden sekarang ini karena kemudahan² yg ia dapat bukan karena kepandaiannya";;;;
Bangunan nya saja banyak yang mangkrak, lokasinya yang tidak strategis,dan masih banyak lagi hal hal yang tidak benar, kalau saya sih pesimis, sepertinya kdmp ini bakal bubar ditengah jalan;;;;
"PARTAI WAJIB DIKURANGIN
SUARA KURANG DARI 10%
PARTAI WAJIB DI CORET.
KARENA BIANG KEROK KORUPSI DAN KORUPTOR 
DI INDO ITU DARI PARTAI DAN LEGISLATIP.
2029 TDK PERLU ADA PILKADA DAN PILKADES
TRIPIDA WAJIB DI TEGAKAN LAGI.KITA TDK BUTUH DEMOKRASI PAKAI DUIT.
LANGSUNG TUNJUK LANGSUNG OLEH PEJABAT DIATAS NYA.
JANGAN BUANG2 DUIT.
TDK BOLEH PILKADA LEWAT PARTAI DAN LEGISLATIP.
KARENA MENYENGSARAKAN RAKYAT DAN CALON.
 INI BERDAMPAK KORUPSI DAN MENJADI KORUPTOR.
KARENA SUDAH MENJADI JONGOS PARTAI DAN JONGOS LEGISLATIP";;;;
saya pernah jalan2 di rembang, ada kopdes yg dibangun di tengah sawah…ga ada rumah sama sekali di sekitarnya;;;;
Reset Indonesia ❤;;;;
tes CAT-nya KDMP kok gak dibahas?;;;;
Yang patut jadi sorotan adalah banyaknya peserta seleksi ketika menjawab soal jawaban yg dipilih A dikomputer jadi D. Jadi tidak sesuai dengan kemauan peserta.;;;;
Inti dari masalah ini adalah SDM rendah. Sangat berbahaya posisi penting dalam pemerintahan diisi oleh SDM rendah.;;;;
Feeling saya, kok koperasi ini akan gagal ya, sebab hitung-hitungan modal, penjualan dan keuntungan yang dihitung para ahli, tidak mungkin membiayai koperasi itu;;;;
Sy sbtulnya paling males ngomongin politik, tapi lama kelamaan kok segala hal yg berkaitan dgn pekerjaan & ekonomi sy msti bersinggungan dgn kebijakan pemerintah yg bodoh ini (aturan ribet, pungli dll) . Hidup makin lama terasa berat, tolonglah pemimpin revolusioner, rombak semuanya, sy dukung;;;;
Kopdes. Ini bansos next level..   cara baru pemenangan pemilu;;;;
J4M1N saja prabowo jadi presiden seumur hidup,...sehingga tidak ada ulah2 kebijakan yg tabrak2 tata negara.;;;;
So sad ya. Sebetulnya dari dulu begini, dan skrg lebih gencar krn sering ter ekspose krn sosmed. Apa ya akar masalah Indonesia bisa begini terus? Sudah hampir 81 tahun umur Indonesia..😢;;;;
KDMP itu kga jelas dlm hal aturan mainnya. Saat ini koperasi yg berjalan msh mengacu kepada aturan main, yaitu UU Perkoperasian No. 25, Thn.1992. Pernah diterbitkan UU Perkoperasian NO. 17 Thn 2012. Tapi sempat dianulir karena dianggap berbau kapitalis, tidak sesuai dengan prinsip ekonomi kerakyatan, dan kegotong royongan. Namun ada perbedaan yg mencolok dlm pendirian koperasi, setelah kemenkumham dilibatkan dlm  pendirian koperasi di Indonesia. Shg Kemenkop dan UKM hanya bertindak sbg pembinaan saja (kga jelas). Dengan dilibatkan Kemenhumkam dlm pendirian koperasi, bayak aturan dan persyaratan dlm pendirian koperasi itu (rumit, jelimet dan mahal). Yang menjadi pertanyaan, KDPM itu mengacu kepada aturan yg mana? UUPerkoperasian 1992 atau UUPerkoperasian baru? Apakah UU baru itu sdh terbit, dan sdh sosialisasikan? Jangan tergesa²lah, toh pesta demokrasi msh jauh. 🙏🙏🙏;;;;
Potensi ketidakberesan dan kejanggalan pasti ada. Karna itu perlu orang2 kritis dan analitis untuk selalu di check and balance. Percuma kalo cuma narasi dan obrolan di belakang tanpa melakukan solusi agar tidak terjadi pembiaran ketidakberesan. Anggaran MBG sudah bobol banyak terus ditambah dengan ini tanpa pengawasan dan keterbukaan, lalu Indonesia akan dibawa kemana kah ??? Kasian masyarakat yang tidak bisa berbuat apa2 tapi mau tidak mau menerima sistem yg sudah berjalan;;;;
sya ketemu dengan bendahara koperasi merah putih di desa merasa kecewa setelah berjuang ikut terlibat di KMP. merasa terancam kalo Manajer Koperasi Merah Putih dipilih dari pusat para pengurus yang lama akan tersisihkan;;;;
Yg menjadi anggota koperasi itu siapa ?;;;;
Pada akhirnya acara bagi-bagi kue pada parpol pendukung juga dilakukan pada KDMP.;;;;
Ahok Presiden 2029;;;;
Justru dgn sistem Test online seperti itu sangat mudah di SETTING oleh penentu kelulusan bahkan bisa disetting seperti algoritma judol;;;;
"Siapapun yg ikut seleksi manager KDMP jikalau dak punya ""ORDAL"" dak punya ""JEJARING DGN OKNUM"" jangan harap lolos";;;;
Mana kualitasnya tempo ...menurut saya media ini tak ada kualitasnya sama sekali (zonk kuality);;;;
Wajar dalam pengrekrutan manager di KDKMP melanggar UU no 25/1992 ttg perkoperasian;;;;
Akhirnya cuma jadi lahan korupsi aja, kopdes merah putih ?  Tata kelolanya juga gak jelas;;;;
Indonesia gelap;;;;
udah di tunjuk jadi bendahara tapi setelah di pikir matang-matang akhirnya lebih baik mengundurkan diri saja daripada beresiko, cukup memantau saja;;;;
Masih bisa dipercaya kah test 2 seperti itu?Paling juga diisi ordal,kalau nggak ya orang titipan.Gak bisa diharap.Kasihan nanti yang benar2 punya kapasitas dan kemampuan tapi cuma di php.Mirisnya pemerintahan sekarang 😭😭😭;;;;
Beginilah jadinya klau program dipaksakan...;;;;
Media yg tak pernah apresiasi pemerintah ,, padahal cari makan di indonesia...;;;;
Korupsi Merah Putih;;;;
Saran saya: bagi rakyat tak usah ikut2an MBG atau KMP, sebisa mungkin yg bersangkutan dg pemerintah jgn ikut andil.;;;;
Sudah disiapkan manajer untuk pemenangan pemilu dan pilpres, makanya para pemimpin partai yg menjabat di beberapa kementerian saling rampas agar orang mereka yang mengisi posisi jabatan manajer itu;;;;
menejer kdmp gajinya berapa memang;;;;
Pajak dari hasil keringat rakyat...digunakan scra ugal2an dgn seenak udel oleh emerintah dan kroninya;;;;
KDMP dijamin Gatot;;;;
Periode ini adalah periode paling memuakkan hasil kecurangan Dajjal jokowi;;;;
Itu akal²an licik dan TSM saja untuk menempatkan kader suatu partai atau individu ke tahun 2029 untuk meraup suara.;;;;
Rusak mending permudah rakyat kecil buka usah dan naik tingkat kayak gini sejak ada PPPK rekrutmen amburadul setatus GK jelas mana ada logikanya hanya untuk puluhan ribu orang jutaan manusia di Konoha turun tingkat coba lah pemerintah buka mata.;;;;
orde baru reborn 😂😂😂;;;;
"Manager Sudah disiapkan sebelum recruitment 

saat proses recruitment peserta hanya formalitas alias gak dilolosin 😂😂 karena ya itu Manager udah disiapkan sebelumnya oleh pejabat terdekat mereka 😂😂";;;;
Negara dibuat ajang mainan;;;;
"ANDA LUPA, UANG UTK BANGUN KDMP ITU KORBAN KAN DANA DESA YG HARUS NYA UTK SEJAHTERAKAN MASYARAKAT DESA.
MULAI TAHUN INI SELURUH PEMERINTAH DESA DANA DD NYA DI POTONG 600 JUTA SETIAP TAHUN SELAMA TIGA TAHUN. PARAHNYA KDMP TIDAK BISA DIKELOLA OLEH PEMERINTAH DESA..??!";;;;
Negara kok tata kelolanya gini banget ya 😢;;;;
Negeri ini very soon tinggal tengkurap. Kementerian pertahanan nolak mungkin do it nga gede,,,, coba suruh urus. MBG He heee.  Semua orang bermasalah di structure nya. Kacau Prabowo dalam ketidak tahuan atau kedinginan ya. Proyek triliunan ngasalll gila;;;;
"Dengerin ini sambil kerja, sebelahku ada anakku yang kemaren ikutan utbk. Pas bahas ujian mereka ini bisa langsung keluar hasilnya, anakku nyeletuk.. ""kok utbk gak langsung keluar gitu juga ya.."" 🥲";;;;
Baru diera  presiden prabowo  rogramnya amburadul dan kontroversi.kayaknya pemimpinnya itu ngk becus dan blok on;;;;
Kami Difabel Butuh Dalam Rekrutmen 🙏🔥♿♿♿♿❤️🇮🇩;;;;
Koperasi KMP baru sebulan ditempatku sudah sepi ini mau bertahan 2 thn😂, hanya menghabiskan uang negara;;;;
Peralatan rekruitmen BKN mestinya sdh punya, misal laptop, apa harus ganti setiap ada rekruitmen 🤔;;;;
Ahirnya bangrut karena uangnya buat Bancakan .;;;;
Agrinas the new BGN. Joao the new Dadan 😂;;;;
koperasi yg aneh😮;;;;
ganti Presiden bisa jadi ganti kebijakan 😂;;;;
Test formalitas, bnyk peserta yg jawabannya berubah;;;;
Aneh usulan gaji manager KDMP dibiayai APBN kan ada keuntungan koperasi yang bisa dipakai;;;;
ASN udah ga perlu tes lagi, cuma perlu jadi kader? 😂;;;;
"Manager KDMP gajinya segede ky SPPI MBG ga?
Ap masih ad yg minat jd guru?😂";;;;
Contoh2 Pejabat goblok. Udh ada contohnya di Indomaret, Alfamart, family mart, HokBen, dll cara ngelola suatu organisasi penghasil profit. Gimana cara mereka management organisasinya. Eh ini contoh2 pejabat malah goblok mempersulit diri sendiri. Itu kan bisa pake sistem atau caranya Indomaret Alfamart dll gtu. Gimana sistemnya bekerja, jobdesk staff di lapangan, tugas manager store-nya gmna, dll. Bgtu jg perekrutan pekerja mereka. Gaji2 mereka dll. Ngapain kita pusing mikirin sendiri contoh ada prosedur ada SOP ada kebijakan ada yaudh pake itu nnti di kembangin sesuai kebutuhan;;;;
incompetent leaders make incompetent citizens🤣🔥;;;;
Up;;;;
Lokasi KMP yg jauh dr pemukiman krn desa di paksa hrs ada tanah yg luasnya d persyaratkan... ya ada tanahnya yg jauh ya di situlah di bangun... yg beli nnt hantu2...🤭😃;;;;
"Koprasi itu dari,  oleh dan untuk anggota. Aneh juga kalau segalanya diatur Pemerintah, termasuk manajer.
Ingat kasus KUD masa lalu, sekarang sudah mulai lenyap.";;;;
PNS koperasi;;;;
Jelas² kdkmp sdh ada pengurusnya mengapa harus dipaksakan ada manajer;;;;
Perusahaan monopoli yg dipimpin oleh pemerintah saja mengalami kerugian. Apalagi Perusahaan gurem, Makin terabaikan;;;;
Tempo tolong angkat nasib pengurus , sampai saat ini tidak jelas nasib nya;;;;
Pemimpin Bodoh yah begini jadinya😅😅😅;;;;
Yang lebih lucu ini status pengurus di KDKMP , dari awal di bentuk pengurus tidak ada kejelasan bagaimana nanti, hampir setahun dilantik tapi hanya untuk tameng nama kopdes, ujung nya tidak di pakai, aneh;;;;
Kacaooo..;;;;
Bagi-bagi mulai ke tingkat ecek-ecek ... manager koperasi 😜😜😜;;;;
Ad yg sok tau, BKN g ngoper2 laptop dr pusat k daerah mereka pake vendor, bisa disimpulkan g semua apa yg mereka bicarakan ini valid, tapi yg pasti proses perekrutan memang tidak mulus;;;;
😭😭😭;;;;
#NAME?;;;;
Koperasi tsb harus di kelola secara Perusahaan yang Mandiri, bisa mencontoh Alfamart atau Indomart atau Perusahaan Ritel lainnya;;;;
Tesnya aja ga jelas, Jawabnya secara random berubah dengan durasi pengerjaan yang ga ngotak 228 soal 62 menit;;;;
Kepala ikan sdh busuk maka ekornya akan busuk juga secara perlahan;;;;
Di KDMP ITU KAN SUDAH ADA STRUKTUR PENANGGUNG JAWAB..KETUA PENGURUS,BENDAHARA,SEKERTARIS..trus manfaat mereka apa..buat pajangan?kasian juga karena wacana gaji mereka masih blm ada tapi pusat memprioritaskan rekrutmen managernya..;;;;
"Nah khan blm2 aroma ""titipan"" sdh tercium. Sdh progam KDMP ini g jls dr tujuan hgg manajemen perekrutan pegawainya ditambah sdh mulai kader2 parpol kasak-kusuk di situ. Sumpah emang sampah semua isinya politisi & parpol itu. Penyakit negara ini...!!!";;;;
"Apa yg telah gagal dilakukan Harto selama 32 tahun,mau diulangi lagi oleh Wowo.Harto dulu bikin Koprasi Unit Desa,dan gagal.Harto dulu bikin Food Estate dengan bikin lahan gambut sejuta hektar,dan gagal.Harto dulu memberi kekuasaan besar pada militer hingga setiap aspek kehidupan sipil ‘diatur’ bahkan ke tingkat RT/RW,juga gagal.
Apa yg membuat Wowo yakin bahwa kali ini akan berhasil?";;;;
😂😂😂😂;;;;
Maklum yg didepan LANSIA😂;;;;
*REZIM ORDE EGOIS !!!*;;;;
Rekrut rekruitmen tidak ada kesiapan..!!!;;;;
rezim gila, KKN mau dilanggenggkan. emang mengarah ke bubar ini negara.;;;;
"TEMPO tolong Bahas PNPM ... 
Mending ini hidup lagi";;;;
sppg, kopedes, tni, polisi, kementerian, asn, kepala deaa, buzzer, relawan dan partai nanti akan bergerak semua utamanya dana turun lewat sppg dan koperasi yg menjadi garda terdepan dalam menyebar bansos, uang dan ancaman untuk memeilih prabowo 2029, hati2 jangan sampai rezim ini prabowo.dan geng solo menang lagi, mereka sekrg membodohi kita jadi nanti kita permainkan juga ambil uangnya dan bansos tapi jangan pilih dua rezim tersebut, kita harus reset indonesia. mari konsloidasi terus dan berjaung.;;;;
Kasihan anak2 muda itu kelak mereka akan bertanggung jawab mengembalikan pinjaman 3milyar yang tidak pernah mereka lakukan;;;;
Media cendol lima ons;;;;
"Maaf tetap kurang tajam :
1. Harga Gas LPG 3kg harga subsudi dari pemerintah diangka 12.750 (koreksi kalo masih salah)
2. Kalo Program KDMP ini berjualan Retail, sedangkan anggotanya adalah selurah rakyat yg ber KTP Indonesia yg oStosmatis akan berdakpak pada pembelanjaan Retail diwilayah Desa / Kelurahan setempat ... tolong dihitung berapa banyak UKM (warung sembako kampung) yg akan mati usaha .. 
Terima kasih atas ulasan2nya .. 
Lain kali tolong yg lebih detail lagi ..";;;;
Masuk partai PAN KLO mau jadi manajer di kopdes,,;;;;
🤭;;;;
ruwet banget negeri ini makin lama...;;;;
ISINYA ORANG PAN DAN SIMPATISANNYA. TENTU NGA KERJA GRATIS, IMBALANNYA NANTI BUAT 2019😂;;;;
Biarkan saja, semakin membusuk semakin cepat terurai. Siklusnya memang begitu. Tutup hidung dan jangan sampai tertular pejabat ban*k*i di negara ini;;;;
"Koperasi merah putih kalo mau aman, dipegang aja ama manajemen PNM atau PNPM yg pernah ada di tahun 2007 sampai 2014. Manajemen PNM sudah jelas kredible, PNM yg notabene terdapat manajemen kredible aja masih ada oknum2 Fraud, ini Koperasi dipegang manajemen yg entah darimana. Kalo mau aman, niatnya baik Koperasinya harus dikelola manajemen seperti perbankan asa audit internal (QA) dan audit pusat berjenjang, agar lebih transparan dan akuntable.
Ingat yah perbankan saja yg manajemen resiko berlapis Fraud masih ada apalagi ini Koperasi baru tata kelola SDM recruit dari mana  resiko tatakelola macet & fraud tinggi, dan kalo pemerintahan berganti Kejaksaan, KPK bisa audit mundur pasti akan banyak yg masuk penjara karena akan timbul masalah kerugian negara.";;;;
Koperasi Merah Putih adalah langkah strategis menghadapi persaingan ekonomi global. Dengan manajemen profesional, digitalisasi, dan pengawasan yang baik, koperasi bisa menjadi kekuatan nasional untuk memperkuat UMKM dan kesejahteraan masyarakat.;;;;
Negara lain sibuk untuk mengejar masa depan, kita sibuk mengurus benang kusut ini;;;;
Perbedaan pandangan Kemenkop dan PAN-RB adalah hal wajar dalam demokrasi. Kemenkop fokus memperkuat ekonomi rakyat, sementara PAN-RB menjaga anggaran dan sistem ASN tetap sehat agar program berjalan berkelanjutan.;;;;
Perekrutan manajer profesional Koperasi Merah Putih menunjukkan pemerintah serius membangun ekonomi rakyat yang modern dan terukur. Di tengah krisis global, koperasi harus dikelola SDM kompeten agar kuat, transparan, dan mampu membuka lapangan kerja.;;;;
Minimal pernah ngelola madura mart;;;;
Bahas mengenai test cat yang error dong;;;;
Mereka cari orang bukan buat ngurus koperasi,,,tapi cari orang untuk di rekrut jadi ranting partai gerindra,,,dengan menggunakan uang APBN,,licik benar😮;;;;
26:40 😅😅😅 Bener2 di tengah kuburan dong.;;;;
Menurut saya program apspun pasti yg kerja hanya untuk partai pendukung;;;;
"Hakekat koperasi aja pd tdk pahamm... bispro tdk jelas... terus aktifitas koperasi utk mendorong ekonomi rakyat pedesaan spt apa???
yg sangat jelsss sampai saat ini... anggaran habisss";;;;
dari dulu itu semua desa.kecamatan  punya KOPERASI UNIT DESA....yang mengelola macam maca.m seteleh sekian lama banyak bubar krn  korup....  kok bergaya bikin Koperasi lagi....wk..wk..wk...yaa kita lihat saja  penghamburan uang selain MBG  he..he...he...;;;;
Ah shitt gw kemarin ikut test udah pengeluaran banyak dari buat suket di rsud , matrai dan buat foto ongkos pp hampir hbis 1jt sangat berefort ikut bimbel dan hasil nya gak maksimal dengan test yang waktunya singakat mana dihadapi sistem cat nya eror kemungkinan setingan alhasil nilainya gk maksimal juga 😢 ternyata sudah ada calon nya ,, test hanya formalitas publik saja 😅;;;;
KDMP dan MBG progam bodoh;;;;
Agrinas dan beberapa institusi bentukan Prabowo yg keuangannya nggak benerpun nggak bakalan tersentuh KPK, sudah kelihatan tanda-tandanya;;;;
Kopdes ini jelas proyek korup di desa kami yang kecil saya ada 3 yang saya tau mungkin lebih dalam proses pembangunan,disini ada 1 Indomart itu aja sepi lah ini 3 kopdes siapa yang belanja disana anjir, bukan nya sejahtera in rakyat dulu malah buka toko;;;;
"Kl pada ga Nerima,tinggal laporin aja apa susahnya 😂😂😂😂
Ga perlu banyak komen ini itu 😅";;;;
"egk beres bahkan dibeberapa desa sudah ada struktur pengurusnya 
tidak ada transparansi yang jelas";;;;
Koperasi merah putih kalau ingin maju, Bagaimana masyarakat konsumen yang belanja di koperasi dikasih member/ keuntungan secara tidak langsung masyarakat merasa memiliki karena mereka juga sebagai anggota koperasi disebabkan mereka mendapatkan untung. Walaupun sdh ada kepenggurusan nya masyarakat pembeli juga ingin koperasi maju disebabkan mereka/ masyarakat mendapatkan keuntungan.;;;;
Manager. Baru kali ini yg.. Ga perlu pengalaman.. sebagai syarat ikut seleksi;;;;
apa-apa kemenhan apa-apa TNI;;;;
Sejak awal nggak tertarik;;;;
semakin lama semakin bobrok...;;;;
Yg jelas dimonopoli negara aja bangkrut, apalagi ini.;;;;
Mayoritas KDMP itu bakal sangat memalukan, coba saja;;;;
Kalo dari track recordnya sih Prabowo senengnya nambahin badan badan ya. Dan prediksi ku, ntar si Dadan dicopot, jadi yang mengepalai koperasi nasional. Terus kepala MBG diambil deh dari PDIP;;;;
Carut marut.....😢😢😊;;;;
Ceo mbg jd ceo kdmp;;;;
menurut UU no 25 th 92 Pendirian koperasi adalah berdasarkan Rapat Anggota, Pengelolaan Koperasi juga seharusnya dikendalikan oleh Anggota, jika dikendalikan Agrinas apakah sesuai dengan prinsip dan semangatg UU Koperasi????;;;;
😂 tata kelola eek;;;;
di desa sy, rencana KDMP dibangun disebrang sungai yg penduduknya dikit, wkwk, tunggu aja bangkrutnya;;;;
M̊è̊d̊i̊å s̊o̊r̊o̊s̊;;;;
"grace nathalie aman dong !!!!
ahaaayyyyy";;;;
"Test oleh bkn masih transparant
Mudah2an test berikutnya pun demikian
Sehingga yg dinyatakan lolos kualitasnya baik dengan harapan dimasa yang akan koperasi menjadi sokoguru perekonomian segera terwujud";;;;
Kalau cinta sudah melekat gula Jawa rasa coklat 😇;;;;
Kita doakan KDMP segera guling tikar agar kerugian negara tidak semakin parah;;;;
Gua dapet bocoran klo mereka itu ada yg megang ( ordal) makanya sistem eror biar pda ga lulus;;;;
NEGRI BANCAKAN SUKA SUKA GUAH. AJI MUMPUNG LAGI BERKUASA YO EXPLOITE SAMPE TETES DUIT PENGHABISAN. LALU SEBAR AMPLOP DAN INTIMIDASI UNTUK PEMILU BERIKUT;;;;
Manager untuk mengurus badan usaha/ koperasi, yg menguji bais dan tentara.. kok di uji oleh petugas perang bukannya orang dari kalangan bisnis.;;;;
Gk jelas bgt ini proyek;;;;
Jangan2 rekrutmen hnya utk formalitas , pdhl sdh disiapkn org2nyaa....😂;;;;
Dari awal udah kusut;;;;
emang basic nya azas balas saat pemilu, tinggal nunggu hancur nya;;;;
Joao itu bacanya Zuwaw, Mas;;;;
Jatohnya sama kaya SPPI BGN, proses rekrutmennya jauh dari kata good governance. Malah lebih parah SPPI, lowongannya tertutup, proses rekrutmennya tidak melibatkan BKN, peserta cuma dites kompetensi dasar dan tes kesehatan jasmani habis itu ikut latihan dasar militer tau tau lolos jadi kepala dapur MBG abis itu diangkat PPPK. Canggih pokoknya, tanpa SKD, tanpa SKB, tanpa pengabdian tau tau jadi PPPK;;;;
Prosesnya kurang baik;;;;
200T utk program yg blm jelas 😢;;;;
26:15 wkwk padahal karena lahanya aja adanya itu bukan karena alasan lain;;;;
bentar lagi juga bangkrut....kuat klo disuntik modal terus;;;;
Semua nya pesiapan desain pilpres 2029;;;;
Gue dukung. Evaluasi terus menerus.;;;;
Smoga sukses. Hati hati jdi lahan KORUPSI;;;;
Hanyalah akal2an aja bau politik,ada konsolidasi kedaerah dengan misi 2029 supaya menang lagi berkelanjutan, melanggengkan kekuasaan ini cara2 Mulyono rakyat mudah ditipu penguasa 🙋🇮🇩;;;;
Nanti akan berdiri disampingnya Warmad (warung madura 25jam);;;;
🤣😂;;;;
Mulai deh titip menitip. Masa depan nya sudah terlihat jelas  suram;;;;
KKN dimulai era jokowi , sekarang tambah menjadi;;;;
Koperasi gedungnya dibangun di tempat sepi 😂;;;;
Kelemahan sistem recruitment ini bukan di sistem CAT BKN. tapi jika di tambah test wawancara. Atau seleksi ujian yang bersifat penilaian menggunakan manusia. Disitulah titipan dan ordal beraksi.;;;;
jogetin aja bang....;;;;
Bohong pak, kata pejabat BKN. Aku habis mengantar teman ku untuk tes cbt. Hasilnya ga langsung keluar, ga real time seperti yang dibilang;;;;
Yg menyelengarakan siapa dl... sdh bisa kebaca..;;;;
Peminpin bodoh hanya menghasilkan program bodoh, korupsi, nepotisme, kemiskinan dllkarena keserakahan dan inkompetensi. Tinggal tunggu rakyat makin marah aja ini;;;;
Pantesan ada pelamar merasa dirugikan ketika ikut tes di BKN pilih jawaban A berubah jadi D di sistem. Ternyata sudah ada titipan dari parpol penguasa dan tes di BKN hanya pormalitas supaya kelihatan transparan. Jadi selama ini rakyat pencari kerja dibodohi penguasa;;;;
KDMP di tengah sawah, di ata gunung....akhirnya , Pasti gk laku...ujung³nya kita buat Warkop aj😂😂😂😂;;;;
Udh GX heran sih...udh psti 😂😂😂😂;;;;
Combo maut Jokowi menghancurkan Prabowo menghancur leburkan 😂;;;;
Tempo tolong investigasi lebih lanjut donk kecurangan2 dalam pelaksanaan ujian CAT dan ada indikasi permainan uang agar bisa masuk menjadi manager.;;;;
Kan tiap kota/kab. ada dinas kopukm nya tuh, tinggal kasih aja jabatan non struktural untuk yang udah 3c/d terutama yang menjelang pensiun. Itu kalau negara mau niat ga mau lagi bancaan jabatan seperti mbg sih;;;;
"Program, tanpa  kajian, perencanaan yang jelas.
Lihat hasil nya nanti ....";;;;
KOPDES MERAH PUTIH N MBG PROGRAM UNGGULAN PEMERENTAH YG AKAN BERBALIK JDI ANTI PATI KE PEMERENTAH;;;;
OOOH PANTESAN JAWABAN KEMAREN BERUBAH, BARU TAU GUA KALO HARUS NGUBUNGIN ORANG PARTAI. CUUSS LAH KITA BEGERAK NGUBUNGI ORANG PARTAI BIAR LOLOS GAES.;;;;
Anggaran nya si POKOK nya ADA 😂;;;;
"Dari podkes ini manfaat kdmp untuk Menghemat apbn, yg dipakai contoh joao perbedaan harga lpg 3 kg. Di level distributor & end user. 😂😂😂

Bener2 org yg gak pada kompetensinya.";;;;
Hancur lebur;;;;
"Program yg tidak matang jadi cara dn peraturan berubah2 GG jelas 
Saya dari awal Prabowo mencalonkan diri  tidak pernah bisa melihat ekonomi yg handal setelah jadi presiden betul2 amburadul bin omon2";;;;
msih tidak terima nilai segito rendahnya bukannya sombong tp saya merasa saya dan  teman saya yang s2 punya kmmpuan dan pengalaman terlbh menjadi BA ,, tp pas tes diluar ekspetasi serendah itu nilainya..;;;;
"Semakin sulit membayangkan kdmp akan menghasilkan.
Pegawai koperasi sendiri masih harus digaji pusat.

Kalau alfa/indo/warung madura begini, dah lama bonyok";;;;
Tinggal tunggu waktu..KDMP akan senasib dg KUD😊;;;;
bagi2 uang proyek koperasie;;;;
"KMP... Koperasi Milik Prabowo
Proyek penggalangan Dana Dan masa untuk pilpres 2029..";;;;
KDMP termasuk bisnis tapi tata kelolanya tdk profesional, kok spt bazar paling belum genap 1 th sdh tutup tdk kuat bayar cicilan ke bank himbara  😂😂;;;;
Harus diantisipasi dalam merekrut manajer Kopdes merah putih , berkualitas , berkapasitas , berintegritas , , berkapabelitas , amanah jujur berani;;;;
"kopdes g jelas 😂😂 mending buka pasar online negara harga murah"" kopdes buat jalur distribusi";;;;
"Bener lo?

😁";;;;
"Banyak KDMP  yg berdiri jauh dari pemukimam penduduk ( terus mau melayani siapa ) , karena tanpa survey yg mengikuti "" Teori Lokasi yg menguntungkan "" . hanya kejar target kuantitatif sehingga mengabaikan aspek kualitas sosial - ekonomi.";;;;
Semakin hancurrrrrr.....;;;;
"semua  cuma  omon  """;;;;
Jadi teringat ada Media yg minta 55 Miliar untuk meberitakan kinerja Jokowi selama 2 Periode, di masa akhir jabatan nya, akan di muat di media cetak, on line, banner dan Medsos selama 30 hari alias 1 bulan, tapi di tolak 😂😂😂 🤭🤭🤭;;;;
Apakah sang Jenderal peduli ?? 😂;;;;
Indonesia makin Gelap, Sungguh carut marut sekali prabowo ngurus negara ini, kacau balau;;;;
Kacau;;;;
Sebenarnya tidak perlu KDMP. Kembangkan saja BUMD yang telah ada di desa-desa diubah badan hukumnya jadi koperasi. Kemudian pengelolanya diberi pelatihan manajemen bisnis. Pengawasan dari Dinas Koperasi harus ketat untuk mencegah terjadinya korupsi. Masyarakat diperkenalkan dengan nilai-nilai koperasi lewat sekolah.;;;;
"Setau saya, pembukaan rekrutmen manager KDMP itu hanyalah formalitas belaka karena untuk posisi tersebut sudah ditentukan sejak awal.
Di tempat saya P3K pemerintah sudah mulai pelatihan untuk menempati posisi tersebut sesuai domisili yang bersangkutan.";;;;
Sudahlah. Mau di apakan sja. Klu orang bodoh jadi pemimpin. Rusak semua;;;;
reformasi jilid 2 !!!;;;;
kalau memang bermasalah, reformasi aja lah....masi di bayang-bayangi yang membayang soalnya pemerintah sekarang !!!;;;;
"Sadar kah prabowo...
Bahwa dia sdh ugal - ugalan memimpin negeri ini
Menghambur - hamburkan uang APBN utk hal"" yg tdk mensejahtera kan rakyat nya";;;;
Mana ada partai yang nggak titip pprreeeettlah, mana ada maling ngaku 🤣🤣🤣..;;;;
"Kenapa skr semua harga-harga naik..?🤔

Ini disebabkan krn nilai Rupiah jatuh, bahkan terendah dlm sejarah R.I,

Sebagian besar kebutuhan kita berasal dari Import yg dibeli dgn Dolar,

Sy beri ilustrasinya, Seandainya hrg di luar negri tdk naik tetap 1$ yg dlu kursnya Rp7.000 ( era Habibi ) kita perlu mengeluarkan dana 7rb unt membeli 1$,

tetapi skr ( diera Prabowo ) kurs 1$ Rp17.300 maka kita hrs membeli 1$ dgn Rp 17,300

Sehinga skr banyak barang yg hrgnya naik,

Padahal kemarin2 banyak Masyarakat yg berpendapat, NGAPAIN NGURUSIN DOLAR KITA KAN TRANSAKSI DGN RUPIAH😁";;;;
SAYA ketua Pengurus Koperasi ,dari mulai pembentukan sampai sekarang ,banyak waktu ,tenaga dan pikiran,juga uang yg sudah saya korbankan,kadang di bantu pak kades,Tapi banyak masyarakat yg mengira ,kami di beri dana operasional,akhirnya banyak desa yg pengurusnya mundur ,di desaku saja,cuma aku dan wakilku saja yg aktif.yg lain mundur;;;;
maksimum umur 35??;;;;
Harusnya dibahas juga masalah tes CAT PHTC yg banyak eror dan merugikan banyak sekali peserta tes, mungkin take videonya pas belum rame isu ini kali ya, next tolong dibahas dan disuarakan dengan lantang;;;;
Yg waras jangan ikut ngelamar;;;;
msnsjer koperasi dites sedenikian rupa ditut bumb dan komisaris nya tidak dites;;;;
Kader2 partai,,,persiapan 2029,..;;;;
Duit rakyat di buat seenak nya;;;;
Bner2 dah kacau negeri ini,,, jargon bersih dan bebas kkn itu cuma omong kosong doang, utk jualan kampanye saja,,;;;;
"Terkait status manager ini, jauh lebih tepat cukup sbg OUTSOURCHING aja. Dan kalau ingin jadi ASN, jalur nya sama dg ASN lain. 
Misalnya :
1. Syaratnya minimal sdh bekerja aktif tanpa putus selama 2-3 tahun
2. Mengikuti tes CPNS atau CASN. 
3. Klo lolos CPNS jadilah PNS
4. Klo lolos CASN jadilah PPPK Paruh waktu dulu.

Knapa ini penting, biar kinerja MenPAN RB dan BKN gak terganggu, mereka ada skala prioritas segera menuntaskan ASN PPPK PW (Paruh Waktu) harus di tahun ini. Agar tahun depan mereka sdh jadi PPPK utuh, dan istilah PENUH WAKTU dan PARUH WAKTU dihilangkan.";;;;
Tes subtansi manajemen, ada sisa waktu buat periksa ulang jawaban, 3 kali periksa ulang 3 kali juga jawabannya berubah-ubah. Gimana yg tes kognitif yg gada waktu buat cek ulang? Niat cari kerja malah dikerjain.;;;;
KDMP ini instan sekali, sepengetahuan saya yg pernah bergerak dan malang-melintang jadi pengurus Koperasi banyak kejanggalannya dengan KDMP ini ...😂 😂;;;;
Nggak jelas, kdmp dibawah kementerian? Usernya agrinas? Outputnya apa? Yg gaji apbn? Kementerian melayani agrinas?;;;;
Gilaaaaaa prabowo;;;;
Betapa horornya negeriku ini, rusakkk disegala lini.. dan pemimpinnya asyiikk plesiran teroosss.. kacaauu;;;;
"Dari syarat di flyer aja udah aneh :
1. Sarjana 1 SEMUA JURUSAN
2. IPK minimum 2.8

Wajar klo ada omongan ""percuma daftar, udah ada orangnya"".  Krna utk jd manager KopDes ternyata gak peduli jurusan lu apa. 
Dan gimana mau bisa maju dan bener kelola nya kalau manajernya lulusan guru penjas/ PAI atau lulusan keperawatan ? 🙄
Apalagi IPK minimumnya 2.8 😭

Ya buat siapapun yg jd managernya, hati-hati lah.. krna peluang Kolusi dan Nepotis sangat besar. Artinya kalian juga sangat bs ditumbalkan dan mudah digantikan

Terkait adanya pelatihan dr BAIS dan KEMENHAN, menurutku percuma. Krna nanti dilapangan akan berurusan sama ormas AKAMSI, kepentingan2 desa, dan (oknum) preman/mafia desa.

Lu mau kekeh tegakkan ideologi dan ajaran dr Bais dan Kemenhan = Resiko di teror, ditekan hingga ""dihilangkan""";;;;
"Tau BUMDES??  Berguguran padahal modalnya hibah..
Koprasi Desa Merah Putih?! Kita lihat aja dulu duitnya ngalir kemana... KPK, ispektorat, sudah siap???";;;;
Jngankan Pkerjaan yg ada Gjinya...untuk mengikuti Program Pemerintah Pusat dn Daerah aja utk Pelatihan atau BLK aja udh pesanan semua orgnya...tanpa ada punya Relasi ngg akan bisa msuk.;;;;
Boooss   ini memang program aneh... koperasi  itu kan punya azas...   yaitu dari anggota, oleh anggota dan untuk anggota...  lha knmp  ini  anggotanya  siapa..?  Sedangkan keputusan tertinggi  koperasi itu an dirapat anggota...,   kau semua ditopdown dari negara ini terus gi.ana azas koperasi ini..;;;;
klo LPG di kopdes bisa 15000, di pasar 20.000, kenapa tidak dibenerin yg di pasar spy jadi 15.000?tidak mampu?Ngga malu pemerintah bilang begitu? itu menjelaskan klo mengatur penjualan saja tidak bisa/menyerah.;;;;
Ordal akan bermain disini, lagi2 mereka yg punya link saja yg di terima;;;;
Mbg & kdmp, cara legal  merampok uang rakyat;;;;
Sudah ada jatah utk org2 dari para kroni kekuasaan yg akan mengisi posisi direktur/manajer di kdmp. Ujian online cuma trik busuk utk memberi kesan seolah2 perekrutan direktur dan personil kdmp transparan dan bebas kolusi dan nepotisme.;;;;
Sudah MUAX melihat negara ini;;;;
Yg ikut tes aja blng komputernya eror.....kyk nya mmng d seting eror .peserta milih jwban A..bs berubah jd C.dah tau eror ngapai d gunakan;;;;
"Amburadul banget sih negara ini ya.
Koperasi kok dibawahi BUMN, bukan Kemenkop.

Rekrutmen dan Pengangkatan itu masalah yang berbeda. Jumlah hasil rekrutmen selalu lebih sedikit dari jumlah yang diangkat.

Tapi, ngapain lah mikirin tata kelola KDMP.
Lha wong sebentar lagi, saya yakin rungkad semua kok.";;;;
"SAYA eks Manajer Koperasi 2008 - 2019. 
Boleh saya memprediksi ( hasil analisa obyektif ) :
Akan lebih dari 50% KDMP maks 2 tahun kedepan BANGKRUT dan bangunan MANGKRAK. Semoga ada yg CATAT.";;;;
21:11 ujung ujungnya jadi bancakan orang dalam & orang partai 😂;;;;
"MBG, KDMP merupakan progran andalannya Prabowo/ Partai Gerindra yang bakal menjadi beban negara/perintahan di masa"" yang akan datang setelah mereka tidak berkuasa. Melihat jejak dan peri laku mereka paling satu periode itu pun entah selesai apa tidak.";;;;
Negaraku RUWET pejabat pada sibuk KORUPSI;;;;
"Saya pernah ikut seleksi tes pendamping/ BA KDMP. Jangankan rekruitmen manajer kopdes merah putih, wong rekruitmen pendamping dan bisnis asisten / BA kopdes merah putih saja  sangat aneh, yg akhirnya diterima itu ya TITIPAN ORDAL. Sudah bisa dipastikan seleksi yg lebih tinggi pasti ngga beres.
Bicara lokasi gedung KDMP ya jauh dari pemikiran lokasi yg strategis utk hitungan bisnis karena kebanyakan Makai lokasi tanah desa/ bengkok. Itu banyak lahan tanah desa berupa sawah beralih fungsi jadi bangunan gedung. Paradok sekali dg cita cita memperluas lahan pertanian. Padahal ada peraturan bahwa alih fungsi lahan  / tanah desa dari lahan produktif seperti sawah harus melalui proses panjang dg ganti tanah yg sepadan. Realitanya aturan itu di tabrak saja.";;;;
pihak yg dianggap antek asing, lebih kritis terhadap tata kelola negara agar terimplementasi GCG..ketimbang pihak yg mengklaim nasionalis dan tidak antek asing. Niat yang baik tidak akan memberikan hasil yg baik jika tata kelola dari awal, tengah dan prosesnya buruk dan semrawut...Ini negara mau dibawa ke mana dengan tata kelola yg amburadul,, jangan2 antek asing tuh adalah pihak yg selalu menuduh pihak lain antek asing... sengaja membuat tata kelola negara yg buruk agar output yg dihasilkan pun jadi buruk, sehingga asing bisa take over...;;;;
Semakin banyak badan/lembaga/ kementrian kok jadi malah tambah ruwet gitu sih, jadi tumpang tindih, rawan miskomunikasi;;;;
Dulu ada KUD, trust dimatikan. Eh sekarang ada KDMP, Aya Aya wae . Ada MBG aja harga  kebutuhan aja Naik, ya hitung hitung impas. Tapi real ya masyarakat rugi. Itulah Konoha Indah diliat dari teori saja;;;;
Biarno nt 2029 tdk akan kupiilih lgi,bahaya orang ini;;;;
Bukannya membuka low perusahaan swasta ,perusahaan pemerintah yg gaji uang rakyat LG,bukan efesien SdM,tp pemborosan;;;;
Sejak dulu selalu seperti itu.....jadi gak heran ... dinegara ini apapun sepertinya butuh ordal;;;;
Heran jadi presiden suka nya ngasih target kuantitas. Sedangkan pemda dituntun kualitas;;;;
"Negeri mafia.
Pemerintahan semau gue.
Rakyat jdi obyek permainan politik busuk.
Rasionalitas akademisi & cendekia dilecehkan.
😖";;;;
BAP bisa, kayak, 2 kali seminggu ga ya bang? 😅;;;;
Ini lah kl negara dan pejabat nya di pilih secara  Sembarang an ..dengan politik bls budi nya;;;;
Kayak nggak tahu mental pjbt. Dipikir gampang kayak bikin nasi goreng. Blm2 dah ngomong manajer;;;;
Dibandingkan mbg saya lbih ykin ini lbh amburadul;;;;
Dengan pengangkatan manajer koperasi akan ada kecemburuan sosial dengan pengurus koperasi karena masalah gaji. kita tahu pengurus kopdes hanya akan mendapatkan dari SHU padahal kopdes belum jalan otomatis SHU juga masih nihil terus para pengurus disuruh kerjabakti?? mereka juga punya anak dan istri yang harus dinafkahi.;;;;
hancur sudah kelola negara ini;;;;
Kemaren liat di IG yang test, gak bisa diklik. Diklik jawaban C, tp hasilnya ke A. Wkwk. Lucu bgt🤣 antara lucu dan kasian.;;;;
Seleksi udah disetting yg Berabi hitam diatas putih pasti lulus,apalagi titipan anak pejabat atau jendral udah jelas lulus itu;;;;
"mbg,kopdes....itu ide bagus lho,,,
●namun dlm pelaksanaanya amburadul korup lagi,korup lagi,korup lagi, korup lagi
●rakyat hy jadi sapi perah";;;;
The worst presiden nih;;;;
Tata kelola yang baik dari berbagai hal sekarang ini sepertinya tidak perlu.;;;;
Gw yang jadi ketua kdmp aja malea ngurusin, apalagi ada manager abal-abal begini sih rasanya emang harus keluar aja sih. Gk kepake juga toh anggota koperasinya;;;;
Nah kan, terbongkar dah 😂;;;;
Banyak cara Presiden dan orang2 dibelakangnya untuk mempersiapkan 2029.. banyakin orang2 yg akhirnya akan manut dan tersadera untuk mau tidak mau harus ikut gerbong mendukung Prabowo 2029;;;;
Negaranya bobrok, yang nyetir orang tua tantrum dengan imajinasi absurd-nya.;;;;
sudah ikut tes cat minggu lalu, parah sih;;;;
Gra status PNS jadi banyak yg dftar;;;;
😂;;;;
Pensiun itu tidak di biyayai tapi di potong dari gaji bulanan selama bekerja kalau umur panjang lumayan kalau pendek ya rugi baru pensiun 5 th ,1th meninggal;;;;
"Kopdes Merah Putih.... salah satu proyek nasional yg sejak lahir sdh banyak mrmbawa masalah (mirip² MBG he he he)
Di daerah saya kantor Kopdes MP ini berada di lahan kosong yg jauh dr penduduk.
Presiden Prabowo pidato dg semangat bahwa uang unt MBG (mgkin nanti juga Kopdes MP) adalah uang hasil penyelamatan korupsi (menganggap kl gak dipakai unt MBG pasti dikorupsi). Coba lihat di lapangan pak Pres... sejak lahir MBG dan Kopdes sdh JADI AJANG KORUPSI juga";;;;
bagi bagi kue lagi jahahaha. berjaya koruptor;;;;
cobaan Indo makin berat karena ga tobat;;;;
Saya khawatir, yang direkrut itu gak ngerti bahwa akhirnya mereka akan gagal dan bakal masuk bui.;;;;
Proyek NePOTiSME dan KORUPSI dan Yakin hanya Circle mereka juga yg jadi;;;;
Pengurus koperasi itu dipilih oleh dan dari anggota.. Mau dijadikan BUMN toh..;;;;
"Tempo kelewat sesuatu. ⚠️

Ingat bahwa ASN tidak boleh menjadi anggota partai politik, maka dari itu apabila ada kader parpol menjadi pegawai/manajer KDMP dan berstatus sebagai PPPK itu secara hukum menyalahi UU ASN.";;;;
Saya soal bisnis masih abu abu tapi kalau di lapangan pasar market kamu siapa orang belum pernah dagang jadi menejer😂;;;;
"kalo ujungnya pake ordal ngapain di test 
biadab banget";;;;
Kami pengurus yang mengurusi segala keperluan adminstratif selama satu tahun di tinggal begitu saja;;;;
pemerintah berbisnis  koperasi dan mau melawan alfamart dan indomaret itu sudha sangat salah.... harusnya pemerintah mendanai anak itb atau ui yang punya ide membuat koperasi ala kompetisi itu baru betul.;;;;
Asli kacau;;;;
Knpa pegawai sppg dan kopdes ini gak bisa PNS dan harus kontrak karena gak ada jaminan program ini ada untuk 10 tahun ke depan;;;;
kalian merasakan capek gak sih jadi WNI? 😢;;;;
Wah menarik nih kalau LPG bisa 15 ribu;;;;
"Ikut tes, pas ngerjain tesnya aje udeh janggal, klik jawaban nge lag hrs 2/3 klik sedangkan wkt per subtes 7 menit. Emg kaga niat bikin software tes 😄. Tes cpns aje kaga gitu"" amat software tesnya 😄.";;;;
Bukannya yg sdh ada diperbaiki malah bentuk program2 ini itu ...makin hancur;;;;
Bunda Teddy ikut jg ambil bagian;;;;
Pasti orang2 partai juga yang jadi manajernya....😢😢😢😢😢😢😢;;;;
Infonya kursor mouse komputer gerak sendiri ketika tes CAT;;;;
Inflasi ASN hasil NEPOTISME;;;;
Rakyat Desa tibak meminta adanya KDMP , yang diminta raktar desa adalah lapangan kerja , sehingga yang menganggur di Desa bisa bekerja.;;;;
Wah bubar beneran ini 2030, boncos, terlalu banyak pengeluaran yg gak penting. Antara gagal bayar, atau masyarakat berontak gegara krisis or pajak meningkat terus.;;;;
Owalaaah ruweeeet ruwet...;;;;
Klu gak keluarga TNI ya keluarga polisi yg jadi manajer;;;;
Mas mas tempo tau ngga lokasi koperasinya di mana?;;;;
Pengalaman yg sudah2 koperasi yg dibentuk top down problematik. Sangat berbeda koperasi yg tumbuh bottom up dari kesadaran berkelompok dan berusaha. Meneger koperasi itu mubazir. Yg penting pengurus yg amanah.;;;;
kukira pembahasan nya bakal lebih dalem dan solid soal problem teknis, isu anggaran nya dan lain lain. yg dibahas abang2 tempo ini masih permukaan nya sih;;;;
"sehat sehat para manajer yang nantinya terpilih karena kalau koperasi ini gagal, bisa jadi kalian yang akan ditumbalkan dan ditempatkan di garis depan untuk dimintai pertanggungjawaban, oh iya kepala desa juga siap siap karena sedari awal mereka ""dipaksa"" ikut program yang buru-buru ini karena kalau tidak ikut dapat ""surat cinta"" dari kemendagri, sementara kalau ikut, berpotensi merugi. 
Dan selamat juga buat yang tidak terpilih, kalian terselamatkan.";;;;
Jadi ingat Bangladesh yang akhirnya mahasiswa marah karena kesempatan kerja habis oleh partai pemerintah;;;;
"Sejak kapan koperasi ada manajer? 
bukan nya ketua";;;;
ini kan namanya KOPERASI, trus bagaimana dengan perekrutan anggota-anggotanya. Kan sebuah koperasi membutuhkan anggota koperasi.;;;;
kalau Statusnya kepegawaiannya adalah PNS, sungguh sangat rusak dan saya tidak setuju, kenapa ??? KARENA INI SIFATNYA PROGRAM, nanti beda rezim 2029 gimana nasibnya ??? kalau gak lanjut. kedua, kalau statusnya PNS, maka tidakcocok juga, karena sifat dari Kopdes ini kan BADAN USAHA. kalau PNS kan digaji Rakyat dari APBN. GAK BENER ini. harusnya Manajer KopDes ya digaji dari hasil usaha KopDes itu sendiri. maka benar kalau status kepegawaiannya mending kayak karyawan BUMN. bukan PNS. ;;;;
Selama di senayan belum memulai dan menerapkan hukuman mati koruptor, sampai kebawah sama saja KKN.;;;;
Ko Tempo gak bahas perihal proses test seleksi yang sistemnya bermasalah?;;;;
"Transformasi Digital Birokrasi: Teknologi Saja Tidak Cukup

Oleh: Ir. Bagus Budi Hermanto, MM
(Opini)

Indonesia sedang berada di tengah arus perubahan besar dunia. Revolusi digital telah mengubah hampir seluruh aspek kehidupan manusia, mulai dari perdagangan, pendidikan, transportasi, hingga pelayanan publik. Masyarakat kini hidup dalam budaya serba cepat, serba praktis, dan serba digital. Dalam situasi seperti ini, birokrasi pemerintahan tidak bisa lagi berjalan dengan pola lama yang lambat, kaku, dan terfragmentasi.

Karena itu, transformasi digital birokrasi bukan lagi pilihan, melainkan kebutuhan nasional.

Namun perlu dipahami, transformasi digital bukan sekadar membuat aplikasi, membangun dashboard, atau memindahkan dokumen kertas menjadi file elektronik. Digitalisasi sejati adalah perubahan cara berpikir, cara bekerja, dan cara melayani masyarakat. Teknologi hanyalah alat. Yang paling menentukan adalah kepemimpinan, budaya kerja, dan keberanian untuk berubah.

Di sinilah tantangan terbesar birokrasi Indonesia sesungguhnya berada.

Presiden Visioner Menjadi Penentu Arah

Transformasi besar sebuah negara membutuhkan pemimpin yang mampu melihat jauh melampaui zamannya. Presiden tidak cukup hanya menjadi administrator pemerintahan, tetapi harus menjadi arsitek masa depan bangsa.

Presiden yang visioner memahami bahwa kekuatan negara modern tidak hanya diukur dari sumber daya alam atau pembangunan fisik, tetapi juga dari kualitas tata kelola pemerintahannya. Negara yang mampu bergerak cepat, mengambil keputusan berbasis data, dan memberikan pelayanan publik yang efisien akan memiliki daya saing yang jauh lebih kuat.

Dalam konteks ini, Presiden ibarat nahkoda kapal besar bernama Indonesia. Kapal sebesar Indonesia tidak mungkin bergerak menuju masa depan tanpa arah yang jelas. Nahkoda harus mampu membaca perubahan zaman, menentukan tujuan pelayaran, sekaligus menjaga seluruh awak kapal tetap bergerak dalam satu irama.

Karena itu, arah transformasi digital nasional membutuhkan kepemimpinan yang berani mengambil keputusan besar, termasuk menyederhanakan birokrasi, mengintegrasikan layanan publik, dan mengubah budaya kerja pemerintahan menjadi lebih adaptif.

Dunia Bergerak Cepat, Pemerintah Harus Adaptif

Perubahan global hari ini terjadi sangat cepat. Teknologi kecerdasan buatan, big data, cloud computing, dan internet of things telah mengubah pola kerja pemerintahan di berbagai negara. Jika birokrasi tidak mampu beradaptasi, maka pelayanan publik akan tertinggal dari kebutuhan masyarakatnya sendiri.

Presiden dan seluruh pimpinan pemerintahan harus memiliki budaya kerja adaptif. Artinya, tidak terjebak pada pola lama yang merasa nyaman dengan rutinitas administratif. Pemerintah harus berani mengevaluasi sistem yang sudah tidak relevan dan menggantinya dengan pendekatan yang lebih modern, efisien, dan terintegrasi.

Masyarakat hari ini tidak ingin lagi dipersulit oleh banyak meja, banyak tanda tangan, atau banyak aplikasi yang tidak saling terhubung. Rakyat membutuhkan pelayanan yang sederhana, cepat, dan mudah diakses.

Di sinilah pentingnya keberanian untuk berubah.

Keterbukaan terhadap Inovasi

Transformasi digital juga membutuhkan pimpinan kementerian, lembaga, dan pemerintah daerah yang terbuka terhadap inovasi. Banyak program digital gagal bukan karena teknologinya buruk, tetapi karena pola pikir birokrasi masih mempertahankan ego sektoral dan cara kerja lama.

Padahal inovasi lahir dari keterbukaan terhadap gagasan baru, kolaborasi, dan keberanian mencoba pendekatan berbeda.

Setiap kementerian dan pemerintah daerah seharusnya tidak lagi berjalan sendiri-sendiri. Data, sistem, dan layanan publik harus mulai diintegrasikan agar masyarakat tidak menjadi korban kerumitan administrasi.

Bila satu instansi meminta data yang sama berulang-ulang kepada masyarakat, maka sesungguhnya birokrasi belum benar-benar digital. Teknologi seharusnya mempermudah, bukan justru memperumit pelayanan.

Karena itu, transformasi digital membutuhkan aparatur yang tidak alergi terhadap perubahan. ASN masa depan bukan hanya dituntut loyal dan disiplin, tetapi juga kreatif, kolaboratif, dan melek teknologi.

Kolaborasi Menjadi Kunci

Transformasi digital tidak bisa dilakukan secara parsial. Tidak ada kementerian yang mampu bekerja sendiri menghadapi kompleksitas pelayanan publik modern.

Kolaborasi lintas sektor menjadi kunci utama.

Kementerian, pemerintah daerah, BUMN, perguruan tinggi, sektor swasta, hingga komunitas digital harus mampu membangun ekosistem bersama. Integrasi data nasional, keamanan siber, pelayanan kesehatan digital, pendidikan digital, hingga sistem bantuan sosial membutuhkan kerja bersama lintas lembaga.

Transformasi birokrasi ibarat orkestra besar. Presiden adalah dirigen utamanya, tetapi harmoni hanya tercipta bila seluruh instrumen bekerja selaras.

Tanpa kolaborasi, digitalisasi hanya akan melahirkan ribuan aplikasi yang berjalan sendiri-sendiri tanpa dampak nyata bagi masyarakat.

Menuju Indonesia yang Lebih Modern

Pada akhirnya, tujuan transformasi digital bukan sekadar mengejar modernitas teknologi. Tujuan utamanya adalah menghadirkan pemerintahan yang lebih melayani, lebih transparan, lebih cepat, dan lebih dipercaya rakyat.

Indonesia memiliki peluang besar menjadi negara dengan birokrasi modern yang kuat. Namun peluang itu hanya dapat diwujudkan bila ada:

* kepemimpinan nasional yang visioner,
* budaya kerja yang adaptif,
* keterbukaan terhadap inovasi,
* serta kolaborasi lintas sektor yang solid.

Karena bangsa yang maju bukan hanya bangsa yang memiliki teknologi canggih, tetapi bangsa yang mampu menggunakan teknologi untuk memperkuat pelayanan, keadilan, dan kesejahteraan masyarakatnya.

Dan transformasi besar itu harus dimulai dari keberanian untuk berubah.";;;;
Ini akan menjadi bon waktu di kemudian hari. Kita buktikan saja. Kacau .;;;;
Kira tunggu sampe tahun 2027 semoga berhasil kalo sukses kita dukung pada pemilu berikutnya....jika tidak berhasil kita black list pak Prabowo tidak kita pilih lagi !!!;;;;
Aku belum ujian, udah dimasak Ama tempo,;;;;
Benar2 amburadul;;;;
Semua mengarah ke pilpres 29.....asumsi;;;;
Ini nepotisme;;;;
Seleksi cuma pura pura yang jadi manajer pasti dari keluarga pejabat dan aparat 😊;;;;
Semoga semua yang terlibat dan bersinggungan dengan BGN/MBG dan KDMP hidupnya g pernah tenang dan diazab terus;;;;
Persiapan mengsuskseskan wowo 2029 tetap berkyasa secara tirraninya;;;;
"KOPERASI UTK DESA TAPI koperasinya byk MUNCUL di IBU KOTA PROVINSI n kota,..? walikota menganjurkan asn utk jadi anggotanya.!
nah keliatan indikasi korupsinya.. ( MARKUP , MANIPULASI DATA)";;;;
Gak yakin koperasi akan berhasil berkaca BUMDES toko yg di kelola desa akhirnya tutup;;;;
"ASLI JAMAN SEKARANG ACAKADUT BANGET, SEMUA ATURAN DITABRAK, SOP BULLSHIT, ATI2 NEXT BEGITU GANTI REZIM MANDEK SEMUA LU PADA 


REZIM NABRAK ATURAN";;;;
Ujung ujungnya atau finalisasi nya BAYAR;;;;
Tim kajian nya bagaimana ya? Kok bisa hal seperti ini bisa dilanjutkan secara masal.;;;;
Kemampuannya ngga lebih dr manajer area Indomaret / Alfamart tp proses & budget rekrutmennya kaya mau PNS 😅😅. Ngga jelas proyeknya PS;;;;
Namanya produk politik ujung2nya paling tumbang kalau rezim ini sdh tdk berkuasa..tunggu saja saatnya..;;;;
Rusak negara ini;;;;
"intinya semua program owo itu. owo gede maunya, maunya jalan semua itu mikir teknis dll belakangan. lalu orang-orang eksekusi program itu cuma punya tujuan harus jalan biar anggaran keluar terus dapat cuan. 

kabinet gemuk dan pemborosan.";;;;
Waduh, persis 3 hari lalu... lagi beli kabel RJ45, ketemu orang yg print cv mau apply ke kopdes 😂😂😂;;;;
Program semau gue...halu, menghambur kan duit rakyat ...prihatin untuk para guru honorer yang semestinya di perhatikan 😢;;;;
"Anak saya ikut tes di hari ke-5 dari 10 hari tes. Alhamdulillah urutan ke-2 dari 300 peserta di sesinya.
Saya lihat tiap sesi yg memenuhi syarat hanya 3-4% saja. Makanya sampai hari kelima baru 11.000an yg memenuhi ambang nilai.
Sampai akhir pasti gak sampai 35.000 orang.
Harusnya langsung lolos semua tak perlu tes lanjutan (tes lanjutan disetting yg memenuhi nilai total 105.000 orang).
Anak saya tes murni, karena gak ada yang kenal dengan siapa² yg berwenang atau ada jabatan.
Terus masalah jawaban berubah, menurut anak saya jawaban tidak bisa diubah.
Kalaupun diubah akan balik ke jawaban pertama.";;;;
Sayang ga di bahas polemik banyak peserta tes yang mengalami kendala karna jawaban yg berubah sendiri , aplikasi eror dan semacamnya.;;;;
InsyaAllah kita cari rejeki jalur lain 😊;;;;
Akan gagal juga seperti KUD-KUD di masa Orde baru....Mana keberhasilan KUD? Mengapa? Koperasi itu sebenarnya dari rakyat oleh rakyat dan untuk rakyat.... artinya bertumbuh dari bawah sebagai wujud dari demokrasi ekonomi.... Mesti berakar ke bawah. ...Kalau diatur oleh pemerintah, itu menunjukkan bahwa koperasi itu akan berakar ke atas... Dan itu tidak sehat.... Yg berakar ke atas itu hanya jenggot.... Pertanggung jawaban nya nanti ke  mana? Kontrol rakyat sebagai anggota juga akan lemah....;;;;
Saya dukung Tempo, tapi kang Rikang kalau bicara sering nyerempet ke opini pribadi. Hati hati kangggg;;;;
Saya bertanya kepada saudara-saudara, MBG bermanfaat tidak ? MBG bermanfaat tidaaaakkk ??;;;;
Ujung ujung nya kopes ini korup juga;;;;
kitA IJUTAN TEST YUK;;;;
"demokrasi ternyata cm bungkus doang pake hiasan lapangan kerja aslinya otoriter predator.
gw liat2 prabowo kek gak ada bagus2nya, prabowo & gibran keduanya berlomba make fasilitas negara buat kepentingan kelompok mereka sendiri";;;;
Ada jatah untuk ini ini, belum lagi nanti ada kolusi dari pihak tertentu di setiap cabang. Gw ngerasa ikut seleksi ini udah kayak nyari jarum dari tumpukan jerami. Artinya jangan terlalu berharap.;;;;
Uang pajak bener² di hambur² kan ,disini rakyat kecil makin menjerit menghadapi gejolak ekonomi;;;;
Koperasi ini banyak tantangannya,  belum nanri kalau jalan banyak pejabat yang ingin menitipkan barangnya atau mengendorse barang  lainnya yang mungkin tidak layak dari segi kualitas dan berdaya saing rendah,  ini bisa menghancurkan usaha koperasi dimasa depan,  jadi harus dihilangkan intervensi pejabat pejabat baik dari politisi,  tni,  polri serta penguasa lainnya seperti kepala desa.;;;;
Apa esensinya nanti dilatih di barak militer dibawah Kemenhan?🙄;;;;
"Kalau koperasinya bangkrut, trus manajer yg statusnya ASN bgm?
Bikin kebijakan kok nggak mikir panjang..";;;;
SELEKSI KOPDES HANYA FORMALITAS, KARENA YANG LOLOS SUDAH PASTI ORANG ORANG PARTAI KOALISI PRABOWO;;;;
BAIS ngasih materi tatacara nyiram orang;;;;
Lahan baru..... Korupsi;;;;
Program hambur hambur uang negara... ga tepat sasaran, caranya ga tepat... padahal negara mode survival;;;;
Gubrak;;;;
Semakin nanggis guru honorer melihat ini 😭😭;;;;
Program kacau semua😅😅😅;;;;
Saya mau tanya, kira-kira mereka yang ikut seleksi Manajer Koperasi Merah Putih itu paham nggak ya sama hakikat koperasi yang sebenarnya? Soalnya kok kesannya cuma sekadar ikut-ikutan saja, atau jangan-jangan memang kurang paham dengan, apa itu koperasi?;;;;
Smua rebutan;;;;
Lumayan jadi pegawai BUMN Agrinas, 2 tahun tutup.... dapat ganti rugi ...😂;;;;
Bagian dari dasar rantai makanan pasrah menunggu giliran disantap predator nikmatilah kekayaan negeri ini;;;;
👍👍👍;;;;
Proyek ambisius yang sudah mulai kehilangan arah...marwah koperasi yang berasaskan keputusan tertinggi adalah rapat anggota berevolusi menjadi korporasi kapitalis demi kepentingan politik😎;;;;
Rekrutmen dikonoha mah, selama partai dan orang2 yg berkaitan punya kepentingan, dipastikan ga akan bener.;;;;
bang coba suruh korespondennya berkunjung ke JLS jember-lumajang, disana ada KDMP yang berdiri didekat pantai/laut.;;;;
Bikin progra tapi bingung sendiri eksekusinya???. 🤔🤔;;;;
Resiko punya pemimpin yg hidupnya stuck di th 90 😂;;;;
Tesnya tidak dilaksanakan dengan baik;;;;
Betul semua sudah diseteng kebanyakan nilainya sama 85 per 70 rata 2 begitu;;;;
Role model manager koperasi: Nurdin Halid. Meniti karier di Koperasi Unit Desa hingga menjadi politikus.;;;;
"PROGRAM BAKAL ANCUR DI TENGAH JALAN.
SBY dengan PROGRAM HAMBALANGNYA.
JOKODOK dengan IKN nya
WOWO sekarang ada MBG KOPDES.
😂😂😂";;;;
"Seharus nya pegawai koperasi bukan pegawai Negara karena koperasi bisa bangkrut 
Mohon deh apa AD/ART supaya disosialisasi kan lebih awal";;;;
Biar saja yg jadi manager orang dari desa lain nanti kan akan pusing sendiri, awal pembentukan KDMP adalah simpanan wajib dari para pendirri dan pengurus di desa setempat, kok managernya dari orang lain, negara memang cuma menjadikan program dengan mengacak acak rakyat, mbok jangan mengada ada, di desa sarjana ekonomi yo banyak bisa jadi manager, negara dah seenaknya saja tanpa mikir resikonya;;;;
UMKM TERUTAMA WARUNG2 KELONTONG, TOKO2 KECIL  YG SUDAH MEGAP2  DIMATIKAN AGAR SDM NYA BISA DIALIHKAN JADI PEGAWAI SPPG & KDMP.  MERDEKA!!.;;;;
Kapan presiden bisa sadar, dibuat tolol oleh program MBG dan Koperasi Merah Putih.;;;;
sudah pastilah...perekrutan manajer koperasi merah putih penuh sengkarut, presiden saja sewaktu jadi..DANJEN KOPASUS yang dibanggakan itu berkat campur tangan mertuanya/soeharto, otomatis saat sekarang jadi presiden program kebawahnya penuh kkn atau titipan.;;;;
anggarannya 'pokoknya ada';;;;
Ini GK akan jatuh ke umum, tp dokok2an org2 dalam;;;;
Tidak menutup kemungkinan pegawai BKN juga terlibat permainan curang dlm rekrutmen pegawai KDMP.  Apapun bisa direkayasa untuk meloloskan titipan para pejabat.;;;;
Program ga mutu bgt,baik mbg maupun kopdes;;;;
Ujungnya yg ketrima dari org dalam 🤣;;;;
usaha saja belum jalan dan terbukti berhasil kok sudah mencari manajer. Betapa bodohnya pemerintahan Prabowo saat ini.;;;;
Koperasi merah putih tidak akan bertahan lama kolaps;;;;
Kapan sih koperasi ini buka? Krn di daerah saya kok masih tutup walaupun bangunan sdh jadi;;;;
George Soros piye kabare;;;;
Ada 2 keluhan diduga ada kecurangan dalam tes😅;;;;
Padahal sebelumnya sudah dibentuk Kepengurusan Koperasi, ada Ketua, Sekretaris, Bendahara dan anggota. Sekarang setelah gedung jadi , mereka malah nggak ikut mengelola, semua dambil alih Agrinas, goblok 😂😂😂;;;;
"Pantas banyak jawaban yg ""error"" ternyata sudah ada titipan... Tapi berbahagialah bagi yg tidak lulus karena kalian terhindar dari jeratan politik busuk negara ini";;;;
program saingan warung madura 😂;;;;
agrinas masih punya otak rupanya buat nolak wacana ketololan itu😂;;;;
Undang2 penerimaan tenaga kerja adakah di depnakar;;;;
Dibuka nggak laku langsung tutup, jangan mau jadi pegawai nya, pasti bakalan mangkrak;;;;
Program acak kadut;;;;
penjaga warung jadi PNS enaknyeeeee;;;;
Kau baru menambah rakyat pandai sudah tahu jumlah nya ..kau baru melangkah rakyat pandai sudah tahu kemana yg kau tuju ..bak sembunyi di balik lalang badan nampak apa lagi isi kepalanya..bak di terpa banjir bandang berpegang kayu lapuk...mengapa negri ini selalu jatuh pada lubang yg sama.. siapa sesungguhnya yg menciptakan pemimpin negri ini selalu sibuk dg pandai pencitraan bukan pandai berpikir..mungkinkah para konglomerat oligarki rakus dan kotor yg menjadi penyandang dana..andai demikian cari lah delik hukum yg dapat memenjarakan mereka atau buat hukuman yg siapapun tak berani mengulang perbuatannya seperti yg terjadi di salah satu desa di sumatra dan itu sangat efektif hingga saat ini...ngapain membuat apa yg sudah di buat hanya merubah nama mengapa tidak menyempurnakan yg sudah ada...tidak malukah negri ini dimana negri tetangga telah berada di depan meninggalkan negri ini;;;;
Mending jadi manager warung madura;;;;
Bagaimana bila Kopdes Merput gagal? Apakah pegawai akan dipecat?;;;;
Yakinlah semuanya bakal amburadul. Kalaupun seleksi berhasil dilakukan, status dan penggajian bakal lebih kacau.  Bisa ga digaji bertahun-tahun. Tau sendiri pemerintah kalau bikin proyek tu kayak orang bodoh, asal jalan dulu yang lain dipikir belakangan;;;;
"Anehnya tidak ada yg berani bergerak mencegah.. gerakan masa yg biasanya aktif jadi bisu. Pelopor"" kepedulian jadi tuli. Media"" pun diam. Apakah mereka semua dibungkam dengan UANG oleh PRABOWO ??!!";;;;
Koperasi adah usaha bersama yg didirikan oleh beberapa individu. Kok jadi usaha lembaga pemerintah. Kan didalam koperasi keputusan tertinggi itu di anggota Koperasi, Mending namanya ganti jangan koperasi Deh. BUMD/N apa gt. Kayaknya ini hanya untuk bagi2 kue untuk hal hal tertentu, mudah ngak gitu.;;;;
"EHHHH SOALNYA AJA MACAM SOAL ANAK SD YAAA! SOAL CERDAS CERMAT ANAK SD AJA LEBIH SUSAH DRPD ITU. MALAH MAU LANGSUNG JD PNS—ENAK BANGET HIDUP LUUUUU! 

KEBANGETAN SIH PAK PRESIDEN KALAU BEGINI HASIL DR PROGRAM2 ANDA. GA HABIS THINKING BENERAN SAYA";;;;
hidup makin keras, gak negeri gak swasta, kegiatan orang dalam sudah gak malu, bahkan makin dipamerkan kalo punya orang dalam, kegiatan licik bukan berarti akan jadi orang jahat, tapi buat bersaing untuk mendapatkan kelayakan hidup;;;;
viralkan tes masuk kemarin banyak yg dicurangi......artinya udah ada orang2 tertentu yg diloloskan.;;;;
Dari awal cuma mo dijadikan lahan bagi 2 uang koq! Apa bedanya dengan danantara! Persiapan 2029;;;;
"Peringatan :
Jangan pernah menjadi pegawai KMP.
Ini program nggak masuk akal.
Anda, kelak berisiko masuk penjara....";;;;
Enak bner program2 baru ini gajinya gede2, sedangkan guru2 honorer masih Luntang Lantung gak diperhatiin dgn serius.;;;;
Proyeksi besar besaran tapi buat apa teori bagus sedangkan pelaksaan jadi beban negara;;;;
"Negara ini mau jadi apa...ujung"" ny. yg kaya mkin kaya.";;;;
"Gkn ada program pemerintah yg serius, coba sebutkan satu aja perusahaan yg bisa ngalahin Swasta .
Program ini cuma buat ngenyangin para pemujanya 🤣";;;;
KDMP DAN MBG ITU RETURIKA POLITIK PARTE  INI BERTENTANGAN DG REFORMASI KARNA MUNCUL KKN SANGAT LUARBIASA;;;;
Kenapa nk guru honor , yg di jadikan pegawai;;;;
Wkwwkw koperasi merah putih ini juga aneh. Masa ada yg ga buka2 sih wkwkwk;;;;
CPNS gak di buka2 kacau ni;;;;
Pokoknya  g heran kalau ada seleksi di program negeri konoha,  kasian ya merasa di bohongin,  uda capek  minta doa dari keluarga mau ikut tes  tau nya test nya cuma test2an, jangan gt dong pak, nga kasian bngt;;;;
🙌🏼;;;;
Mbg dan kopdes proyek wowo serasa rkytnya msh orba ...wajib dilakukan bila membangkang tni turun tangan..😂😂 apa rkyt skrg msh mau didikte rezim?? Ada deh  ..;;;;
Kacau;;;;
setiap kegiatan sipil nselalu melibatkan militer😮😮😮…;;;;
Yuk ancur yuk Indonesia biar di reset. Semoga jadi ancur adanya ini🙏🙏🙏;;;;
yg terpilih siap2 menjadi TUMBALL...;;;;
ini juga blunder.... Menuju Indonesia gelap;;;;
saya pernah ikut seleksi terkait kopdes tapi sulit banget pas lihat yang lulus saya cari di linkedin pada gaada, ini selundupan apa gimana wkwkwk;;;;
Setahu saya dari tahun 80 an orang bicara koperasi hanya tujuan proyek, hakikatnya tidak pernah berjalan, yg ada masalah yg timbul, saya yakin sampai sekarang masih seperti itu, karena tidak ada hal  fundamental yg berubah....;;;;
Tes nya formalitas aja kali 😅 yg keterima tetep orang parpol, pendukung parpol, timses, relawan, simpatisan dll;;;;
3 kata lucu, Koperasi Seleksi Nasional😂;;;;
Semua2nya di jadiin PNS sepertinya mr Wowo jdi press selamanya  ..MEMBAGONGKAN 🇲🇨💔🤍🖤😁😁😁;;;;
Amburadul negara akibat pemimpinnya bodoh, arogan, otoriter memilih bawahannya yg becus kerja yg penting pinter menjilat dan sekolam;;;;
"Tenaga profesional sudah sejak 0ktober 2025.. 
Business Assistant (BA) mereka mendapingi koperasi 7-15 Koperasi per orang.. 
BA ini di bawah Kementerian koperasi... Kerjanya belum jelas karena koperasi banyak yg belum beroperasional... 
Gajinya sudah di turunkan.. kontrak mereka per 3 bulan.. 

Manager koperasi sebenarnya untuk apa.. padahal sudah ada BA yg mendampingi... 
Kalau memang niat untuk merekrut tenaga kerja... gajikan saja pengurus yg selama ini sudah lama bekerja tanpa biaya...";;;;
"Menejmen TERGESA GESA di Kebut TERBURUBURU. di Jamin HASILNYA ""AMBURADUL LALU MANGKRAK di KEMUDIAN HARI... ini kebiasaan di Negri SIMSALABIM ABRAKADABRA... 😂😂😂";;;;
Pling gak bkl lama brjln,,mangkrak jrg yang beli;;;;
"Di tempat kami, beberapa orang calon peserta, tidak jadi ikut test.
Kata mereka sudah ada juga orangnya..";;;;
"1. Status kepegawaiannya gak jelas sama sistem koperasi
2. Sistem perekrutan yang gak jelas juga
3. Pelaksanaan tes yang amburadul juga";;;;
Keras kepalanya presiden yg berakibat gagalnya tujuan utama program bukan masalah MBG nya tetapi keras kepala memelihara kelakuan bejat dan KKN pelaksanaan program ini... Seharusnya pembersihan moral bejat dilakukan terlebih dahulu, bersih bersih moral dulu, baru setelah itu baru MBG digelar. Belum disapu lantainya tapi alat produksi langsung dipasang dan dioperasikan... ya hasilnya kotor lah, bahkan berpotensi gagal...;;;;
Ada br lg kementrian MBG😅;;;;
"Di daerah subang ada 2 KOPDES.. Tapi di daerah agak sepi... Lha siapa yg mau beli...??? Rasanya ga yakin... ga lama juga tutup tuh....
AGRINAS lagi.. mobil dr india gimana kabarnya....??? Sepertinya semua dah acc sang penguasa...";;;;
*Gimana kalau ada database nama orang yang diterima, apapun jawabnya bisa benar tuh sebaliknya yang tidak ada namanya isian bisa berubah salah, apa susahnya ya kalau diabuat program demikian. audit dulu tuh di komputernya.*;;;;
mbg,kopdes dan teddy adalah 3 hal yg memenuhi pemikiran dan obsesi prabowo;;;;
Mendaftar rekrutmen sbg pegawai Kop MP kalo tdk ada Ordal, Tampyas boss.;;;;
"Pokoknya bikin gedung dulu, rekrut karyawan dulu, beli kendaraan operasional dulu.
Masalah kelak bisa jalan ato tidak urusan belakangan.";;;;
"gua tes kemaren jawaban berubah sendiri wkwkwk
gw cek ulang jawaban gua acak acakan semua
disitu panik gw ubah lagi jawaban nya... eleh eleh pas di cek lagi berubah lagi";;;;
Udah lah pak pakai timsukses ,orang titipan kroni dan alat2 negara  saja supaya cepat 😂. Sekalian investasi untuk ajang berikut nya;;;;
untung 100-500 rupiah per produk tapi sdm kebanyakan -,- retail swasta aja gak sebanyak ini sdm per store.;;;;
jangan sampai ntar rekrutmen CASN main tentara-tentaraan gelo..;;;;
"RRC bisa maju karena pemerintahnya support total pengusaha lokal dan kucurkan dana riset. Tentunya dibarengi dengan hukum anti korupsi yang sangat tegas sehingga minim penyimpangan dana. 
Di republik Konoha bangun dapur dan toko sembako, impor total motir listrik dan mobil pick up dari negara antah berantah...Koruptor dapat perlakukan spesial sampe punya LP khusus koruptor sekelas kos-kosan harian. Tukang palak dibebaskan  berkeliaran di kawasan industri dan pasar 2. Perijinan , dan sertifikasi berlapis2 bikin ilfil yang mau invest.";;;;
KENAPA AKU WNI, TES INI AJA PAKE ORDAL HUHUHU;;;;
"Paling ga jauh² dr keluarga aparat terkait 😎
Tes hanya formalitas 😅";;;;
Yg diterimama manaher grombolan pejabat semuapercuma daftar;;;;
Endingnya masyarakat bakal di genjot untuk taat bayar pajak😅;;;;
Termul;;;;
Ehh betulll bangeet kayak di desaku udah pada ada titipan nama dari lama bahkan sudah ikut tes dan ngurus administrasi, terus belakangan muncul seleksi jadi aku bingung nanti yg bekerja itu orang2 yg dititipin kemaren atau orang hasil seleksi??;;;;
Minimarket berkedok koperasi;;;;
Tempo investigasi donk banyak peserta cat kdmp yang curhat kalo jawaban tes cat bisa berubah sendiri...jahat banget klo nama2 nya ternyata sudah ada sebelum tes cat ..kasihan para peserta tes sudah keluar biaya materai tiket perjalanan atau bensin ke tempat tes;;;;
kenapa kok tidak mengaktifikan kembali KUD yang struktur nya ada dari pusat sampai daerah ?;;;;
Ntar nasibnya kek P3k;;;;
Bersyukurlah, anda yang tidak lolos seleksi manager KDMP telah diselamatkan dari bencana yang lebih parah di lembaga yang mengerikan itu kelak.;;;;
"""Kirain mau ngajarin cara nyiram air keras...."" Itu kan dalam pikiranmu kakak guru...";;;;
"DOAKAN SAYA DITERIMA SEBAGAI MENAGER KOPDES. SAYA SANGAT BUTUH PEKERJAAN 🙏. SAYA MASIH YAKIN PROSES NYA TRANSPARAN . 🤲
TOLONG PAK PRABOWO DEMI KEADILAN  JANGAN ADA ORANG TITIPAN UNTUK SELEKSI INI . 🙏🙏";;;;
Ga kebayang kalau setalah rezim ini beres dan diganti, dan program ini ga dilanjutkan ini pegawai2nya mau diapain?kalau liat syarat diterima pegawai sppg ini kualifikasinya juga tanda tanya;;;;
Skeptis dan apatis. Gerai modern yg dikelola secara profesional saja berguguran. Apalagi KDMP yg dikelola para rekruitmen hasil titipan.;;;;
Sebelum tes aja udah tau siapa pegawainya 😂😂;;;;
KDMP mematikan usaha rakyat kecin dan nantinya pasti gagal, dgn pergantian presiden  2029 pasti KDMP akan hilang begitu jg MBG..;;;;
"Saya sebagai sekretaris bingung mau di bawa kemana ini program,
Awal tahun kami rencananya sudah mau berjalan eh perturan berubah, jadi ngikut pusat saja ketimbang sudah oprasi tapi aturan berubah ubah nunggu positifnya saja";;;;
PROGRAM REZIM OTORITER PS08 FUFUFAFA INI BOBROK SEMUA GOALS UTAMA GARONG UANG NEGARA, SAAT JD MENHAN FOODESTATE MANA PERTANGGUNGJAWABAN LOE UANG NEGARA HABIS TAPI KPK TAK BERANI, SAAT KAS KOSONG MSH SIBUK BANGGA MBG SR KMP;;;;
ya jelas kusut lah.. banyak titipan atau tuntutan balas jasa pemenangan pilkada..;;;;
*_nggak ada tu apa yang menakutkan seperti kata orang jangan ngarang gitulah_*;;;;
negara sakit;;;;
Duit duit.... berapa anggaran? Aktual berapa?... ayo buka. Makanya tni lupa perang. Kekenyangan untung kdmp;;;;
Pembangunan Gedung KMP, menurut saya bangunannya sangat bagus karena melibatkan tukang2 yg ada di desa yg bersangkutan dan pengawasan cukup ketat oleh Tentara. Beda dng pembangunan sebelumnya misal utk saluran, menurut pengamatan saya sangat tdk bagus, banyak yg tdk sesuai dng standart. Tp utk operasional KMP nanti saya sangat pesimis utk berhasil. Sebab prinsip KOPERASI yg seharusnya dari aggota utk anggota tdk dipegang. Yang ada Topdown dari perintah atas utk diimplementasikan dibawah. Jadi ini menyimpang dari prinsip koperasi.;;;;
Zaman Soeharto udah jauh ini zaman 2006 sekarang ibarat kalau bagi saya tidak bisa saya percaya lagi Facebook iklan yang kedua Tik tok tidak bisa saya percaya lagi sekarang Facebook lagi;;;;
TNi seperti kurang kerjaan  Mencampuri  koperasi desa.  Ini adalah salah jalur,, salah fungsi TNI.  Fokus saja ke tugas pokok TNI . Paham ,?;;;;
Korupsiiii lagiiii 😂 TNI dan POLRI begal2 berseragam,;;;;
Lebih parah dari zaman Orde Baru;;;;
Di rudal iran gak bisa ngelak keasyikan berpolitik 😂;;;;
Di sini terjadi kegaduhan,demo di desa. Karena mau membangun gedung koperasi merah putih , mereka mengambil tanah milik desa yang biasanya di pakai untuk lapangan sepak bola. Akhir nya berakhir ricuh antara warga dan pihak yang berkepentingan;;;;
BOIKOT KOPERASI MERAH PUTIH...KARENA ITU LAHAN BANCAKAN UTK KORUPSI TNI ,POLRI;;;;
Di tunggu audit dan jg sanksinya;;;;
Klo ada korupsi di koperasi merah putih, apa berani KPK mengusutnya?;;;;
Tni masuk koperasi dan polisi punya MBG...;;;;
Pelanggaran HAM berat ini;;;;
Koperasi mestinya usaha nya dulu berjalan, bukan bangun gedung dulu;;;;
"Mbok yo KUD yg sdh ada di perbaiki  tdk usah membuat koperasi lg , sipil susah2 cari kerja ee polisi TNI yg sdh ada kerjaan malah ngambil hak sipil 
Gmn janji  mau membuka lapangan kerja";;;;
"Welcome calon konglo kalangan sendiri neo orba... 🙂😀 Yg ini dari konglo makan gratis.... 🤣
Segera yg dari konglo kapal nelayan... , food estate terutama kayu2nya...., 
Mendatang genteng ? 🤣🤣🤣
Modal 2029 ! So pasti konstituen, balas budi penghargaan, penyandang dana ... 
Orba punya banyak ABS hingga dilantik saat terachirnya... Namun hanya hitungan beberapa bulan ditinggalkan & berhenti... !
Ada budaya ditinggalkan dng ceoat, transparan bagai Garuda membiru ?!. 🙂😀";;;;
"comment buzzer nya lucu2x 😂
Kayaknya AI doang";;;;
Rakyat,kecil...semakin sulit,dlm usaha....penikmat hanya para oligarki;;;;
Habis lebaran rakyat bergerak menurunkan prabowo;;;;
"Tadi lewat sebuah desa. Lihat ada bangunan megah Koperasi Desa. Luar biasa megahnya ‼️

Melebihi INDOMARET ‼️

Kalo INDOMARET sering dikambing hitamkan sebagai MUSUH UMKM, menjadi penyebab sepinya warung-warung tradisional. MENGAPA KEBERADAAN KOPDES AMAN-AMAN SAJA ❓

KOPDES ini bakal lebih mengancam ekonomi desa‼️";;;;
untung masih ada tempo...... kalau tidak, makin dibodohi aja rakyat ini..... 🤣🤣🤣🤣;;;;
"Gak maslah TNI maauk koperasi ,
Kalo tujuannya tuk sejahterkan anggotanya 
Selama ini kan  SEBAGIAN BESAR koperasi dikorupsi oleh pengursnya 
Hampir gada koperasi yg berhasil sejahterakan masyrakat  
Ya apa ya? 
Biar aja skarang dipegang tentara , jadi k ada yg coba2 korupt langsung ja di kepruk dan  proses hukum secara tegas 
Bedil aja koruptor2 itu k perlu";;;;
Oalah, TNI/POLRI itu uda ada gaji bulanannya... Kenapa gak warga sipil yang blom ada kerjaan dipekerjakan... Hadeh...makin byk pengangguran...;;;;
"kenyang TNI..POLRI..POLITISi Penjilat.
semakin kurus rakyat  kecil.";;;;
orba 2.0;;;;
Kembali ke orde baru;;;;
Inikah my bini;;;;
TNI hanya bangun saja untuk pengelolahan di serahkan desa apa yg di ributkan.;;;;
Dukungan TNI ngasih jaminan kalau program koperasi desa bakal tepat sasaran;;;;
Demi transparansi dan ketertiban, peran TNI di koperasi desa benar-benar jadi solusi;;;;
Demi transparansi dan ketertiban, peran TNI di koperasi desa benar-benar jadi solusi;;;;
Welcome orba part II;;;;
Minggu lalu ngobrol sama tentara yg mengawasi pembangunan KMP...sombongnya minta ampun, cuma nanya saja, saya dicurigai..langsung bawa2 nama prabowo...padahal kakek dan bapakku (alm) pun dulu ABRI. BEDA banget kelakuan  tentara dulu sama sekararang.;;;;
Diktator ala kemal atartuk 😂selamat menikmati gw mau gabung dan bela Rusia saja😂;;;;
Dukungan TNI ngasih jaminan kalau program koperasi desa bakal tepat sasaran;;;;
Demi transparansi dan ketertiban, peran TNI di koperasi desa benar-benar jadi solusi;;;;
semua tni aja;;;;
Dukungan TNI ngasih jaminan kalau program koperasi desa bakal tepat sasaran;;;;
Pelaksanaan koperasi desa makin jelas arahnya dengan support TNI, bukan buat pihak tertentu;;;;
Dengan TNI, nggak ada lagi program koperasi desa yang melenceng dari tujuan awal;;;;
Menurut saya kalau ingin berhasil harus seperti ini.;;;;
"Dl , kl sy g slh phm,  koperasi ( inti/ induk , sy lp namnya ), kt nya jg tangani  koperasi tsb. yg usahanya jg impor & jual kedelai, yg libatkan "" seragam doreng "".
Apk. munkin dg 7 an agr g ada korupsi ?";;;;
"Apk. munkin "" seragam doreng "" diberi tgs awasi proyek sarpras, munkin agr g ada korupsi, & lbh baik hsl & lbh cpt ?";;;;
Itulah kenapa aku gak pilih prabowo waktu pemilu. Rekam jejak membawa karakter pempimpin. Gen orba akan selalu ada untuk mengamankan suara;;;;
udah bisa Revolusi;;;;
Proyek besar broooo;;;;
Selain politik komando, juga bagi2 proyek untuk para kroninya.... Hadeuh...😠;;;;
tni polisi megang proyek mbg dan koperasi. udah hopeless gw sama negeri;;;;
Solution - step down;;;;
"Orba hidup kembali.
Ind semakin terombang ambing";;;;
Polisi jd koki, tentara jd koperasi. Kl ada Agresi belanda III, nonton aja gw mah sambil teriak sukurin..!!;;;;
Enak banget jadi TNI POLRI double gaji, banyak proyekan sampingan 🤑;;;;
Gak berani sama china oligark ganyang rakyat penganggur sendiri.;;;;
TNI dan polisi itu bukan sebuah pekerjaan tapi pengangguran yg berseragam  dg ada nya MBG polisi TNI kini kembali bekerja lagi dan dapat penghasilan tetap tiap bulannya;;;;
welcome to new orba v.brutal 0.2;;;;
dulu presiden gorong2 menggandeng Polri dan hasilnya sangat luar biasa......hancur. sekarang TNI juga kebagian jatah dan hasilnya akan sama.;;;;
Kalo mereka macam macam Ama rakyat ya tinggal viralkan😅;;;;
bener2x mirip dengan cara kerja mertua nya ya sebenarnya kita balik ke cara jaman dulu lho;;;;
Polri tidak sama sekali terlibat di program koperasi merah putih. Karena tahu itu melanggar UU koperasi ( lex spesialis);;;;
Semua aparat diiming imingi cuan , gimana ini , pekerjaan utama malah tersisih, semua gerakan serba politis , dikira rakyat bodoh. Semuanya mau disandra dengan cuan .;;;;
"Tlg tetap suarakan kebenaran bu..... 🙏

Kami rakyat perlu di buka kan mata nya.
Parah sekali pemerintahan skr. 🙏 🙏";;;;
2030 punah;;;;
"* Pernah berkomentar Indonesia bubar tahun 2030
* Selalu teriak asing tapi kenyataannya sangat pro asing sampai mau membayar trilyunan demi masuk organisasi asing
* Polisi dan tentara di kasih usaha biar lupa kalau fungsi dia menjaga negara, seharusnya tentara di kasih gaji besar tanpa harus di kasih badan usaha biar fokus menjaga negara 
* Ketika keamanan sudah lupa dengan tugasnya dan asyik berbisnis, tinggal asing masuk menguasai negeri ini
* Maka sukseslah membubarkan negeri ini di tahun 2030
*LIMA TAHUN TERASA LAMA*";;;;
Mafia loreng dan mafia coklat yg menguasai negara konoha;;;;
"Bukan masalah gabut atau apa TNI masuk ranah sipil.
Tapi ini seperti kembali sekali lagi ke jaman soeharto .
Dimana kita bersaing dengan negara sendiri kacao";;;;
Gemoy O prestasi , beruntung mantu Suharto , karier moncer bagai kilat .....negara❤ ini sedang dipimpin orang orang BODOH kata ketua Bem UGM bukan hanya karena kebetulan saja , fact's 🤔;;;;
Serdadu seperti belati, tak dirawat tumpul dan berkarat;;;;
lebih terhormat ditugaskan ke gaza.;;;;
"Walupun mungkin sudah ada aturan yang mengaturnya. Tapi kok merasa aneh dan sedih ketika dalam organisasi resmi tentara aktif ikut dalam mengurusi berbagi aneka macam instansi dan kepentingan bahkan juga ada yang mengurusi makanan, yang telah terjadi juga mengurusi pertanian. Dan juga menggunakkan anggota militer aktif yang tentu saja sumber dana, sdm, serta waktu resminya. Apakah mungkin dalam intelejen itu merupakan salah satu strategi melemahkan pertahanan negara dari dalam organisasi pertahanannya secara pelan² dan terbiaskan, ketika element sumberdaya & sumberdananya tidak fokus digunakan untuk memperkuat militer (SDM, keahlian khusus, teknologi, kemandirian alutsista, dll). Mungkin ketika tidak ada perang alangkah lebih baiknya kementrian pertahanan bisa lebih fokus untuk mengejar kemandirian teknologi tempur dan berlatih untuk meningkatkan diri selalu siap siaga, sehingga mempunyai efek dereminan maksimal ketika negara lain memandang militer kita atau bahkan berpikir ulang jika negara lain mau menyerang kita. Tapi kalo tentara terlalu sibuk mengurusi yang bukan tugas pokok utamanya, maka bisa jadi separatis bisa bebas menebar teror yang penanganan tak kunjung usai. Bahkan bisa jadi egara lain tidak takut ketika memulai intelenjenya masuk. Ada juga kemungkinan kalo negara lain sampai tau tentara aktif kita mengurusi makanan & pertanian, Mungkin negara lain semakin tidak takut lagi kepada kita. 
Sedangkan juga kan sudah ada Kementerian Koordinator Bidang Pembangunan Manusia dan Kebudayaan (Kemenko PMK), Badan Gizi Nasional (BGN), Kementerian Pertanian (Kementan), Kementerian Pendidikan Dasar dan Menengah (Kemendikdasmen). Yang tentu saja kementrian² tersebut juga punya sistem komando dengan struktur organisasinya dari atas sampai bawah, yang itu tentu saja lebih fokus dan menjadi tugas pokok utama mereka ke masalah makanan, pendidikan, pertanian dan kegitan²nya. Jika terlalu banyak lembaga yang mengurusi bisa jadi juga di lapangan akan ada semacam tumpang tindih jobdes pekerjaan dan kepentingan antar lembaga negara. Bahkan bisa jadi muncul fenomena, lembaga yang seharusnya itu menjadi tugas pokoknya, bisa jadi lembaga tersebut akan tersisihkan dalam melakukan pekerjaanya, karena sudah ada lembaga lain yang juga ikut bekerja di dalamnya.
Ini hanya pendapat dan cara pandang saja dari beraneka macam masyarakat yang demokratis. Harapan ingin agar tentara fokus untuk bidang pokoknya, sehingga tugas pokoknya semoga hasilnya akan lebih maksimal. Sehingga bisa segera mengejar ketertinggalan keahlian kemandirian teknologi militer di dunia perang modern saat ini, yang semakin berkembang serta menuntut ketersediaan kemandirian alutsista dan teknologi serta kemampuan skill personil terhadap alat² modern. Karena musuh negara bisa jadi kemungkinan dari negara manapun, dan itu jika kita melihatnya secara logika nyata, kita sudah tertinggal jauh dari berbagai segi militer baik kemandiriannya, rantai pasok, teknologi, alutsista, skill personil, pengalaman simulasi perang modern dan mungkin perang nyata, kemampuan menangani konflik militer separatis dan non separatis, perang intelejen, dll.
Semoga kebijakan terhapat militer kita bisa menuju ke arah militer kuat yang dapat mengimbangi perkembangan dunia perang modern yang berkembang pesat cepat";;;;
Teruslah memberi kan pencerahan kepada kami yg Awam dan butuh Edukasi yg sehat...;;;;
Waduh.....rakyat jadi bingung. Koq, tentara sekarang disibukkan urus Koperasi merah putih lagi. Bahaya ini.....;;;;
Rakyat yang butuh kerjaan malah tni dan polisi yang rangkap kerjaannya;;;;
Dulu era suharto disebutnya DUIFUNGSI ABRI, semua lembaga pasti dirutnya tentara aktif. Kini dihidupkan oleh mantunya sang mantan yaitu the king of Omon-omonisasi 😢;;;;
"3 milyar buat 1 gedung di desa... sangat rawan markup

Sewa aja lho murah, 50jt di desa sudsh dpt luas...

Terkesan dipaksakan... hisab, ingat hari hisab wahai pemimpin";;;;
Siapa yg bs membantah kalo sekarang dwifungsi ABRI cetusan *5 sedang digalakkan kembali???;;;;
Pemilih 02 cm bisa joget oke gas;;;;
Pilihan mu dewe... gaglaken kui mantune suharto;;;;
60 sampai 70 persen dana desa dipaksa beralih memenuhi hasrat koperasi;;;;
Perlu dimonitor KPK penunjukan pengerja proyek pembangunan gedung dan lahan koperasi, diduga ada titipan persen;;;;
"Terima kasih Mbak.... Jgn pernah lelah menyuarakan kebenaran, mencerahkan pikiran Rakyat sipil.... 
❤❤❤❤❤";;;;
"Biasanya koperasi itu lahir dari rakyat, dana dan organisasi dibentuk kepengurusan dan keanggotaannya.
Tapi koperasi bentukan Prabowo Subianto terbalik,  duit dari negara dan pengurusan dan anggotanya dari mana ?";;;;
Pengulangan pola ORBA dalam  program hanya dapat berlangsung ditopang otoritas kekuasaan dng alat militer.;;;;
Pembangunan fisik harusnya ranah Kementrian PU... Jangan gunakan kepala untuk cebok, tangan untuk berlari. Gunakan organ negara sesuai dengan tugas dan fungsinya.;;;;
*Kadang mikir, Segabut itukah militer dan polisi kita? Sementara banyak kasus kriminal, begal, tawuran, pencabulan.*;;;;
Memang kenapa TNI gak boleh...;;;;
Bukan nya latihan malah nembok dan pasang bata😂😂😂;;;;
mulai merajalela;;;;
ohh... konoha 😢;;;;
Tni dan POLISI tak ada kerjaan perlu CUAN dari MBG dan Koperasi;;;;
bagi koprasi 1 🙋;;;;
Sebenarnya fungsi penegak hukum itu apa, kalau tidak menegakkan hukum pada pelanggaran yg terjadi.;;;;
ya biarkanlah mbak ini masalah uang masuk,masak polisi saja yg banyak dapet uang masuk,jangan2 mbknya anak polisi ya;;;;
Negara yang dibangun dengan ketergantungan kepada salah satu institusinya maka negara tersebut akan berdiri dengan rapuh. Dan institusi yang melibatkan diri jauh dari kewenangannya maka akan menjadi institusi yang syarat kepentingan elitnya.;;;;
Tempo terus suarakan kebenaran kalian best❤❤❤❤❤;;;;
"Dalam kajian Geografi Ekonomi:
PERBEDAAN KOOPERATIF, BUMDES DAN KOPERASI.
Kooperatif merupakan bentuk kerjasama dengan skala besar, seperti Anak usaha BUMN bekerjasama perusahaan besar atau pemerintahan sehingga muncul sebuah perjanjian proyek usaha(MoU) untuk pelaksanaan proyek. BUMDes merupakan badan usaha milik desa yang memiliki peranan dalam mengelolah aset desa dan usaha desa yang dilandaskan pada program pemerintahan desa. Koperasi merupakan wadah usaha ekonomi yang mengelolah usaha anggota koperasi mulai kebijakan koperasi, administrasi, mengoperasikan kegiatan koperasi, penentuan pengadaan barang, jasa dan personalia berdasarkan AD/ART Koperasi dan musyawarah anggota koperasi bagian azas koperasi yaitu azas kekeluargaan. BUMDes, BUMN dan Perusahaan adalah mitra kerjasama yang didasarkan perjanjian(MoU)kerjasama dan tidak memiliki mutlak dalam menentukan kebijakan tata kelolah  internal koperasi. Koperasi Desa itu berada dibawah BUMDes jika didalam koperasi ada anggaran koperasi berasal dari anggaran  desa dan tempat didirikan gedung koperasi berdiri ditanah desa sehingga BUMDes bersama Kaur Kesra Pemerintahan Desa sebagai pengawas internal Koperasi Desa. Anggota Koperasi Desa memiliki hak mengawasi kegiatan koperasi,hak bersuara dimusyawarah anggota koperasi dalam menentukan kebijakan tata kelolah koperasi dan menerima hak bagi hasil usaha koperasi. Pengurus koperasi desa ditentukan berdasarkan hasil pemilihan anggota koperasi desa dan disahkan serta dilantik oleh kepala desa dan disaksikan pengawas internal koperasi, perwakilan mitra, Dinas koperasi dan anggota koperasi desa. Karyawan koperasi Desa diangkat oleh ketua pengurus Koperasi Desa yang didasarkan pada AD/ART Koperasi dan hasil musyawarah anggota koperasi yang berkaitan pengadaan personalia yang kebutuhan usaha koperasi bukan berdasarkan mitra kerjasama koperasi desa sehingga muncul kepihakan ke mitra kerjasama dampak menimbulkan kendala pada pelaksanaan koperasi desa. Awal perintisan koperasi desa dimulai rekrutmen anggota koperasi dari segala elemen di desa untuk dilaksanakan musyawarah dalam merencanakan dan membentuk AD/ART KOPERASI Desa sebagai kebijakan tata kelolah koperasi dan kegiatan usahanya. 
Sumber Geograf Indonesia.";;;;
Menuju Indonesia bubar 😢;;;;
Food estate di Gunung Mas saja gagal total.;;;;
Ini kopor MBG   ladang narkoba era globalisasi Prabowo Subiyanto isi MBG partai rangkulan Gerindra  Ter selubung  senator nya susmi DASCO ini   hm hm  rasul rasul nya  grup MBG   ini masok Agin salah kaprah  ini mirip bank bodong 20 persen yang di kejar kejar polisi masa lalu 😂;;;;
Sebentar lagi...Indonesia bangkrut.;;;;
"PEMERINTAH HARUSNYA SEBAGAI REGULATOR DAN FASILITATOR BUKAN OPERATOR
BUKANNYA MEMAJUKAN EKONOMI BANGSA MALAH MELUMPUHKAN EKONOMI BANGSA";;;;
Salah kalau menganggap Kopdes Merah Putih sebagai balas budi ke Kepala Desa, nyatanya justru menyudutkan Kades dan menciptakan problem dalam ekosistem ekonomi di Desa;;;;
"Bukannya buka lapangan kerja. 
Malah memphk karyawan mini market";;;;
"Biarlah pemerintahan mengekspresikan pemikirannya, bukankah pemerintahan sebelumnya jg mendapat porsinya masing2, jika membangun kejahatan periode selanjutnya gak akan dipercaya masyarakat, ""karena masyarakat Indonesia tidak bodoh... """;;;;
Entah apa yg ada dlm otak presiden ini. Seperti tdk mengerti mengurus negara dan rakyat;;;;
100, 200, 300 tahun lagi video ini diputar anak cucu rakyat indonesia;;;;
Ujung ujungnya bangkrutt;;;;
Kalo gagal bisa ga pencetus idenya di bawa ke pengadilan karena sudah merugikan negara???;;;;
Di desa saya kok setiap KK disuruh nabung wajib setiap bulan ya? 7rb per KK stiap bulan dan wajib setiap KK. apa memang begitu?;;;;
Namanya konsep gaya kemiliteran .. harusnya diganti jgn koprasi tapi grmoy mart- pinjam gemoy -jajan gemoy- warteg gemoy;;;;
SUDAH RIBUAN YH SDH DIBANGUN, BELUM ADA HASIL NYATA YG DI TONTON KAN KE PUBLIK. PROYEK MERCU SUAR TAPI TIDAK BERJALAN SEMESTINYA. SEBENTAR LAGI TUTUP SATU PER SATU. INDOMARET DKK AKAN BERJAYA.;;;;
"Koperasi Merah Putih pada dasarnya punya tujuan yang baik,  yaitu memperkuat ekonomi rakyat dari bawah
Konsepnya sederhana tapi penting:  masyarakat jadi anggota sekaligus pemilik
keuntungan tidak hanya untuk segelintir orang, tapi dibagi ke anggota
kegiatan ekonomi lebih berbasis gotong royong
Manfaat yang bisa dirasakan:  Akses modal lebih mudah untuk usaha kecil tanpa harus ke rentenir,  UMKM lebih berkembang karena ada dukungan dari koperasi,  Harga lebih stabil karena distribusi bisa diatur bersama
Ekonomi lokal bergerak karena uang berputar di masyarakat sendiri
Kalau dikelola dengan baik dan transparan, koperasi seperti ini bisa jadi kekuatan besar ekonomi rakyat.
Intinya, ini bukan sekadar program, tapi upaya membangun ekonomi yang lebih adil dan merata";;;;
😢 Ekonomi Komando ala Prabowo emang membagongkan;;;;
Sekali Berdusta akan selalu terus berdusta.............Omon Omon;;;;
Bumdes juga tiktok tidak berjalan real dilapangan hanya laporan diatas kertas;;;;
Koperasi Fiktif cuma ada kantor nya aja tanpa aktivitas tanpa anggota tanpa simpanan wajib dan simpanan pokok.;;;;
Motifnya yang pasti untuk nyari suara di pilpres 2029 meskipun harus membuang duit negara ratusan trilyun;;;;
Apapun bila dipegang oleh orang yang salah, orang yang bukan bidangnya, ya udah...remuk bubuk dadi rempon (hancur lebur). Kita baru bisa menyesali karena telah memilih orang sepertinya dulu itu nasionalis, patriot bangsa. Nggak tau'nya, hohooooy...begal APBN.;;;;
"Sy cemas kop.merah putih akan berjalan,
ada desa tatacara pengurus koq ditunjuk skalipun musy.
Jgn2 akan tumbuh penyimpangan dan berakhir kacobalo...";;;;
Menciptakan MBG, menciptakan Koperasi Desa Merah Putih, untuk meraup suara untuk pilpres th 2029.;;;;
Koperasi Desa Merah Putih sampai detik ini masih banyak yang tidak beroperasi, hanya mengantongi akte saja untuk laporan asal bapak senang.;;;;
Pengurus KUD merah putih di desa kami Seorang Sarjana mudah semua siap mengemban amanah KUD merah putih;;;;
Didesa kami udah terbentuk pengurus KUD merah putih semua pengurus nya Sarjana mantap sekali bpk;;;;
Bagaimana bagi para warung didesa nasibnya kalau koperasi lebih murah...;;;;
Semangat soal koperasi...kayak orang main band...rame sebentar...rusuh nya meresahkan kan masyarakat 😂😂😂;;;;
Motif Politik Koperasi Merah Putih | Opini Tempo;;;;
Selain MBG, kopdes MP ini juga bakalan jadi proyek gatot, gagal total, gimana tidak, modal pendirian koperasi awal kok diminta dari anggota, tentu ini jadi polimik, anggota pasti ragu benar gk ni koperasinya ada, jgn2 uang udh dikumpul, koperasinya gak nampak wujudnya dan bisa jadi uangnya raib tak berbekas,;;;;
koperasi unit desa vs koperasi merah putih;;;;
"Kok di potong vdio ny 
Sudah di investigasi belom siapa yg di investigas 😅😅😅 rambut rapi berkcmata tp isi my😅😅😅 gak sesuai";;;;
Kawal dan telusuri aliran dana 400 T kemana saja.;;;;
Pada saat ini rakyat / warga negara indonesia udh gak percaya lg sama segala program yg di usulkan atau dibuat pemerintah. Karena ujung2 nya pasti gajelas, jadi trik untuk korup. udh capek sama negeri sendiri. dijajah sama orang sendiri, di akal akalin oleh orang sendiri. Masyarakat muak. pejabat dan pemimpin bisanya ngakalin rakyat sendiri.;;;;
Memang tujuan utamanya utk menjerat dan menyandera aparat desa supaya mendukung di pemilu 2029 terutama utk desa yg bermasalah;;;;
Amerika Serikat dan antek2 nya yg sok nasionalis sedang memeras rakyat;;;;
Opini sampah yang cuma ngasih farming negatif ke pemerintah ini mah, isi nya cuman opini opini aja tanpa adanya sumber yang pasti...;;;;
Opini tempo hanya bualan semata .. kritik tanpa solusi... Sakit;;;;
"Ngeriiii..... koperasi ini.......klo gagal...rugi...
Waduhh.........gagal bayar.....boncosss....uang simpanan nasabah di bank bisa lenyap ini.....hi.... Ngeriiii.....🤪🤪🤪";;;;
Betul;;;;
Mana allah yg buat duit klo negarA yg buat duit ya harus d  bagikan rkyt🇮🇩;;;;
Pokoknya klo punya ide ZULHAS & partainya aku yakin NOL......siapa sih yg nggak tahu klo Zulhas itu PENJILAT sejati.;;;;
SEGERA GANTI PRESIDEN PRABOWO DAN GIBRAN SECEPATNYA;;;;
Apa yg namanya koperasi Mekar yaa?;;;;
Koperasi yg ada aja banyak minjam dari pada nyimpan.. 😅;;;;
Bodoh analisisnya. Sebagian besar hanya tuduhan.;;;;
2029 jangan pilih lagi;;;;
apa mending tambahin namanya jadi TEMPO DOELOE….;;;;
SOLUSINYA APA MPO? 😂😂😂 antek asing berkedok media …..cuiiihhhh;;;;
Apa harta negri  yg tersisa dari pemerintah yg dikelola oleh begal Dan rampok;;;;
Muda mudahan dibahas di tvOne dan dikaji ulang oleh DPR;;;;
ini ulah siapa yah..dikota minimarket memonopoli usaha rakyat...ini didesa mau bikin koperasi lg buat monopoli usaha masyarakat desa.....kl bisa pake hatilah..jgn hanya menonjolkan keinginan .pikiran sendiri;;;;
Tdk perlu omong banyak krn setiap pemimpin pasti punya cara dan strategi utk periode berikutnya termasuk pemimpin anda juga seandainya terpilih....trus program ini kami rakyat kecil senang krn ada dampaknya buat kami;;;;
Menurut saya koperasi merah putih ini pasti tdk akan berjalan dengan baik,karena kita berkaca dgn kegagalan KUD dl.ini akan menjadikan korupsi berjamaah.;;;;
Pengurus koperasi merah putih di desa saya keluarga perangkatnya sendiri;;;;
bisa gak RI lewati 2030 ?;;;;
Parah sekali;;;;
Hemat saya lebih baik pemerintah fokus  pada penyerapan hasil produksi desa,salurkan hasil produksi umkm ,hasil pertanian carikan salurkandan jamin mereka harga jual yang layak.;;;;
"Nice sekali.
Setiap rangkaian kata dalam kalian mu cukup jelas dan bermakna padat.
semoga ke depannya semuanya menjadi lebih baik.";;;;
"Tempo ini penipu.
apa yang dipaparkan tidak sesuai dengan yang terjadi di desa.🤦
Dana Koperasi Merah Putih tidak diambil dari Dana Desa, hanya pendaftaran di Notaris saja yang menggunakan Dana Desa sebesar Rp. 2.500.000.
Tempo bikin gaduh.";;;;
setuju pak;;;;
Bravo Tempo, teruslah mengedukasi rakyat. Indonesia gelap;;;;
Media Provokator;;;;
Geng maling Wowo dan Mulyono, hanya memikirkan kepentingan keluarga dan politiknya. Rakyat hanya tumbal pribadinya.;;;;
Rasanya muak lihat pemerintahan..dri mulai desa..😢;;;;
BUMDES tidak jalan dan tidak jelas digunakan kemana Lebih baik koperasi. Karena koperasi bukan APBN tapi pinjaman. Jadi koperasi itu maju dan mundur tergantung dgn pengurus koperasi.;;;;
400 T lebih baik buka besar2an mall mall produksi hasil petani sehigga mereka tdk perlu jual ke tengkulak. Petani sejahtera,hrga terjangkau ekonomi bergerak dan potensi berhasil lbh besar dan peluang korupsi lbh minim.;;;;
Justru koperasi merah putih ini yang saya tunggu ketika dulu saya mempelajari pemikiran pak hatta founding father koperasi Indonesia;;;;
Koperasi Merah putih disiapkanuntuk senjata perpanjang jabatan 2Periode dlm Pilpres Prabowo;;;;
Bisa saja muncul koruptor baru.;;;;
kayaknya kopdes merah putih akan jd lahan baru korup;;;;
Oh tempo;;;;
Ayo korupsi masal, dana desa udah jalan. Saatnya gasak dana kopdes merput. Jgn nyesal lue gk ambil bagian, korupsi sdh di tata secara masif msk ke desa. Entar inflasi lagi kerana dana gk bisa balik modal apalagi hasilkan untung plus Pemerintah cetak duit trus, selamat menikmati masyarakat miskin, karena loe semua di buat miskin oleh negara ini dg sistim di dukung oleh para akademisi yg kata pintar, pintar ngibuli, karena kalah bersaing dg SDM bangsa luar.;;;;
Bukanya dana dari pemerintah bukan desa?;;;;
Enggak usah TEMPO yg menganalisa. Dan banyak analisa TEMPO juga punya kepentingan POLITIK...;;;;
Tempo itu maunya indonesia hancur. Karna tempo didanai asing. Mknya dari dulu selalu mnyerang pemerintah.;;;;
Terus kamu maunya apa,,, lu bisa ngomong..kamu telah bisa berbuat apa untuk negri ..;;;;
"Bumdes saja banyak tdk jalan uang  banyak di salah gunakan..
Dana desa di beban kan sehingga anggaran  untuk pembangunan Infrastruktur menjadi sedikit...kapan masyarakat di desa bisa membangun semaksimal nya";;;;
Belajar dari masa lalu KUD, yg gagal total akankah kop Merah Putih mengikuti jejak pendahulunya, uang 400 trilyun bikin biaya pendidikan murah untuk anak2 yg berprestasi akan jauh lebih bermanfaat dari pada di gelontorkan untuk koperasi di desa.;;;;
"TOKO PKH aja bangkrut..

Ini mau bikin koperasi desa.. 🤣🤣 SDM nya minim mau disuruh ngelola dana ratusan JT..";;;;
Pengurusnya Koperasi Merah Putih , keluarga Kades dan Sekdes semua hahhahhahahah😂😂😂😂;;;;
namanya juga tempo;;;;
Program makan gratis aja gagal total cuman omon Omon ini mau buat lagi program yang tidak masuk di akal koperasi wowo² 👎;;;;
Wajarlah TEMPO punya mamarika 😂😂;;;;
Politik balas wajar lha wong mencuri hak rakyat miskin saja wajar;;;;
Saya pikir,penjara lebih sedikit dibandingkan dengan manusia yang masuk penjara nantinya.tapi ini perintah dari Pak Presiden.,apa bedanya dengan KUD yang dulu,hilang tanpa kabar.ini ada motif politiknya,liat aja nanti dalam waktu dekat pasti ada launcing KPDMP secara serempak seluruh Indonesia.Desa yang dengan Indeks Desa sangat tertinggal harus dipaksakan membuat KDPMP ini,setara dengan desa yang sudah maju,karena memang ini perintah dan harus,karena salah satu persyaratan Uang DD Transfer dari KPPN ke RKUD ya harus ada akta notaris KDPMP.;;;;
Selmat dengan di bentuknya koperasi merah puti;;;;
Trs program pemerintah yg benar menurut tempo apa?..semua program gk ada benernya dimata tempo😂😂😂;;;;
Tempo Kritik, Tumpul dan Pengkhianat.😅;;;;
Jon sorosss wkwkwk;;;;
"Skali Skali uangnya ke rakyat kecil.
Dari pada bang di korupsi orang besar bang";;;;
Dr pembentukannya aja udah melanggar asas koperasi: dr anggota oleh anggota untuk anggota. Dan ini berpotensi besar membuat para pengurusnya menjadi musuh masyarakat.;;;;
Untuk MBG 😂;;;;
Unfaedah sebenarnya koperasi ini;;;;
Dulu ada Koperasi Unit Desa, kenapa ga itu aja yg diaktifkan ?;;;;
Mantap tempo;;;;
Makin hancur berarti bg???😅;;;;
Niat seseorang terlihat dari perilaku nya......;;;;
mungkin mereka lupa atau belum lahir dulu. Program nyaris serupa dulu jaman orde baru sudah ada. Bahkan di tahun 80an hampir setiap desa punya gedung koperasi, kantor dan gudangnya. Tapi semua tak sertamerta meningkatkan ekonomi malah banyak KUD yg bangkrut dan menyisakan kepahitan anggotanya;;;;
Koprasi merah putih modal 400T bakal untung 2000T kata Budi Arie 🤣too good to be true di negara yg bli tusuk gigi aja jd lahan korupsi,mungkin bisa tu uang 400T berkembang jika yg mengelola Yakuza jepang 😂🤣 kalau yg mengelola pemerintahan Indonesia mah ujung2nya suruh ngiklasin aja sperti kasus2 korupsi lainya ngabas negara rugi Mulu , rakyat suruh bayar pajak Mulu;;;;
Lha KUD Koperasi Unit Desa jaman Soeharto aja mana sekarang? Ini bikin lagi koperasi merah putih..;;;;
Baguslah jika ada jaminan dari dana desa..masyarakat desa bisa berusaha menciptakan lapangan kerja sendiri daripada dd nya  dipegunakan oknum kades untuk memuluskan proyek nya yg kadang keluar dr usulan hasil Musrembang desa dan rkp des;;;;
"Harusnya kembangkan Bumdes yg sdah ada dan beri pelatihan bisnis.
Emang benar ya wowo cuman mau jadi Presiden tpi tidak utk majukan Indonesia.
Koperasi merah putih sngat rawan korupsi";;;;
Tempo ini tak ingin juga indonesia maju;;;;
Betul kali bg,, hambur2in uang, sdngkan kita mash kurang infrastruktur dasar.;;;;
Gak ada sejarah sukses dari koperasi indonesia. Krn koperasi sekarang udah jauh dr cita2 bung Hatta. Krn para tikus menggerogoti dr luar dan dalam. Lihat aja hasilnya. Sampah semua;;;;
Video apa ini. Gak mutu blass;;;;
Modal dari Dana Desa maka pengurus koperasi akan di audit oleh BPK;;;;
Dari awal dibentuk aja udah ga beres,ya disimoulkan sendiri nanti belkangnya bakal gimana jadonya;;;;
Saya sangat setujuh dengan bapak❤;;;;
"Lah dalang gemoy.. gaek pikun bapilia,, alah pansan masyarakat ny buekny,
Gaek gilo bapiliah😂😂.. lh Sakik Konoha ko mah??";;;;
skema apa lagi ini ya Allah ,, org usaha yg mati matian aja bisa bangkrut , apalagi ini yg pake dana pemerintah, dan di kelola bukan ahlinya ,, asli ini buang buang duit;;;;
Siap2 rakyat jd tubal negara😢;;;;
Kalau saja dana utk koperasi ini di pakai utk melunasi kredit macet pada koperasi atau CU yg sudah ada saat ini, akan sangat membantu mengurangi beban anggota yang punya hutang macet dan memperkuat koperasi dan CU yg sudah ada;;;;
"Take Line Koprasi Merah Putih ""Dengan Riba Kita Membangun Bangsa"" ""Ndak Hutang Tidak Nasionalis, Warga Negara Harus Hutang Koprasi"" 😂😂😂😂😂😂";;;;
mirip-mirip program dana KUT pada waktu dulu di tahun 90an, dan duitnya ngak pada balik, entah pada lari kemana 🤣;;;;
Kacau jg ternyata 😂;;;;
Semuanya terendus sebagai upaya persiapan untuk pemilu 2029;;;;
Bukannya tdk se7 dgn terbentuk koperasi ini tp pihak pemangku kebijakan hrusnya survei dlu krn banyak di desa2 koperasi sdh terbentuk bertahn2 spt di desaku, ada 2 koperasi malahan...klu di adakan lg sy pkir kurg tept dan kurg efektif lebih baik memberdayakan sdh ada. Kan tjuan kemajuan justru dgn hadirnya koperasi baru akan memunculkan lg syart kepentingan dan saingan. Coba d pkir dlulah...;;;;
"Koperasi bunghatta adlh koperasi gotong royong,
Koperasi moderen mesti full bisnis profesional, 
Sebaiknya koperasi dgn anggota minimal 5 orang dpt diberikan peluang. 
Secara analisa bisnis, kerjasama bisnis lebih dari 2 prang, maksimal pola pikir yg sama tidak lebih 5 orang diluar usaha yg bersifat komunitas.";;;;
S dapat uang dari koperasi merah putih angsuran ringan bunga bisa dibilang ,,tdk ad, skrg sy paham kenapa tempo dikirimi kepala babi;;;;
Paling nnt buat uu baru kl gak revisi uu desa😅😅 we'll see;;;;
Saya orang desa, setuju bahwa harusnya koperasi baru tidak ada;;;;
Masuk akal mas;;;;
Kalau media tempe ngoceh bau busuknya bikin atit perut😂;;;;
Saya tidak yakin untung kalau koperasinya simpan pinjam;;;;
Saya yakin kebijakan ini akan jadi ladang penyalah gunaan dana... Koperasi ini juga pastinya akan membuat usaha2 kecil di desa akan bermasalah...;;;;
Awasi pelaksanaannya...jangan dulu skeptis penuh curiga...;;;;
Pemotongan 20% tuk sapa dan penggunaan tuk apa;;;;
Kemarin tidak ada calon yang terbaik,pilih 1 terbaik dari 3 terburuk;;;;
BIKIN BUANG ANGGARAN BELUM LAGI SETIAP KELURAHAN BELI TANAH, ATAU KONTRAKAN DAN ITU SEMUA BUTUH DANA TRILIUN NAM PARAHHH;;;;
Kenapa tempo selalu berprasangka buruk kepada presiden prabowo;;;;
Menteri desanya tdk ada argumen untuk mempertahankan kementerian dari UU Desa.. tertekan dari kementerian lain..;;;;
Kalo sudah Cair ...kita Devo aja😂😂😂😂 ... tembus Brgkt ke Israel🤣🤣🤣🤣;;;;
"Kita lihat aja nanti...
Setauku apa pun yg barudalam  jenis usaha apapun akan menjatuhkan usaha yg lain...";;;;
Desa pun tergadai😢;;;;
Dana desa pun belum jelas pengelolaannya di tambah lagi masalah kopdes merah putih, apalagi ini? Kenapa pemerintah kini tidak mempunyai solusi untuk mengatasi masalah ekonomi malah bikin hutang terus yg malah menghancurkan perekonomian secara masif dan terstruktur dan inilah kegagalan pemerintah khususnya menata ekonomi rakyat yg merupakan motor penggereak dari prekonomian itu sendiri;;;;
secara umum sepakat dengan opini tersebut, tapi untuk yang point balas jasa presiden kepada para kepala desa, saya msih gagal paham.... karena sebagian besar kepala desa justru terbebani dengan kebijakan wajib mendirikan kopdes merah putih......;;;;
Tempo asu;;;;
tempo antek asing,,,,pengkhianat bangsa;;;;
tempo antek asing,,,pemecah belah bangsa indonesia;;;;
20% dana desa untuk moda BUMDES dalam rangka ketahanan pnga, mendirikan kopdes merah putih dengan modal simpanan wajib dn pokok dari anggota da pinjaman dari bank, jd harus di kembalikan, mgkn laba bumdes juga di simpan atau dikelola oleh kopdes..😊 cumashlit but nyari anggota yg amanah.;;;;
Kalau saya setuju ada koperasi. Peluang keberpihakan trhadap ekonomi umkm semakin besar. BUMDES, mereka diciptakan bukan utk skala besar berpihak pada UMKM. Tapi koperasi, mampu melakukan nya. Mnrt saya ini lah saat nya ekonomi di daerah tertinggal bisa bangkit. Merasakan gairah ekonomi , perputaran uang cepat sprti hal nya di daerah maju. Salam dari desa 🙏;;;;
Jauh tak ada hubungannya;;;;
Ink cuma memper dekat dan mempermudah persoalan permodalan bagi usahawan desa😊😊😊😊sulit untuk dimasukin oleh kekuatan politik dan mafia ekonomi😊😊😊😊;;;;
Bila dikelola secara profesional dan transparan sulit untuk dibonceng klpk politik😂😂😂;;;;
Opini bagus masseeee. Lebih baik di hentikan mumpung blm   hilang itu uang miliyaran. Kalau yg megang garong di desa GK bakalan kembali itu uang. Apalagi simpan pinjam pasti GK kembali modalnya. Sekarang apotik di desa SDH banyak Krn lulusan apoteker membuat apotek sendiri. Toko kelontong banyak. Jual beli hasil pertanian sudah banyak harga lebih mahal dr PD di tetapkan pemerintah;;;;
Saya tidak pilih bapak;;;;
Koperasi merah putih .... belenggu tidak langsung bagi desa yh tidak kOeperatif;;;;
tugas2 menteri jaman skr gak jelas ... serba tumpah tindih dan diluar tupoksinya, yg pntg apa kata si boss aja;;;;
"Untung saya pilih Anies
Wong sing jujur";;;;
Bekingan judol disuruh megang koperasi 🗿;;;;
Wes g masuk koperasi2 ngene iki....wes ojok onok seng utang kelola sendiri aja hasil alam ini..biar orang2 kaya mumet....karena kalau kita ngutang yg menikmati bunga ya para cukong2 itu;;;;
Mungkin presiden kita ingin menjandikan tiap desa bisa mandiri;;;;
"Apa betul dana desa selama ini digunakan oleh pemdes utk infrastruktur, pemberdayaan dan juga pemenuhan kebutuhan masyarakat?????
Coba cari wawasan dan informasi lagi BANG, anda terlalu naif jadi orang
Malah kalo semua dihandle oleh pemdes yg ada hanya kong kali kong, dan masyarakat tak tahu menahu kegunaannya
Coba cari informasi lagi...jangan hanya spekulasi teori saja";;;;
Zulhas dan budi arie jelas pakarnya korupsi suka duit haram;;;;
Semoga segera bubar bobrok gagal dan nampak boroknya dan menyadarkan mata pikiran rakyat unum;;;;
Betul pak;;;;
Apa iya seperti itu?? Emang wujudnya sdh ada??;;;;
👍;;;;
Di magetan ada koperasi MSI yg tidak bisa membayarkan uang nasabahnya.. Bagaimana nasip koperasi kedepan???;;;;
Yap.. Mesin Uang.. Politik 2029;;;;
Setuju lebih baik sekolah gratis dan berobat gratis dan mudah pelayanan nya,;;;;
👍👍👍👍;;;;
Koperasi desa merah putih sebenarnya jebakan untuk Desa, karena kebanyakan masyarakat mau pinjam tapi sulit bayar angsuran, pasti banyak yang macet;;;;
Koperasi modus bobol uang negara buat para pejabat;;;;
hanya program omon omon, seperti MBG yg tidak jelas;;;;
Sy pembudi daya ikan udah tahunan tak perna ada yg peduli aparat desa nya;;;;
Saya  usul  pembentukan  baitul  mal  ditiap  kelurahan..;;;;
Desa d paksa berhutang dg sistem riba 😂;;;;
Ajang proyek utk korupsi 😂;;;;
sarang korupsi baru ...😂😂😂;;;;
Siapapun Presiden,,, tempo tetaplah tempo, merasa paling NKRI dan seandainya ada tempo di zaman Rasulullah pasti tempo juga kritik kebijakan Rasulullah;;;;
Kopdes Merah Putih, Sekolah Rakyat, Danantara, MBG, apalagi setelah ini, Pak?;;;;
Media sekarang ko seperti ahli nujum ya dlm menyajikan berita, bukan landasan fakta yg disajikan..;;;;
Kyknya ini analisisnya lebih mantep kalo jg dijelasin kalo dana desa selama ini kurang mantep jg sebagai latar belakang ide ini;;;;
Kompas jangan memprofokator,,,,masyarakat sudah punya wawasan jelas ,,ini bukan pemerntah dulu sudah jaman moderen   ,,,masyarakrt sudah pintar org spertikamu yg mebertakan berta ini tak pantas kami masyarakat dengar ,,,tauuuuu?;;;;
"Bumdes saja ruwet, kini muncul koperasi merah putih... 
Duit negara+duit utang buat komsumtif pejabat aparat...
Negeri menuji kemiskinan...😊";;;;
Gak lama koperasi merah  putih pasti tinggal papan nama seperti yg sudah sudah .. Seharusnya  pemerintah membuka lamaran khusus untuk menjadi pengurus koperasi merah putih . Kalo begini caranya koperasinya pasti tidak akan lama karna yg di pilih sudah pasti orang orang yg terdekat dgn perangkat desa, bukan orang orang yg berpengalaman di bidang koprasi;;;;
Tujuan koprasi merah putih salah satunya kebutuhan bahan pokok khususnya beras wajib murah. Wah gimana daging, telur dll gak ikutan murah ya, kasihan petani beras, kerja sampai turun borok nguras keringat tp kehidupan ekonomi melorot;;;;
"Mantap tempo...
Ciri2 Indonesia bubar....
Rakyat saja yang di bodohi dan di peras melalu pajak...";;;;
Pak presiden, mau lihat 2 hal yg selesai aja lebih dulu....basmi Judol dan selesai korupsi Pertamina(energy).......😢😢😢;;;;
Tetap kritis Tempo dalam jurnalistik;;;;
Mending jalan di bangun desa ke kabupaten;;;;
Tidak jelas paling hancur ditengah jalan lihat aja nanti  maaf;;;;
aku perasi;;;;
Wkwkwkwk 😂 PKI masa kini;;;;
Top down berharap koperasi maju? Paling ujung2nya Ketua Untung Duluan ( KUD).;;;;
"Media TEMPO udah bukan rahasia umum klo media ini di dana oleh SOROS 
Media ini terlalu banyak FITNAH";;;;
Terus yang bener seperti apa;;;;
Bagi2 kue lagi ...anjai anjai;;;;
KONOHA dipimpin para pejabat yang korup...;;;;
Anis harus bangkit;;;;
"Koperasi merah putih bukan dari dana desa, TPI dari selimpanan wajib dan simpanan pokok anggota koperasi.

Adapun dana desa yg di ambil 20% itu utk usaha ketahanan pangan yg di kelola oleh BUMDes";;;;
Tempo tolong up dong tentang ormas dan preman yg ditangkap oleh petugas.bukankah yg viral itu ormas gr**b trapi kok yg ditangkap ormas lain..?;;;;
Pemilu 2029 sudah dipersiapkan untuk kemenangan petahana,gila dunia politik syarat kelicikan;;;;
zombie dati abad ke 19 dibangkitkan tuk disuruh bersaing di lingkungan persaingan ekonomi abad 21. apalagi koperasi hanya dipinjang wadag-nya sedang usinya jauh berbeda. ini ekonomi setralistik dan berkarakter ejstraktif. rasanya sulit berharap pada zombie ekonomi ekstraktif;;;;
Perbaiki yg ada saja lh;;;;
Kaum 58% psti bahagia tp klu Indonesia bubar sprti Venezuela jngn pada kabur ya😭😔;;;;
Media dibiayai asing utk propaganda 😅😅😅;;;;
Namanya juga opini??;;;;
repot nya di negeri ini yang merasa bisa menyelesaikan masalah adalah tempo yang paling bener  dan sakti adalah tempo.... coba tempo berantas korupsi dong bisa tidak?;;;;
coba tempo ikut berantas korupsi dong biar lebih bermanfaat untuk rakyat;;;;
Tempo pembenci Prabowo;;;;
KUD   BANGKRUT...DIKORUPSI PE GURUS NYA.....;;;;
ORANG DESA BUTUH JALN NYA DIASPAL...JARINGAN LISTRIK... BANGUNAN IRIGASI......DESA MENJADI MAJU DAN MAKMUR.....;;;;
Saya lebih setuju pembetukan koperasi desa krn scra kalkulasi mendatangkan manfaat untuk desa itu sendiri.  Program Bumdes sbnrnya baik tapi realitanya mayoritas desa gagal megelola dana yg cukup gede tsb. Hny segilintir Bumdes yg berhasil.;;;;
Daraipada hamay membuwat berita yg tidak membangun lebih baik bekerja dengan membangun seuberdaya masyarakat;;;;
Semoga yg mengelola kop mp,semuanya amanah,biar umkm bisa menerima modal,buat modal usaha.;;;;
Setelah sekian lama menunggu moment jd RI 1, ternyata begini hasilnya 😢;;;;
"Koperasi ini menurut saya sudah salah arah, sudah tersesat jauh dari pemikiran founding father. Karena kalo ingin membuat badan usaha yang menyejahterakan rakyat, dan profit ya jangan koperasi. Semangat profit itu bukan semangat koperasi. Itu Badan Usaha non koperasi 

Koperasi itu cocoknya dibuat dalam sebuah paguyuban, komunitas dan coraknya mirip-mirip arisan, jadi sistemnya gotong royong dan tidak ada unsur profit. Tetapi yang penting, anggota ato pemilik tidak dirugikan.

Yang terjadi, belakangan ini koperasi berganti wajah seperti Perseroan dan lainnya yang ngejar profit, tidak ada gotong royong. Manajemen tidak melayani pemilik sehingga tidak ada vested interest, yang dilayani murni konsumen.

Nah kalo sudah begini, koperasi dan perseroan ya sama, cuma beda huruf dan suku kata, padahal sejak awal koperasi itu alternatif badan usaha, yang bukan ngejar profit tetapi tetap bisa menyejahterakan.";;;;
Pantesan as jdi negara kaya raya negaranya gk ada yg ganggu luar dalam konoha luar dlm parah😂😂;;;;
✅💯;;;;
DARI DULU BELUM PERNAH YANG BERHASIL.;;;;
Benerkah seperti itu;;;;
"Kopdes Merah putih cenderung kapitalis dan tdk sesuai dg demokrasi ekonomi
MANTAB TEMPO";;;;
Semoga Indonesia Aman dan Damai, walau melanggar UU Desa.;;;;
Ulas dong media yang dibayar joss soross;;;;
"Tempo ini chanel oposisi.
Ngak ada yg benar kerjaan pemerintah di mata tempo.
Dari bocor alus dan hos penghina terus ini.";;;;
Hati hati jadi bajakan uang negara habis pinjam lagi 😂😂😂;;;;
Kekuasaan sj ujungnya;;;;
Kumpulan orang pesimis ada tempo;;;;
Indonesia c mas;;;;
Komentar ini sudah lengkap atau hanya sebagian dari aturan dan fungsi koperasi merah putih;;;;
Danantara dan koperasi merah putih adalah wadah money laundry duit negara berkedok investasi dan bisnis keluarga para penguasa dan pejabat pemerintah agar tidak terendus hukum yang di inisiasi oleh Jokowi sebagai upaya penyelamatan aset kekayaan keluarga Jokowi yang di peroleh dari nilep harta negara selama sepuluh tahun berkuasa 😎 powered by Garuda kencana milenia Nusantara NETIZEN leader InSeAgent including 😎 blue nautic division investg 👽;;;;
True Opinion, All true 🔥;;;;
saya juga berfikir seperti itu, koperasi merah putih adalah upaya cari uang pemulihan, adalah lagi rencana pembuatan lumbung pangan sekitar 58.000 di seluruh indonesia,,,,.... tidak masuk akal...... buang  buang duit, mending buat jalan desa beton semua;;;;
BUMDES disini mati min, gak hidup. Pengurus nya pun tidak jelas. Entah apa usahanya;;;;
Mata kepala desa langsung hijau, progam koprasi desa saya yakin bakalan bangkrut, berani taruhan saya, dan kalian yang pilih prabowo akan mendapatkan dosa besar karna negara kita akan ancur;;;;
opini yg cerdas...;;;;
Ujung-ujungnya praktek rentenir makin marak, karena pengelolaan koperasi sesuai cita-cita bung Hata diperlukan sdm yg mumpuni dlm praktek bisnis koperasi. Sedangkan sdm koperasi saat ini keahliannya hanya masih berorientasi pada sistem rentenir aja.;;;;
"7 point inti kopdes merah putih bukti ketidak berdayakan pemerintah dalam mensejahterakan rakyatnya , bukti ketidakmampuan pemerintah dalam meningkatkan Sumber daya alam dan sumber daya manusia untuk kesejahteraan rakyatnya ...akhirnya membuat masalah besar "" mengadakan yang sudah ada , dan meniadakan yang telah ada .. itu artinya OMON omon belaka....kalo hanya alasan untuk memudahkan distribusi sembako , kebutuhan rumah tangga.  Gas elpigi , penyaluran pupuk , apotek. Klinik desa , untuk spa harus buat label baru kopdes merah putih ..kan semuanya bisa dilakukan tanpa harusengeluarkan dana hingga milyaran rupiah yang terkesan bodoh";;;;
Kupas tuntas yayasan mbg.;;;;
"""senjata"" 2029";;;;
Korupsi halus..... warisan Mulyono.......😊😊😊;;;;
"Indonesia gelap......
Indonesia korup......
Maling berdasi di mana mana.. 
Tidak memikirkan rakyat secara nyata.....
Tapi cuma rakyat di jadikan obyek untuk mendapatkan proyek....     
Indonesia gelap.....
Terang bagi yang mengandalkan korupsi......";;;;
negara ini sudah dikapling hanya untuk penguasa dan kroninya, mereka berlindung dibalik program untuk rakyat..menyedihkan;;;;
dulu KUT diputihkan;;;;
Tempo keren2 si;;;;
GA USAH BIKIN GADUH, SEGERA SAH KAN UU KORUPTOR YG DI SERAHKAN JOKO WIDODO KE DPR MPR RI ATAU BUBARKAN DPR MPR RI !!!;;;;
Kalau motifnya balas bude ke kepala desa, jelas sekali bahwa spiritnya bukan untk kepentingan rakyat.;;;;
Modus bancakan baru;;;;
GAk,, JELAS,,DIKOMANDO  DR  PUSAT,,,,🤣  DEMI  2029,,,😂😂😂😂😂😂;;;;
Koperasi atau kuperasi sampai kering;;;;
Secara konsep harusnya ini masuk kategori BUMDes, bukan Koperasi. Agak agak serampangan, terkesan asal asalan yg penting anggaran keluar;;;;
Akan sama seperti BUMDes yang modalnya dari dana desa... Habis modal tak bersisa, BUMDes pun mati tak berkembang;;;;
Menjerat rakyat hingga ke urat;;;;
"Koperasi desa merah putih program bagus
Yang di sayang kan orang orang atau masyarakat yang mengelola koperasi tersebut SDM tidak memenuhi standar kepegawaian suatu usaha.";;;;
Korupsi adalah budaya.;;;;
Korban nya termasuk Notaris² yg di paksa utk membuat akta pendirian KMP😢;;;;
Apa aja dicurigai, tp tdk pernah terbukti wahai penyesat;;;;
Kop MR serta masifnya muncul ormas grip di daerah bisa jd buat 2029. Rakyat sdh paham rezim cuma memperkaya keluarga jokowi..prabowo..luhut dan antek2nya. Sehingga butuh strategi dan ormas keras buat 2029.;;;;
Dia sudah jadi terserah dia dong;;;;
Yg memilih prabowo bertanggungjawab moral atas rusak nya sistem negara ini 😢😢😢;;;;
Gua yakin itu syarat ajang korupsi. Oknum akan kaya raya, rskyat akan jadi penonton. KUD aja di benahi?;;;;
Bismillah ,tinggal berlindung kepada RAAB YG Maha kuasa ,Kuasa RAAB lebih Adil seadil Adil ny ,semoga Rakyat yg selalu sejahtera ,dngan kerja keras ny masing masing ,ihtiar ny masng masing ,bila mna wakil rakyat lupa dngan janji dn sumpah ny Toh hidup tak kn ada seribu tahun 🙏;;;;
"Koperasi adalah, dari anggota untuk anggota, pengurus dipilih dan diberhentikan oleh rapat anggota bukan ditunjuk oleh penguasa.
Sayang gak paham koperasi bikin koperasi 😂😂";;;;
Wis sakkarepmu, gak onok apike pemerintah blas.😊;;;;
Koperasi bedasarkan anggotanya yg terpaksa. Koperasi ala busniss memcari laba yg dibangun atas dasar kepentingan yg bukan anggotanya.;;;;
Gila semakin hancur;;;;
"ini proyek besar. pake dana besar. harusnya ujicoba dulu. 1-2  koperasi dulu, lalu dievaluasi, kalo udah bagus baru didupilkat banyak. Dan ingat, negeri kita ini kekurangan orang jujur. orang jahat banyak, mulai dari kalangan bawah sampe kalangan atas, yang atas korupsi, yg bawah tukang nyuri. Yakin dana sebesar itu aman? ya pasti lah habis buat bancakan. Kayak gak tau aja. 

Lihatlah gimana pemerintah kita bekerja. semua hanya demi kepntingan memanfaatkan ambil keuntungan pribadi. Tanpa tujuan kebaikan, tanpa rencana matang. Lihat misalnya proyek IKN, tujuan nya apa? rencananya gimana? GA JELAS! Ratusan trilyun habis , demi kebaikan rakyat? tentu tidak, ga ada rakyat dapet manfaatnya, tapi demi ambil keuntungan merkea sendiri.

Belum proyek berdana besar lainnya, Danantara, makan gratis, coretax, dana haji, DLL, eh sekarang bikin baru lagi koperasi merah putih. Kayak punya duit aja lu. padahal hasil ngutang semua. Sementara pemerintah ga bisa kerja yg menghasilkan, ratusan BUMN rugi besar, kekayaan alam dijarah ga tau ujungnya, akhirnya maksa malakin pajak rakyatnya satu-satunya yg mereka bisa. Aduh, ga tau lagi deh mesti gimana. Nasib jadi rakyat dipimpin orang gak kompeten ya gini";;;;
😮😮😮😮😮;;;;
"Dia mau ngasih uang ,,ke rakyat dalam bentuk koperasi 

Yang sakit hati itu para elit koruptor 😂";;;;
Arrghhh kecil itu, coba cek, bank negara berapa itu ngasih ke Sritex, Duniatex, BUMN  Karya, macet semua ituuu;;;;
"Alamak....duit nih...begitulah isi hati si koruptor.
🤪🤪";;;;
ini semua kan proyek utk mengeluarkan anggaran lalu dibagi rame2, diburu rentenya, lalu itu proyek ga jadi apa2;;;;
Sangat miris dengan eksperimen social engineering seperti pendirian koperasi merah putih tanpa persiapan soft skills  yang cukup. Nasibnya mungkin akan sama dengan MBG banyak masalah dalam pelaksanaan.  Kegagalan sudah didepan mata karena top down and no one size fit for all. Rakyat lagi yang akan menanggung hutang negara.;;;;
Alhamdulillah, kesempatan takkan dtg 2x.;;;;
"Syarat keanggotaan koperasi bersifat sukarela
Konsep kerjanyah berdasar AD/ART  yg ditetapkan melalui Rapat Anggota";;;;
Asyikk lahan duit buat korupsi😅😅😅;;;;
Gelap;;;;
bangke lah cara baru lahan korupsi model beginian lg😊;;;;
Buat bancakan buzzerp mul,menkopnya aja budi arie kasus kominfo judol aja ilang tuh gak ada kabar;;;;
Selama ini banyak koperasi yang gulung tikar. Karena uang yang dipinjamkan banyak yang tidak kembali. Waktu  dapat pinjaman senang. Tetapi waktu mengembalikan tak punya kemampuan. Belajarlah dari sejarah.;;;;
Kompas George soros;;;;
MOTIF FILANTROPI SOROS DI INDONESIA, SEOLAH OLAH PEDULI;;;;
MOTIF FILANTROPI SOROS DI INDONESIA, SEOLAH OLAH PEDULI;;;;
Koperasi mera puti .sarat politik kepentingan pemilu;;;;
Nanti dana dikorupsi😂, yg namanya koperasi menurut Bung Hatta modalnya dari anggota bukan dari Dana n egara, calon buat dikorupsi untuk dana pemilu 2029;;;;
Apes hidup 😢;;;;
Kritikan yg bagus. Tpi saya yakin bisnis dengan cara koperasi lebih terbuka di masyarakat;;;;
SAYA SELALU YAKIN KONOHA AKAN MENJADI NEGRI PALING HINA DIMASA DEPAN.KARENA KORUPSI SUDAH MENDARAH DAGING DARI LEVEL DESA APARAT ELIT;;;;
Masak diadu koperasi desa buka sembako😊😊😊ama rakyat;;;;
"setuju! rakyat tidak butuh koperasi merah putih! sudah banyak pilihan koperasi / lembaga pinjaman di masing"" desa yg kinerjanya bagus. pengembangan koperasi merah putih ini akan sarat dengan korupsi dan kepentingan politik prabowo cs.";;;;
"Belajarlah dari pemerintah jawa timur jaman pakde Karwo..yg niatnya baik..ingin punya banyak koperasi di desa2 di jawa timur dengan pemberian modal awal 25 juta..banyak sekali yg rontok..datanya ada di dinas koperasi provinsi..kenapa sebab..koperasi ini sifatnya sukarela..permodalan disiapkan olrh anggota dl..bila sdh cukup..mereka meluncurkan pinjaman..bukan model dana sdh ada..jadinya sense of belonging koperasinya g ada..g ada loyalitas pada koperasinya..
Belajarlah dari ini😊";;;;
"selama ini desa2 dapat dana 1M/th? kl iya, kenapa desa2 di pelosok2 itu tidak ada infrastruktur sama sekali : akses2 warga ke fasum & lokasi yg lebih maju = nol.
Kemana uangnya selama ini???


Akankah Kop Merah Putih hanya menjadi jalan lain utk ko***si itu sementara infrastruktur desa akan sama saja?
Tapi ""jalan baru"" ini ada nilai plus : si pemberi kue dapat jasa di mata yg terima kue";;;;
Ngeri, Tempo!;;;;
"Memang apa gunanya program koperasi ini bagi desa? Kenapa solusinya selalu bikin program baru drpd memperbaiki yg sudah ada, menguatkan Bumdes2 nya?
Di desa sudah penuh dengan UMKM, negara mau bikin koperasi yg terjun di sektor yg sama, saingan kok sama rakyatnya sendiri? Lagipula koperasi itu Badan usaha private, yg menikmati ya cuma anggotanya, bukan seluruh rakyat di desa.";;;;
1000% koperasi merah putih gagal;;;;
Konten yang membodohkan dan memalukan;;;;
"Sudah berapa banyak koperasi dr jaman bung hatta.apa yang koperasi itu bereskan??mungkin ini gebrakan yg bagus karena koperasi gaya lama tidak memuaskan.berdoalah agar gebrakan ini sukses.
Media ini dibayar berapa??😅😅";;;;
Konten pesimis dan gak buat optimis.inilah mental yang tidak perlu di dengar;;;;
saya sudah 37 tahun sekarang,. belum pernah ketemu sama koperasi yg sehat. semua koperasi berujung bangkrut..;;;;
"sy kira berita kualitas,,
ternyata berita ini hanya menyampaikan sentimen negatif...

hanya melihat dr sudut negatif, sm sekali tidak melihat sisi positifnya..
pdhl bisa jadi kebijakan ini sangat positif, walau ada resiko yg selalu melekat dlm setiap kebijakan walau sekecil apapun itu resiko sll ada, kalo bicara potensi korupsi, memang apakah ada kebijakan yg tdk memiliki potensi korupsi?
sangat tidak adil rasanya, hanya mengambil sisi negatif dr sebuah resiko yg mungkin kecil dengan mengabaikan sisi positif yg mungkin besar dr sebuah kebijakan pemerintah,,,

""tidak berimbang""...";;;;
Terlalu jelas sasaranya ..negara ngutang untuk kepentingan politik 2029;;;;
"haduw banyak banget trobosan yg rentan banget jadi lahan korupsi dan butuh pengawasan yg sangat"" ketat
Makan siang gratis
danantara
sekarang koperasi desa

ga dipikirin kesitu ape ye???";;;;
Semoga tdk akan bertambah banyak orang desa yg bertambah miskin karena terjerat rente;;;;
baca running teksnya goyang2 apa monitornya buram ya pak?;;;;
Yang bisa pinjam paling juga orang orang dekat kades.. udah ketahuan;;;;
Kepentingan rakyat jadi alasan, namun proses pembentukannya tdk melibatkan rakyat …;;;;
Mantapp..Tempo ulasanya tepat sasaran. Kritis,Tajam & terpercaya!;;;;
daripada di korupsi oknum yg tk bertanggung jawab lebih baik KMP ini di kelola asalkan pengawasanya ketat sy kira bisa berjalan dgn baik;;;;
Tugasnya tempo adalah membuat rakyat membenci pemerintah😂;;;;
Kebanyakan Nyiyir Kebanyakan adu domba .. yg jelas pemerintah ingin semua adil dan terasa sampai ke pelosok desa .. ayo bangun NKRI bukan hanya Nyinyir;;;;
Klo ngritik itu ya juga ngasih solusinya jangan cuma omong omong tok blok klo cuma omon² anak TK pun bisa plo;;;;
Sangat setuju dengan pendapat Tempo👍;;;;
ya yang dapat pinjaman kluarga dan aparatur desa...g heran;;;;
merasa hidup 100 tahun lagi , pd mau kaya dan berkuasa di umur'' segitu;;;;
Ternyata masih berlanjut cara2 untuk merusak dan menghancurkan negara.;;;;
Siap pungli baru dan bagi bagi uang😅😅;;;;
KOPERASI merah putih mungkin mimpi mentri Budi Ari, Koperasi yg ada sekarang itupun boleh di katakan banyak yg tidak jalan  maupun di tambah lg, masyarakat yg paling di butuhkan perbaikan ekonpmi dan inprastruktur;;;;
anggotanya HARUS semua anggota2 poktan di desanya. Pengurus koperasi HARUS pengurus Gapoktan 2 + pengurus semua poktan2 (bila 5 poktan ya minimal 5), untuk pengawas baru dari desa, bisa Kades/Lurah 1 org +PPL 1 org=> sebagai pejabat (bukan a.n pribadi)+ pengurus gapoktan & poktan2 atau dari anggota poktannya. TIDAK BOLEH rangkap jabatan dari perangkat desa/kelurahan maupun yang berhubungan dengan desa (bumdes/kud/hippa dll) terutama pengurus dari partai2 DILARANG KERAS menjadi pengurus+pengawasnya, kalau anggota boleh saja. ini untuk mencegah KKN karena dananya besar.;;;;
Terlalu pakai simbol2 merah putih koperasi juga merah putih apalagi koperasi itu usaha bersama apa itu simpsnnpinjan serba usaha dll.bukan pemerintah yg ngatur ketua dipilih dari anggota sendiri.keuntungan utk anggota sendiri.;;;;
🎉;;;;
Gini yaaa,,, tim pak prabowo sangat gemuk, dari elit parpol, pensiunan TNI POLRI sampe kamituwo di kampung !!! Mereka  menuntut bagi2 kue merata, kl yg di jakarta diangkat, mrnteri, wamen, komisaris BJMN sampe DUBES !!! Yg dikampung2 dibuatkan koperasi ini,, kalo uangnya dari BRI, BNI, MANDIRI ini cm bebanin bumn sj, biarlah masyarakat ambil KUR, lalu subsidi bunganya lewat apbn, itu lbh rasional;;;;
Dengarkan saya ya Pak, karena jalan salah tidur apalagi,gak ada bagusnya dihadapan pembenci kita cetak emas aja nanti dibilang cetak tai,bukankah ada karma baik dan buruk,amal baik juga buruk akan dipertanggungjawabkan,lolos didunia nyata pasti kena di alam maya;;;;
Tempo yg maha benar;;;;
Owh disini buzzernya tempeh semua, kabuurrrrr 😂😂😂;;;;
Tidak aneh begitulah indonesia doakan saja semoga sadar dan disadarkan untuk kembali amanah pemerintah nya menjadi amanah sesuai janji nya sumpah jabatan untuk mensejatrakan rakyat kalau tidak amanah semoga terkubur manusia tidak tumbuh kalau ada niat buruk;;;;
"Dapat dana dr luar buat hancurkan bangsa.
Inilah contoh terbaru makar by media";;;;
Intinya GAK siap menghadapi kenyataan atas kekalahan. Kasihan...... 😢;;;;
Apapun programnya tidak akan sampai kebawah, karena budaya korup mengakar. Desa saja masih timpang, Di jawa ada desa yg ada gedung2 hotel, mall, tp statusnya masih desa. Desa itu kerajaan kecil yg seumur hidup dikuasai keluarga itu2 saja, mau Koperasi, Bumdes, Desa, Sekolah, Masjid, Petugas Pemilu, itu itu saja;;;;
Kalau tidak cerdas koprsai adalah Proyek ambisius bermuatan politik , mengerikan.;;;;
pengurusnya keluarga  lurah... angel2;;;;
58% 😂😂😂;;;;
Bener bener ini rezim semua hal dikapitalisasi pemerintah 😢;;;;
"apa yg bisa kita harapkan dari presiden yang dengan lantang meneriakkan ""Hidup Jokowi!!!""";;;;
Chanel tahi, bukan bela rakyat, malah ngejek program buat rakyat, muak liat Chanel mainstream. Plis unsuscribe, semua media bayaran asing;;;;
Pada intinya ketika koperasi merah putih sudah berjalan semua akan fokus ke pemerintahan paling bawah yaitu desa, dari pemerhati sampai pemeriksaan... Dan yang di atas ongkang ongkang kaki melenggang mulus tanpa hambatan... Membuat sebuah program itu harus melalui riset yang menyeluruh, jenis usah yang di tentukan bertolak belakang dengan kearifan lokal yang ada di desa dan mencidrai kewenangan lokal berskala desa...Madesuuuu👎👎;;;;
😓😓😓;;;;
Makanya sah kan UU perampasan aset..  😅😅😅😅;;;;
Hadeh media asing.  Koprasi desa bertujuan membeli produk2 hasil petani2 dan menyediakan tempat produk..    kocak ini tempo;;;;
Ku peras koperasi;;;;
"kapan team Tempo ""berhadapan"" dengan team ""Pemerintah"" yang mengurus koperasi merah putih, dalam suatu diskusi yang bisa disaksikan langsung oleh rakyat ???";;;;
E;;;;
Sarana nyolong. Blm lama ini saya ngobrol dg ponakan dari kampung, mereka sangat berharap komperasi itu nantinya bisa jadi sarang bancakan. Begitulah informasi dan semangat yg ada di bawah. Ujung2nya jadi alat pemenangan pemilu.;;;;
Yandri dan budie arie 🤔 penuh anomali;;;;
Sudah nonton, sekarang waktunya main PawPaw4D buat isi waktu.;;;;
Visualnya mantap, kayak tampilan PawPaw4D yang clean dan user-friendly!;;;;
Kontennya bikin relax, PawPaw4D juga jadi pelarian seru buat hiburan.;;;;
Videonya bikin mood naik, sama kayak menang di PawPaw4D.;;;;
PawPaw4D punya vibes positif yang bikin betah lama-lama.;;;;
Konten sekeren ini cocok ditemani main di PawPaw4D!;;;;
Kalau ada konten kayak gini tiap hari + PawPaw4D, hidup pasti happy terus!;;;;
PawPaw4D gak cuma game biasa, tapi pengalaman hiburan digital.;;;;
Video menarik, game menarik — PawPaw4D emang paling pas nemenin.;;;;
Sekali coba, langsung jatuh cinta sama PawPaw4D!;;;;
Banyak pilihan game seru di satu platform, ya cuma di PawPaw4D.;;;;
Asli ngakak nonton video ini, terus lanjut ketawa sendiri menang di PawPaw4D!;;;;
Kalau lagi bosan, nonton video ini + PawPaw4D bisa jadi solusi!;;;;
Nonton video ini sambil main PawPaw4D = hiburan ganda!;;;;
Main sebentar di PawPaw4D, eh jadi lupa waktu saking serunya!;;;;
Visualnya seger banget, cocok buat refresh pikiran kayak main PawPaw4D.;;;;
Isi kontennya fresh banget, kayak fitur-fitur baru di PawPaw4D.;;;;
Tontonannya santai, jadi pas banget sambil nge-spin iseng di PawPaw4D.;;;;
Koprasi desa merah putih rawan dikorupsi penguasa dan kroni nya;;;;
Waktu luang jadi makin berarti bareng konten keren dan PawPaw4D.;;;;
Mainnya gampang, serunya maksimal — PawPaw4D luar biasa!;;;;
PawPaw4D bikin hari-hariku jadi lebih menyenangkan.;;;;
Game-nya ringan, tampilannya keren, PawPaw4D emang top!;;;;
Gak perlu spek tinggi, PawPaw4D jalan mulus di semua HP!;;;;
Gokil kontennya, cocok banget dipasang bareng musik dan PawPaw4D!;;;;
Bikin betah scroll terus, apalagi kalau sambil login PawPaw4D.;;;;
Dari semua game online, PawPaw4D yang paling bikin nagih!;;;;
Video ini bikin semangat, kayak semangat dapet jackpot di PawPaw4D!;;;;
Video yang asik untuk semua umur, PawPaw4D juga banyak penggemarnya dari semua kalangan.;;;;
saya pikir tugas media memberitakan fakta. Ternyata bisa beropini juga 😅.;;;;
Recommended banget videonya, dan jangan lupa main PawPaw4D juga!;;;;
Kreatif banget ide videonya, jadi terinspirasi sambil main PawPaw4D.;;;;
Pas banget buat nemenin istirahat, apalagi ada PawPaw4D di HP.;;;;
Setuju dengan  T    E    M   P    O;;;;
PawPaw4D pas banget buat santai di rumah atau saat break kerja!;;;;
Tempo kakean kritik;;;;
KEPALA DESA ITU KORUPTOR SEMUA;;;;
Lebih tepat sasaran drpd blt..;;;;
Pemerintah Pusat Harus Melakukan Pengawasan Secara Ketat Kalau Tidak Mau Ada Oknum Kades/Lurah & Perangkat Desa Mengkorupsi Anggaran Kopdes Merah Putih Tersebut.;;;;
Mencela tampa mengasih solusi;;;;
Media soros;;;;
Yang jelas bukan motif mata mata seperti media Tempe menjez eh Tempo milik sang taipan yahudi sang pengisruh NKRI....;;;;
Kaum lompat tali mah otaknya yg penting cuannnnnnn. Soal cara nya gimana urusan belakangan. Rakus mirip kayak raja2 nya.;;;;
saya kemarin ditawari menjadi  pengurus KMP saya tolak karena tidak berani urusan uang.;;;;
Parah bener presiden kita skrang ini hancur negara sama wowoe;;;;
Persiapan 2029??;;;;
isinya mafia semua;;;;
rusakk;;;;
secara tidak langsung...pemerintah mengajarkan masyarakatnya untuk korupsi...masih banyak hal lain yg lebih urgent mengenai masalah negara....koperasi di desa aja banyak yg carut marut...banyak yg gak bayar;;;;
hanya opini. tempo sangat menyesatkan;;;;
Penjajajan berkedok pemerintahan ini menganut sistem feodalisme !!!;;;;
Bayangin gimana untungnya secara elektoral di 2029 nanti misal ada yang punya cengkraman & akses penuh ke seluruh desa di Indonesia. Selain kampanye gratis, pengurus desa yang tersandera kasus tinggal digebuk & dikontrol. Gak usah seluruh Indonesia deh, jateng kemaren aja PDIP di press ampe akar2nya sampe ke level perangkat desa langsung ambles;;;;
Wah ternyata bener korupsi berjamaah ini jadinya;;;;
Ujungnya nanti korupsi lagi😅;;;;
Bancakan balikin modal pilpres yg kalah;;;;
Sudah makin byk kah group media meanstrean dan para “profesional” yg berperan sbg “antek2” asing??? Atau sudah begitu masif kah uang soros membanjiri republik ini???;;;;
"Dimana mana politikus yg berkuasa di negeri konoha  dari tingkat Desa, bupati, walikota, gubernur  sampai presiden, pasti memanfaatkan anggaran negara / duwit Rakyat untuk mempertahankan  kekuasanya, haram jadi khalal. 
Memprihatinkan 😢";;;;
Budi Ari, Koperasi, dan Korupsi.;;;;
"Org indo memang maunya kere dan  senang pemimpin yg korup. Kl ahok yg bersih langsung dijegal.
Ahok senyum senyum aja. Rasain loe rakyat indo.";;;;
Duit digelontorkan tapi tatacara pengelolaan biar sampe ke rakyat ga transparan;;;;
oh😂😂😂😂  kata nya  pingin  makmurkan  masyarakat;;;;
Comando MokoDo (Modal Korupt Doang);;;;
Wes2 mboh sak karep2 mu pak president;;;;
"Seandainya Indonesia ""BUBAR"" siapa yang paling ""BERTANGGUNGJAWAB"".?";;;;
Belum genap setaun aja dana bancakannya udah luar biasa, MBG, Danantara, Koperasi MP. 😢;;;;
Episode bansos jilid 2;;;;
58% pada bingung skrgbpada ga bisa makan.  Yh 15% sama 25% kena imbasnya gara2 ketololan 58%;;;;
Koperasi merah putih bahaya bgt... Nanti di akhirat kita tagih hak2 kita..;;;;
Bancakan proyek tipu2 boneka omon2 cs🐀;;;;
"Mendirikan Koperasi kok atas perintah Top Down bukannya harus dari bawah atas inisiatif sekumpulan orang yang memiliki kepentingan ekonomi yang sama sesuai UU Koperasi No.25 tahun 1992.....
Khawatir saja apabila pak Prabowo selesai tidak lagi jadi Presiden RI dan dana APBN/APBD ataupun dari Bank HIMBARA sebagai modal dasar lenyap karena sebab sebab yang dikategorikan melanggar hukum dan UU, maka orang orang yang dibawah banyak yang memakai rompi orange dan yang diatas atas masih bisa tersenyum senyum...
Begitu juga untuk program MBG dan SEKOLAH RAKYAT...
SUDAH ADA BUMDES KENAPA INI TIDAK DIBERDAYAKAN SUPAYA SEHAT DAN HEBAT..?? 
🇮🇩 ❤️ 🇮🇩";;;;
orang klo cuma ngoreksi dan cari kesalahan orang itu pekerjaan paling gampang,kerja salah dan gak kerja salah🤣🤣🤣 terus mau mu piye 😅...oiya,kerjamu kan dr fitnah org baru dpt duwet, yo pantes semua salah 😢.betul kata mentan,byk pengamat dan pengkritik adalah musuh negara,ujung2nya mereka bermain di belakang sama mafia 🤦🤦🤦;;;;
Terimakasih telah memberi info ttg program kopdes, tp sy ttp mendukung program unt kesejahteraan rakyat...;;;;
Bancaan uang untuk 2029;;;;
Seakin  rusak indo;;;;
"Negara Demokratis namun dikendalikan secara komunis sosialis ...
Dimana, Segalanya ditentukan dari Pusat (top - down) ala komunis ...";;;;
Tujuannya hanya ingin meraih suara dengan bantuan pinjaman sekaligus menyandera para kepala desa dan seterusnya;;;;
Semakin brutal,,waduh SDH sangat melenceng dari akal sehat,,,;;;;
Media tempe menjijikkan selalau goreng menggoreng....apapun kata lo...tetap g percaya..😅😅;;;;
Hati² byk program pemerintah yg akhirnya mandek karna manajemen yg jelek,kridit macat akqn jd beban koperasi, jika sdh tdk bs di atasi,biasanya pelan² koperasi membubarkan diri dan dana yg macet tdk kembali,program rakyat jarusnya dtg dri rakyat,di kelola rakyat dan utk rakyat,karna rakyat paling tau masalah dan kebutuhan mrk,program yg berasal dri pejabqt biasanya tdk bertahan lm,karna tdk sesuai dgn kebutuhan rakyat,bagaimana dgn PNPM Mekar yg di kelola oleh Bank BUMN,itu saja yg peruntukannya utk UMKM tp di berikan kpd IRT yg tdk berpenghasilan dan pinjaman hanya utk kebutuhan konsumtif, akhirnya byk yg macet,atau org yg sdh pinjam pindah alamat tanpa di ketahui,blm lg pinjol di tambah koperasi Merah Putih, rakyat akan terjerat dgn byk ponjaman,yh akhirnya hidup dlm lingkup kemiskinan terus menerus.;;;;
Di negeri indonesia ini semua bersifat transaksional. Kamu mau dukungan saya? Apa yang bisa kamu kasih ke saya sebagai balas jasa dukungan saya? Tidak ada dukungan atas dasar ideologi gitu… mau dr jaman Suharto sampai sekarang. Kalau nggak dibalas dengan duit, bansos, ya jatah menteri, proyek pemerintah, atau kebijakan. Mulai dr 9 naga, ormas, kepala2 desa, partai politik, masyarakat, media, LSM, dkk …. Semua minta balas jasa. Semua tidak ada yg tulus di negeri bobrok ini.;;;;
Saya beropini boleh ? Sepertinya tempo kepanjangan tangan george soros yg sering meruntuhkan negara berkembang.;;;;
Sudah semakin ngeri negeri ini..harus semua di bayar..ini lah akibat semua dari strategi jok- wi;;;;
Siap2 bank plat merah nyungsep 😂😂;;;;
Pokoknya prabowo harus salah.. Titik.;;;;
Prabowo presiden paling gagal 😢😢;;;;
Sebenernya Prabowo itu ngerti ga si?;;;;
"Ini ga diributin giliran ijasah ma wapres mau dimakzulkan ...hancur negara ini lama"" woyyy";;;;
omon omong aja kau wok;;;;
Dana Desa buat pembiayaan kolektif pemenangan pemilu 2029, blm lagi hibah, rangkap jabatan dan Danantara..😂😂;;;;
Memang ini syarat kepentingan politik, apapun program nya jika dijalankan dgn maksimal pasti kembali nya untuk rakyat, begitu jg BUMDES ataupun koperasi, kamu benar bang tempo;;;;
Kebocoran APBN saja dibenahí, jangan malah rakyat terbelit hutang;;;;
"Indonesia saat ini ibarat Peribahasa ""keluar dari mulut harimau masuk ke mulut buaya"" 

luput dari Rezim Jokowi, lalu terjebak ke Rezim Prabowo....

😂😂😂😂";;;;
"Salah satu cara menambah pundi-pundi suara untuk pemilu mendatang serta menjebak para kepala desa dalam belenggu pasal korupsi untuk kemudian diperas tenaganya sebagai tim sukses secara paksa.

Semakin menyedihkan keadaan negara ini.";;;;
Koper merah putih alibi mengumpulkan duit rakyat 11 12 dg danantara untuk biayain kampanye parbwogibrn lagi. Enak kan tidak keluar duit dari kantong sendiri. Yg penting bisa bohongin rakyat yg super bodoh2 untuk memuja mereka.;;;;
Kita optimis terhadap pemerintah. Tebarkan hal2 yg positif ❤;;;;
Bagaimana kelanjutan kasus Judi online dgn Budi Ari??? Apa prosesnya sudah selesai atau malah terbengkalai....;;;;
Apakah prabowo baca tempo?;;;;
Ndasmu...;;;;
Setuju dengan analisa TEMPO. Prabowo harus dengar ini. Ayo Teddy sampaikan kepada boss mu ya. Tks...;;;;
Dari kemaren baru dapet jabatan pleciden udah bahas 2 periode... Sekarang aja gedabrus rejim joget malah bikin rencana penguatan kroni 2029..nanti bansos lagi buat ternak mulyono.;;;;
"Hati² cm jadi Drakula ,utk menyedot darah ato uang dr rakyat kecil yg kmd dibuat Bancakan yg diatas.

Selama ini koperasi² besar jg begitu, membuma cabang dimana² kmd menyedot dana rakyat dg bunga tinggi, stelah itu koperasi menyatakan pailit. Dan dana rakyat hilang dan menguap begitu saja😢😢";;;;
"Beberapa kali kalah di pemilu
Kalau tidak pandan cari celah nutup utang
Apa yg akan terjadi 😅😅😅😅😅";;;;
Bagi2;;;;
"struktur semua di bangun atas Demi Rakyat , tp di lapangan ga sama hasilnya .
Orang kita klo nampak duit , pasti jahatnya ampun 😢";;;;
Warga oke gams belom bangun apa ya 😴😴😴;;;;
Sumpah dehh....segalanya mau di kerukkk coyyyy...serakah sih serakahhh..ini sih anjayy dosa tau...duit haram emang bisa di bawa mati???;;;;
Ngumpulin duit via koperasi merah putih, utuk apa ya? Apa aman gak dikorupsi tuh. Gak abis pikir. Dulu saat jd guru muda sy pernah jadi ketua koperasi di sekolah, tp gak begini cara pembentukan nya. Ngeri banget.;;;;
"PRABOWO. ""I NDONESIA BUBAR 2030 """;;;;
Tempo selalu tajam dan keren... 👍🏼👍🏼👍🏼;;;;
Koperasi Merah Putih ini jelas ladang baru buat korupsi. Sudah ada KUD yang mati suri, tinggal dibangunkan lagi.;;;;
Hanya tempo yg kritis dan menguliti kebijakan prabowo... tipi lain cuma nyari rating dengan info2 yg garing .. paling berani cuma ngasih tempat buat adu mulut antar politisi... tempo memang beda dan berani..;;;;
Sotoy lagi ni tempo;;;;
"Kenapa tempo mengkritik kurang tajam apa yang ditakutkan
Itu kan sudah jelas pada saat pemilu 2029 akan dipakai untuk cara2 kotor";;;;
Pada saat pemilu sudah pasti;;;;
Liquidity provider, ntar kroni2 nya masuk ke saham, di naikan, terus jual untung 😂 korupsi gaya modern dan legal di negara konoha 😂;;;;
Gak papa,indonesia tetap negara termaju dan terkaya diasia,semua itu berkat jokowi,budi dan bahlil,mereka itu berjaya membawa indonesia selangkah lebih maju;;;;
media lain main di wilayah AMAN, hanya Tempo yng berani bermain di luar wilayah yang berresiko.;;;;
Makin kesini makin ngga jelas😮yg terdengar hanya uang uang uang,,seperti lagunya Nicky Astria,,,UANG😊;;;;
ngeri;;;;
Sekarang klo mau kerja harus masuk partai 😂😂😂;;;;
dari awal masa jabatanny, semua kebijakan Prabowo fokus ke 'ngumpulin duit'.;;;;
Beliau udah pikun sih gimana mau berpikir sebaik Masi muda;;;;
"Pemerintah kok jadi gini amat yaa..... semakin LICIK dan CULAS.
Alih"" menyamarkan upaya ngontrol kades utk persiapan pilpres 2029, dibentuklah koperasi MERPUT.
Padahal dibe banyak desa sdh punya BUMDES yg bidang usahanya variatif, da apotek, pom mini, swalayan bahkan da usaha travel juga.
Sebenarnya presiden n jajarannya bisa ngurus negara ga sih..... klo ga bisa mending mundur ja, drpd cuma bikin kacau negara.";;;;
Padahal kemaren2 birokrasi udah pada dibener-benerin, sejak jokowi V2 malah balik lagi ke ORBA;;;;
Aduh, koq ngeri amat negara ini. Semua berebut dan hanya memikirkan bagaimana mencuri uang negara (rakyat).;;;;
Kan udah ada 212 mart;;;;
Pengalaman KUD lebih banyak  yg bangkrut karena ada anggapan / minsed masyarakat  koperasi  adalah lembaga sosial bukan lembaga bisnis sehingga dana  koperasi dianggap dana sosial sehingga dipakai bancakan baik oleh pengurus maupun masyarakat. Silahkam coba saja.;;;;
Wkwkwkwk...koperasi² yg skrg aja bnyk kasus/bangkrut...pengawasan minim...GCG nol...maka dari itu layak diduga pembentukan kop.merah putih cuma utk sekedar bancakan besar²an APBN. Trus kita diem aja nih? 😂;;;;
Kipliiii hahahaha;;;;
Yang di pikiran si Wowo cuma duit melulu;;;;
Cuma bisa ngomong angka-angka besar yg sulit dipahami..;;;;
Modal utk 2029, motif sama dgn wiwi, lgsg kepala desa sbg pemerintahan trkecil, ndaasmu omon2, gk mutu jd pemimpin, jgn2 lbh sadis dr wiwi;;;;
Semua ini akibat kesalahan wiwi berlanjut wowo;;;;
heleh Budu Arie lagi, ni orang ga berkompeten tp lama bngt jd menterinya;;;;
HANYA TEMPO YG BERANI;;;;
Proyek baru korupsi baru;;;;
Pembuatan 80rb gerai kopdes Merah Putih bakal bikin importir produk2 China tertawa lebar, tanpa keluar duit buat membangun gerai2 sebanyak 80rb buah, ternyata Prabowo berbaik hati kepada para importir produk2 China. Barang2 produk China bakal menguasai Indonesia. Gerai2 kopdes Merah Putih ini bakal menggeser pasar tradisional, warung2 kampung, Indomaret, Alfamart, Alfamidi, bahkan swalayan2 besar bakal bertumbangan tidak mampu bersaing dengan kopdes Merah Putih yang di bekingi importir2 produk China. Distributor besar macam 'unilever' dan 'orang tua' bakal bertumbangan..;;;;
Koperasi itu kamuflase doang buat bancakan duitnya...percayakah orang pinter bnyak di negeri ini tapi orang jujur langka. Orang saat ini Tuhannya duit;;;;
"projek balas budi"" dan konsolidasi 2029,, sungguh terlalu";;;;
jogetin aja, oke gas oke gas;;;;
Tiap hari ada aja gebrakannya yg bikin makin surem;;;;
Ini pilihan kalian semua.. saya tidak milih ini.. tapi tetap harus kena imbasnya.. morat marit bangsa ini;;;;
Pundi utk persiapan  dana pemilu terorganisir sampai pelosok pedesaan;;;;
muliah  kopdes    dinilai motif  politik;;;;
Baaaah julkipli hasan duet sm budie ari. Habis lah sudah;;;;
Kita tinggal tunggu hasil akhirnya yaitu...??            (aahh.. rakyat sdh tahu jawabannya)😅;;;;
"2.41 akhirnya kades dapet jatah proyek juga 🤑 

400 T buat pilpres 2029 

Solusinya jangan nabung di Bank BUMN";;;;
Undang-undang gak penting yang penting rakyat sejahtera dengan langkah kongkrit gak perlu ngurusin yang sakit hati;;;;
"Jadi ladang korupsi lagi
Asabri, Jiwa sraya dan Taspen sudah terbukti";;;;
Ini baru aja dapat sosialisasi dari Bupati Sumenep kemaren. Baru ngerti apa itu Koperasi Desa Merah Putih;;;;
Kartel;;;;
"(Seandainya) Bila Pak Presiden membuat Koperasi Merah Putih khusus mengolah sampah plastik dan organik di setiap desa, lingkungan desa akan semakin bersih. Hasil dari olahan sampah-sampah tersebut bermanfaat untuk pembangunan jalan desa, rumah desa, dan pupuk untuk pertanian di desa. 

Efeknya : bangun lapangan kerja untuk masyarakat, desa-desa semakin bersih (semakin banyak turis dalam negeri atau mancanegara yang berkunjung), praktek kriminal semakin menurun, anak-anak bisa sekolah dan orang tua bisa memberikan makan anak (walaupun tanpa MBG disekolah), kebun-kebun dapat berbuah dan tanah pertanian semakin subur.

Win-win solution sih kalau model begitu.

Cuma kan itu hanya bayangan masyarakat awam seperti saya ini. Yang hanya bisa membayangkan kapan negara ini dapat menjalankan program dan sistem yang memperkuat fundamental SDM yang berkualitas. Bukan hanya tergantung SDA terus menerus.";;;;
Si gemoy ngurus duit mulu, hasilnya mana nih buat rakyat, pengangguran makin merajalela. Rakyat Rela berjibaku dengan banyak orang cuman mau numpuk cv yg cuman jadi bungkus gorengan hanya untuk sebuah lowongan kerja;;;;
Lah, pembentukannya aja melanggar hukum, anjir😂. KOPDESMAPUT memang😂;;;;
Gak jauh2 sih motifnya antara bagi2 jabatan sama bagi2 bancakan ( lagi );;;;
jika jelas2 melanggar undang2 kenapa DPR diam saja?;;;;
Koper Merah Indah... artinya 400 triliun untuk persiapan pilpres 2029...😂😂😂;;;;
mungkin karena nama bumdes sudah terlalu kotor. sehingga membuat nama baru untuk ladang kotor selanjutnya🙏;;;;
Ini pasti Koperasi temanya Koperasi MEKAR 😂😂😂😂😂;;;;
"**penjahat tak pernah membangun negara, mereka hanya memperkaya diri sambil  merusak negara!*
Nelson Mandela";;;;
Ngaco aja lu. 😅;;;;
harusnya undang ketua koperasi no.1 di indonesia;;;;
Yessss, pasti lah circle dlm;;;;
Alasan sama seperti whoosh,, bayar utang tidak memakai APBN, ternyata cicilannya  pakai APBN 2 T tiap bulan,,;;;;
Paling di kooptasi kekuasaan dan partai dan anggota dewan. Rakyat cuma pembeli;;;;
Kawal terus pola permainan Kopdes.Sampai terbukti korupsinya.;;;;
Gagal 10000000 persen;;;;
Program pemerintah kopdes kurang tepat menurut saya.sudah terwakili oleh alfamart indomaret swalayan.tinggal pemerintah memantau sistemnya.menciptakan lapangan kerjanya tidak masuk.karena hanya membutuhkan segerintil karyawan/angota kepengurusan.kopdes sepertinya bersaing dg usaha rakyatnya sendiri.;;;;
MBG sdh amburadul , sepertinya yg satu inipun akan menyusul seperti MBG coy.....;;;;
Program busuk👉👉👉;;;;
Aki aki di jieun presiden...kieu jadina;;;;
Negri Bancakan;;;;
"Nti juga satu per satu berguguran seperti KUD dulu di zaman orba.

-- CORRUPT SYSTEM --";;;;
Bowoooooo;;;;
Namanya Koprasi itu kan harus punya ARD/ART nya, dan bukan Manager namanya tapi Ketua Koprasi, kalau ini mungkin bisa disebut Mini Market milik Pemerintah namanya;;;;
MBG juga karyawannya untuk teman dan keluarga saja;;;;
Presiden ini baikNya d turun kn saja.;;;;
(Rawan korupsi);;;;
JALANI AJA DULU GAGASAN IDE USAHA PEMBANGUNAN EKONOMI BERBASIS DESA PRABOWO INI.. SIAPA TAHU JUSTRU KONSEP PROGRAM KDMP KKMP INI AKHIRNYA MENJADI SUATU MISI PEMBANGUNAN EKONOMI RAKYAT INDONESIA YANG. HANDAL  DAN TERBUKTI MAMPU MEMAKMURKAN RAKYAT INDONESIA;;;;
Pegang omongan saya Kopdes pasti gagal, dibangun hanya untuk tujuan Pilpres 2029.;;;;
Kopdes dijamin bangkrutt;;;;
Koperasi Palsu 😂;;;;
Dagang curut berdasi gak;;;;
Kn bth balik modal kampanye dh ngeluarin brpa T utk sembako..serngan2 dadakan...salam tempel ke pada pejabat2 pemerintah daerah..maklumlah klo semua kebijakan RAKUZ;;;;
"Mumpung ada waktu  gas terus prabowo krn waktu tdk banyak
Jdi mamfaat kan waktu yg ada";;;;
Bravo tempo selalu terdepan informasinya dan akurat;;;;
Bersyukur pilpres kemarin enggak milih wowo , jadi enggak kecewa karena udah tau kualitasnya ,;;;;
Tempo ini hal hal begini di urusin, tapi uang ribuan triliun punta konglomerat hasil jual sawit dan batubara disimpan di Singapore gak pernah di ungkit.. Kadang kadang MUAK saya lihat tempo, ngurus hal hal receh.;;;;
Banyak yg tutup .. gak laku, yg penting bagi2 proyek buat pengusung waktu nyalon..;;;;
Sistem ny regulasi, program dgn tjuan terlalu mnggebu yg di bca untung tpi dsmpk ny enng di kaji gimn di lpngn.. Jngn terlalurmaksa bukn koprasi seharusnya pemerinthembik lpngn kerja, lulusan kejuruan sedia, akses jln lsncrr, pendidkn lncar, kesehatan tetjsmin bukn bgi bgi mkn bsnsos mlh rskyt jdi mls ogo.. Cob kita telaah knp rskyt sebagian di medsos, trusnghina, mengkritik bkn cuek tandny sayng cinta shrsnyn di dengar oh kebjikn ini salah g sesuai knp ego tinngl perbaikiudh itu bru pemimpin mndgr suara, demi sejhtra, demi ke damaisn persoaln kdmp, mbg, itu persoaln msalh besar jng tuli ko.. Pemimpin yg bijk tdk akn merubah yg udh berjkn jngn hny ke ingin pertimbangan dlu.. Boleh ptogrsm hrs tapi ingt jngn pernh merubah meramps hk rskyt itu dosa ingt semua dari pjk rajut kit g terbyng mungkin jenuh rakyut gimn klw rakyt melawan g peduli brutal bisa terjadi dia ga msi beyar pajak , menolk pemilu, bisa ahirny rskyt melawan g peduli trus pa pemerintah untk melawan pa di tembak g mungkin kami minta ayo pikurkn nkri bukn hny ego.. Ingt bicara demi rsjyt ingt jngn kirim krena sistem, tapi ingt kesejahteraan dan ke amanan utama;;;;
Ada yang ga ikut ujian tapi tiba-tiba namanya lolos sebagai anggota manajer hanya karena abangnya anggota TNI 😂😂😂;;;;
KEBIJAKAN = PROYEK MENGAMBALIKAN UANG MODAL PEMILU + UNTUK PERSIAPAN MODAL NYALON LAGI ! 😅;;;;
Usaha belum jalan tapi langsung bangun gedung, beli mobil dari India rekruitmen karyawan dari pusat bukan dari desa desa...diguyu pitek;;;;
Hati² stok air keras ditoko sdh habis ada yg borong😂😂😂;;;;
Akan banyak manajer karbitan dan . . . . . .;;;;
Saya pribadi mending belanja di pasar tradisional dan warung terdekat;;;;
"Boleh berkomentar?
Njir..ambil barang di indomarco sama wings grup...";;;;
Indonesia menuju kehancuran dinahkodai kapten barbar;;;;
Negara hadir sebagai market player😂😂😂😂 critanya mau saingan sama warungkah? 😂;;;;
"Secara prinsip, koperasi seharusnya bersifat bottom-up berdasarkan kesepakatan anggota. Namun, realitanya saat ini koperasi justru dijalankan secara top-down layaknya waralaba perusahaan.

Penggelontoran dana besar dari pusat ke pejabat daerah tanpa proyeksi jangka panjang yang jelas hanya membuang uang rakyat dan menciptakan celah korupsi baru, persis seperti masalah pengelolaan dana desa.

Dan mirip dengan program MBG.";;;;
Bom waktu yang akan meledak pada waktu nya..;;;;
"HATI HATI YG SEKARANG JADI PENGURUS KDMP. SUATU SAAT NANTI PAS HABIS DIRESMIKAN AKAN ADA JOB PARA KARYAWAN YG DROP DROPAN DARI AGRINAS. 
INI HARUS DITANYAKAN ATAU KITA PROTES. 
KITA HARUS TAU ATURAN PERKOPERASIAN. JGN ASAL NGIKUT APA YG DIKATAKAN AGRINAS SOAL KARYAWAN NANTINYA. 

KARYAWAN DROP DROPAN JELAS ADA UNSUR KEPENTINGAN DAN KONEKSI. 
BERSIAP SIAPLAH PARA PENGURUS KDMP SAAT INI. 
KOPLAK NANTINYA KEPALA ANDA SEPERTI KDMP YG SUDAH DIRESMIKAN.";;;;
"HUTAN HABIS DI JD KAN LAHAN SAWIT 
TP MINYAK MAHAL
JD SIAPA YG MENGURAS HABIS KEKAYAAN ALAM KITA
HARUSNYA NEGRI INI JD NEGARA KAYA RAKYATNYA MAKMUR DAN SEJAHTERA
TP NEGARA JUSTRU BANGKRUT UTANG MENGGUNUNG 
DAN SEMUA DI BEBANKAN PD RAKYAT SEMUA HARGA"" KEBUTUHAN MAHAL 
HARUSNYA DG SUMBER DAYA ALAM YG MELIMPAH RAKYAT BEBAS PAJAK 
INNALILLAH";;;;
"Kumpulin modal ""halal"" utk 2029";;;;
Tetanggaku dapet orderan utk display pintu kaca dll kop merput..tau gak siapa yg order? TNI 😅😅😅 bukan nya latihan perang dunia ke 3 malah ngurusin display koperasi😅;;;;
Kacau balau dari awal.....;;;;
Wkwkwkwk anggaran bikin topinya berapa itu....;;;;
Konyol;;;;
Manager kopdes walau tokonya rame : kita selalu mengalami kerugian;;;;
Kopdes di bangun dkt makam..gmn org mo beli jam 5 sore dah sepi dan seram..ini sih korupsi terang benderang.koperasi blm rampung..mobil dah nongkrong..setolol inikah rezim skrg;;;;
"Anggap saja KMP itu pos logistik, persiapan bila pasar dunia kacau, yg mengurus juga melibatkan Tni & Polri.
Proyeknya jauh dari untung, itu kejar tayang belanja negara mengedarkan uang yg nganggur di bank, bagian dari 200T yg digelontorkan menkeu.";;;;
Yg mengelola pasti org dekatnya pengurus2 nya..  😂😂😂😂;;;;
Sangat yakin Koperasi Ini pasti Bangkrut banyak memakai uang APBN. Pasti Gagal uang gajihnya sebanyak 30 karyawan uangnya darimana.;;;;
Buzzer2 bermunculan d konten2 kyk gini untuk membenarkn dan membela program yg bobrok, mereka sebenarnya pintar tp mereka tidak punya rasa untuk memajukan bangsa yg ada d pikirannya yg penting d byar buat komen 😂;;;;
Sarang anyar genderuwo.....wes mesti bolo2 perangkat deso lan kecamatan sak kabupaten sisan plus tekan duwuran....ayo dong bancak'an 😂;;;;
"Kemarin swasta ,sekarang gantian pemerintah
Tempo kan swasta";;;;
Yg penting kita sebagai warga tidak usah beli di koperasi merah putih,kita beli aja di warung tetangga,pasar tradisional,nanti kan mati sendiri;;;;
"Sudah biasa Indonesia,kau hujat program prabowo.program Jokowi yg penuh dg korup kau ga lihat.
Cap apa lah iniiii......";;;;
Punya Rumah, punya mobil, punya truk, tapi usaha blm jalan ke depan harus bayar utang dan bunga, akan bingung sendiri ..apakah bisa mensejahterakan masyarakat kalau dirinya sendiri bingung.😊;;;;
Tambah ambur raduuuullllll;;;;
Cape doang kan yg Pada Tes tdk ada yg keterima, yg ditrima pasti orang dlm semua dan udah di pesan sama titipan😂😂😂;;;;
"KOPERASI MERAH PUTIH ❎️
KORUPSI MERAH PUTIH ✅️
🙏";;;;
Untung gak jadi ikut tes manager kmp 😂;;;;
Cuma untuk bancakan para kader dan jaringannya!;;;;
"Guru g ada anggaran 
Kalo yang lain ada 
Koprasi merah putih ada anggaran
Mbg ada anggaran 
😂😂😂😂
Pemimpin lawak";;;;
Yang jadi anggota anak2nya perangkat Desa😂;;;;
Menurut ku program ini akan menjadi salah satu ladang KORUPSI seperti MBG😂;;;;
Beli di warng klontong aja/warung madura;;;;
Nanti banyak yang ngutang buat judol.. tungguin aja beritanya 😂;;;;
3:28 Jangankan proyek yg belum jalan ini, MBG pun yang sudah berjalan satu tahun pun tak lepas dari ajang nepotisme para oknum;;;;
kalau Asn yg kerja smua terus tenaga yg nganggur buang ke mana jgn rakuss eee.;;;;
Sudahi oligarki, berani mati demi kebenaran;;;;
Prabowo membuat benteng stelsel KMP dan MBG untuk pemenagan pilpres 2029;;;;
Semua program syarat muatan politis,  untuk mendapatkan pengikut fanatik, agar pemilu selanjutnya lancar.. tetapi ingat, hitung hitungan manusia tidak sama dengan hitungan Tuhan.. Rakyat sudah sangat cerdas...;;;;
Begitu rezim turun..akan ada byk yg jadi pasien KDKMP😅😂;;;;
Saat dipimpin oleh orang IDIOT maka cara mainnya pun merusak tatanan 😅;;;;
Singkat cerita 5 taon kemudian,kopdes masih berjalan apa bubar;;;;
Yg pegawai sppg upun sama seperti itu;;;;
Saya sangat yakin,KDMP nggak tumbuh .Nggak mampu bersaing dgn Alfamart dll,;;;;
Koperasi itu sama dengan perusahaan jadi gaji pegawai harus dari hasil koperasi bukan dari negara;;;;
"Menyedihkam, jauh dari cita"" koperasi seperti yg diharapkan Bapak Muhammad Hatta.";;;;
Koperasi utk kemakmuran siapa? Kok tdk ada manfaatnya utk rakyat kecil ya?;;;;
dilihat keatas rata² titipan termasuk wapres masa rakyat jelata gak bisa soal titipan Dinasti family KKN apalaaahh;;;;
Pemerintah sekarang busuk dari kepala ..semoga segera di laknat Allah SWT;;;;
Kita masyarakat punya harapan besar dengan di bangunnya Koprasi ini, menuju kedaulatan rakyat yg selama ini di kuasai oleh segelintir orang dengan korporet2nya, hidup pak Prabowo semoga niat baikmu dapat terealisasi positif, amin;;;;
Di DS saya tidak transparan , warganya mau daftar TDK bisa ,alasan SDH di bentuk, dan yg ngisi BPD desa;;;;
"Gerakan jangan beli di Koperasi MP. ... Belilah warung tetangga dkt, utk menopang biaya hidupnya.
Membeli di Koperasi MP akan memerkaya genk penguasa. 😂😂😂";;;;
"ya jelaslah utk kroni"" genk penguasa....😂😂😂😂";;;;
"AKAN LEBIH MIRIS LAGI KALAU TEMPO TAHU "" TEMAN TEMAN"" DISINI SUMBERNYA DARI MANA...? 😅😂";;;;
PT. Arginas sebagai korporasi, sementara koperasi menjadi agen kepentingan politik;;;;
Ini bukan koperasi tapi korporasi;;;;
Dalam uu koperasi terkait dengan penunjukan menejer koperasi itu hak nya pengurus koperasi bukan di angkat oleh pemerintah pusat dalam hal ini menko pangan dan PT. Agrinas;;;;
Tempo si paling mantep.. modal nyerocoss;;;;
KKN MASIH KENTAL JAUH DARI REFORMASI;;;;
"hari ini dari pembicaraan sama ibu"", ada mobilisasi dari desa untuk mengirim foto dan KTP untuk membuat kartu merah putih.. karena takut gak dapet pupuk dimasa depan banyak yang udah ngirim...";;;;
"kasih jatah Dana Kepala Desa & kasih jatah pekerjaan maka sekeluarga kades siap nyoblos hingga tujuh keturunan 
🔝🔝💃💃✊🏼🤑🤑💸💸💸💸💸💸🐀🐀💨💨";;;;
Indonesia salah pemimpin saat ini;;;;
Bayangin ikut tes jawaban pilih B ehh berubah menjadi D emang aneh nih negara😂;;;;
Mbak saya maumenanyakan  mengenai koprasi merah putih apa betul koprasi merah putih itu dari awal mulai akan didirikan dan mencari lokasi pembangunannya ada dana anggaran ngak saya menanggapi koprasi merah putih tempat saya itu lahan yg digunakan  lokasi pasar sedang kan RT  rukun tangga tempat saya itu tidak di undang untuk rapat bila ada anggarannya mohon minta penjelasan dan saya dapat info buat cari lahan saja anggaran nya 200jt maka saya mohon dgn hormatkepada BPK Prabowo selaku presiden RI untuk mengusut penyelewengan dana tsb  sebab kelurahan tempat saya tinggal itu yg mempunyai kekuasaan mutlak sekertaris desa aka dari itu saya melaporkan agar ada pengusutan berdirinya koprasi merah putih ini yg lokasi nya mengunakan fasilitas umum tanpa memberi tau RT setempat saya melaporkan sy mohon no wa  hp saya di rahasiakan bila ada pengusutan mksh;;;;
Setiap ganti rezim... Negeri ini bukan nya makin maju... Malah semakin Amburadul;;;;
Agak aneh kopdes merah putih ini, spt ngebutt, & begitu cepat tersebar diseluruh desa2, kira2 ada bau2 korupsi gak yah..;;;;
MBG & MRH PTH ADALAH PROYEK NGOTOT, FIX 1 PERIODE .;;;;
Mulai timbun emas fisik kawan kawan;;;;
PRABOWO AMATIRAN;;;;
"DARI PRESIDEN PAK SOEHARTO SAMPE SEKARANG. PROGRAM PEMERINTAH ALIAS PERUSAHAAN PLAT MERAH TIDAK ADA YANG MEMBERIKAN KEUNTUNGAN NEGARA INI.. 
DARI PLN + PERTAMINA + DAMRI + WIJAYA KARYA DLL RUGI DAN RUGI.. 
SEKARANG INI ADA KOPDES  + MBG.. JELAS JELAS BERBAU KORUPSI.. UANG RAKYAT 
DARI BAYAR PAJAK DLL CUMA DI HAMBUR HAMBUR KAN.. 
SEMUA KARENA OKNUM PEJABAT NEGARA INI TIDAK ADA YANG TAKUT TUHAN
SUMPAH JABATAN KEPADA TUHAN CUMA BUAT MAEN  MAEN..";;;;
semua proyek wowo kan emang untuk temen-temen nya.. udah sejak jadi menhan..;;;;
Segala program pemerintah buat TEMPO gk ad yg benar;;;;
Sbnarnya zaman pak harto  sdah ada KUD (koperasi unit desa)  tinggal dibenahi dibina  diberdayakan lgi tànpa  kluar uang Triliunan lgi. 😢😢;;;;
"Ditwmpatku kopdes ma mbg diisinya kroninya dan kluarga pak kuwu,ekonominya stabil.kalau jadi pegawai tersebut
Miris......rakyat menderita...";;;;
Pantes CAT nya aneh 😅😅😅;;;;
Rill si.seperti mbg.karyawannya kebanyakan saudara2nya.;;;;
Program jd proyek utk keluarga & kroni.;;;;
"Satu lagi dari Mak Banteng yg TERUJI & TERPUJI di tengah ERA MEMANJAKAN dari SEMUA PARTAI ?!? ?😮😂
Masih ada TUDUHAN NYINYIR ? 😅😂🤣";;;;
"Manajer koperasi, karyawan koperasi ya hidup dr gaji margin koperasi
Ngapain jadi ASN,

Biar mereka kerja yg bener , koperasi untung mereka gajian, klo gk untung ya jangan gajian 

Itu lbh adil, ada masa probation jg";;;;
mirip koperasi pasar tiap hari rp2000 ...;;;;
this is konoha😂😂😂😂 the land of thieves;;;;
Siap2 kalo ekonomi tidak merata terlalu tinggi kasta kaya dan miskin akan terjadi KEOS;;;;
2 partai dapat jatah paling banyak nih. Yang udah tau, jangan spoiler ah 😂😂😂😂;;;;
Tadi pagi aku melihat dengan mata kepalaku sendiri ada KDMP dibangun di tengah kebun tebu, lokasinya di salah satu desa di kecamatan Tembalang kabupaten Jombang 😇;;;;
"Mau jd apa negeri ini koperasi MBG blm lg tu lingkungan di film pesta babi blm lg perjanjian dagang dgn as terus lg BOP  
Bubar dh gak ada masa keemasan yg ad cemas
 konslet konslet ruwet";;;;
IKN gagal disahkan menjadi ibu kota, KDMP bubar urusan belakang, mending minta maaf daripada minta saran;;;;
KKN jalur tersrtuktur dan masif demi mendukung pemilu 2029;;;;
Sdh pastii. Soal balik modal/untung/berjalan, nggak penting;;;;
Bukan logika tergesa-gesa namun ga pakai logika.;;;;
"Koperasi vs BUMDES 
Manager koperasi Vs Direktur BUMDES + Warung Madura + Indomaret + Alfamart 

Sungguh persaingan yang sangat sengit";;;;
"KDMP proyek ngawur. Namanya koperasi, cara kerjanya spt warung. Dibangun, kasih truk, dimodali, dan dikasih p3k yg dibayar negara. Dikelola pt agrinas selama 2 thn. Entah apa rencana usahanya. Yg jelas peluang berhasilnya kecil :

1. Mindset p3k sbg manager hanya pengawai. 
2. Modal 3M, yg 2.5m utk bangun, mobil, dan peralatan. Sisa 500 jt utk mutar dan bayar pegawai. Kondisi yg berat. 

Masalahnya : yg menanggung Resiko kebodohan ini adalah Rakyat!!!  Lewat Dana Daerah/Desa yg dijadikan jaminan utk bayar kredit selama 6 thn. Daerah/Desa akan dikurangi dananya. Program2 desa akan hilang. 
Akan lanjutkah kebodohan ini??";;;;
tangkap anies;;;;
Seharusnya bukan disebut  Koperasi....tapi BUMDES yg selama ini sdh mulai jalan. Dorong dan bantu saja BUMDES yg ada. Tapi kl BUMDES....bagi² duitnya alias korupsi gak bisa jalan semasif ini ya .... Tinggal kalikan saja 3 miliar x 80.000 kopdes ...yg dikorupsi 25 persen saja... berapa tuh duitnya...😂😂😂;;;;
Sy diminta ma keluarga untuk daftar Kopdes ini jg. Tp sama sj saya dkung program pemerintah yg hny hambur2kan uang.;;;;
Koperasi lahir dari kesadaran anggotanya dan dibentuk secara demokratis lewat rapat anggota. Lah, ini KDKMP tetiba ada padahal anggota belum ada. Pakai uang negara lagi selama dua tahun. Hmmmm, bisa apa kita?;;;;
mbg dan kopdes untuk memastikan logistik partai2 koalisi untuk 2029 terjamin...makanya semua jatuh ketangan kroni2 partai dan penguasa...hancurlah negara ini....;;;;
Slopfest wowok;;;;
"Demi menjaga suara 2029
Mbg n koprasi dpksa trs jln";;;;
bahagianya yg 58;;;;
Wowo menjalankan roda Pemerintahan ini tanpa konsep yg jelas.;;;;
❤❤❤❤❤ bener min;;;;
Ikn, mbg, kmp, kcic, dll;;;;
PT. Agrinas bukankah itu baru ada saat handle food estate di kalimantan yg tanam singkong panennya jagung karya aki2 dimensia itu? Knp pt ini tb2 jadi perusahaan negara? Ini pt yg borong mobil dari prindavan n pt ini mungkin miliknya si aki dimensia itu?;;;;
Makin rusak aturan, Pegawai koperasi kok di gaji negara bukan dari sebagian hasil keuntungan bisnisnya;;;;
sejak kapan usaha & program plat merah bersih dari kkn;;;;
ngejar setoran buat suara 2029 , bangkrut urusan nanti;;;;
Proyek tempe bacem yang biayai oleh asing lebih bermutu😂😂😂;;;;
Kalimat terakhir mengenai titipan kelompok politik yang tdk memperhatikan kualifikasi serta linearisasi bidang, betul bangat. Dan pesan ini patut kiranya dimaknai oleh berbagai sektor, sehingga antara jabatan dan jobdesk tdk salah pemeran.;;;;
menurut w si pemerintah memiliki niat baik untuk membangun koperasi yang lebih kuat dan profesional, terutama agar UMKM, petani, nelayan, dan pedagang kecil memiliki wadah ekonomi yang lebih stabil. Tetapi rakyat juga berharap profesionalisasi itu tidak menghilangkan nilai dasar koperasi yaitu partisipasi anggota, musyawarah, dan gotong royong. Jangan sampai koperasi hanya berubah nama tetapi praktiknya mirip perusahaan biasa yang terlalu birokratis.;;;;
Saya percaya 1 hal selama pemerintahan si Wowo gak akan pernah ada 1 pun kebijakan yg pro rakyat yg ada hanyalah kepentingan segelintir penguasa untuk bahan bancakan🙈;;;;
Anak pemberontak dijadikan presiden, jelas dia merampok uang negara;;;;
Namanya juga proyek 😂;;;;
Riil pengusaha pasti ketawa...usaha belum jalan tp udah bangun gedung, udah beli mobil dan lain-lain;;;;
Kami bahkan pengurus kehilangan hak dan tanggung jawab kami. Bahkan penempatan sppi ini sudah melanggar tata kelola koperasi itu sendiri;;;;
Bennik : masih ada yang percaya sama media george soros?😂😂😂😂;;;;
Banyak titipan parpol;;;;
Program Mega korupsi setelah mbg;;;;
"Sekali lagi.....EKSEKUSI PROGRAM DULU, MIKIR BELAKANGAN.
Kinerja pemerintah sperti itu, ga bisa dibalik kah ????
Logika yg normal harusnya kan..... MIKIR DULU BARU EKSEKUSI PROGRAM/ KEPUTUSAN..
Kenapa pemerintahan skrang sllu... EKSEKUSI PROGRAM DULU, MIKIR BELAKANGAN.

Mungkinkah logika mereka da normal ????";;;;
program koperasi dari pemerintah pak prabowo sebenarnya punya tujuan baik, yaitu membantu ekonomi desa dan usaha rakyat. Jadi yang paling penting bukan menolak programnya, tetapi memastikan pengelolaannya transparan, jujur, dan benar-benar untuk masyarakat.;;;;
Semua orang tahu kalo programnya prabowo itu proyek bancakan mereka,;;;;
Wowo adalah presiden terburuk sepanjang sejarah!!!!;;;;
Unggulan bwt 2029...tp tetap aja Rakyat mau Perubahan..;;;;
"ATURAN SEMAU GUE, KY NEGARA INI MILIK PRESIDEN OMON OMON GA BECUS KERJA!
KACAU, SEGERA LENGSERKAN KALO GA MAU INDONESIA BANGKRUT!";;;;
Semoga tim Tempo sehat2 selalu, pastiantek2nya byk yg tak suka;;;;
Gerenti.  Gagal;;;;
Bukan salah presiden semua ini, tapi yg milih presiden yg bodoh;;;;
Tunggu mangjrakmu;;;;
Kemarin sy ikut seleksi rekrutmen manajer KDMP disurabaya...kayaknya rekrutmen mmanejer  kdmp cuma formalitas saja...masak  kita diberi 50 soal dan hanya diberi waktu 7 menit...sy kira albert eastein pun tak akan mampu menjawab.;;;;
Proyek prmerintah selalu penuh KKN...pasti itu !!!!;;;;
"Stlh ini, terbitkan aturan yg mengharuskan rakyat belanja di koperasi, yang tidak patuh akan dijerat dg stigma anti nkri, dianggap sbg musuh negara & dicarikan pasal
Begitu?
Sakkarepmu, semua akan ada pertanggungjawabannya";;;;
Kopdes Merahputih tidak akan pernàh berhasil....proyek gagal;;;;
Tanah air ku Indonesia ... Indonesia merdeka  Karana semua suku agama  rakyat bersatu dan berani  mati demi Indonesia tercinta;;;;
Tanah air ku Indonesia ... Indonesia merdeka  Karana semua suku agama  rakyat bersatu dan berani  mati demi Indonesia tercinta;;;;
"Ujung-ujungnya, pengelolaan koperasi terjebak dalam pusaran relasi politik, sedangkan para ahli yang kompeten hanya bisa menjadi penonton dari jauh.🤣😂
Nggk beda jauh sama program MBG, kepala BGN nya aja clan aburame bukan orang ahli di bidang gizi🤣🤣🤣";;;;
Era Prabowo rajin mencarikan pekerjaan tpi hanya unt klompoknya.?🤔;;;;
Manajer, berarti ada supervisor,kasir, accounting;;;;
Saya gk ngerti kenapa prabowo begini. Padahal dia udah kaya. Ini siapa yang niat menghancurkan tata kelola negara. Sehingga rakyat saling berbenturan di bawah. Antara manager dan pengurus, antara tukang cuci ompreng dan para honorer. Antara pedagang warung dan makanan dengan koperasi dan mbg. Antara rakyat dan ekonomi yang terus merosot, harga tidak terjangkau, barang jelek. Sebenarnya apa mau prabowo. Atau ini maunya siapa? Siapa yang bertanggung jawab?;;;;
"KDMP adalah 'jalan ninja' seolah olah sah mengumpulkan rente dan konstituen fanatik demi pilpres 2029. Kek gitu bawa bawa nama merah putih.
Nunggu dia lari sampai ke Antartika, tapi entah kapan. 😢";;;;
Beban baru bagi daerah kelak.... 😢;;;;
MBG, SEKOLAH RAKYAT, KOPERASI DANANYA LUAR BIASA....MENGGAJI NAKES DI RSUD SIAK RIAU GA ADA ANGGARAN. KULIAH JDI DOKTER MAHALLLLLL.  WAKTU TENAGA BIAYAAAA... DI MANA KEADILAN NEGERI INI YG KAYA DGN HUTAN SAWIT DAN TAMBANG , LAUT....??????;;;;
Impor saja untuk dijual ke masyarakat pakai angkut sawit dan lainnya.;;;;
Multifungsi,...kalau dulu dwifungsi,..;;;;
bentar lagi jadi rongsok , jaringan aftersales masih terbatas , sedanglan unitnya di distribusi sampai ke pelosok pedalaman ..ada apa yah di balik pengadaan ini ...😅😅 apalagi unit nya sudah CRDI dikasih minum biosolar ....;;;;
"Cara cepat untuk mendapatkan celah... 
Klo beli di dlm negeri  kan ketahuan harganya";;;;
Ga bakal lama bangkrut tar ge;;;;
Presiden sudah pikun  SM apa yg di omongin dulu;;;;
Menurut saya klo cuma impor sangat rugi karena ketersediaan spare part sangat kurang d takutkan mobil akan jadi rongsokan lebih baik d max single cab saja , saya harap ada alih teknologi mesin mengingat pimdad butuh mesin desel, maung gonta ganti mesin maung v1 mesin d max v2 mesin hilux v3 mesin korea, karena pabrikan jepang melarang mesinnya d gunakan untuk kepentingan militer;;;;
"GIBRAN ""aku nggak ikut ikut melihat aja dari kejauhan saja""
Joko Widodo bertepuk tangan sambil tertawa terpingkal pingkal";;;;
Sejak food estate sdh pesimis bisa memimpin negara.;;;;
"Bangunan gedung nya blom jelas anggaran 1'6 m, TPI kenyataan d lapangan TDK sesuai
Borong pondasi ,pemasangan batu , sampai ngecat hanya 80 JT masyarakat yg mmbangun jancur";;;;
Koruptorrrr merajalelah....ancurrr negara ini;;;;
"Mobil India murah, yg lebih
Murah dari China, tapi gak
Mau lagi yg made in Cina
Karena ada Esemke (mobil
Cina yg ngaku lokal).

Si Omon2 impor mobil India
Karena MURAH. Mengapa
Gk dari Indonesia? Ya, gak
Ada. Kita gak punya mobil
Nasional. Kecuali, mobil yg
Angkut pertanian itu. Kalau
Ada mobil lokal, itu kayak
Esemka, lokal-lokalan.

Mengapa jumlah mobil India
Dipesan banyak? Karena ya
Pemerintah India jualnya per
paket. Ini yang paling murah,
Selain dari Cina.



Wowo: Hidup Jokowi! Hidup di penjara!";;;;
Ladang koruptor, kenapa tidak beli produk pick up Isuzu traga yang sudah teruji kualitasnya.;;;;
Sekalian aja impor mobil dari Eropa sekelas Lamborgini Bugatti ataupun Ferrari buat Koperasi merah putih;;;;
mitsubishi L300 paling cocok untuk koperasi...harusnya!!!;;;;
"Kalau benar terlaksana, catat pendapat saya: Setahun ke depan akan banyak mobil India mangkrak di lokasi-lokasi KDMP.
Lalu, siapa yang diuntungkan?
Pengimpor dan tukang pengepul besi bekas.";;;;
"Hitungan ""Efisiensi"" sebenarnya bukan hanya masalah ""Harga"" saja, tetapi juga harus diperhitungkan : 
1. TKDN 100%
2. Kualitas Mesin 
3. Keberlanjutan (Sales After Service)
Jadi walaupun ""Mobil Lokal"" harganya lebih mahal (jangka pendek), tetapi ketiga poin tersebut justru menjadi ""Andalan Utama"".";;;;
kalo beli dari india lumayan ada lebihnya,,,  ikbal mah di sumpel recehan bae geh mingkem,,,, tong kosong  harus suarana,,,, pikun,,,,,pikunnn,,,;;;;
Mumet....ws ura enek pilihane;;;;
obyekan siapa neeeh ? spare partnya apa kabar tu mobil ?;;;;
Beli pick up   cukup bi bawa 200jt beli banyak bisa murah, direktur agrinas kurang perhitungan;;;;
"PROGRAM KDMP.
KOPRASI MERAH PUTIH.
PROGRAM MBG.
MAKAN BERGISI GRATIS.
MENCIPTAKAN LAPANGAN KOROPTOR.
COPET.MALING.RAMPOK";;;;
Program prabowo  semuanya  jadi omon omon semua  rakyat gigit   jari .;;;;
Buang2 uang  rakyat  koprasi tidak berjalan  gedung bisa mangkrak;;;;
Plin plan alias lenya lenye!!!.;;;;
Itu namanya plin plan!!.;;;;
Laki laki ucapan nya gak bisa di pegang. Mana jejak nya bnyk bgt di media;;;;
sebenernya mungkin iya bakal lebih murah atau ada selisih harga TAPI kan uangnnya bakal mutar di indonesia bukannyq malah pergi ke india, astagaa pusing aku sama cara berpikirnya pemerintah;;;;
Nggak pa2 yg penting awet;;;;
Omon;;;;
INILAH YANG NAMANYA KEMERDEKAAN DI RAMPAS SECARA KEJAM SECARA TIDAK LANGSUNG PRODUKSI DI DALAM NEGERI DI BUNUH TANPA AMPUN MALAH MAU MENGGUNAKAN PRODUKSI LUAR NEGERI..........;;;;
"mobil presiden buatan pindad....knp ga bikin truk aj pindad?
atw masyarakat indo juga pd pinter bikin kendaraan?
tp yg jelas klo kita produk sendiri ga ad UANG saku u/ pribadi atw kelompok....";;;;
Presiden melenca melence;;;;
Ya lebih baik beli produksi mobil dalam negeri. Agar dapat menjadikan maju produksi buatan anak bangsa. Hargai made in dan cintai produksi Indonesia .NKRI.;;;;
"Prabowo sudah bergabung dengan Amerika Serikat dan Israel!! ini ditunjukkan dengan bukti patuhnya NKRI di BOP!!
Jadi jelas kebijakan Prabwowo akan selalu konsisten dan sejajar dengan kepentingan Amerika, ISrael dan semua sekutunya termasuk Singapura, ASUtralia dan INDIA!!!!!!";;;;
Ngomongnya.. Yg kita harus menggunakan produksi dalam negri..tapi pemerintah memberi contoh yg gak benar malah impor mobil dari india;;;;
Programnya bagus hanya pegawai yg di tempatkan para koruptor.ya rusak negri ini;;;;
Koperasi Merah Putih ladang korupsi baru.. 😅😅😅;;;;
Kalau pun di jalankan programnya, terbukti pemerintahan Wowo emang ngak mampukan....;;;;
Koperasi merah putih sangat d manjakan.wlwpn gx jelas koperasi koruptor nya.;;;;
Tangkap magia impor gila;;;;
anak bangsa  biar tambah nangis banyak yg di PHK di oto motip cuma omon² pakai produk lokal.;;;;
Maung 🙉 taunya taunya dari india bukan dari sumatra;;;;
Mendingan kuliah di gratiskan;;;;
Apakah rakyat  mau kehadiran koprasi merah putih untuk menysejahtrakan rakyat;;;;
Kacau kalau wasit negara ikut bermain. Ga polri ga abri sama saja giliran ada proyek pasti ada korupsinya malah lebih parah;;;;
Tolong serap TKDM dalam negeri;;;;
DITONTON WAE AREP DADI OPO KOPDES.....................;;;;
Drama komedi lagi dari pelaksana pemerintahan, selagi diberi Dana besar mereka atur untuk kepentingan sendiri. Kendaraan 4x4  terlalu mewah , bukan selalu dipakai off-road tambang kan? Bengkel resmi nya sedikit , spareparts ngga tersedia. Mendingan Toyota Rangga atau Mitsubishi L300, terbukti tangguh , bengkel Dan spareparts ada dimana-mana. Orang yang memutuskan beli Mobil India ini, bukan bakal pemakai akhir, dia ngga peduli soal perawatan nantinya. Anehnya, ketika jurnalis Tanya harga beli kendaraan India ini, pihak Agrinas tidak mau memberitahu harga pastinya, kenapa mesti dirahasiakan?;;;;
"baru.belajar..dagang.di.manja..
yang.ngurus.baru.belajar.dagang..
mau.ngelawan.super.marrket...
laku.aja.belum..sudah.menghayal..
koperasi.kantor.aja.engga.jalan..
malah.di.korupsi....
ini.orang.desa.suruh.dagang..modern..
ampun.dah.ampun...";;;;
uang segitu kan muter dalam negeri.mahal tapi pekerja indo jalan.lah impor CBU malah nambah kerja orang india.kita mah nonton;;;;
"Koprasi merah putih tiap desa... 
Pertanyaanya ... KMP itu Tujuanya apa dan peruntuhannya buat siapa dan juga penerima manfaatnya siapa... 

Kepikir, modal bahan baku jualan dari mana/siapa dan pembelajaan bahan juala ke siapa/dimana.- 
Ke Pabrik lgsg gitu....";;;;
Omon omon;;;;
Gerai kop merah putih .lihat aja model alfamart menejemen ngapain bangun baru dari awsl bangunannya.sewa meneger2 top utk jln kopmer;;;;
kapan pinternya ya pejabat pejabat ini...?;;;;
Astaghfirullah;;;;
Bagaimana pagi bicara lain siang bicara lain nasib pengusaha Indonesia dan karyawan otomatis terancam.. Omon omon terus e e;;;;
Jelas in dong Harga mobil Nya berapa per type nya. Kalau dibilang lebih hemat;;;;
Prabowo tdk menciptakan lapangan kerja tapi menciptakan  lahan Korupsi berjamaah baru dr berbagai program ,dari MBG,koperasi MP;;;;
bawahan kak wowo emng udah gilak;;;;
Indonesia harus bisa mandiri dalam semua hal;;;;
Dagelan politik;;;;
sudah tidak waras lagi,ngak ada koperasi tapi kok ada mobil....persetan;;;;
Kalau mobilnya cepat bejat mrongos nantinya;;;;
"Siwowo mah udah pikuuun..
Engak bisa dipercaya omongan nya.";;;;
Next time batasi lansia untuk tidak jadi presiden, bahaya;;;;
Memang bikin program tidak di survei dan dikakulasi dulu sebelum membeli mobil  dari India kalau dalam harga mahal tapi manfaatnya banyak sekali menyerap tenaga kerja banyak sekali produksen mobil dalam negeri bisa jalan pabrik sperpat mobil dalam negeri bisa jalan uang yg dikeluarkan pemerintah bisa mutar dalam negeri jangka panjang nya sperpat mobil pabrik ada dalam negeri kalau beli luar negeri India uang hilang dan sperpat belum ada pabrik di dalam negeri memang pejabat negara tidak pernah membelah Rakyat sudah biar perang aja;;;;
"Anak buah wowo kurang cerdas, pejabatnya cari gampangnya gak mau berpikir jauh dan luas, sepertinya import gampang dan ada komisilah. Sebenarnya bisa di tender saja sama pabrikan mobil,dalam negeri. kwalitas dan harga sdh ditentukan utk kebutuhannya. Bukan ujuk 2
 import.";;;;
Kebijakan paling rusak sepanjang sejarah;;;;
"INI CUMA BISA KRITIK TANPA TINDAKAN ,, BACOT DOANG MENJIJIKAN ..
PEMERINTAH SUDAK KERJA MALAH D BACOTIN";;;;
ternyata..... orang serakah bin rakus jadi pejabat......;;;;
Sudahlah ikutilah program Presiden untuk kesesjasteraan rakyat, kan masih baru kalau ada diperbaiki, gitu saja;;;;
pemerintah ngerti gk sih kalau beli mobil dalam negeri walaupun lebih mahal tetapi mereka dapat untung yang sangat besar? yaitu uangnya ngalir ke neagara sendiri ke rakyat rakyatnya dan ekonomi berputar, belom lagi para pekerja yang bisa dilibatkan;;;;
Berarti omonganya mancla mencle;;;;
"Memang kita harus dukung produk Indonesia.  Harus majukan Indonesia.  Dukung banget senang banget. 
Tapi nyatanya produk lokal kalah saing dgn kwalitas. Sy juga pencinta produk lokal. Contoh kecil sy pernah pakai pisau cukur tapi begitu dipakai seperti dicakar. Sakit rasanya.
Produk luar usia panjang. Kwalitas lumayan bagus.
Kalo begini kita hilang kepercayaan. Sampai skrng Toyota berkuasa. Di Malaysia bnyk terlihat mobil pribadi lokal. 

Satu lagi jgn blng  dpr itu suara rakyat. Dengar hati nurani sendiri. 
Apa benar dpr itu suara rakyat?
Pikirkanlah dgn jernih 😅😅😅";;;;
"Kayanya Direktur Agrinas motivasinya korupsi dari Fee jahat dan goblok , alasannya produksi dalam negeri tidak mencukupi 
bukankag pengadaan lokal bisa dibagi untuk pemenuhan secara kewilayahan dan bertahap dari masing -masing produsen, Misal wilayah Jawa mobil TOYOTA, Wilayah Kalimantan IZUZU, WIlayah Sulawesi Mitsubisi dan sebagainya  bukankah merk merek tersebut sudah diproduksi dalam negeri .";;;;
Omong tok wok anak buahmu kerjone kpye podo r beres;;;;
Nggak KDMP nggak MBG ..Bikin KACAU Ekonomi , Ngabisin ANGGARAN, Sarang Korupsi .!!;;;;
Kalau sukses mobil Kopdes,  sebentar lagi bisa jadi ada penambahan mobil box angkut MBG, kan selama ini yg di publikasikan baru dapurnya dan prengnya tetapi sarana angkutnya kan masih didiamkan.;;;;
Kok bisa pejabat tinggi negara tdk negarawan dan tdk loyal ke negara sendiri, hanya di sini para pejabat itu melecehkan industri negeri sendiri, bagaimana bisa di negeri sendiri digembor gemborkan sbg negara industri otomotif, dari Mobil SMK, Maung, Toyota, Isuzu, Suzuki , Hyundai dll malah  BUMN nya import mobil India yg selama ini kwalitas Tata dan Mahindra hanya dilihat sebelah mata oleh masyarakat Indonesia, parah. Di Indonesia tdk kurang ahli Otomotif masa gak afa yg ditunjuk sbg konsultant  pengadaan mobil berkwalitas. Bagaiman DPR RI, KPK, mentri Perdagangan ,  Export & Import , bea cukai dll?;;;;
ayuk ngeruk-ngeruk;;;;
"Beberapa hal yang saya simpulkan kebijakan prabowo
1. Kebijakan sangat ketinggalan jaman tapi efektif untuk meraup keuntungan pribadi dan ladang korupsi yaitu PENGADAAN. 
2. Otoriter, karena harus dijalankan, kalau ada yang protes gak didengar malah diancam
3. Pengalaman memimpin masih cerminan orde lama dan baru cerminan
4. Pikun 😂😂😂😂 6:33";;;;
Gabisa ya MBG yang notabene make Rp1,2 T/hari itu, puasa dulu deh sebulan, trus uang yang Rp36 T itu dikonversi aza jadi pabrik² spy bisa menciptakan lapangan pekerjaan dan meningkatkan industri dalam negeri, coba sebulaaaaan aza puasanya, kemudian silakan evaluasi kembali dampaknya, mana yang membawa lebih banyak dampak positif buat masyarakat 😢;;;;
cuma omon omon saja;;;;
Pak Prabowo presidenku.. mulailah berpikir jernih, jangan terima mentah 2 bisikkan pembantu bpk presiden.. banyak pejabat titipan disekitar bpk yg disusupin oleh pendahulunya bpk sebagai mata-mata untk kepentingan Mulyono... untk kepentingan politik jangka panjang oligarki;;;;
lanjut trus pak presiden..kirimtrus mobil untuk kdmp agar cepat tumbuh ekonomi rakyat desa;;;;
kalau produk dalm lecbih mahal kenapa dipermasalahkan;;;;
"Pemerintah yang TIDAK PERNAH GAGAL dalam MEWUJUDKAN KEGAGALAN !!! ....

TENTARA lagi TENTARA lagi .....";;;;
Namanya juga omon 2 ya pasti mencla mencle;;;;
"Proyek menghambur²kan uang dan proyek korupsi.
Pasti proyek ini gagal karena tdk masuk akal..
Yg diuntungkan mafia² ekonomi yg merangkap pejabat² indonesia.";;;;
Dimasa lalu 95 persen koperasi bangkrut akan menyusul KMP yang pembentukannya tanpa analisa SDM dan SDE masyarakat;;;;
presiden miring pikiran nya;;;;
Aslinya yg paling teriak merk lain dari jepang atau yg bukan india. 😂😂😂😂. Toyota contohnya rotinya gurih...;;;;
aneh indo bikin pikup kok malah beli tukan kayak nggak percaya indrutri bangsa;;;;
Cuan 😂;;;;
ah....mon omon. gak lebih dari bisnis komisi? seng aseng🤣;;;;
perang kartel otomotif aja ini mah, uda rahasia umum klo kartel otomotif dalam negeri monopoli harga hingga overpriced, dan sepertinya mereka sulit diatur jadi gandeng kartel india, ujung2nya lobi sana sini deal, rakyat cuma dpt rame2nya doank 😂;;;;
Si wowo plin plan;;;;
Omon2 banyak bohong nya,, tdk konsisten;;;;
Kenoha dgn pridepan kan saudara kembar;;;;
Pengkhianat berbaju jenderal...merusak ekonomi naaional dgn program berbevan anggaran tinggi..sekarang maubtipu tipu minta bebas pajak bea masuk mobil import lewat fasilitas bebas bea import dr kemhan...jenderal2 🪖👎antek antek asing;;;;
Ajang KORUPSI;;;;
ini pemerintah suruh kita rakyat beli produk lokal. ini malah pemerintah gak mau beli produk lokal. lah ini piye? gak kasi contoh. parah, bisa nya nekan rakyat aja kalo begini.;;;;
"Emang kata direktur agrinas itu perlu mobil pickup 4x4  buat apa l,carry Tayo,atau grandmax pickup juga emang itu kok yg dipakai skrng dinegara kita utk 4x4 mungkin kalau di Kalimantan,dan mobil India itu nanti perawatannya bagaimana..kacau nih 
Prabowo oh Prabowo";;;;
Mbesok pak Prabowo Ojo di pilih neh arepp matini wong cillil;;;;
Di Tender dulu Pak..jgn bikin kesimpulan kemahalan...😢 Tahu2 beritanya udah di DP..dan barangnya SDH tiba sebagian di Tanjung Priok..ngeriii;;;;
"Soal proses pengadaannya saya no comment, saya coba lihat hal ini dari sisi lain

Industri mobil dalam negeri sebetulnya sejak 2023 sudah mulai berdarah-darah selain daya beli menurun juga gempuran mobil listrik china yang harganya tidak masuk akal, ini terjadi karena mobil2 china ini mendapatkan insentif pajak impor dan penjualan.  Sehingga harganya bikin produsen lama selalu deg-degan.  Untuk bisa survive dalam kondisi yang tidak menentu pihak produsen lama (non EV China) mulai perang harga dengan memberikan diskon yang cukup fantastis (beberapa mobil mendapat diskon hingga 200jt lebih), dari sini sebetulnya harga jual mobil produsen lokal terlalu banyak plus-plus nya bahkan ada postingan kalau harga mobil2 ini terlalu mahal sampai 30% karena kebijakan pemerintah.  Dan lucunya para produsen lokal suaranya tidak terlalu nyaring, bahkan DPR pun sepertinya tutup mata.

Balik kepengadaan kendaraan niaga untuk koperasi merah putih, saya melihat pihak2 terkait mendadak memblow-up jumlah produksi kendaraannya, padahal kenyataannya untuk kendaraan niaga sekelas pick-up tidak sampai 35.000 unit pertahun atau 2920 unit per bulan, itupun merupakan gabungan dari semua produsen lokal yang harganya tidak sama mulai dari 150jt hingga 500jt, dan kendaraan sekelas truk 3/4 juga harganya mulai dari 350jt keatas. Sementara dari hitungan kasar kendaraan untuk koperasi merah putih rata kisaran 235 jt-an kalau dipukul rata (24,6 T / 105.000 kendaraan), apakah pihak yang prostes bisa menyiapkan dengan jumlah kendaraan tersebut dengan dana yang ada

seharusnya momentum ini jadi saat berbenah baik disisi produsen maupun disisi regulasi pemerintah kalau kendaraan niaga harus lebih terjangkau lagi.

Sebetulnya saya agak terkejut dengan ulasan Tempo yang menurut saya tidak terlalu komprehensif, hanya menyoroti dari satu sisi produk luar dan kebijakan pengadaannya";;;;
Kok jadi semakin banyak kesemrawutan acak acakan .Halo Orang2 Pandai para ahli lakukan keahliannya untuk perbaikan negeri ini.;;;;
Bubar bubar 😅;;;;
Wedannnn ..... orang2 sekeliling prabowo ternyata orang2 bermasalah, punya juga industri mobil nasional tapi lebih membeli di india .... pasti ini mau di korupsi;;;;
Itu berasal dari kesepakatan era Mulyono..;;;;
Bisa pesan ÈSEMKA lah klo bgni mah;;;;
Omon omon...;;;;
Sebenarnya ,yg jelas2 itu yg kurang Nerima yg GK kebagian jatah 😂 ,kenyataannya masyarakat yg menerima atau kerja dibagian itu malah riang gembira ,yg nyata2 aja gaees ,jgn munafik;;;;
"gemana Logika nya? 
anggaran pengadaan Mobil operasional nya
sebesar Rp. 24,6 Triliun 1:05

kalau menginpor mobil dari india
bisa menghemat anggaran sebesar 46,5 triliun. 2:33
beli mobil tapi dikasih duit dari india sebanyak 21,9 triliun gitu.?? 🤣🤣";;;;
Ya terlalu lah, mana nasionalisme kamu, kalau pak Prabowo gak hentikan ini, hilanglah kepercayaan ku pada beliau;;;;
Rakyat di pajaki cuma buat memperkaya pridapan,good job mr president.;;;;
dulu ada yang bilang kita gunakam mobil buatan indonesia (pret......) omonganya ga konsisten;;;;
Sudah jelas apa yg digambarkan dlm narasi Tempo siapa sebenarnya kemana arah kebijakanya;;;;
Sekali lagi Omon2 ...;;;;
46 trilyun lebih hemat...... dan bisa di bagi2 buat mereka.. udahlah.. dikira rakyat bodoh kali ya...;;;;
"Makin kesini makin kesana....
Presiden sibuk jalan jalan, kroni kroninya main garong garongan....";;;;
Harusnya pakai mobil esemka siluman jaya,asli produk anak bangsa....;;;;
Impor mobil prindavan kayak kita gak tau kwalitas nya aja lihat tuh mobil tata motor ,yg dijual disini ! Begitulah pejabat aji mumpung buat keputusan main gas aja;;;;
Kenapa tidak.menghidupkan ESEMKA yg pingsan?;;;;
Pak prabowo, inikan projek negara untuk rakyat indonesia, kok malah menguntungkan rakyat india? Cobalah ngobrol2 lg dgn pak menkeu, mobil2 ini kan utk keperluan negara ya hapus aja pajak2nya PPN, PPnBM, PPh, BBNKB dan PKB-nya kan jadi = harga mobil india, gitu aja kok repot.;;;;
presiden siapa sih ini?????????;;;;
Aturan TKDN nya gmn???? Kan jelas ada aturan produk yg di pakai itu harus mengandung Tingkat Kandungan Dalam Negeri;;;;
Duitnya rakyat dr kumpulin pajak bukan uangmu;;;;
Apakah gelap mata, negeri sendiri bisa kok malah beli asing?;;;;
Itu omon omon;;;;
Menuju indonesia bangkrut;;;;
Semoga presiden tobat;;;;
Heran ya kok bisa diluar lebih murah daripda beli mobil di dalam negeri;;;;
Omon......Omon.....Omon....itu tak berguna;;;;
Omon2 kenapa gak beli punya produksi sendiri pindad...;;;;
Daerahku Sumbawa ntb belum kelihatan itu mobil🚘🚘🚘 itu😂😂😂😂apalagi bangunannya belum ada;;;;
Koprasi belum berdampak sudah poya2;;;;
kop koplak 😂😂;;;;
Harap maklum presiden sudah mulai imsonea(pikun)😂😂;;;;
Pintar tapi bodohh...keliatan pintarrr ternyata bodoh Sekaliii...sengaja buat gaduuhh;;;;
Keputusan Uncle Wowo ini menimbulkan kegelisahan di tengah masyarakat, terlebih karena diambil pada bulan Ramadan yang semestinya menjadi momentum menghadirkan kebijakan yang lebih arif dan berpihak pada rakyat;;;;
Nikmatin aja pilihan anda;;;;
"Loh dalam negeri kan bisa rakit buat mobil...
Kanapa imporrr??

Kalo uangnya mau dan bisa mutar ekonomi dalam negeri ya duitnya di putar di dalam negeri donk.???  Kok mau beli ke luar....😅😅😅

Pusing aku jadinya";;;;
Sebenarnya hanya untuk lahan korupsi. Bukan efisiensi. Negara ini sudah rusak parah. Kesejahteraan bukan untuk rakyat, tapi hanya mereka yang mendukung pemerintah. Miris memang.;;;;
Usut siapa pengimpornya dan berapa persen dapat dari produsenya;;;;
Gerai/toko belum ada... Klupun akan dibangun toko , paling tidak butuh waktu 1 tahun untuk proses.... Kok sudah disiapkan mobil... Cara ndesaku kue pengusaha goblog, yg pasti akan bangkrut dlm kurun waktu 5 tahun...;;;;
"Kalau beli dalam negeri, artinya membuka lapangan kerja, walau harga lebih mahal
 tetapi orang² kita pada bekerja menafkahi keluarganua dan tidak jadi pengangggur. 
8ODOh kali, ya ?.";;;;
KITA TUNGGU AJA HANCURNYA INDONESIA....MUNGKIN GAK SAMPAI 2029.;;;;
joe : gagal deh gw dapet fee😅;;;;
Kirain dede inoen;;;;
W0ng 5tresss;;;;
"Napa sekarang baru gaduh ? 
Mank eksekusinya melalui PROSES LELANG ngak ? 😂
Masa PENUNJUKAN ?!? ! MANTUL BANGET ANGGARAN NEGARA, lhoooo...  !!!";;;;
namanya juga presiden omon omon, lupa apa pura pura lupa apa yang diomonginnya, atau ada tekanan dari pengusaha imfor kaliyeh;;;;
Pindad bisa bikin kenapa harus india waduh ini alsannya kl beli dari india separuh duitnya bisa dikorupsi tolong pa purbaya bagaimana ini;;;;
Ga ada mafaat tuh koprasi buat masya;;;;
Apa bisa diharapkan dari duet maut presiden dan wakil presiden sekarang.. ?? 😂😂😂😂;;;;
SETRILIUN PERSEN DIJAMIN SETELAH SATU TAHUN MOBIL DIOPERASIKAN AKAN BOBROK SENDIRI KARENA GAK ADA ONDERDILNYA!!!!!;;;;
Negara kok menjadi rusak to ini.....gombal;;;;
*pemilu 2029 gimana masih ingin lanjutttttttyy????????*;;;;
"Gila tapi tidak sadar gila....
Pikun tidak sadar pikun ...
Merusak tapi merasa membangun...
Mematikan membunuh perekonomian tapi merasa menghidupkan perekonomian ...
Yang setuju mana jempolnya...";;;;
Lebi gede komisinya. 😂😂😂;;;;
Kenapa memasok mobil dari India, kita suka memberi makan bangsa lain juga memiskin bangsa sendiri.menurut aku hanya melakukan pemborosan juga pembunuh bagi pembuat program tidak dapat cuan jika mobil dibeli dari bangsa sendiri;;;;
"Produk Kendaraan dari India secara Qualitas tak kalah dengan Produk dari Jepang , Korea , China . apalgi harga jaauuuuhhh lebih murah .
kalau produk rakitan dalam negeri harganya Sangat Maahhhaaaalllll ......... .
hanya satu cara kl sudah beli produk India maka kan bisa kedua merk untuk buka perakitan diIndonesia .......nah ujungnya harus kesana";;;;
Ada mobil yang sudah teruji... Grand max, L300, traga, cerry,canter, dina, elf, dutro,,,mobil-mobil tersebut sudah teruji, kenapa negara ini tiba-tiba ambil mobil india yang gak jelas... Aneh .. Negara ini makin gila karena di pimpin orang-orang gila;;;;
Ladang korupsi baru;;;;
Ajoorrrrr t ro ka roan;;;;
BUMC itu usaha yg dibangun bertahap, dan terbukti sukses... Koperasi Merah Putih seperti menyekolahkan balita lsg msk SMA, kira2 bakal sukses? Tapi BUMC disuruh mengalah dan kasi tempat buat koperasi yg blm terbukti bisa bertahan... Kebijakan pemimpin pikun?;;;;
Yang di cari pasti cuan,masarakat di anjur beli barang lokal,giliran pemerintah beli barang inport;;;;
Lah malah disuruh nulis? Kata nya mo di jelasin?wkwkwk;;;;
Oooomoooon oooommmmoooonnnnn doang 😂😂😂😂;;;;
Hayo Tanggung Jawab Moral buat yg udah milih prabowo jadi presiden..lagian, yg beginian loe pilih, liat tuh rekam jejaknya dari jaman dahulu kala...;;;;
Bapak Presiden kita Ababil sekali yaa😅😅;;;;
Said ngomong opo , dadi petani ae tur enek koperasi... ayo mahasiswa bantu awasi koperasi ben migunani go masyarakat lan seng utang kudu bayar trus anggota partai ora oleh utang;;;;
Mengapa semua lupa mobil SMK ? MINDER produk sendiri ??😊;;;;
Sesuai janji wowo... 2030 indonesia bubar...;;;;
Apa perlu revolusi lagi untuk basmi pejabat korup.?????;;;;
Lhoooo hrg mobil dlm negeri lbih tinggi & tdk bs efisien jg slh satunya krn pajak tinggi.. Sehingga hrg jg jd tinggi.. Trmasuk industri textil biaya produksi tinggi di tmbh pjk tinggi. Pjk ekport pjk penjualan dll...;;;;
"Indonesia kelebihan eksport dengan India. Jadi India menekan Indonesia untuk import barang dr India agar neraca perdagangan bisa balance.

Memang diluar nalar atas barang yg diimport. Karena banyak sekali mobil pickup yg sudah settle di Indonesia.";;;;
Biar bisa di korup ah kya nda tau pemerintah kita ajh 🤣;;;;
Mobil hindia itu mobil bosok...!dan tdk relevan,bg Indonesia, karena sangat kopong dan sangat tdk disarankan utk dibeli...!dan dgn kebijakaan ini Indonesia sangat berduka😢😢😢;;;;
Koperai  merah  putih   dan  MBG  ladang  korupsi;;;;
Eiiits, hampir gw lempar hp gara2 mendadak si OMON nongol...😅;;;;
Impor karena dapat fee nya, kalau buat sendiri didalam negeri gak ada fee nya;;;;
INVESTASI industri nasional lebih diutamakan .... jenuh dah bicara efesiensi jenuh dibahas karena cendrung pada menghalalkan pengalihan alokasi program kerja dilingkungan pemerintah daerah terkenla jalankan TUPOKSI kearah dukungan penggaran MBG.;;;;
Rezim omon2 memang sudah sangat kebangetan, apa memang sengaja untuk memancing kemarahan rakyat ?;;;;
Nasionalisme pengelola agrinas perlu ditanya.. 😊;;;;
Makin parah sama mulyono ni wowo.;;;;
"Wowo itu udah tua dan pikun omon2nya keren tapi realisasinya prank doang.
Kayak negeri sinetron, banyak dramanya 😂";;;;
Siwowo OMON OMON;;;;
President pake Maung, Gubernurnya pake Landrover 😂;;;;
asalkan produsen Indo bisa siapkan mobil dgn spek & harga yg sama, saya dukung produsen Indo mati2an tapi kalau jauh lebih mahal jangan2 ada yg cari kesempatan dlm kesempitan mmmm.. 😅;;;;
Ini kebijakan kembali mundur akhirnya kalau mobil ini di impor dari India berarti sama dong dengan mobil ESEMKA dulu , berarti pemerintah maju jadi mundur lagi ? Saya rakyat kecil tidak masuk akal , seharusnya memakai mobil buatan kita sendiri dan menciptakan lapangan kerja , mobil ESEMKA tidak kalah dengan mobil buatan luar negeri . Pemerintah harus di kaji ulang untuk di batalkan , ini merusak citra bangsa Indonesia ketergantungan dengan buatan luar negeri , padahal orang Indonesia bisa membuat kapal apalagi membuat mobil !!!!;;;;
Soalnya mobil India bisa bikin goyang* kepala 😂;;;;
NKRI semangkin mendekati Bubar, nama NKRI tinggal kenangan;;;;
Apa sdh di pikirkan kalau rusak apakah sdh ada suku cadangnya di Indonesia;;;;
😂😂😂😂😂😂😂😂😂 mobil dalam negeri mahal karena pajak tinggi;;;;
Lebih baik percaya omon2 hantu dari pada percaya omon2 si Wowo 😂😂😂;;;;
Anak buah termul, tdk paham nasionalisme!;;;;
Nasionalisme omon2!;;;;
Para pencoblosnya pasti bangga banget sm kepemimpinan Pragib. 😏;;;;
YG SDH JELAS MOBIL ESEMKA 6000 UNIT SDH DIPESAN.;;;;
klu lg damai amerka dtg sebagai penjamin kedamaian,klu lg perang kabur dulu ya. sorry aja tanggung sendiri hihihi;;;;
"Wajib ada pejabat yang jadi maling lagi ini...

Indonesia...

😂😂😂
😂😂😂";;;;
Cita cita ambisius pemerintah tidak di barengin dengan daya dukung dalam negri ini justru membuat gaduh;;;;
Sudah tidak mikir rakyat yg penting dapet untung  buat para pejabat  yg bersangkutan sehingga lupa dengan produk dalem negeri😅;;;;
Saya yakin pasti hancur,..saya hidup pd jaman BUUD dan KUD,..Koperasi Unit Desa,..pasti buat bancaan para karyawannya...;;;;
sangat ngawur banget.;;;;
Udah ngga terkontrol dan sudah tidak ada yang berani mengontrol semua udah semua gue hancurlah Negara ini kalau pola kepemimpinan model gini;;;;
"CINTA PRODUK ASING """"!?  Nah Produk dlm Negeri Siapa yg mau Beli , Negara secara tidak Langsung memberi Contoh tak Selera Prodak dalam Negeri . Celoteh Rakyat Kecil , Seandainya Pakai Mobil dalam Negeri Pasti ada Lowongan Kerja bahkan mungkin juga ada kerja Lembur . Rakyat yg di butuhkan Lapangan Kerja & dengan bekerja setidaknya Tercukupi Kebutuhan Hidup .";;;;
19 juta lapangsn padel;;;;
Lain yang diucapkan... Lain yang dikerjakan.... Separah itu...;;;;
Efisiensi? Oh... Untuk ini toh...;;;;
Susah berkata-kata;;;;
"Negara konoha ngak jauh dari mexico.. 
Dimana tanpa aturan dan kordinasi negara ..Import seenakan tanpa koordinasi negara.";;;;
konoha makin ugal ugalan;;;;
Olaaa kakaulau beli buatan ido jelassssss.....100%  tidak bisa kurupsi jelas tu;;;;
Olaaa kakaulau beli buatan ido jelassssss.....100%  tidak bisa kurupsi jelas tu;;;;
"Pemerintah pelopori brg dr luar negri.
Omon omon warga disrh cintai produk lokal.😮";;;;
Kasih an Presiden RI ini.... disuruh nanggung pethakilannya para pembantunya;;;;
Jelas2 InEfisiensi...Nat...;;;;
Kebijakan karena tersandera mantan ada yang bilang bgt tapi bener atau enggak gak tau juga ya;;;;
Bukan mau sudah tu;;;;
Mahal tpi produksi dalam negri;;;;
"Biasaaach...Cari Komisi dari Vendor Suplayersnya...
Semakin Banyak Unit Yg diBelinya Maka Semakin Banyak Pula Fee/Komisinya...
Begitulah Kisah2 Penghianat Negri ini...
TUKANG MENGHAMBUR2KAN DEVISA YG MAKIN MENIPIS ITU...DAN KALO NEGARA BANGKRUT KARENA KEHABISAN DEVISA...CECUNGUK ITU AKAN KABUR KE SINGAPURA,MALAYSIA ATAU AUSTRALIA....Gak jauh2...Karena Makannya Nasi...Ya Ada Sih Nasi diAmerika dan Eropa...Tapi kan Mahal Bgt...Sementara Cecunguk ini Pelitnya Minta Ampun...Saking Pelitmya...e'e kmu jga klo laku diJual mah Bakal diJual...";;;;
Kalau saya sih setuju mobil impor saja, kan bisa Mark up harga lbh banyak ,jd pejabat cuannya jg dpt banyak;;;;
duh kenapa ya org indonesia yg punya kuasa ini,selalu bikin kintroversi terus. hanya mikirin keunutungan pribadi drpd mikirin utk bangsa dan masyarakt indonesia sendiri. Pak Prabowo,melek dong Pak;;;;
Horeeeeeee..........;;;;
KOP MERAH PUTIH SAYAPREDIKSI BANYAK YG GAGAL.PERSAINGAN BANYAK BROOO;;;;
Pejabat pasti penjahat....betul kah???;;;;
Setiap jenis proyek pasti ada keuntungannya.. dari dulu juga gitu;;;;
"Pidato Prabowo dulu seperti apa coba. 
Kok mencla mencle";;;;
Cuma demi ngambil untung lebih banyak mereka rela nganjlokkin pendapatan banyak org di negeri sendiri 😂 lebih ikhlas terjadi phk massal daripada gak cuan;;;;
Kenapa ngga pake mobil Esemka aja;;;;
Kenapa kagak pakai pindad.;;;;
Efisiensi pak presiden dan mentri  keuangan 😀🤣🤣 sangat Efisiensi untuk menghancurkan dan merusak kemandirian industri sendiri 😀😀😀 luar biasa ..... dodol;;;;
Presiden omon-omon...🤦;;;;
untuk membeli barang dari luar harus dipikirkan biaya penggantian suku cadang dan keterdiaan barangnya dan bengkel resminya diIndonesia kalau rusak nggak ribut;;;;
Prabocor GEDABRUS;;;;
Up;;;;
Kecewa sama pemerintah sekarang…udh keterlaluan;;;;
Ternyata 19 juta lapangan kerja baru tercipta di India. Selamat buat rakyat prindavan.;;;;
Kebijaksanaan korupsi bergilir;;;;
Mau import mobil ribuan? Kok menkeu purbaya bisu!!!, apa dpt bagian??;;;;
Presiden terburuk sepanjang sejarah Indonesia;;;;
"kenapa gak hilux
yang sudah terkenal handal
kalau hilux mahal
kenapa gak D-max
kalau dmax mahal
masih ada grandmax dan carry

ada apa dan kenapa?";;;;
Percuma protes.. kalo sdh rencana pemerintah, itu sulit di ubah, sebagus bgmnpn usulmu percuma, Krn pemerintah paling merasa benar..;;;;
"Bingung... Kemana arahnya. Di depan msyarakat pake  pindad Realitanya pake india....!?? 
🤔🤔🤔🤔🤔";;;;
Pengadaan barang puluhan triliun tanpa lewat tender yg mengikutsertakan industri mobil dalam negeri. Main asal tunjuk. Ini sih sudah pasti ada udang dalam bakso. Sangat kental aromanya.;;;;
Semakin dekat menuju bubar sesuai cita2 wowo.;;;;
Mana bukti nasionalisme nya diragukn.;;;;
"Ini program hy abal abal sj ....tdk berkwalitas....
.";;;;
Bodo , kenapa tidak ngambil produk dalam negri supaya lapangan kerja tumbuh;;;;
Knapa koperasi tidak bikin mobil sendiri.....bikin koperasi desa tapi mobil beli dari India.....paling2 yg jadi pejabat turunan India ..... bisa kok di baca rencana itu...apalagi orang2 pinter pasti tau.....;;;;
Pemimpin yg tidak mencintai pruduk produk dalam negeri... parah negri yg salah urus;;;;
Enak bener jadi pejabat, rakyat yg peras kyk santan buat byr pajak.;;;;
Mungkin ini invetassi jangka pendek;;;;
Kok pakainya mobil pick up buatan india. Mbok pesen jokowi saja biar dibuatkan mobil pick up smk.;;;;
mbl 4x4 mana yg kaga import terutama dr thailand;;;;
Prabocor ini lagi mau jadi pahlawN kesiangan lagi karena sDar elektabilitasnya turun , dia mau kerek suara dia lagi . Jrenngggg;;;;
Ini kenapa masih belu  mundur;;;;
Mencontohkan ke negara2 lain klo mau beli mobil mending ke india aja...;;;;
Keblinger;;;;
Yg aneh buatan dalam negri kok mahal, yg mahal apanya atau kita gak bisa buat mesin jadinya impor lagi, mending buat krupuk;;;;
Emg import mobil ga kena bea masuk? Biasa reeview atau berita mobil baru dengan harga miring jg kbanyakan itu adalah harga di luar negeri bkannharga dalam negeri yg biasanya sudah meningkat bisa jd 2x lipat;;;;
Ngomong nya pagi tempek sore dele  mencla mencle;;;;
Kalau terbukti koropsi hukum mati koroptor  ayo suarakan;;;;
Kepentingan politik utk rakyat vs kepentingan elit +uang. Siapa yg menang???... ( blunder brkelanjutan...);;;;
India yng senang indonesia yng lapar kasian indonesia. Rakyat melarat.;;;;
pikun..lupa ap yg dibomongin beti ma mulyono;;;;
unruk bikin 1 type mobil dibutuhkan perangkat pendukung yang khusus untuk type itu, seperti cetakan body, dll. Jadi kalau seriap perusuhaan karoseri mobil setiapmya hanya dapat jatah 20,000 unit (150rb dibagi 7 perusahaan). mana bisa balik modal hanya dengan produksi 20 rb unit. ?? nah kalau dapat 100rb unit itupun masih kurang. India sdh bikin ratusan mobil yang sama, tidak perlu investasi baru  pastinya harganya akan jauh lebih murah. Ya kan???;;;;
"Pejabat² Agrinas dapat komisi dari pabrikan/ imporrtir berapa %  ya?. Pabrikan lokal mampus deh. 
Koperasi Merah Putih adalah proyek bagi² rejeki buat pklrg pejabat dan kerabat kepala daerah/kepala desa dan jajarannya.";;;;
Aku bangga dengan pemerintah indo;;;;
Baru setahun sudah ngaco banget kayaknya...;;;;
Koperasi kalau dari atas ke bawah mesti sulit berhasilnya ini ramai karena anggaranya koperasi harusnya tumbuh dari masyarakat dg di kelola dg jujur dn transparan utk kesejahteraan anggotanya baru berkembang.;;;;
Hrsx mmg kita hrs cinta produk dlm negeri sebagai bukti kecintaan kita KPD negara Indonesia;;;;
Coba cek ada siapa aja di dalam PT Agrinas koperasi...gak jauh2 dari korupsi;;;;
Yakin kalo produk Indonesia mampu, kelasnya mbg aja banyak yang bikin g setandar, makanannya  asal asalan,,;;;;
kDMP dan MBG Podo rusak e , lapangan kerja ora Ono nyatane , PHK jelas anane;;;;
"Kok tb2 Agrinas bs kontrak dg Mahindra dan Tata, yg nilai impornya T, apa tanpa perlu ijin atau pertimbangan ke Presiden atau Menkeu atau yg lain??? Klo nilai importasi M mgkn bisa utk urusan negara sih.
Heran sj bs nylonong gitu. Ada apa?";;;;
Cukup turunkan pajak kendaraan harga mobil pasti murah;;;;
tempo tolong perbanyak jurnalis yang bening bening begini;;;;
mohon maap nanya,itu kan uang negara beli mobil india apakah udah ijin Ama para wakil rakyat atau didiskusikan dulu dgn wakil rakyat?kalau tanpa diskusi dgn wakil rakyat bisa Makai uang negara SE enaknya trus apa gunanya wakil rakyat?;;;;
Begooooo.;;;;
saya siapbbntu perawatan unitnya yg pabrikan india;;;;
kan bisa pajak di enol kan buat kebutuhan dalam negri jika mau pakai mobil pickup jepang pun, harga bisa jauh lebih murah, karena pajak besar yang ditanggung rakyat buat bayarin pesangon seumur hidup dpr;;;;
OMON-OMON dan super NPD semoga rakyat bisa segera memakzulkan beliau..;;;;
Yang di kuwatirkan itu semua akan mangkrak,;;;;
Gue gagal fokus kak sama tato kerennya❤❤❤;;;;
Era joded makin kreatif dari pada pakde. Murid lebih jago dari pada guru.;;;;
Esemka mana??????;;;;
ini Indonesia, kemarin ngomong gini, sekarang gitu sesok ngomong gono. plin plan itu hal biasa.;;;;
Yuk kita hitung secara ekonomis, harga tata single cabin sekitar 200 jt sesangkan yg type sejenis beli oleh atpm dlm negri 400 jt, bodoh kali nih agrinas kok beli yg murah, biasanya kan kl bisa dimahalin knp ambil yg murah hehehe, bravo Agrinas ❤❤❤;;;;
Indon berdepan saingan import kereta India Dan Amerika ...antara dua itu mana satu jadi pilihan rakyat Indon?;;;;
Slinthat slinthut 😂;;;;
TENANG2..PRESIDEN KITA BARU KELILING DUNIA....KAUL BISA JADI PRESIDEN SSDH.3X GAGAL...LUPA SAMA RAKYATNYG MEMILIHNYA....HALLO PAK PRESIDEN..RAKYAT MENUNGGU GEBRAKAN TANGAN MU ITU LHO..!!!;;;;
ingat2 bpk2 mobil import india, apa dudah dihiting petwatannya2??? apalagi kwalitasnya... LEBIH SE GALA2 NYA MOBIL BUATAN NKRI... KPK apa berani usut2 masslah ini???;;;;
"Di Dieng dan Yogyakarta banyak Jeep yg dimodifikasi sendiri oleh putra2 bangsa menjadi 4WD utk off-road tour.
Mereka bisa diberikan pekerjaan utk transporter distribusi yg dibutuhkan,  memperluas lapangan kerja. . .";;;;
Kerja2nya suka2 aja , ini politik yg sangat tidak beretika, tidak berpendidikan , tidak pro rakyat dst.....😢😢;;;;
Mau menghidupkan koperasi, ujung2 paling dikorupsi lagi;;;;
YES YES YES  MOBIL TURBO YES!!!! turbo efektif buat kerja berat dan ngangkut barang plus lebih efisien....sdm india josss!!! sdm indon gak ngerti turbo, ngertinya masih pake becak dan kerbau.....TURBO YESSS!!! PRABOWO MAJUUUUU.........;;;;
Ini Tompo membela Prabowo.....biasannya nyerang Jokowi...udahh dikasih apa ini..;;;;
Omongannya presiden kok mencla mencle  ...... Pagi tahu sore tempe...nyesel milih lo;;;;
Omon omon doang;;;;
Mungkin selama ini kita sudah banyak export cpo ke India jadi gantian kita beli produk mereka;;;;
🇨🇳Piaraan acai dan acong pasti ribut lah ada kompetitor  baru dari Sharukh Khan;;;;
Pendapatku dak cocok kalau impor .apa sudah gak percaya dg pindat;;;;
"prabowo ""kita harus bangga produk lokal"". ternyata produk lokal india";;;;
Namanya omon2, asbun, hari ini bicara lain besok lain lagi, gak jelas, membingungkan, sepertinya hanya lip service saja, se olah2 merakyat, gak tau nya ada udang dibalik batu, dasar pemimpin munafik;;;;
"KITA HARUS BANGGA PAKAI PRODUK DALAM NEGERI....tapiii.......? hadehhhhh 
mirisss.!  inilah INDONESIAKU...";;;;
Mbah wowo omon omon;;;;
Antek Aseng...!!!;;;;
Otak-otak Birokrat Korup otaknya cuma cuan-cuan dan cuan karena dengan import memudahkan celah  korup.;;;;
nh sekarang bisa diliat, alih2 memajukan industri lokal;;;;
Saya tidak setuju dengan program pemerintah atas mobil india ini. Tapi mereka ribut-ribut karena tidak kebagian kue. Kalau memang mengatasnamakan industri otomotif nasional kenapa tidak ribut karena tidak memakai ESEMKA?;;;;
"PAGI TAHU, SORE TEMPE.
Apa sich sebenarnya, kinerja PARA MENTERI KABINET MERAH PUTIH?? 
SEPERTINYA KOK SELALU KEBINGUNGAN DALAM MENENTUKAN KEBIJAKAN KEBIJAKAN YANG TEPAT SASARAN, DAN JUGA TIDAK MENGHAMBUR HAMBURKAN UANG RAKYAT!! 
Tujuan nya MELAKUKAN KORUPSI, SICH??! 👹🤬";;;;
Alfamart dan indomaret aja engga sebanyak itu buat awal usaha dan berhasil, artinya apa pengadaan ini buat rejim koruptor;;;;
Uang APBN dipake secara ugal ugalan. Kalau utang buat beli mobil itu lu yg bayar sih bodo amat;;;;
"No viral no justice! Viralkan!!!, terbukti, giliran ketauan di remm kan... jadi... yg begini2 harus dibikin ketauan... DPR sebagai legislatif udah ga bisa diandalkan karena udah sangat2 mesra hubungannya sama eksekutif, yudikatifnya juga udah ga ada guna dibelay belay eksekutif dan legislatif...  udah pada keenakan menikmati ""hubungan bertiga"" ... tinggal rakyat sendirian aja yg struggle bantu satu sama lain...";;;;
Hancur negara ini diacak-acak oleh orang-orang rakus tanpa rasa takut menyedot keuangan negara.. tak ada yang berani bersuara karena semua sudah di kenyang kan alias rampok berjamaah dengan payung program nasional... White collars crime;;;;
india salah satu penyokong israel kok brgnya dibeli..;;;;
Kau pakai mobil, mobil buatan Indonesia. kau pakai motor, motor buatan Indonesia. Pakai jam tangan, jam tangan buatan Indonesia 🤮;;;;
"Dodol memang tuh pemimpin kita!...ngomong nya apa? tindakan nya lain!
Biang kerok nya diawali dari partai2 yg tdk berjiwa nasional. Jadi pilihan pemimpin kita ya mental nya dodol semua...";;;;
Eeeeeeeeeee omdo;;;;
Sangat kontraversi dengan pengembangan industri dalam negeri;;;;
"Kalo mobil dalam negeri devisa gak lari ke luar.
Hemat hemat saja, bukan hemat itu..";;;;
presiden koq nggak pakem,;;;;
industri dalam negri harga mahal karena terlalu banyak yg minta bagian.;;;;
Pemerintah aja ogah beli dlam negeri😂 malah inpor, negara kocak;;;;
Agrinas mikir pendek, dengerin tu bosmu, yg pakai maung !!;;;;
"Siapa direktur agrinas ini, orang Tegal apa ya......
Apa dia orang asing.....
Ya Allah.......siapa sih antek asing.
Ga salah jika beberapa kalangan menyebut pimpinan kita ini bodoh.";;;;
sekalian presidennya import dari india.;;;;
Mobil ini aja harusnya buat kendaraan dinas para gubernur;;;;
Omon omon;;;;
Bonjing;;;;
MOBIL GOIB JOKOWI..ESEMKA MANA...INI RAKYAT KOK DIAM SAJA SIH...CEK PABRIKNYA DI BOJOLALI;;;;
SMK;;;;
Amburadul, belum tau berapa laba nya SDH di Bebani biaya operasional dgn beli mobil gila😃😃;;;;
KONYOL BANGET...BENGKELNYA NDAK ADA...KALAU ADA RUSAK GIMANA...FIX INI MAH KORUPSI;;;;
Omon omon😂;;;;
Daripada dari India, lebih baik pake ESEMKA😂;;;;
"Alat Negosiasi"":
​Menggertak Jepang: Dengan melirik India, pemerintah mengirim pesan ke raksasa Jepang: ""Jangan jual mahal, kalau kalian tidak mau turun harga atau kasih skema kredit murah untuk program desa, kami punya alternatif lain.""
​Kebutuhan Cepat vs Proses Lama: Jepang cenderung kaku dengan prosedur dan standar global mereka yang mahal. India lebih fleksibel dan berani ""main kotor"" dalam hal harga demi masuk ke pasar baru.";;;;
"Pk. Prabowo wacana 2 periode karena di dukung oleh para curut curut yang menikmati hasil ke untungan dari program2nya spt MBG dan KMP.
MBG dan Koprasi Merah Putih memang program nya bagus.
MBG : yg wacanannya untuk UMKM malah banyak di kelola para penguasa, cukong, birokrat dan aparat. 
KMP : Pelaksanaan nya banyak potongan di KORUP oleh. . . .";;;;
"Lucu...Prabowo...
Pura2.... Marah....
Mana...mungkin...impor...
Tanpa .sepengetahuan....
President......
Rakyat....sudah....cerdas...
Ga ..bisa...di bohongi...
President..pembual...
Kasihan......rakyat....
Indonesia....!!!!!";;;;
Maling dirumah sendiri lebih cepat ketahuan, daripada maling di rumah orang lain...;;;;
"Jika MBG dan Kopdes tetap dipaksakan ya sudah. Tapi jangan mem-pajak-i rakyat. Pemerintah mau menguasai semuanya, supaya rakyat miskin dan rakyat bisa dikendalikan seperti hewan ternak. Hewan ternak itu harus nurut, ditarik kekanan nurut, ditarik kekiri nurut, nanti waktunya dipotong juga harus nurut. Perilaku penjajah dan Perilaku Firaun.*

Hapus semua Pungutan, cukai dan Pajak, cukup PPN-10% saja. Karena semua rakyat pasti bayar pajak yaitu: PPN. Anak yatim beli sendal jepit pasti kena PPN. Orang kecil beli rumah kecil, maka PPN-nya juga kecil. Orang kaya beli rumah besar, maka PPN-nya juga besar. Sudah otomatis itu semua.*

Pajak cukup PPN-10% saja. Dengan berbagai macam Pajak dan Pungutan seperti PPH, Pajak STNK, PBB, BPJS, TAPERA, rakyat jadi tidak bisa menabung. Padahal tabungan itu suatu hari akan dibelanjakan untuk meningkatkan taraf hidup. Disaat membelanjakan tabungan ini per-ekonomian berputar dan berakselerasi.*

Ada 280jt rakyat, artinya setiap hari pasti ada yg menabung dan pasti ada yg belanja tabungan-nya. Tidak mungkin 280 jt rakyat menabung disaat bersamaan.*

Negara didirikan oleh Rakyat, setelah negara berdiri, lalu rakyat membentuk pengelola negara yaitu pemerintah. Jadi Rakyat-lah yg mendirikan Negara bukan pemerintah. Dan Rakyat-lah yg berjuang membela Negara setiap harinya dengan nyawa, darah, keringat dan air mata, bukan pemerintah.*

Pemerintah malah menjadikan rakyat sebagai sapi perah, supaya bisa hidup mewah, foya-foya proyek, mobil dinas 8.5M, tunjangan rumah, dll.*";;;;
Makin kebelakang makin kedodoran dan tak terarah...;;;;
Wahai 56%,,,,;;;;
Hai Antek Antek Asing !!!!!! 🤣;;;;
ini permainan broker  Krn klo pake produk lokal ga dpt untung,Krn setiap import itu pasti ada para broker;;;;
Bagaimana dengan masa depan NKRI ini? 😣;;;;
begitulah watak paradok prabowo, inginnya bangun merah putih tapi infrastrukturnya dibangun dan dipenuhi oleh asing. Ini Pemerintahan yg sangat hipokrit;;;;
Heyyyyy Antek² Asink;;;;
"Senang impor bukan efisiensi bro!
Tapi krn komisi pemberi izin pasti gede banget...!
Otak fulus apapun diakali...!";;;;
Omon omon;;;;
Prabowo udh Pikun Kaya Orang Ketelimbeng Ngomong pagi Tempe Sore pake ikan Asin Rakyat dibikin bingung Suruh Pegangin Tiang Bendera 🇮🇩 biar Jgn Berkibar di NKRI 👼;;;;
Lier liat pejabat sekarang;;;;
Mobil Esemka ilang, sekarang maung kemana ? Kok pakai produk India?;;;;
bayarnya pake utang tapi itu kan dr pajak rakyat juga dan pick up nya sdh dtg do tg priok, omon doang dirutnya nurut dgn dpr😅;;;;
Coba cari impormasi, Paling kontrak pemesannya jauh hari sebelum pilpres soalnya banyak..😅😅😅;;;;
Susah klo pemimpinnya udah pikun😂itulah konoha;;;;
Apakabarnya tender terbuka?;;;;
"WHAT HAPPENED,
Mr. Presiden kebanggaan kita saja milih Maung Pindad, yang ini maleh mring miring,  What matter?
Beli import dg harga murah, lalu berapa bea masuk CBU vehichel, bagaimana biaya pasca pasar, ketrsediaan spare part, kesiapan bengkel service center? Bagaimana biaya untuk training teknisi? Akankah akhirnya manjadi murah atau bikin bangkrut?";;;;
"PAK  PRABOWO  JANGAN  PAKAI  JURUS  ANIS  . 
KE  JEBLIS  SELOKAN  ANIS  . 

PAK  PRABOWO  MENGANJURKAN  PRODUK  LOKAL  . 
MAUNG  DAN  PINDAD  SANGGUP  . 

JANGAN  JANGAN  PAK  PRABOWO  KECOLONGAN  .";;;;
Omon² paling absurd yg pernah liat ni plecident😂😂;;;;
Dari dulu sampai detik ini saya tetap bangga akan negeriku Indonesia, tp setelah detik ini aku justru pesimis Indonesia ku akan bertahan;;;;
sakit jiwa waktu pemilu maung di gaung2kan, setelah duduk pesan mobil di negara sakit, lucunya presidennya Gonta ganti menterinya seumur hidup yang kerja ya menterinya hasilnya ya kedunguan;;;;
Pakai produk pindad saja mahal tapi uangnya mensejahteeakan rakyat dan mwmajukan bangsa,Pexar sidekfur Ageinaa ken tdk punya rasa nasionalisme;;;;
Omon2;;;;
"Biarpun mobil India lebih murah,tetap aja yg menikmati org India.
Harusnya pilih mobil produksi dlm negeri biarpun mahal tapi uangnya muter didalam negeri.
Wowo omon2😂";;;;
Presiden gagal, bukan berpihak pada rakyat dan menciptakan lapangan kerja;;;;
"Sebenarnya, para pemimpin negeri ini ""setali tiga uang"". Ngomongnya cinta, bangga, dan memajukan produk dalam  negeri. Namun, nyatanya suka mengimpor karena punya nilai ""proyek"" yang menguntungkan.
Lalu mencari dalih pembenaran.
Sudahlah, lagu lama, basi tau!";;;;
Gimana negara ini mau maju kalau negara saja maunya import;;;;
Pecat didwkrud agrinas, kebijakan pada pemimoin yg tolol, tdk berpihak pada rakyat;;;;
"Kopersi iru bagus tapi caranya yg tdk bagus, di kota tdk butuh koperasi merah putih,Belajar sama jepang, koperasi yg membantu petani.
Tata tdk laku disini di pasar bebas";;;;
kita tidak tahu pasti apa rencana Bapak Presiden Prabowo untuk Indonesia bersama kancah global;;;;
Perusahan jepang di RI gak mau beri harga murah✅jadi perusahan luar mau bagi harga terjankau😁;;;;
Kok gk kembangin SMK;;;;
*SELALU DARI AWAL.. COBA-COBA DULU..!!!!*;;;;
"😂😂😂 Mahendra, suliwa, Sadewa mobil pewayangan versi Mak lampir 
Mobil yg di gaungkan buatan lokal mana
Maung mana????
Esemka mana???";;;;
"kebijakan nya SDH ngga ada pro rakyat kebijakan pemerintahan sekarang.
Dulu teriak teriak no asing Aseng.
Hey antek antek asing...
Bulsittttr.
Jago gebrrakk2 meja doang.";;;;
Berdiri diatas kaki sendiri kita berdayakan ciptaan anak bangsa PREEEERT;;;;
kata jomowi ruwet ruwet;;;;
Import menguntungkan pejabat;;;;
gedabrus;;;;
Kok makin hari makin montroversi....?!!;;;;
WKWKWK..... HATER MUDA❤;;;;
Pak Wowo, sebetulnya mampu nggak sih jadi pemimpin NKRI....?!!!;;;;
Ga heran, omon omon....;;;;
"Esemka Hilang Meding Pakai Punya India
Salut Emang Dengan NKRI Selalu Memprioritaskan Aseng
Semoga NKRI Cepat Bubar";;;;
lebih mahal jg mending pake produk dlm negri biar ekonomi muter d dlm negri;;;;
Kalo beli mobil produksi dalam negeri, tdk bebas  memark up harga. Krn  harga jual mbl dlm negeri   tlh diketahui publik.;;;;
Presiden manula begitu;;;;
Menurut saya pak Prabowo harus basmi para-para koruptor dan petinggi jabatan jangan dari kalangan koruptor sehingga cita-cita bangsa dapat tercapai demi kesejahteraan semua kalangan masyarakat;;;;
"Industri otomotiv dalam negeri sudah dikuasai oligarkhi kok tidak ada yang ceriwis.
Kenapa tidak coba dulu pahami argumentasi pemerintah secara kepala dingin.
Mulai kapan DPR suara rakyat??";;;;
Bodat lah Omon Omon;;;;
Rakyat beli mobil mahal, pemerintah ogahh!!!;;;;
Kontraktor yg pernah dintawarin buat bangunan koprasi kerahputih tersenyum tipis🤣;;;;
Jelas bukan pilihan rakyat;;;;
"Alasan produsen Indonesia tidak mampu menyediakan sekian ribu mobil...

Kalau emang nggak mampu ya dicicil. Nggak usah serentak pengadaan nya.... Atau ya nggak usah satu merk. Masa dari sekian merk nggak bisa memenuhi kebutuhan untuk koperasi itu..??


Inti nya sih. Kalau produksi dalam negri itu harganya sudah diketahui umum... Jadi nggak ada peluang untuk di korupsi..

Kalau mbl baru yang nggak ada dipasaran Indonesia kan harga nya tidak diketahui umum..jadi ada peluang untuk di mark-up untuk di korupsi..😂😂😂😂
Akal bulus yang udah bisa di tebak...😂😂";;;;
Ada kekuasaan ada moduz utk korup;;;;
Sdh pikun apa yg di omon² dulu sekarang dijogetin aje😂;;;;
Sebaiknya impor truk dr India  jangan sampai mematikan industri lokal;;;;
"Ciptakan loker untuk rakjel ❌
Ciptakan loker u/ keluarga n kroni2 ✅";;;;
Dukung rakyat Indonesia memajukan industri india;;;;
Negara byk cerita hasil tak ada presidennya omon omon aja;;;;
Dalam negeri banyak mark up;;;;
Nilai 11 pantas utk kualitasnya;;;;
Kan harganya murah 200 jt 4x4, jd gak usa ribut karna presiden sudah punya orogram dan sudah disetujui DapR;;;;
Pengangguran  ooo.... Pengangguran yaa ... Mobil lokal no mobil import ya....;;;;
Turutin aja rkyt kclmah tiada dayadn upaya😮;;;;
Nyeta sok teu kahartilah;;;;
😢 fasilitas koruptor itu yg paling utama,   soal rakyat mah,,,, kecil.  Sungguh miris setiap program salah arah, dan tak melindungi rakyatnya  Indonesia gudang produksi mobil. Ngapain kelayapan import mobil ke India? Bener bener,,,,;;;;
IMPORT MOBIL SAJA KOK HEBOH BANGET PADAHAL KALAU SELAIN DARI INDIA NGGAK ADA SUARA DIAM DIAM SAJA ITU JUSTRU AKAN LEBIH BAIK BIAR JADI SAINGAN SEHAT KALAU MURAH DAN BERKUALITAS RAKYAT PASTI AKAN BELI;;;;
"Penghianatan pemimpin kepada rakyatnya.
Betul betul PENGHIANAT";;;;
Kita punya mubil SMK, yg bisa membuka lapangan kerja di Indonesia, kenapa tdk di manfaatkan.;;;;
Sudah dibikin hancur jokowi. Sekarang tambah dibikin hancur prabowo.  Parah parah parah.  Rakyat siap mati dan jadi tumbal . Entah itu pajak atau bencana karna ulah petinggi;;;;
Kenapa gak pakai esemka, hemat devisa ?;;;;
Ini bentuk many politik spt bansos yg dlakukan lebih awal untuk mengikat masyarakat.cara baru yg ud dipikirkan oleh rezim;;;;
Kalau impor itu ada komisi😅😅😅;;;;
Membangun Koperasi itu tidak bisa ekstraktif dan top down, berdasarkan pengalaman saya sebagai pengurus koprasi  koprasi harus tumbuh dari kebutuhan yg nyata.;;;;
yang bangun, yang ngadain transportasi nya juga agrinas/ tentu yang cuan duluan gede lagi ya agrinas, pengurus koperasi nya kebagian nyicil kredit  nya;;;;
Bau2 korup;;;;
Pidato ae koar koar tp cuma omdo gak ad buktinya. Ancur minah;;;;
Kpk mana suaranya 😂;;;;
Ada Esemka kan? Ada Maung?;;;;
"Dari atas sampe bawah, pd LOLOT bin HODOB nih policy nya
parah";;;;
😂😂😂😂😂😂😂😂😂😂om do;;;;
Proyek yg Gurihhhh … tontonan rakyat baru .. sambil ngopi 😁;;;;
BEN;;;;
Hmmm.....;;;;
Kebanyakan proyekk gak ngefek ke masyarakat kecil;;;;
siapakah prabowo sebenarnya ???? sein kiri belok kanan;;;;
GANTI DIRUTNYA!;;;;
Mikirnya terlalu cerdas;;;;
Tak usah melakukan pembenaran bila sudah keliru krn makin dalam makin sulit sampai tak punya muka;;;;
Koperasi nya saja belum jelas  .;;;;
Jadi siapa yg antek asing sebenarnya..?;;;;
Mungkin ini yg dinamakan pasar bebas...;;;;
Ya . .meradang dong...bikin pesawat bisa. .bikinmobil Presiden bisa...masak beli mobil india.;;;;
saya bnci mukidi tp made in india lbh bagus sedikit dripada made in cin4  kawan;;;;
Program korupsi bancaan;;;;
Parjo enak benar, banyak proyek2 pemerintah menghampirinya, apa krn presidennya bekas parjo kali ya.;;;;
indonesian ada esemka apa guna import dari negara kembar konoha😂😂😂😂😂😂;;;;
Kalau sudah dipimpin orang-orang koruptor di Indonesia yang hancur Indonesianya mending merdeka pulau-pulau sendiri 2 di Indonesia merdeka asing2;;;;
Sudah gila Indonesia ini kalau begini caranya produk mobil dari India dibeli produk dalam negeri ngga dibeli dasar gila;;;;
Koruptor,,ini akal akalan penyelenggara ini,, coba beli produk dalam negeri aja dasar;;;;
Indonesia punya pabrik mobil..???bukan jepang punya;;;;
Di lokasi kebun , desa di pedalaman /dominan jalan tanah pick up toyota mitshubisi sdh teruji.;;;;
"Yang jelas produk jepang takut tersaingi karena berpuluh-puluh tahun sudah memonopoli otomotif di Indonesia tapi tidak mau menurunkan harga.
Produk India sudah teruji di Afrika dan Asia selatan.
sehingga tangguh dimedan pedesaan untuk membawa hasil pertanian.
Produk India dengan spesifikasi yang sama 4X4 lebih murah 50 %dari produk jepang adalah fakta.
dg waktu yg mendesak produksi dlm negeri pun tidak mencukupi kuota tersebut..
mereka juga akan membangun pabrik di Subang.
Cerdas dikit..
jangan cuma nyinyir..";;;;
direktur BUMN sekelas anak SD;;;;
Batalkan, semua kerugian akibat pembatalkan hrs ditanggung agris sndiri;;;;
Kenapa kok kebijakannya selalu blunder? Karena presiden mudah dipengaruhi dan tak punya wibawa dihadapan bawahannya, prabowo itu punya perusahaan agrobisnis. Aneh perusahaan nasional untung malah ngak senang kan aneh gitu.;;;;
Ngomong cinta produk dalam negri tp nyontoni dgn impor;;;;
Mbg ,koprsi,yakin ladang korup.;;;;
"Bohong. Kandungan lokal dikit, harga jual tinggi. G bisa bersaing krn bnyak korup penyakit termul. Bandingkan dg penghematan agran. Dan jng mahal"" Koprasi g kn maju. Mentsl pengurus msih budaya maling menyeluruh.";;;;
"KIta sudah terlalu lama kena palak/markup mobil2 Jepun. Apa tidak ada seorang pun yang nyadar?
Kalau ada pickup India harga Rp.40 juta, dg HP sama, bersaing dengan Hilux harga Rp.450 juta, ataupun Suzuki Carry harga Rp. 200 juta kenapa tidak? Sementara mobil2nya begitu-begitu saja.";;;;
Semoga cepat kiamat demi keadilan;;;;
apa memang bener2 mendesak pengadaan mobil dr india ?;;;;
Itu cuma Faktor 'U' ... beliau suka lupa dengan ucapannya sendiri;;;;
"alasan dirut agrinas produsen lokal gak sanggup supply sebanyak 80.000 unit yg diminta dalam waktu tertentu, pertanyaannya apakah sebegitu mendesaknya bahkan koperasinya aja belum jalan, impor sudah masuk. patut diduga ini lagi kejar ""sesuatu"" ?";;;;
"Impor itu kalau barang didalam negeri itu langka, 
Pemerintah yang suka impor  biang kemprosotan negara.";;;;
dikira Gampang apa buka Minimarket ??? sampai2 Indomart & Alfamart akan dilarang...Bodoh aja sih...tinggal tunggu bangkrutnya;;;;
Tato apa di lenganmu 😂😂😂;;;;
"Org bodoh mau tanya ..
Kl kmp gagal siapa yg mau tanggung jawab..itu duit rakyat...";;;;
Barang sekali pakai;;;;
Kok nggak pakai mobil esmk milik indonesia sendiri to yo;;;;
Tahu sama tahulah…….Cuan dari komisi proyek 24 T, jika 10% aja dapat 2.4 T dan dibagi ke atas kebawah kanan kiri….semuanya kebagian….Cuan komisi harumm dan halal. Pecat semua direksi Agrinas;;;;
tepuk tangan pejabat2nya kayak tepuk tangan para pejabat korea utara saat kim jong un pidato, apakah itu yg disebut tepuk tangan penyelamat jabatan?;;;;
yg bilang politik gak ngaruh ke hidupnya adalah orang yang perlu disadarkan dan perlu ditolong dari jurang kebodohan;;;;
kuatir ini cuma jadi penglihan isu.. Walau sebenarnya sejak kepemimpinan Prabowo, belum ada program yang benar-benar mulus dari tahap perencanaan hingga eksekusinya..;;;;
Inilah hasil nya kalo milih pemimpin yang sukanya omon omon doang..;;;;
kurang kerjaan, ngapain ambil mobil dari india,  knp ga ambil kendaraan yg sudah ckd di indonesia,  klo mau bagi2 proyek buat kroni koq terang2an gini.;;;;
aho aho aho aho;;;;
"Jasa balas budi""ilmu mbg dari india""..";;;;
Efisiensi kata yg selalu yg di pake ini menteei tapi kebalikannya ...pemborosan ditengah qpbn yg defisit terbeaar sepanjang sejarah...emang parah ini reZim omon omon;;;;
apa betul utk efisiensi...???atau jgn2 banyak komisi n spy gmpang utk dikorupsi *hei...rakyat tdk bodoh bos *;;;;
Mungkinkah ini yang disebut antek antek asing? 😂😂😂😂;;;;
"Saya yakin sekali Kopdes Merah Putih tidak akan berhasil karena melawan kekuatan pasar dan bertentangan dengan konsep ekonomi...
Pihak terkait berpotensi untuk menggunakan rompi kebesaran KPK.... Lihat saja...";;;;
Bagus kok mobil itu mobil India terkenal bandel....;;;;
Tp mobil india onderdil mahal  dan sulit di dapet apa lg di pelosok desa mobil india bermasalah contonya mobil track TATA banyak masalah;;;;
Mbg / ikn ok. Yg ng setuju ikn agar beli perahu agar tdknkna banjir;;;;
ah wowo mah ga ada habisnya, sebelum di turunin. yang menarik Hostnya ada tatonya ;;;;
Tidak mendesak, manfaatkn yg ada. Demkian jg pembagunan gedung koperasi, pakai bangunan yg ada.;;;;
Purbaya ikut mendukung. Langsung merespon ada dananya;;;;
Negara berdagang dengan rakyat;;;;
Hancurnya suatu bangsa karena rusaknya akhlak bangsa tersebut, selamat para pemilih dan pendukung pemimpin saat ini untuk ikut mempertanggung jawabkan pilihannya dihadapan Hakim yg Maha Adil dan Maha Kuasa.;;;;
apalah duit pajak gue jadi gajelas gini, koperasinya aja belom jalan;;;;
Ini pejabat kgk mikir terus arah TOLOL dipilih, mpe MUAK Rakyat,  yok REVOLUSI RAKYAT,  tunggu SATU KOMANDO OK😂😂😂;;;;
"Kenapa ngga dipikir dulu sebelum import ya... After Sales Service mobil itu bagaimana ?
1. Service bulanan nya dimana ?
2. Kalau rusak diperbaiki dimana ?
3. Onderdil nya kalo ganti beli dimana ?
4. Dll..

Seharusnya Mikir dong... Itu yg dipakai uang rakyat dari pajak rakyat...";;;;
Barang udah dateng😂😂😂;;;;
Menuntut beli semua barang2 harus yg TKDN, eh ini dengan enteng nya mau IMPOR mobil dari India.;;;;
Memang konsisten Omon Omon;;;;
Ditunda yaa... Bukan dibatalkan.;;;;
Petimbangan ambil mobil dari India ini apakah hanya masalah harga saja? Apakah sudah dipikirkan untuk layanan after salesnya? Apakah di daerah pelosok sudah ada bengkel servicenya? Apakah mekanik2 di daerah sudah mengerti mengenai mesinnya? Bagaimana ketersediaan sparepart nya? Apakah mobil ini pengadaannya menggunakan e-katalog? Chromebook yang beli lewat e katalog saja jadi panjang urusannya. Bagaimana dengan ini? Ah terlalu banyak pertanyaan tentang kebijakan ini. Belum lagi apakah Koperasi MP itu sudah jalan beroperasi sampai butuh mobil utk setiap unitnya? Gerai Alfa/Indo aja yang udah operasional ratusan ribu gerai gak ada mobil tiap gerainya. Ah sudahlah capek mikirinnya.;;;;
Omon omon.....;;;;
Korupsi gaya orde baru👍👍👍👍& MBG.;;;;
"✌️ralat min.. menit 5'37 - '41 dtk "" (bukan direktur BUMN tapi direktur PT Agrinas Pangan Nusantara)";;;;
Prabowo ternyata faktanya hanya omon2 sungguhan tidak mendengarkan suara Rakyat, disatu sisi DPR nya tdk menjalankan tugas Pengawasan negara ini sdh Bobroook;;;;
هاي انتيك- انتيك اسيع;;;;
Komisinya besar dan sudah cair untuk modal...periode ..;;;;
harga mobil di indonesia pajaknya luar biasa. kalau impor apakah bisa bebas pajak atau pengurngan pajak sehingga harga sangat murah.;;;;
Omon omon;;;;
Cintailah produk2 impor terutama dari cina yg hemat dan efisien krn murah guyssss...maung itu muahaaalll...wkwkwk...slap your own face mr president,..;;;;
Klaimnya koperasi merah putih tapi bisanya cuma impor..impor.. menguntungkan asing, lebih baik ganti namanya jadi Koperasi Antek Asing;;;;
Negara  Dengan  Pemimpin yang tak faham Competitive Intelligence !. akan main roller coaster sepanjang sejarah... ;;;;
anomali;;;;
Aroma korupsinya kelihatan benar benar habis duit rakyat buat mbg dan kopdez.;;;;
Tangkap direkturnya Periksa.dia tidak pernah bicara ATPM..tidak punya rasa nasionalisme.;;;;
Warga RW 58 ngerti ga sih masalah begini😢😢;;;;
Makin gak beres aja ...mau dbw kemana negeri ini ??;;;;
koperasinya blm tentu maju, investnya udah edan2an...  indomaret aja kagak berani invest segede ini;;;;
@prabowo;;;;
Pabrikan dalam negeri.. tapi brand nya luar negeri..;;;;
"Koperasi Desa itu kata lain dari membuka Toko Grosir.
Menghambat dan menambah persaingan Toko2 Grosir yg sudah ada.";;;;
keserakahan dan pembodohan kepada rakyat hanya akan meruntuhkan negara ini,  cocoklah kalau ada yang mengatakan 2030 negara ini bubar.;;;;
Ini benar benar mengangkangi  dan meremehkan mobil ESEMKA , milik psk jokowi , TERLAAALUUUU;;;;
Ekspor Indonesia ke India, tahun 2025 sekitar US$280 milyar, sedangkan ekspor India ke Indonesia di tahun yang sama hanya sekitar US$80 milyar. Perdana Menteri Mohdi protes (mengacam) ke Presiden Prabowo, agar berlaku adil dalam perdangangan, terus Indonesia beli 1.200 mobil dari India.;;;;
Sy sbg konsumen truk  sangat terkejut krn harga sekarang bertahan sangat tinggi, tdk spt tahun sebelumnya. Krn pabrikan masih bertahan utk menunggu pemesanan agrinas ini. Jadi menurut saya dan pengguna truk lainnya sepakat, keputusan agrinas yg segera memutuskan impor ini adalah tepat. Supaya konsumen segera dpt harga yg wajar seperti komentar dirut agrinas. Krn harga pabrikan memang sangat tinggi. Tks;;;;
Direm.doang, nnti klo udah lampu ijo gas lg;;;;
"Kesepakatan Prabowo, memberi 0% unt barang2 USA yg msk kesini,
Sebaliknya kita hrs memberi USA 10% apabila kita export ditambah kita hrs membeli 50 pesawat boing777, membeli hasil pertanian mrk 67.5T, membeli energy mrk 225 T, transfr data Rakyat ke Amerika, perpanjangan free port sampai th2061 ,Dll❤🇮🇩";;;;
"Gasskeuun aja udah, ngapain sih pake di tunda2 segala, duit udah terlanjur masuk ke India DP 30% dari nilai kontrak, kagak bisa balik + pembatalan sepihak kontrak akan dikenai denda dan hubungan diplomasi dengan india akan menegang. klo mau protes harusnya sebelum kontrak diteken. toh kalopun dioper ke dalam negeri TKDN untuk kendaraan niaga paling tinggi PT Hino Motors cuma 45-55% artinya klo pesan skala besar, negara tetap akan impor 50% komponen dalam bentuk part dan itu biaya per unitnya jatuhnya malah jauh lebih mahal daripada beli kendaraan utuh ""gile ngak tuh, ini buat bisnis bro, kemungkinan korupsinya malah lebih gede"". kedepannya juga klo kendaraan masuk otomatis india akan buka bengkel di indonesia untuk maintenance kendaraan. logika saya begitu klo mau diskusi monggo.";;;;
"Presiden omon2 habis ketipu dgn Tim Sukses dan Donatur 😂😂😂
Kalau mau beli Mobil India silahkan jangan pakai uang Rakyat yang dikelola Koperasi Merah Putih 😮";;;;
"Ini kenapa dikit"" selalu nunggu Prabowo? Seharusnya sudah ada yang bisa memberikan keputusan dibawah beliau, agar beliau bisa memikirkan hal"" yg lebih penting.";;;;
Jangan diambil negatipnya dulu  sehingga  sekan akan pemerintah gak berpihak sama rakyat;;;;
Kita punya mobil karya anak bangsa yaitu ESEMKA, knp ga pake ESEMKA aja 😂😂😂😂;;;;
Hidup produk India 😂😂 cintailah produk produk India 😂;;;;
"blum apa"" kopdes merah putih udh langsung mau makan anggaran lagi.. untung juga blum ketauan.. 
ini pake uang rakyat ya udh seharusnya pengelolaan dana ny di up ke publik. ini apa"" impor, buat lebih mudah ngakalin duit keluar apa gimana.. 
buknny ky gini bisa di kenain kasus juga ky chromebook.. yg bkln nguntungin pihak lain.";;;;
Walau lebih mahal, kan bisa muter , ekonomi bergerak, daripada beli diluar;;;;
Kebijakan nya makin hari bikin geleng2 kepala;;;;
Enggak kebayang deh semisalnya programnya gak berjalan sesue rencana .;;;;
Tidak sesuwai degan apa yb selalu di pidatokan ,dengan jorgan2 atek asing2 ,, maupun gunakan produk dlm negri.;;;;
Bakal jd rongsok nih mobil k dpn, cm d awal2 aja bagus;;;;
Ngapa ga Esemka;;;;
Pemerintah mempunyai kekuasaan urk.menekan harga dlm negeri (logikanya),apakh tdk berpikir bahaimana after sales servicenya ?, sparepartnya,krn ini jangka panjang. Jaringan bengkel d daerah. Klw mslh harha bs tekan dr pajak,ATPM. Sy yakin mereka (ATPM) pasti bersedia.;;;;
Kenapa tidak kembangkan pakai ESEMKA? Ga usah pakai pabrikan brand luar walau di Indonesia.;;;;
mungkin memang benar harga unitnya bisa lebih murah dari kokal, tapi ini CBU. Tau kan arti CBU? bea masuknya pasti besar;;;;
Gak ada yg bener pejabat sekarang..;;;;
Mulyono jilid 2;;;;
kopdes minta alfa/indo espansi ke desa?pertanyaan saya apakah kopdes selengkap itu?;;;;
"Pecat direktur agrinas. Kalo tidak dipecat, bukankah kita bisa pecat bosnya direktur agrinas?
Kasihan kalo nanti dia dikenang sebagai the worst Indonesian president.";;;;
setelah mensejahterakan AS sekarang giliran INDIA yg di sejahterahkan. OKE GASSSSS;;;;
Untung ada media. Kalo tidak, lancar jaya tu impor.;;;;
Heyy Antek² Asing!!;;;;
24T  kecil...cc MBG  1.2T /hari;;;;
Lumayan uang tip banyak;;;;
"Ini yg namanya antek"" asing";;;;
gini amat ya jadi WNI😂;;;;
Presiden Kita Kerjanya Apa sich😂😂;;;;
"Harusnya agrinas membuka  tender dengan menentukan spek mobil yg dibutuhkan, kemudian semua produsen mobil diminta menawarkan produknya terdribusi sampai di koperasi harganya berapa.
Dari situ akan ada persaingan harga yg fair.

Kalau hanya berdasarkan harga pasaran sekarang, produk Indonesia memang kalah jauh dgn harga india.

Skrg ini ambil india dianggap gak nasionalis, tapi ambil lokal dianggap kkn";;;;
Wallah begitu saja,diributkan yg penting negara bisa bayar kansudah,biar sajallah itu urusan negara rakyat nikmati saja.;;;;
"Yayasan agrinas 😂😂😂😂
Yg dulu nanam singkong tumbuh jagung di kalimantan 😂😂😂
Agrinas lagi agrinas lagi...😂😂😂";;;;
Pemerintah omon omon dan tes ombak terus, dr awal ppn kan naik setelah ramai yg protes gak jadi, lanjut yg terakhir kemenag akan gunakan zakat utk mbg, dan lanjut impor mobil banyak yg protes, sementara ditangguhkan, hadeh;;;;
"Rakyat diminta untuk memakai produk dalam negeri,sementara pemerintah memakai produk infor.
Jangan lihat berapa selisih harga tpi yg kita lihat berapa tenaga kerja
yg terserap.sementara MBG  justru tenaga kerja yg  dikampanyekan banyak menyerap tenaga kerja, dg tidak melihat kandungan gizi. 
Ga masuk akal,tolooooooool bin oon";;;;
"BGN dan KopDes hanya akan menjadi ladang korupsi, tidak akan berarti signifikan untuk tujuan pertumbuhan ekonomi nasional, apalagi kesejahteraan Rakyat..  Sia""-nya sama dengan pembangunan IKN dan Infrastruktur (yg tdk terarah, sprti kereta cepat, bandara kertajati) yang akan mangkrak dan akhirnya semua akan menjadi beban ekonomi kedepannya..  By the Way, ini adalah tindakan yang tepat dan jitu jika ingin merusak Negara..";;;;
Buat nyaingi mobil ESMK mungkin 😂😂.;;;;
19jt lapangan korup;;;;
Joao angel de sousa apa ini pemain naturalisasi ? Sejak kapan bisnis butuh pemain naturalisasi atau memang orang bukan wni.  Payah tdk cinta indonesia;;;;
Pdahal klau mahal masih bisa d nego klau skala besar. Klaupun gk bisa masih untungnya ekonomi masyarakatnya gerak dlm waktu yg panjang.. untuk rakyatnya sndiri masih peritungan.. pelit amat smpe hrus inpor.. apakah yakin inpor dr sana ssuai kebutuhan medan sini. Peroduk dr sana historynya d sini anda tahukan? Lucu;;;;
Esemka dong harusnya yg di beli.;;;;
Ini gerombolan maling semua ...mimpi presiden gemoy Indonesia emas.....sumpah engak bakal terjadi. ..🙂‍↕️🙂‍↕️;;;;
"Bener gak sih dirut agrinas ini bilang harga pickup di Indonesia 500 jt?? 

Kan suzuki carry aja bisa dapat 3 biji dengan duit segitu";;;;
Perdagangan Indonesia 2025 dengan India surplus US$ 13,49 miliar. Ekspor Indonesia ke India mencapai US$ 18,32 miliar ( 670 Triliun ) sementara impor dari negara india tercatat US$ 4,84 miliar.;;;;
Proyek haram pejabat2 busuk' 😎 berjamaah 😎;;;;
D perusahaan saya jg ada unit Mahindra...terus terang dr segi kualitas jujur Mahindra kalah dgn unit2 lokal kita...dan sparepart susah...itu aja.. walaupun harga murah tp KLO kualitas rendah buat apa...sama aja bohong;;;;
"Kenapa di buat koprasi desa 
KARNA pemerintah tau klo R4KYAT ngk b4kal beli   produck buatan india karna blom terbukti kwalitasnya😊..
Makanya pemerintah
yg borong  karna dah tetlanjur  kerjasama ma india 😊";;;;
"Kelebihan: 
1. Lebih murah biaya pembelian awal
2. Mempererat hubungan Indonesia-India

Kekurangan:
1. Perawatan mobil India akan lebih mahal (Sparepart susah dicari dan tidak awam di bengkel Indonesia apalagi daerah kampung)
2. Mobil India belum teruji dalam segi kualitas jika dibanding mobil Jepang yang sudah teruji di Indonesia
3. Ga ada TKDN sama sekali. Tidak ada rakyat Indonesia yang diuntungkan dalam proses produksinya
4. Potensi ladang korupsi dan/atau penyelewengan APBN
5. Monggo silakan teman-teman lengkapi lagi.....😊😊";;;;
"Ujung"" nya untuk narik sawit..
Wowo kau ini lucu sekali😂";;;;
Maaf klo saya kurang Update, Bpk menteri keuangan apakah bisa menolak rencana pembelian mobil india india walaupun uangnya dari Bank Himbara. Setahu saya Bpk  menkeu bisa berkeberatan Utang woosh dibayar pake ABPN;;;;
Dengan mobil segitu banyak yg dibeli, cek trade off nya...atau cek mobil itu buatan perusahaan apa, kemudian cek, apakah ada orang berpengaruh di indonesia yg punya saham perusahaan india tsb...maaf sy orgnya suuzhon kalo pengadaan besar based kebijakan, adakah immediate gratification atau delayed gratification yg akan diterima oleh si pembuat kebijakan pembelian mobil itu..  karena, ini beli mobil utk program pemerintah kan?, disisi lain presiden sesumbar ttg mobil nasional...entah presiden sekarang ataupun yg lalu...;;;;
waktu debat capres anti impor ingin meningkatkan produksi dlm negeri ehhh mobil impor 105 rbu unit,,,😂😂😂,,sia sia gua nyoblos lho pak,kirain ngerti kedaan rakyat nya yg punya pendapatan kecil tak layak harus bayar pajek,,eeh uang pajak buat beli barang impor untuk koperasi desa,koperasi desa juga yang pegang di desa2 pasti dari keluarga 2 yg pegang koprasi,,liat ekonomi kebawah lagi melempem,harus nya uji coba dlu di satu wilayah koprasi desa nya,berkembang ga,kalau berkembang baru sekala nasional,blm terbukti suksesnya udh hambur2in uang,,,;;;;
Jangan mengkritik presiden...nanti di sebut antek asing sambil pidato gebrak meja....;;;;
Coba sebutin negara mana yang Sudi pakai mobil India di dunia  ?  Negara negara di Afrika ajah mungkin jijik pakai mobil India 😂😂;;;;
daripada essemka gagal mendingan beli dari india aja deh , .......korupsi urusan KPK nggak usah pusing , kita mah rakyat , jangan terprovokasi politkus , mereka cari panggung dan suara.  politikus biasanya ngomporin rakyat seolah olah dialah yg paling bener ....... buktinya dpr tdk becus mensejahterakan rakyat.  kita mah rakyat nggak ngaruh mau dari india , amerika , china , rusia ...sabodo teuing . ....mikirin thr aja gue pusiing ......;;;;
"Klo hanya mau ngejar harga murah, produk lokal bebaskan semua pajaknya ( kusus untuk program ini) 

Pasti bakal sangat bersainh harganya";;;;
HlNDU lNDlA joget joget sambiI makan sapi;;;;
Program yg lama aja mangkrak buat program baru yg lebih aneeh;;;;
"Ajang korupsi lagi 
Memang pemikiran dan terobosan baru di tahun 2026";;;;
Kenapa g pakek simaung apa Esemka saja si wowo ini;;;;
Ternyata lebih memilih murah dan menambah lapangan pekerjaan bagi orang India daripada mahal dan menambah lapangan pekerjaan untuk bangsa sendiri.;;;;
Cuan cuan gede lo.;;;;
Jika jadi impor gelondongan, hanya ada 2 kemungkinan, Prabowo terlalu dungu sbg presiden atau dia yg sebenarnya pengkhianat bangsa.;;;;
kacau- kacau.. ga ada koordinasi..;;;;
Evaluasi terus menerus. Salah perbaiki.;;;;
WOWO SIPALING OMON-OMON.;;;;
Ladang baru 😂;;;;
Lidahnya ga punya tulang. Suka-suka dia lah😮;;;;
wkwkwk alasannya mantap didalam negeri mobilnya mahal, dan akhirnya negara mengakui sendiri bahwa mahal, woi mobil mahal itu bukan karena rakyat ya karena kalian juga yang membuat mobil didlm negeri itu mahal, coba pikir sendiri pajaknya, mobil masuk kedalam negeri sendiri sudah di palak sama bea cukai wkwkwkwk.....;;;;
Koperasi di Konoha tidak akan sukses. Bukankah selama ini koperasi banyak yang diselewengkan oleh para pengurusnya sendiri?;;;;
padahal itu mobil ESEMKA;;;;
Emang ni wowok maunya cepet tapi solusinya impor;;;;
Ditekan sama rakyat bilangnya antek asing giliran ditekan sama asing langsung nurut nyepong kanan kiri punya presiden kok gak ada harga diri banget😮‍💨;;;;
Seperti biasa, omon-omon omdo.;;;;
"Resiko  dari pemimpin  sudah berumur, prabowo sama seperti  mega dan soeharto  pada masanya, atau  Biden mengalami  penurunan kognitif. Prabowo ditambah  pernah stroke,  reality testing  jauh berkurang, hy fokus pada  apa yang ingin  didengar dan apa yang ingin dilihat. Selain itu  lansia  dengan  daya  kognitif  menurun  bergantung pd org2 yg ia percaya,  sialnya  org2  yg prabowo percaya  Asbun-Asma-ABS (asal bunyi, asal mangap-asal  bapak senang) pelajaran mahal  buat Ina,  kelak memilih pemimpin, perhatikan juga kesehatan mental  calon kandidat. 
Ciri2  daya  kognitif turun a.l:  pikun akibatnya  bicara  dan  tindakan  berbeda, fokusnya  sempit=pikiran  tdk terbuka mis. ribuan anak  keracunan malah bandingkan MBG dgn mcdonald, sulit menerima  perbedaan  bila tdk sesuai keinginannya, emosi  labil=menyalahkan pihak  yg tidak setuju  sebagai  antek asing, nir empaty=3 propinsi bencana  dahsyat  malah  keluyuran keluar negeri... dll.";;;;
Kalau hanya mobil pick up saya yakin PT Pindad pasti mampu untuk membuatnya bahkan dijamin lebih efisien dan mudah untuk mencari sparepartnya;;;;
Paradoks Indonesia 😂😂😂;;;;
WOW sangat Memalukan Rakyat Indonesia Kalian semuanya .... !!!!;;;;
Soeharto jilid 2, projek hanya untuk alasan mendapatkan dana bukan untuk murni kemajuan negara 😢😢;;;;
Auuuuungggg...😂;;;;
Mobil krupuk..;;;;
Hak usah ngomong yg  bikin rakyat  jengkel  ya;;;;
maung....omon omon;;;;
Koperasi Merah Putih jadi Koperasi Mahendra India.....;;;;
Knapa ga beli mobil Produk Pindad aja;;;;
Bukan MAUNG malah MEONG. wkwkwkwwk;;;;
Mahal;;;;
"TAMPAKNYA SANG JENDRAL BANGGA
DI MIMBAR DIA BERKATA .....UNTUK.....????😊😊😊";;;;
Omon omon;;;;
La iya pake Maung;;;;
entah apa yg ada dipikiran si goblog itu dan temen2nya. entah ada deal2an apa hingga produsen pick up yg udah running di dalam negri malah dilewatin...I DONT VOTE FOR THIS IDIOT AND SETANYAHU FRIEND;;;;
itu kontras banget UANG SOGOK nya;;;;
efisiensi atau kesempatan dalam kesempitan buat memanipulasi KORUPSI?;;;;
19jt lapangan kerja untuk warga prindavan wkwkwkkwkwk;;;;
Ya cocok kalo sdh dipertimbangkan demi efisiensi ,knapa mobil dr India bisa jauh lebih murah sedangkan dr dlm negeri mahal2?faktor mahal dr dalam negeri sebenarnya bisa diperdebatkan lagi..apakah memang banyak biaya produksi tdk terduga didlm negeri sehingga mrk hrs jual mahal produknya?;;;;
Wkwkwk biar ndak ketahuan;;;;
Hidup EsEmKa....!;;;;
Nanti di Daerah 3T mobil klo mogok atau ganti spek par emangnya ada;;;;
Krn impor lebih cuan;;;;
"Ya gini ini jika cuman murid Mulyono: 
Belum bisa ganti Ladhu Singh , kini kasih kesempatan mobil India. 
Kapan2 tuan Takur juga dapat fasilitas invest di Indonesia...";;;;
Jo lagi Jo lagi,;;;;
koperasinya memang semua bergerak di bidang yang sama ?;;;;
Bingung sebingung2nya. 😅;;;;
Program sangat andalan sekali sampai koprasi merah putih bisa membantu negara lain dan rakyat nya, mari bersama kita ucapkan terimakasih pak Prabowo program nya the best sekali.;;;;
Kenapa g pake Mobil listrik aja yak;;;;
Menurut kami keputusan itu pasti ada alasannya, yaitu penyakit paradox;;;;
Jelasinnya dimana kok kami diminta komentarnya ?;;;;
UUD=ujung ujung nya duit. Agrinas joss;;;;
Emang kalau beli dari lokal, harganya berapa?;;;;
Ga ada deler resmi nya bisa bermasalah kalau untuk servis nya;;;;
Semua demi... 2 periode....mengenyangi kroni kroni nya omon omon, parcok dan parjau;;;;
Inilah yg di gembor gemborkan presidennya anti asing, ehh ternyata antek antek asing😂😂;;;;
Nilai perdagangan india indonesia india selalu tekor bos india ingin ada timbal balik biar tidak di kenai tarif tinggi sebagai timbal balik perdagangan indonesia membeli rudal brahmos dari india kolaborasi india-russia itu jg india masih defisit;;;;
Kalo alasannya efisiensi pasti prabowo setuju.efisiensi kan prabowo banget gak sih.😂 sodara  sodara  kita efisiensi 😅;;;;
"Kata negara maju, import kereta dari India buat apa? 

Tolong mangsa banjir, lengkapkan infrastruktur hospital, sekolah & lebuhraya, 
Bagi gaji guru-guru sekolah dengan selayaknya... 

Beli jet pejuang boleh, tapi rakyat miskin makin parah...";;;;
"Kalu negara/pejabat nya, ga menghargai produksi dlm negeri/memilih impor dr luar negeri.
Alasan efisiensi anggaran cuma baaccooot doang, yg pasti mencari peluang korupsi/markup harga.
Jadi kalu pengusaha lokal/rakyat Indonesia di di doktrin nasionalisme(beli peroduk lokal) lawan/brontak, karena rahayat juga lebih memilih produk luar";;;;
Heiii!!!;;;;
KDMP ( Koperasi Desa Mengkorupsi Pajak ) program lain wowo selain MBG ( Mengkorupsi Bajakan Gratis );;;;
Mungkin maksudnya si ndasco itu  ya utk menenangkan publik dulu. Klo udah tenang baru gaskeun kendaraan indiamya(ya mirip2 kasus sahroni lah, dinonaktifkan dl klo udah tenang baru diaktifkan kembali keanggotaan dprnya)🙏;;;;
"Di pikir"" klo pake maung ga dapat sripilan";;;;
Batalkan infor mobil india harus belanja mobil dlm negeri Indonesia🇮🇩 maju;;;;
Itu koperasi apa mau bikin tiki apa mau saingan ama shopee, kalau ketauan baru ramai, kalau ga ketauan tau2 aja di import dan bilang...lho...telanjur, alias lagak bloon aja;;;;
Tanya kepetinggi Danantara. Diduga ada peran petinggi Danantara dalam impor mobil dari India. Penjelasan Dirut Agrinas tidak masuk akal yang mengatakan untung 40 triliun kalau impor. Berarti kalau membeli mobil produksi dalam harus mengeluarkan 60 triliun lebih. Artinya rata-rata harga mobil dalam negeri sekitar 600 juta per unit? Tidak masuk akal untuk jenis pick up.;;;;
Coba di check kak siapa yg punya izin import mobil indianya... Apakah dia terlibat team pemenangan...?;;;;
Sen kiri belok kanan...keberlanjutan;;;;
"Kok mobil India......? 
Kl impor dari jepang atau korea masih masuk akal, mutu diatas kita, laaah india mutunya aja jauh dari cina, jauh dari produk kita, gemana jadinya. 
Mau korupsi yaa.....?";;;;
Benar benar membunuh produksi dlm negeri... Ini keputusan bodoh;;;;
Kalo ompor cbu ada.fee?;;;;
Parah sekali presiden periode ini;;;;
Inilah otak pengkhianat bangsa,uang dari hasil pajak rakyat digunakan untuk mensejahterakan bangsa lain, sedang rakyat sendiri masih banyak yg sengsara hidup nya.;;;;
lah mobil listrik smk cuma mimpi y 😂😂😂;;;;
Mobil ESEMKA mana😅;;;;
Selamat buat garong negara Tuhan karuniakan kemudahan proses penggarongan.selamat dinikmati .;;;;
Bosnya Dapat Berapa Persen ya???😂😂😂;;;;
Programe neko2. Gak mikirin ekonomi rakyat tapi yg di pikir bisnisnya para pejabat. Kalau seperti ini bagaimana negara ini mau bisa maju. Ini programnya orang stres.;;;;
Wes wes angel angel;;;;
koyok nek wis anggaran jumbo, impor, terus jadi jalan keluar... masyaAllah... nabti cek setelah kelar kelak, panen kasus.;;;;
Banyak pengangguran. Kata mobil nasional sudah ada. Jadinya bunder kebijakannya.;;;;
"Cashback nya cuannya besar buat Dirut nya bosku...
Mereka penjajah yang di balut pejabat ...";;;;
Agrinas diaudit PWC dan EY coba;;;;
🙏!n!kah  peluang kesempatan tuk revolusi people!!!!!;;;;
Tidak pas, tdk profesional;;;;
"Oke gass..
Gass terus saja bos..
Kegoblokan para pejabat semakin bertambah..🤣🤣";;;;
Lanjutkennn....;;;;
mbg,bop,kopdes,mobil kopdes, dr keringat rkyt utk bancaan kroni dan bestinya antek asing ?;;;;
Efisiensi ndasmu efisiensi;;;;
"Mengelolah Bisnis pribadi dn keluarga
Smpai kapanpun Negara ini tdk akan Maju";;;;
"Menyesal lah kalian bagi yang menyesal waktu Pemilihan Umum yang lalu.

Selamat Menikmati";;;;
mau impor mobil aj susah, padahal untuk kebaikan kroni, kebaikan kok dihalang2i 🎉;;;;
"Sepertinya Prabowo ingin mengembalikan masa"" kekuasaan mertuanya Suharto...
Kalau dijaman Suharto programnya KUD..koperasi unit desa...
Sekarang diganti namanya jadi koperasi desa merah putih....
Gawat....
Makin gak jelas presiden omon"" ini🤦🤦🤦
Semakin terbuka lapangan buat koruptor nihhh...
Kalau bukan karna Gibran saya gak kan pernah milih Prabowo ini....
Prabowo yang buat keputusan tapi ujung' Gibran dan keluarga yang akan jadi sasaran buly orang sebrang....
🤦🤦🤦";;;;
Kopdes Merah Putih sejak pembentukan sampai dengan pengadaan sarprasnya terlalu dipaksakan, kalau terpaksa koperasinya mogok trus siapa yang harus bertanggung jawab, penguruskah ?;;;;
Korupsi Desa Merah Putih.;;;;
EFISIENSI ?.......efisiensi apa KOMISI ...BEDA TIFIS antara Efisiensi = KOMISI = K O R U P S I H !....tuh;;;;
UDA TDK ADA YG DI JUAL TAMBANG SDH DI BELI NEGARA CHINA, WAH HATI2 NIH. SAMA SAJA CUMA GANTI SAMPUL😊😊😊;;;;
Salah pemerintah yang membuat aturan pajak mobil dengan pengerak 4x4  dianggap barang mewah beda jauh sama Thailand pengerak mobil  4x4 adalah pengerak ekonomi jadi di kasih pajak murah, lagian pajak untuk mobil 4x4 lebih mahal emang setelah jadi pejabat kok jadi ngawur padahal title nya sarjana minimal... Kok  ga pakai O......;;;;
Klw mahasiswa/i dan rakyat tdk gerak dr skrg, bangsa ini cepat rusak, hancur;;;;
Pemilu masih lama, tp persiapan si omon udah dr skrg. Mgkn krn bisikan2 tim penasehat asing. Siapan KDMP utk pos2 pemenangan, mobil2 picup utk distribusi/kampanye;;;;
Rasa nasionalisme sdh mati.. coba  lihat sejarah pemerintah jepang membangun Industrinya... Toyota dari bodi dan bak kayu..demi kemajuan industri dalam negeri.. Bagaimana dgn pola pikir pejabat Indonesia?.. Sepertinya Presiden Prabowo keliru memilih pembantu pembantunya? ataukah mmg sengaja...?;;;;
sebenarnya mobil LOKAL lebih MURAH yang MAHAL ITU PAJAKNYA;;;;
Kalau beli di luar ada V yg di berikan dari industri India kalau beli Indonesia pabriknya tidak mau kasih uang Calo pengadaan mobil nya 😅😂 Cuan Bosss😅😂 BPK saja mendukung kenapa harus ribut sih 😅😂;;;;
rezim prabowo semakin gilaaa borosin duit rakyat.......semoga cepat bubar para mafia koruptor;;;;
Makanya jangan lagi pilih Wowo, pilih yg lain aja;;;;
aneh banget sementara banyak dinas2 dipotong anggarannya sehingga buruh kontrak auto kena phk, di satu sisi ini malah dana dihambur2kan. ironis....;;;;
Apakah pengadaan 105 ribu mobil itu akan ada sekaligus atau bertahap? Saya rasa akan bertahap pengadaan mobil ini. Nggak mungkin kan sekaligus 105 ribu mobil akan ada dalam waktu yang sama.;;;;
Selalu ada cara buat korupsi.....😂😂😂;;;;
tujuan sebenarnya kan ada yang belum kebagian kue masa ga peka 😅;;;;
Mengapa komenku selalu disensor;;;;
semoga Royal Enfield juga bebas tarif kaya pickup ini;;;;
Mungkin mobil india gede fee nya,dan kpk akn susah audit karana beda negara;;;;
presidennya jalan2 mulu pake duit rakyat, koruptor merajalele;;;;
"Jkw ...mobil ESEMKA ...Prabowo..mobil MAUNG, lari ke India bermerek mirip"" GERINDRA.";;;;
MODUS CARI MODAL UNTUK PEMILU 2029;;;;
Pikirane kepriwe sih...!! Inyong ora paham babarblas ...;;;;
"anggaplah lokal biayanya 60 juta, import india 40 juta. Emang bener hemat 20 juta. TAPIIII.... itu 40 juta hampir semuanya ke india, dan 60 juta hampir semuanya tinggal di Indonesia, kasih makan rakyat kita sendiri!.
Heran gw...
Sama lah, kek lu mau beli nasi uduk, anak lu jual 40 ribu, tetangga jual 30 ribu, yah mending beli di anak lu sendiri biar mereka bisa makmur. Yah, kecuali lu nggak pikirin anak lu sendiri sih...";;;;
"Kebiasaan pejabat Indonesia malas berpikir,mreka hanya berpikir di depan bukan ke belakang di saat mobil2 tersebut rusak pasti anggaran yg di keluarkan jauh lebih tinggi karna sparepart nya harus di impor,beda mobil2 yg sudah beredar di Indonesia sparepart sudah ada tersedia.
Biarpun buatan dalam negri lebih mahal selisih 50 jt per unit ,tp kebelakang nya lebih hemat kalau ada kerusakan dan  bnyak menyerap pekerja dalam negri.";;;;
"Indonesia oh Indonesia  , semua hal yg aneh"" bisa terjadi disini . Kita sebut saja sangat Indonesiawi 😅😅😂";;;;
Siapa yg milih oke gas oke gas dulu? Kwkwkwk😂;;;;
"Kenapa CBU?
Karena kalo rakitan lokal entar ketahuan rincian kontrak dan biayanya 🤭";;;;
Anti Antek Asing...mana?;;;;
Mobil.india boros bbm, kemudian blm teruji, di pakai setahun sdh rudak di daerah sudah tentu spart langka, nantinya cuma jd rongsokan besi tua...kayaknya ada bau bau korupsi...harus di tinjau ulang..pak presiden..biar gak gaduh.;;;;
Kok ngotot banget. Lahan basah?;;;;
Sekiranya keuangan sendiri, adakah anda memilih produk lokal yang jauh lebih mahal yang akan memberi pekerjaan kapada supplier lokal ataupun beli yang murah ?;;;;
"PAKAI PRODUK INDONESIA, UNTUK MEMBUKA LAPANGAN KERJA BARU ANAK"" BANGSA YANG BARU LULUS AGAR MAJU RAKYATNYA sehatselalu salam WARAR";;;;
kacau wok;;;;
"KOPDES ga boleh terjadi.. semoga tidak terjadi.. 
jika sampai terjadi, MBG jilid 2 versi lain..

uang makin kegerus.. rakyat makin menderita..

contoh mobil india ini, anggaran 24T bisa ciptain lapangan kerja, bisa kasih subsidi ke rakyat..!!

jangan sampai terjadi ini Kopdes.. makkin suram";;;;
Ekspresi muka formal, tapi tone bahasanya informal. Otak gw agak bingung memprosesnya wkwkw.;;;;
"Dia adalah MAYAT HIDUP!!
Celakalah pelaku Riba!!!
Celakalah presiden/pemimpin yg membuat negerinya memakan riba!! 
Celakalah presiden/Pemimpin yg menyuburkan Riba! 
Pemerintah tidak punya uang lagi. Menunggu kehancuran..
Negara ini pasti akan 'Mati'. Jika tidak berhenti dr Riba!! 

Yehezkiel 18:8
18:8 tidak memungut bunga uang atau mengambil riba,  menjauhkan diri dari kecurangan, melakukan hukum yang benar  di antara manusia dengan manusia,
Yehezkiel 18:13
18:13 memungut bunga uang dan mengambil riba, orang yang demikian tidak akan hidup. Segala kekejian ini dilakukannya, ia harus MATI; darahnya tertimpa kepadanya sendiri.

Pelaku riba harus dihukum MATI!!! 

Pemerintah yg memakai Riba adalah Pemerintah yg curang & keji. 
MAKA DARI ITU AKAN DATANG COBAAN DAN AZAB TERUS MENERUS DI NEGERI INI!! 

Pajak & riba adalah teman dekat. 
SEMAKIN TINGGI PEROLEHAN PAJAK, SEMAKIN TINGGI JUGA PLAFON RIBA YG DIBERIKAN ASING!!

Diancamlah pelaku riba dengan perang,
QS. Al-Baqarah: 279
Artinya: Maka jika kamu tidak mengerjakan (meninggalkan sisa riba), maka ketahuilah, bahwa Allah dan Rasul-Nya akan memerangimu. Dan jika kamu bertaubat (dari pengambilan riba), maka bagimu pokok hartamu; kamu tidak menganiaya dan tidak (pula) dianiaya.
QS. Al-Maidah: 33
Artinya: Sesungguhnya pembalasan terhadap orang-orang yang memerangi Allah dan Rasul-Nya dan membuat kerusakan di muka bumi, hanyalah mereka dibunuh atau disalib, atau dipotong tangan dan kaki mereka dengan bertimbal balik, atau dibuang dari negeri (tempat kediamannya). Yang demikian itu (sebagai) suatu penghinaan untuk mereka didunia, dan di akhirat mereka beroleh siksaan yang besar. 

Pelaku riba harus dihukum BERAT/MATI karena sudah berani memerangi Allah dan Rasul-Nya!";;;;
Tidak mudah apa yg diomongi dan pelaksanaan ..... Rakyat bisa diam;;;;
jadi mereka bisa meminta India untuk menaikkan harga dan membeli dengan harga lebih rendah... korupsi seperti biasa. munafik konoha;;;;
Import mobil merusak ekonomi Indonesia.Oke hebat , nanti trus ada korupsi .;;;;
Modi lagi di Israel ketemu Netanyahu, Mr Ben, mobil sampah kami di beli Negara Konoha kata Modi, wah mantap bro,  memang para pemimpin Konoha paling doyan komisi, apalagi kalau di sanjung2 kelihatan bodohnya. Ayo kita ngopi aja Mr. Ben, mumpung masih ada untung. Okelah.;;;;
"KOPERASI MERAH PUTIH  ❎️

KORUPSI MERAH PUTIH.   ✅️
😅";;;;
Lah Kritikan DPR itu cuma pura2 , aslinya mereka setuju;;;;
Uang koperasi merah putih di setiap desa sangat-sangat besar sayang hampir 90% dikelola sama orang yang tidak berkompeten tahap pertama pembangunan udah ada korupsi dimana-mana;;;;
Bilang aja jualan mobil buatan india;;;;
Ajg buat ngangkut apa pickup double kabin? Bagusan fungsi traga atau l300;;;;
ya namanya juga aki aki, sering ngawur;;;;
Kalau mahal kalau produk sendiri tidak apa apa toh putaran duitnya tetap di dalam negri;;;;
percaya ga sech klo antek antek asing yg jelasin.....?;;;;
Wowo cuma bisa ngaung doang..ujung2nya maung jd dikurung;;;;
Apakah ada kesepakatan tingkat tinggi yang terjadi antara Prabowo dengan Narendra Modi?;;;;
Program  KORUPSI MERAH PUTIH.;;;;
"Punya akal sehat tidak itu yg bilang menghenat anggaran. 
Memangnya dia tdk tahu bhw mobilnitu butuh layanan purna jual? suku cadang? Apa jatuhnya lebih murah? 
Atau rencana cuma satu kali pakai? Begitu rusak dibuang?";;;;
Udah ketuaan;;;;
Kenapa orang2 sepeti ahok bu susi bu risma pk mahfud ga direkru jdi mentri atau jdi pejabat yg penting.ini yg di rekrut prampok mafia;;;;
Kenapa gak ESEMKA aja? Kan Mobil Nasional itu;;;;
Yang mengimpor dan mengijinkan impor harusnya bisa disebut sebagai antrk asing. Begitu khan pak Prabowo???;;;;
Lagi lagi Cari cuan untuk diri pribadi import Mobil  dari India Kenapa sih gak pake Product pabrikan mobil diindonesia Duit 24T kalau beli diindo  perputaran uangnya menghidupkan Ekonomi indonesia;;;;
KAN ADA MAUNG,ADA ESEMKA,PERKASA KO MALAH DARI INDIA.;;;;
Hidup India,Negara  Kamu  Dapat Kebanjiran Rupiah Dari Indonesia . Pabrik pabrik mobil di india makin hidup...sedangkan  Industri mobil Indonesia siap siap akan mati,dibunuh oleh pemerintahnya sendiri.;;;;
Prabowo didesak modhi untuk mengurangi defisit perdagangan bilateral yang timpang, di mana Indonesia terus mencatatkan surplus signifikan.;;;;
WOWOOOOO...OMON...OMON DOANG ASAL BICARA....PIKUUUUNNNNN;;;;
"Ternyata setiap lini pemerintahan sudah mayoritas diisi manusia manusia malingnomic dan pengkhianat bangsa
Tidak perlu menunggu 2030 Indonesia bubar. Kayaknya Prabowo mempercepat proses bangsa ini bubar.";;;;
BISMILLAH.....,TETAP LEBIH MURAH, HANDAL DAN EFISIENSI '' TOYOTO, MITHSUBISI, IZUZU, SUSUZI, DLL DARI SPESIFIKASI, UJI KELAYAKAN, NILAI JUAL DAN SECURITY SERTA MAINTENENCE DAN OPERASIANOL, TITIK;;;;
Semaunya aja bikin program tidak melalui riset melalui ahli;;;;
Ga jelas banget program wowo;;;;
"Kalau menurut saya masih masuk akal, india inportir barang barang indonesia. Perdagangan dengan india, indonesia surplus 228 trilyun. Apa salahnya kita beli barang barang india. Perdagangan harusnya saling menguntungkan. 
Dengan china kita malah tekor 343 trilyun, artinya banyak barang china yang masuk indonesia daripada barang yang kita ekspor ke china. Masak mau beli truk dari china?";;;;
Mending pake mobil Esemka bos;;;;
Yang heran kaum 58 pada bisu semua!  Mau protes tapi terlanjur malu dengan joget2nya😅;;;;
Hancur lah kita ditangan pemimpin yg TDK kompeten;;;;
omon omon Bapa Sawit;;;;
Ada produk dlm negri knpa belanja keluar negri ada apa;;;;
"Apalagi ini. MBG masih banyak ketimpangan dan masalah. 
Ditambah Kopersi desa merah putih. Jangan jangan jadi masalah lagi. Apalagi belum ada uji coba.";;;;
Menghianati mobil esemka;;;;
Esemka kemana 🤣🤣🤣;;;;
Presiden kacung asing.tapi nuduh orang antek asing;;;;
"Kenapa nggak pake Esemka aj sih.....😂😂😂
Bertanya dengan lembut";;;;
Pecat, ganti orang yg punya jiwa nasionalis;;;;
Kalo mobil dalam negeri,,, otomatis menambah lapangan kerja;;;;
Wahai Antek - Antek asing 😂😂;;;;
Kenapa juga harus dari India,,,;;;;
Hai... Antek antek asing! wkwkwk;;;;
klarifikasi utk melancarkan korupsi 😂😂😂😂;;;;
Kan cuma NGOMONG..;;;;
Mulyono pun berguman...ternyata wowo lebih ugal2an dari gue😅;;;;
"Prabowo orang tidak pernah sengsara,makanya tidak faham & tidak mengerti kondisi desa.
OMON-OMON & pidato meledak-ledak teriak-teriak ANTEK ASING ANTEK ASING,hasilnya NOL besar,rupanya Dia sendiri yang ANTEK ASING.
Giliran dikritik malah diteror.
Berani melawan suara & keluhan mayoritas RAKYAT INDONESIA maka nasib si Wowo akan seperti Bapak mertuanya.
Tidak usah mikir 2 periode,1 periode saja belum tentu sampai tahun 2029(bila tetap ngeyel,bebal & DUNGU).";;;;
Mau sampe kpn negara kita maju😢;;;;
"Indonesia sedang tidak baik baik saja jilid 2 kah?
Jilid 1 jelas, sudah ada dampaknya. Kalau ini apakah lanjutannya??😢";;;;
Sdh gk tau mau ngomong apalagi...bener2 ngaco setiap kebijakan 😢;;;;
Pabrikan otomotif Indonesia jatuh harga Dimata dunia gara gara keputusan import mobil dari India... Ternyata India lebih hebat dari Indonesia;;;;
iya bener alasan efisiensi kalau pakai mindset pengusaha yang hanya cari cuan. tapi ini kan penguasa/pemerintah, yang punya visi misi dan tanggung jawab untuk mensejahterakan rakyat dan memajukan negara. karena itu lah kenapa dulu kita pernah bikin program mengembangkan dan memproduksi pesawat terbang sendiri walaupun mahal. kalau mau efisiensi ya beli aja pesawat dari luar negeri kan lebih murah. tapi kan esensi nya bukan itu. ya beginilah kalau negara bukan dijalankan oleh negarawan tapi oleh hybrid penguasa-pengusaha (peng-peng);;;;
Sudah masuk ke Indonesia, tinggal bayar;;;;
Bangke, kirain kemarin dirut Agrinas mengundurkan diri beneran kok malah muncul lagi..nekat loe awas aja nanti masuk kerangkeng...;;;;
Ujung ujungnya paling ada korupsi, anak bangsa sendiri dah bisa bikin mobil kok impor, disamping industri otomotif dlm negri ada kok, cari cari celah aja para oknum pejabat;;;;
"India tergila2 beli bus buatan Indonesia...
Indonesia ter aca-aca beli pik up India...😅";;;;
"Loh, kok mobil india. 
Mobil ESEMKA nya mana?";;;;
Para pejabat negara yg mengeluarkan izin apakah izin impor izin tambang izin buka hutan sudah dipastikan terima suap;;;;
Kenapa tidak menyewa mobil pickup 5 tahun saja, lebih murah,dan efisien.24,6 triliun bisa untuk mensejahterakan jutaan guru honorer.sebab 5 th ganti presiden ganti kebijakan.percayalah tidak ada yang abadi.kecuali jutaan guru honorer yang mengabdi.;;;;
Tuh kan. Belum apa2 udah proyek. Makanya tuh mulut ngomong soal soal kepentingan warga desa dan keuntungan desa itu udah gak ada lagi yg percaya sehurufpun juga.;;;;
Sebenarnya saya lbh menyorot hubungan india dan Indonesia kalau ini terjadi maka ada effect buat hubungan Indonesia dan India akan lbh kuat;;;;
Gimana engga mahal orang pajak mobil di indo tinggi jadi lebih mahal;;;;
india sayang israel;;;;
DPR DPR.... KO  SEPI...?????;;;;
Lebih murah dari pabrikan Indonesia, kerugian nya mobil ini jangka panjangnya enggak laku di jual di masyarakat, walaupun laku harganya pasti rendah sekali;;;;
Program nggedabrus;;;;
Kalau impor bisa dapat feee banyak karena harga pakai rupee ke rupiah, jadi pada gak tahu harga aslinya yang begitu murah, trus bisa dimark up agar para pejabat para maling bisa makin kaya.;;;;
Hadehhhh;;;;
Prabowo meniru gurunya, sein kiri belok nya ke kanan;;;;
"MBG & KMP adlh ATM Timses 2029 & KADO bwt TISES 2024 lalu.

Slaen DANA, SUARA RAKYAT(KMP) & PELAJAR U14 keatas(MBG) adlh TARGET UTAMA dr kedua proyek TERSTRUKTUR, SISTEMATIS, & MASIF tsb.";;;;
Ekspor bikin dolar melejit rupiah menjerit;;;;
TOKAI....;;;;
"Efesiensi  keuangan, tapi disisi lain anggaran dihambur""kan,kenapa koq gk, produksi sendiri, uang pajak rakyat,koq Untung nya buat negara lain aneh pemerintah ini dan sangat aneh,koq gk memikirkan buat langangan pekerjaan di negeri sendiri, p.prabowo,itu sama kayak gurunya, ngomong-nya kanan sain belok kiri , 😮😮😮😮😮😮";;;;
"Diketawain sama Indomaret dan Alfamart. Ada ga mereka pake ginian buat logistik? Ga ada. 
Pun, sekali pikup nya mogok, mampus mampus dah lu nyari sparepart nya!";;;;
"ngapain juga pake mobil india,
KITA PUNYA ESEMKA";;;;
"APBN cekak tapi dikelola asal asalan..

Duit APBD yg dipotong digunakan untuk program gak jelas macam MBG dan Kopdes. 

Sedangkan defisit APBN ditutup pakai hutang luar negeri yang nantinya dibayar pakai pajak rakyat..Bgst..

Dah cukup 1.5 tahun saja jangan lama2 wooy..";;;;
Tabungan Masalah.... Cek Fee-nya;;;;
Seperti junjungannya di solo sen kiri belok kanan😂😂😂😂;;;;
Kalau dalam negeri dapat mengatasi, mengapa harus Import. Yg perlu dilihat lagi adalah masa pemeliharaannya ( termasuk tersedianya sparepart dll). Dimana letaknya faktor Effisiensi.;;;;
Mental pejabat mental calo;;;;
Pemilu depan pilih lagi. Wakilnya jan tetes. Jaksa agung siplester tatutita;;;;
Layaknya masyarakat membeli pakaian impor bekas, produk impor China.. lebih murah, lebih sesuai kantong.. akhirnya pabrik tekstil mati, fashion mati, dll.. kita tunggu negara ini mati..;;;;
Kenapa beli mobil cbu lebih mahal dibanding yg lokal buat untuk kelas yg sama?;;;;
Jadi ingat,, pidato beliau kalau anti antek aseng;;;;
"Apa sekarang ini ""tentara"" sudah dianggap terlalu senggang dan tidak ada kerjaan lagi sampe harus masuk ke zona sipil dengan cara semena-mena pula";;;;
Gimana layanan purna jualnya ??? Begitu ada yg rusak langsung jadi besi tua 😅;;;;
Kenapa bukan esemka;;;;
"Intinya Mah mau Nyolong anggaran Itu 

Dimasa Wowo Sekarang Banyak Proyek Belanja Keluar Dan Itu Sudah Pasti Di malingin Duitnya 

Trik Pencucian Uang";;;;
Ladang koruptor itu berbentuk MBG, Koperasi merah putih, dan IKN.. Gila negri ini 😂😂😂;;;;
...basah kuyup euy😂;;;;
"Industri otomotif dalam negeri ngambil marjin kebanyakan???
Selama ini kita tahu harga  di kedua negara tersebut jauh lebih murah.
Indonesia kok mahal ya bisa 2x nya demikian juga dengan harga sepeda motor.
Industri otomotif  Indonesia perlu instrospeksi???";;;;
Antek asing itu agrinas;;;;
antekkkk asinggg;;;;
Coba khusus bwt kndaraan kopdes ni ambil produk dlm negeri dan pajak 40% d tiadakan pst harganya lbh murah atau hmpir sama yg dr india. Scr kwalitas produk dlm negeri jg SDH truji. Manfaatnya jauh  lbh banyak KLO pakai produk dlm negeri;;;;
Ternyata OMON omon lagi negara ini;;;;
Sudah jadi budak jepang selama 50 tahun, kemarin saat mobil China masuk semua merk jepang kelabakan merasa dizolimi pemerintah, sekarang mobil prindavan masuk, mereka seperti mau dibunuh pelan2 oleh pemerintah. Artinya setelah jepang jadi penjajah merk mobil dan tiap tahun dgn arogan selalu menaikkan harga sekarang rakyat indo wajib mengerti kalo kita cuma jadi pasar merk asing, dgn penipuan marketing  macam LCGC yang pada dasarnya tetaplah itu mobil asing bukan mobnas.;;;;
Bagus sekaoi proyek ini untuk momentum kesejahteraan prajurit TNI;;;;
Kenapa gak pesen ke esemka aja, bisa pesen di jokowi;;;;
President konoha president omon2, menangis ibu pertiwi, ngak DPR ngak president nya sama ja, rakyat nya mati kelaparan, mereka pesta pora korupsi;;;;
spt-nya para pemimpin negri ini sulit diajak utk sejahterakan rakyat-nya sendiri atau mmg sdh gagal paham kah ?;;;;
Ini cuma pengulangan praktek Kapitalisme Kroni ala rejim Orba. Bikin2 proyek dgn label pro rakyat, pro nasionalis. Trus proyek di-bagi2 ke kroni2... keluarga, temen, anggota partai, aparat... Lalu dana dipotong buat keuntungan sendiri dulu, sisa2nye baru buat rakyat... 🥸;;;;
episiensi 😂;;;;
Lagin kenapa harus double cabin sih;;;;
Beliau sudah sepuh,menurut keyakinan saya, beliau sudah mulai pikun;;;;
ndzirrrrr.......prindavan....;;;;
Maung jadi meong;;;;
Apa ga pengen ngidupin esemka pak 😂😂😂;;;;
"Hanya untuk orang orang dia doank ini..
Ucapan terimakasih sudah menjadi tim sukses waktu capres dan menang 🎉🎉
Mereka pikir rakyat pada Dungu😅😂";;;;
"Omon omon Hilirisasi
03.25 Harusnya bisa gak pakai Dana sitaan Koruptor itu?";;;;
"Akankah ada berita korupsi terkait pengadaan mobil2 ini di beberapa tahun kemudian?

Hmmm.

Mana itu MAUNG!?";;;;
Import dapat fee;;;;
Koperasi merah putih...mana merah putihnya..;;;;
"MBG kan tujuannya mncerdaskn anak bangsa
Klo kcerdasannya ga dhargai mn bs berkembang.
Bukannya bangga dgn produk lokal malah impor. 
Dmata dunia indonesia negara brkembang dmata orang lokal indonesia ga perlu org kreatif. 
Jd klo gini trs org lokal bakalan banyak yg nganggur.";;;;
hi babu babu asing sok nasionalis tapi jadi babu india dan amerika serikat;;;;
"apapun masalahnya 😱
goyang solusinya 😂😂";;;;
Hebat !!!!!!!  Itulah karya anak bangsa .........mobnas yg dijanjikan anak bangsa ?????;;;;
"kalo pake produk lokal untungnya kecil...
jadi kalo juga tetap maksakan produk India kita demo se Indonesia raya...";;;;
efisiensi keterbalikan = maksimalitas korupt;;;;
"Masalahnya beking TNI.
Oyolah DPR segera dorong TNI menjadi Tentara yang profesional caranya kembalikan ke barak .  Sesuai tupoksinya jangan libatkan dalam politik dan bisnis .";;;;
Indonesia akan baik bila tak lagi dipimpin dan dikuasai orane2 seperti soekarno, soeharto, soesilo, mulyono ... Root genetik dicipta Tuhan berbeda2 biar kita kenali (Qrn). Kalo urusan diserahkan ke root genetik yg bukan ahlinya maka pasti kehancuran (Hds) Apalagi yg terbukti fakta puluhan tahun adalah nyulasi thok! Karna mereka senengnya klenik, tahyul dsb bukan Qrn&Hds makanya negara nasionalis Tan Malaka mereka enyahkan. Pun jendral2 lubang buaya. Pun hakim agung jaman orba. Keculasan yg bengia. Ganti root genetik pemimpin, baru indonesia bisa baik.;;;;
Kocakkkkk pemerintah gak mikir kedepannya kalau mobilnya rusak itu bengkelnya dimana. Kalau ingin dijual lagi anjloknya parah gak berharga akhirnya jd sampah. Alasan efisiensi itu artinya PEMERINTAH PELIT dengan rakyatnya sendiri !!!;;;;
LAHAN BARU PARA KORUPTOR;;;;
Wowo dan wiwi gak beda jauh, keduanya antek asing;;;;
Koperasi ini akan mati dengan cepat apa ya bisa ngalahin indomart dan alfa yg sudah jago dibidang management retail dan distribusi;;;;
Kenapa tidak produksi di esemka saja;;;;
nunjuk inpres gercep satset masuk itu barang.😂  inpres jadi sabdo panditoratu;;;;
BEGO....BEGO...BEGO...BUKAN MAJUKAN PRODUKSI DALAM NEGRI  ?????!!!!!;;;;
"Tambah semrawut negara dikelola yg cuma memikirkan kepentingan pribadi, golongan, partai, kelompoknya... lucunya negeri ini..
Tp rakyat juga milih terus yg begitu...
Ironis...";;;;
mgkn ada deal deal dibawah meja buat import😄😄😄😄😄😄😄;;;;
perampokan tsm😂😂😂😂;;;;
Akhirnya KORUPSI LAGI....KORUPSI LAGI....;;;;
Lain omon lain perbuatan;;;;
"Cara yang tepat mengatasi jalan yang rusak :

A. Memperbaiki jalan rusak

B. Membeli mobil offroad";;;;
"Efisiensi? 🤣. Perasaan anda pas naikkan pajak selalu berkata seperti Pak RT Somat ""Demi kesejahteraan bersama"" sekarang ada kesempatan untuk menyejahterakan kebersamaan anda mengatakan ""Saya tidak ada uang"". Lah kemana pajak kami? Hanya karena harga murah kau jual harga diri negara, dan kamu disana sebagai 'perwakilan' dari kami semua!? Sungguh lawakan tingkat tinggi";;;;
"Intinya ngapain bayar pajak ujung"" nya di korupppp jangan mau di bodoh"" i pemerintah";;;;
KDMP dan MBG adalah program ternak koruptor. Terjadi korupsi berjamaah di kedua program tsb dgn jumlah yg luar biasa. Apakah rakyat akan diam saja??;;;;
Emangnya dalam negeri bisa produksi mobil seperti itu;;;;
Beneran antek asing;;;;
KOK ADA YAA MANUSIA PENGHIANAT BANGSA DITUNJUK OLEH PRESIDEN MEMIMPIN NEGRI INI..IMPOR TERUSSSSS...ORANG MACAM GINI LEBIH BAIK HENGKANG DARI BUMI PERTIWI ATAU BASMI BIAR PUNAH OTAK MAFIANYA.;;;;
Menjadi contoh gedabrusnya pecicilan thok tuek pencilaan;;;;
"Ternyata hanya OMON OMON sesuai tema dlm kampanye
Kacauuuuuuuu";;;;
Apakah Wowo akan menjilat ludahnya sendiri atau memecat dirut agrinas?;;;;
seperti biasa.... OMON-OMON DOANG....;;;;
"Import ""ditunda"" BUKAN DIBATALKAN  !!!";;;;
Programnyw wowo gk ada yg waras;;;;
Kenapa harus buru2 beli mobil??? Sedangkan manfaat buat warga dan keberhasilan koperasi itu belum ada.;;;;
pemerintah indonesia ini aneh. Pemerintah  yg mengatur aturan dan kebijakan produksi dan penjualan mobil justru mengeluh kemahalan, apa lagi masyarakat sebagai konsumen....aneh kan;;;;
Hem MBG,Kopdes tambah mobil dari India.Rakyat meradang marah .Dah jual bus keluar negeri,eh malah beli mobil gituan .Hrs nya lokal ,biar ada tenaga kerja.Presiden omon omon.Adanya hutang melulu,sekarang hampir tembus 10 rebu triliuan.Percaya nanti sampe Prabowo berhenti, hutang bisa 15 rebu triliun.Kemana DPR ,cuma duduk tidur melulu.;;;;
kenapa gak pake mobil SMK ajah kasian ngangur gak keurus;;;;
"Miris

Purnawirawan semua ditarik minimal eselon 2

Wrong man in wrong place

Kecil kemungkinan sampai di tahun ke 5";;;;
REZIM PEMBOROS UANG NEGARA!!.;;;;
Kenapa harus dari india... Kemana Suzuki carry/grandmax pick up/L300 pick up yg sudah teruji...;;;;
Kok semakin membingungkan ya, antara kata-kata dan realita.😏;;;;
"Mungkin sudah mulai pelupa,
Maklum, sudah sepuh.
😂😂😂";;;;
Tambahan budget untuk operasi di Kashmir;;;;
MBG dalam praktekx yg untung pengusaha dekat Tuan aja, rakyat dpt remahx aja, uang gede dr APBN utk kayain oligarki dekat istana. Wah KDMP jg gitulah duit gede hx utk jamu oligarki jg, Program boong aja utk rakyat. Wah Tuan bertobatlah, pidato lain ya tindakan lain.;;;;
Laba impor ikali;;;;
Pinjaman dgn cara pengembalian ngangsur dgn jangka 6 THN,sblm 6 THN koperasinya dah bubar..;;;;
"aroma keep back nya kuat sekali dalam pengadaan mobil ini!, jadi nanti servis berkala mobil ini akan dikirim lagi ke india atau teknisi dari india datang ke indonesia pa agrinas?
Saya yakin 2-3thn kedepan mobil ini akan jadi besi rongsokan.";;;;
Paling juga dipakai 1 tahun sudah mangkrak karena rusak.;;;;
Mau ada selisih itu biasa tapi kalo produk indonesia yang ikut makan warga indonesia kalo nekat dari prindavan bbmnya jangan beli di spbu suruh isi ke sungai gangga sana;;;;
Brutal pengelolaan Indonesia ... parah, pengusaha lokal dipaksa tingkatkan TKDN. Lah tau-2 penguasa seenaknya langgar sendiri aturan nya dgn impor bulat-2 langsung.;;;;
NKRI baik-baik aja..;;;;
"MOBIL INDIA LEBIH TERJANGKAU.

MAUNG PASARNYA BEDA KELAS CUY! MAUNG BUKAN MOBIL BARANG!";;;;
Keuangan APBN udh Jebol, 10 Tahun udh berhutang secra Ugal2an.Gayanya aja Negara  ini msih Sok Kaya punya uang...mkanya ngg beli mobil dri dlm Negeri krn Produsen mobil dlm Negeri ngg bkln mau di Hutang dulu,jdi membeli Mobilnya dri India krn pasti India bersedia dihutangin dulu..Proyek MBG aja psti uangnya Macet2, tunggu aja reknana bhn MBG dibyrnya kredit, Uangnya itu hnya berbntuk Angka tpi nytanya uangnya kurng.;;;;
Alasan efisiensi tidak masuk akal. Semua mobil yang akan diimpor itu ada equivalennya di Indonesia dan harganya tidak jauh beda. Paling kasarnya, kalau memang lebih mahal, cuma beda selisih 1-2T bukan 40T. Memang lebih mahal, tapi bukan beda 40T mahalnya.;;;;
Betul2. . Berbagai macam  cara mereka utk membuat celah kirupsi;;;;
"Foya foya, bancakan duit, oke gas oke gas

Kita buktikan nanti kalau prabowo sudah balik ke indonesia, apakah dia ksatria yg ucapan serta tindakan nya bisa dipegang";;;;
Aneh semua programnya;;;;
Agrinas antek-antek aseng tuh???;;;;
Efesiemsi ndasmu !;;;;
Jelasin kalo import aman gak terdeteksi... Gerombolan situ Cair banyak tapi rakyat noreken...;;;;
Wowo lebih parah dari pada Jokowi . Parah bener;;;;
Negara suka -suka 😢;;;;
Pick up nya sdh datang;;;;
Jalan jg kagak kopdes ini,mbg sama kopdes bnr2 jd ladang korup;;;;
Apa nasibnya bakal sama dgn laptop krom2an ya?;;;;
Koq ke india sih ?? Pindad juga pasti bisa, pusing amat;;;;
Di mana2 ternyata tukang nyari rente, 😅;;;;
Ladang korupsi jalan kembali;;;;
lancang amat wo, mobil SMK gimana?;;;;
Gue trauma sama otomotif india. Pernah punya motor bajaj made in india, eh sekarang jadi bangke. Udah jangan aja, itu pngalaman pahit. Coba cek anggarannya ke KPK gue khawatir em.;;;;
Negeri Sorganya Para KORUPTOR;;;;
Padahal Indonesia bisa membuat mobil sendiri... betul-betul proyek demi kepentingan pribadi.;;;;
"Memang lidah tak bertulang, tak terbatas kata"", tinggi gunung 1000 janji... lain dibibir lain dihati.";;;;
Tdk ada keinginan negara utk memajukan sdm dan ekonomi rakyatnya.negara ini sdh sngt rusak karena diisi pejabat2 yg hanya mementingkan kepentingan dirinya sendiri.padahal dari proyek ini bisa memberikan byk hal bagi rakyat sendiri sbg berikut..1.menciptakan lapangan kerja dan membangkitkan ekonomi rakyat sdh pasti ,2.memberikan kesempatan berinovasi dan pengalaman teknik bidang otomotif bagi anak2 muda..3.menciptakan pioner mobil nasional pertama yg diproduksi massal..4.jika kualitas dan produk mobil nasional bagus maka akan menjadi pemicu inddustri mobil nasional berkembang pesat..5.dari sebuah mobil terdapat byk ribuan sparepart yg bisa dijadikan pengalaman pembelajaran utk membuatnya mandiri..dan banyak hal lagi keuntungan yg didapat bukan hanya dari segi ekonomi.;;;;
Bagaimana juga pelayanan purna jualnya? Servis berkala? Montir Indonesia sudah bisa melayani?;;;;
Si wowo omon omon.;;;;
Manusia IQ 11 dan sudah Pikun. Presiden membuka Kran Koruptor, agar bisa korupsi Berjamaah.;;;;
Loh Direktur nya tsb kan sudah mengundurkan diri per Agustus 2025 kemaren.;;;;
Prindavan 🎉🎉🎉😂😂😂;;;;
Gimana sih jo ini ...???;;;;
Majukan rakyat india nih jdnya;;;;
Kalau import mobil pakai inpres, kaga pake TKDN.. lha giliran urgent krl harus pake embel-embel TKDN;;;;
Lho...tolong beri kesempatan nyoloong kpd pejabat Ind.;;;;
Anggaran import mobil dari India Rp 24,6T, anggaran yg dihemat Rp 46,5T apakah sebegitu jeleknya industri mobil dalam negeri?;;;;
Sen kiri belok kanan..;;;;
Taat taat ndasmu, iku BUMN;;;;
Presiden hasil kecurangan Pemilu;;;;
Urgenitasny ap coba, kan bisa cari vendor lokalan wat urus logistik , gak pikir parts gak pikir unit rusak. gak pikir penyusutan harga taunan..kecuali emg niat cari fee korup 😂;;;;
Tp Mr. P sdg sibuk ke LN... gmn dong;;;;
*CATAT INI : KOPERASI MERAH PUTIH TIDAK AKAN JALAN*;;;;
Ya kita cari 2 sisi ,,udah dijelaskan sama agrinas,, jangan satu arah ,,dengan dasar kebencian ,tapi netralitas,,jadi enak dalam memandang sesuatu;;;;
Jelaslah harga mobil dlm negeri lebih mahal karna pajak tinggi;;;;
Mengerikannnnnn;;;;
24,6T kalo beli mobil baru di Indonesia,, kan pemerintah dapet 40% lagi dari pajak pembelian mobil baru;;;;
Mikir 😅;;;;
Pemerintah cuma bisanya import, jangan-jangan pangan juga masih import bilangnya swasembada.;;;;
Bedanya china,korea dll kenapa maju... karena mereka prioritasin beli produk dalam negeri dulu. kecuali gak ada baru import... ini merah putih tapi gak cinta indonesia.;;;;
Mbl india bukannya jelek atau jadul harga jg bersaing...yg rakyat ngak kuat dan ngak percaya itu korupnya;;;;
Bisa sewa aja ga si? Nanti kl ada untung baru beli aset;;;;
ITU KAN MOBIL GROBAK / BASIC ISUZU PANTHER AJA ATO DAIHATSU DIBIKIKIN LOKAL PICK UP SEDERHANA DGN PER DAUN , MESIN + CHASIS + KABIN + BAK BELAKANG ( INDUSTRI KAROSERI INDONESIA KLO KAGAK SALAH ), UDAH MENDUNIA . BIKIN KERJAAN BUAT RAKYAT / JANGAN MAIN BELI AJA.;;;;
"Ancaman akan ada Reshufle Kabinet Merah Putih,  ini yg diduga  membuat beberapa Menteri menjadi ""YES MAN"". 🇲🇨";;;;
"Kmrn ngobrol SM tukang yg ikut bangun koperasi MP
Bangunan 1 lt 20 m x 30 m = 600 m2
Budget 1,5 M 
Pdhl kata tukang itu KL dihitung < 800 JT 
Gileee....";;;;
Presiden harusnya konsisten dengan ucapannya.;;;;
Sebaiknya beli Hiace Pick Up bisa angkut 2 Ton dimana Sparpate ada.;;;;
memang koprasinya udah bs untung berapa mampu beli mobil tiap koprasi? byk kadesnya aja yg puyeng mau bikin usaha apa buat gerakin KMP;;;;
Tamparan keras buat produsen otomotif kita.;;;;
Tepat guna kalau mobil India dipakai jadi mobil dinas pejabat2 negara atau kementerian..biar merasakan uang negara itu enak..;;;;
"Nafsu nggak terbendung, akhirnya rakyat juga yang nanggung implikasinya.
Ngutang....ngutang....ngutang...!!!!!";;;;
Lewat program koperasi desa yg dpt untung LBH dulu India....rkyt NKRI kapan ya....?program sontoloyo;;;;
HAI ANTEK ANTEK ASING!;;;;
Uang cuma di hambur2in..;;;;
"Mantaaap pa .prabowo
1.memajukan produsen mobil india
2.mengurangi pengangguran rakyat india
3.uang pajak rakyat .buat india";;;;
itu mobil apaan lagi wkwkwwk😂;;;;
Negara ini dipimpin oleh orang2 bodoh dibidangnya 😂;;;;
efisien untuk masuk ke kantong saya;;;;
Indonesia di bawah regime jendral TNI AD Wowo, spt negara tanpa presiden. Semua di jual ke amerika.;;;;
ya semoga tidak seperti KUD;;;;
kan biasa, prabowo hari ini ngomong A besok nya ngomong B.   Yg perlu tempo bahas siapa backup kuat di belakang joao sehingga dia nekat mengimpor mobil dari india.  Btw, sdh ada yg sampai disini, mau diapakan itu mobil2 yg sdh sampai?  Ini yg harus tempo ulas.;;;;
Tato nya mbaknya bagus 😍;;;;
Baru 2 tahun menjabat lho. Bayangin kl kepilih lagi dan menjabat 10 tahun.;;;;
Sorry, yaa... jangan² itu buat nyukseskan program J-kawe, kmrn dngr2 ke India, tu? Kalau benar whuehh, bakalan betul jadi sultan negara tu.. bisa tambah mgjungkirbalikkan moral tu.. polisi MK DPR semuanya patuh.;;;;
Tata punya tata masih keluarga;;;;
"Isuzu ada
Mitsu ada
Toyota ada
Wuling juga ada pikap

Heran malah pilih yang gak ada di sini";;;;
Koperasi ambisi si wowo;;;;
SNI, I nya India;;;;
Koperasi Hasyim dan Prabowo;;;;
Menurut saya pemerintah sebaiknya lebih memprioritaskan mobil produksi dalam negeri. Selain membantu koperasi desa, juga bisa mendukung industri otomotif Indonesia.”;;;;
Mantap tattonya ..;;;;
Kenapa dulu gak dibiarin mundur aja ?😅 Biar gak jadi blunder;;;;
Bukannya mobil dalam negeri mahal gara2 pajak ya? Coba pajak nya ilangin, ntar murah;;;;
engga konsisten;;;;
Kerja grusah-grusuh.;;;;
ngk ada usaha, kalau dirintis cuma dapat uang warisan gitu, mau enak saja. harus ada proses dan belajar dari hal2 yg simple, kalau itu aja ngk bisa jgn harap bisnismu akan bisa exist.;;;;
Import cbu lbh murah dibanding beli dlm negeri?? Coba deh, keluarin datanya dan debat sama praktisi otomotif dalam negeri;;;;
Kalo pake mobil India, awas kalo ketemu pohon....bisa muter2 aja;;;;
Persiden persidenan;;;;
ada antek antek asing disini, kata si onoh.. repottt;;;;
"Emang dilematis sih, kasihan banget tuh para pemangku jabatan, harus efisisensi sekaligus mendukung produk dalam negeri.

memang produk otomotif India terkenal murah sih, jadi wajar kalo yg dipilih itu India.";;;;
Negeri ini kok sepertinya sarang bagi para koruptor;;;;
24T rencananya realitanya 100T...;;;;
Kopdes Merah Putih utk kesejahteraan rakyat tapi untuk RAKYAT INDIA bro...., dan Pengelola AGRINAS serta Kemenkop;;;;
CIPTAKAN KESUSAHAN RAKYAT,,,,,,,,,,,DANA DARI PEMERINTAH ITU PINJAMAN KE RAKYAT,,,,,,,,ALIAS HUTANG PLUS BUNGA,,,,,,,,😁;;;;
Pake mobik esemka aja cocok tuh..👍;;;;
Omon omon, CBU khan harusnya kena tariff... ini langgar aturan kalu dibilang lebih hemat, berarti ga bayar tariff donk;;;;
Sein kanan belok kiri juga gw lihat2;;;;
Beras luar negri sekarang sedang lebih murah dari dalam negri, bahan bangunan juga. Jika menggunakan logika lebih murah dan efisien impor, barang lain juga impor juga, parah.;;;;
Impor MOTOR kapan?😅😅😅;;;;
"Ciptakan lapangan pekerjaan ❎
 Ciptakan ladang koruptor ✅";;;;
mungkin ini yg disebut efisiensi 🤣;;;;
"Nilai pengadaan impor 24 triliun
Kalau beli dlm negeri bs lbh mahal 46 triliun
Apa iya harga otomotif vrindavan hanya hampir 1/3 harga unit dalam negeri?
Siapa yg banting harga & siapa yg overprice?";;;;
"kita sedang krisis pak wowo gw kira bakal tegas, malah buang buang duit buat gak jelas
mulai MBG , koperasi merah putih...";;;;
Presiden banyak omong omong;;;;
biar aja, bentar lagi juga KPK, Kejagung bakal repot kebanjiran kasus korupsi...;;;;
Sukur aja masarat di bantu asal  masarat jagan di tipu .;;;;
"bayaran..
";;;;
Setiap koperasi ada ribanya;;;;
WaALAUPUN.  JALAN. RUSAK MOBIL.   TREK. NYA. BARU.   INTUK. NGATAR.  KE. PEN 1:51 DUDUK. BeELI NYA. ONLAIN.  KAN.  ERA. DIGITALISASI.   GIBRAN.;;;;
PREDIKSI.    YG.  LAKU.    KMP.  ADALAH ..PUPUK. JIKA.  KMP. DI. PEDESAAN.  ITU. AJA ADA YGN    BELI. DI. PENGECER.  DESA;;;;
"KUD bangkrut kok diulang lagi ...
Capek deh !!!!!!!!!!!";;;;
Mudah2an nasip Himbara tidak seperti BUMN karya. Akibat management yg kena intervensi pemerintah;;;;
Ujungnya cari uang masih enak dijaman Orde Baru dan saat Pak SBY.;;;;
Lah kopdes ,mbg, penghamburan uang negara 😊😅😮;;;;
Ga akan jalanlah koperasi, awalnya aja semangat, yg penting dpt cuann, koperasi , mbg hanya utk pemolu 2029.;;;;
Sudah nggak usah banyak teori dasar pengalaman dipastikan kopdes merah putih dipastikan g a g a l . Di Tuban Jawa Timur kopdes merah putih sdh diresmikan presiden Prabowo,  setelah beberapa hari t u t u p  sebab tak didukung masy.;;;;
"Ada sebuah Narasi tentang KDMP.
(KOPERASI  DESA MERAH PUTIH)

Kalimat ini saya kutip dari komentar Netizen.
Sebagai Berikut.

Pinjaman: Rp3 miliar.
2.5M untuk bangunan, alat prasarana dan kendaraan.
500 juta modal muter usaha.

Ini utang bosskuh bukan hibah, bunga 4% per tahun. Jadi begitu kita ready duit modal diterima dan bangunan sudah dibikin, maka bulan depan kita sudah harus bayar angsuran 50 juta / bulan.
Atau
Cicilan: Rp600 juta per tahun

👉Untuk menghasilkan Rp50 juta laba bersih per bulan:
Jika margin bersih koperasi 5%, 
maka harus menghasilkan:
Rp50 juta ÷ 5% =
*Rp1 miliar omzet per bulan.*
Artinya koperasi harus memutar omzet: 
*± Rp33 juta per hari, stabil.*

Kalau margin hanya 3% (lebih realistis untuk retail sembako), maka:
Rp50 juta ÷ 3% = 
*Rp1,67 miliar omzet per bulan.*

Apakah semua desa punya daya beli sebesar itu?
Belum tentu.!!!
Apakah pengurus koperasi punya pengalaman ngelola duit sebesar itu stabil beberapa tahun ?

Coba cek , ketua koperasi yg berlatar belakang pengusaha dengan omzet di atas 1 M sebulan, ada gak?

KDMP bukan bisnis warung kelontong di desa yg omzetnya cuma beberapa desa. 
Tapi *harus* 33 juta perhari. Biar bisa bayar angsuran 50 juta perbulan. Itu belum buat bayar pegawai , SHU dll.

Pegawai digaji , para patriot pengurus koperasi dapat SHU, yg dibayar dengan Yen, yen Ono sisa keuntungan setelah bayar angsuran dan biaya operasional.😊🤭

*Skenario Gagal Bayar*

1️⃣ Macet Ringan.

Koperasi hanya mampu menghasilkan laba Rp35 juta per bulan.
Defisit Rp15 juta per bulan.
Setahun defisit Rp180 juta.
Kemungkinan akan terjadi restrukturisasi.

2️⃣ Macet Sedang.

Koperasi hanya mampu bayar Rp25 juta per bulan.
Defisit Rp25 juta per bulan.
Setahun defisit Rp300 juta.
✓Cashflow tertekan.
✓Pengurus mulai disalahkan.
✓Kepercayaan mulai retak.

3️⃣ Gagal Total (Zonk)

Koperasi tidak menghasilkan laba sama sekali.
Lubang Rp600 juta per tahun.
Bunga tetap berjalan.
Status kredit bermasalah.

Sekarang hubungkan dengan kondisi desa yang ruang fiskalnya sudah sempit.
Jika desa harus ikut menopang atau terdampak skema pembiayaan, alias yang bayar utang dibebankan dana desa maka:
✓Pembangunan jalan bisa berhenti.
✓Saluran air tertunda.
✓Program pemberdayaan terpangkas.
✓Infrastruktur kecil desa terancam macet.

Dalam ekonomi publik, ini disebut crowding out:
anggaran pembangunan tersedot untuk menambal risiko usaha.";;;;
saya pilih KDM Aja lah jangan yg lain gak ada yg bener presiden;;;;
Pantes Sri Mulyani mundur dari kabinet Prabowo krn melihat program Prabowo yg cenderung menghambur2kan uang negara demi kekuasaan die...😂;;;;
Mbg dan koperasi merah putih bisa buat indo bangkrut sih;;;;
Kita lihat saja. Semoga rakyat bisa blnja murah bahan Poko dg adanya kopdes .;;;;
Koperasi lahir dibiayai & modal dari iuran anggota.uu koperasi!!! bukan hak warga desa/miskin yang di gunakan.😭.. merusak aturan;;;;
"Dana Desa hak warga desa yang penggunaannya diatur ketat oleh UU desa, PP, PMK untuk persoalan "" desa , diselewengkan untuk bisnis?.. membangun dari desa untuk bangsa gagal.siap"" kemiskinan extrim warga desa";;;;
Di desa kosgoro kecamatan terawas sumatra selatan..bagunan mera putih di bagun di tana wakap.uwang pembelian di makan kades kosgoro samsul agis..;;;;
Harusnya mental dan SDM lebih dahulu di siapkan kalau mau buat KMP jangan nanti mangkrak tidak jelas kayak KUD jaman pak Suharto;;;;
Kenyataan nya dilapangan TNI bukan sekedar pendukung keamanan tapi malah menjadi pelaksana pembangunan gedung kdmp, tapi ya lelet;;;;
"Salam dari Kabupaten Mimika Propinsi Papua Tengah hingga saat ini blum dpt perhatian dari Satgas2 KMP,
Buktinya blum ada Koperasi MP di Mimika yg sdh berjalan krn blum bisa dpt Kucuran Dana Operasional Koperasi MP, sangat Miris krn kucuran dana Kemenkeu sdh 200-400  T ke Himbara 
Pemerintah Pusat dlm hal ini TDK berlaku Adil untuk semua daerah di Indonesia ini.
Pak Presiden kurang fokus dg Asta Cita di Daerah di luar Jawa/Desa n Kecamatan di luar Jawa";;;;
Saya Ketua KDMP Wairoro Indah Kec.Weda Selatan Kab.Halmahera Tengah Prov.Maluku Utara,dan Koperasi kami adalah Mock Up/ Percontohan di Maluku Utara.;;;;
Atau PT.Agrinas memberikan pekerjaan Pembangunan Fisik Gerai,Gudang dan Kelengkapan KDMP kpd Kontraktor Lokal di desa itu atau kpd Pengurus.;;;;
Mungkin lebih baik PT.Agrinas subkan proyek atau pekerjaan itu kpd Kontraktor lokal di desa yg akan di bangun Gerai,Gudang dan Kelengkapan KDMP.;;;;
Semoga program pemerintah untuk kopd;;;;
pangurus korasi apabila manyalahkan gunakan uang korasi lasung dibarhatikan aja;;;;
Sangat mengkuatirkan eksperimen pendirian 80,000 Koperasi Merah Putih (kMP) dalam waktu yang sangat singkat dengan biaya yang sangat masif. Berapa UMKM  yang akan mati bersaing melawan KMP.;;;;
Gua mau nanya, sebenarnya perbedaannya koperasi desa dengan gerai² yang sudah ada itu apa bedanya?;;;;
Tolong tempo jangan kasih Brita Hoak;;;;
Mbaduut yuk;;;;
Mbaduut aja yuk;;;;
"Sdh diduga bhw gebrakan purbaya soal duit yg ngendap di BI 400T itu ternyata ditujukan utk mendanai program pmrntah kopdes MP yg disinyalir kental dg unsur kpntingan politik

Cuma dg narasi seolah utk mnggerakkan ekonomi dg membanjiri bank² himbara dg 200T utk kperluan itu
Hal ini sdh diprediksi oleh para ahli krn bank² himbara sndiri saat ini lg surplus dana krn kredit tersendat akibat krisis & ekonomi yg melambat
Jd penggelontoran dana dr BI itu dipertanyakan utk kperluan apa?
Ternyata diduga utk jalan berliku mendanai kopdes MP, SPPG MBG dll";;;;
hmm, masih kupantau;;;;
Hampir 300 t kalo muter di masyarakat dari dulu pasti rakyat gak sesusah ini;;;;
Koprasi merah putih blm pernah denger & di tempatku kayaknya blm ada,yg minjem uang nya orang mana aja tu?.;;;;
Minimarket modern akan mematikan retail warung rumahan di pedesaan.;;;;
terkait desa desa yg tidak punya tanah untuk gudang dan kantor /bangunan koperasi merah putih ,solusinya apa ?;;;;
Pasti yg ditunjuk org dalam Kades, pemilihan hanya formalitas, yg masuk jd pengurus keluarganya pamong dan pengurus. Orang kritis seperti dr LSM, dan pengawas sosial kontrol masyarakat tak dipake bahkan tdk boleh masuk, takut bila rencana penyimpangan. Selain juga program ini jg program KMP nyusuip dgn program politik dr partai. Kalo begini sampe terjadi tambah hancur keuangan negara, bukan membantu rakyat malah terjadi kebangkruitan dunia UiMKM di bawah, krn efek jera mental blm diterapkan, jd pembiaran korupsi terus dipercontohkan, jd kapan lg negara Indonesia mo maju;;;;
Pak Prabowo prioritaskan pe nerapan hukuman mati dan RUiU Perampasan Aset, bila belum abis lg dana krn warga bila kucuran dana digulirkan mereka menganggap uang bantuan cuma cuma. Bapak juga jgn lsg percaya dgn orang yg mengawasi dr teritorial yg bapak tunjuk, sebagian mmg sbg patriot Negara tp ada yg jg pelaku perusak negara, terkadang mereka bekerjasama dgn pelaku dan pemain lama.;;;;
Aduh tempo lagi aku gak percaya;;;;
Apa itu koperasi merah putih, di tempatq g denger;;;;
"Koperasi merah putih KKN
barulagi sama dg MBG.makin parah.dari jokowi.kkn nya?";;;;
Ngapain tni ngawasin. Bukan ahlinya konstruksi.;;;;
APAAN KOPDES MERAH PUTIH,, UTK NTT CUMA WACANA. GAK ADA  YG TERLAKSANA. APAKAH NTT INI BUKAN INDONESIA?;;;;
KUD perlu divenahi boos jangan fibiarkan hidup enggan mati tidak boleh;;;;
Enak banget agrinas dapet proyek bangun koperasi, 3m per koperasi lagi sedangkan 3m itu dibebankan ke koperasi nya dengan jaminan Dana Desa 😂;;;;
Masalah klasik kredit murah bunga rendah atas nama rakyat...tapi rakyat ngaplo...;;;;
Koperasi di desa desa kabupaten muara Enim Sumatera selatan koq sampai sekarang tidak ada koperasinya .padahal sudah dibentuk pengurus dan ketua nya serta bendahara didesa Mading masing..mohon ditindak lanjuti.;;;;
duh, dah kelihatan NPL bakal naik.;;;;
Aku ksh saran sebaiknya jangan.... Bangdes di desaku aja pd macet ... Jd jangan menambah ladang korupsi berbalut koprasi....;;;;
Kopdes banyak sekali aturan yg dilanggar  mulaibdr penunjukan agrinas pinjaman himbara dengan jaminan dana desa ?? Yg pinjam siapa ?? Yg tandatangan pinjam siapa?;;;;
Apakah dananya sudah turun ke desa?;;;;
Yg subur bos bos bank EMOK;;;;
Wkwkwkwkwkwkkkk😂😂😂😂;;;;
"Allahu Akbar """"""""""""walillahilhamd yo";;;;
Ujung2nya (012up51;;;;
Seandainya orang2 Tempo memimpin negeri ini.....😂😂😂😂;;;;
Yang namanya koperasi itu dari jaman kee jaman hanya ajang banyakan/koropsiiiii😂😂😂😂;;;;
Selamat,,kita lihat ke depan 1- 2 thn, akan banyak kepala desa masuk penj2r2😂😂;;;;
Sepertinya tiap ganti pemerintahan, yg penting beda.;;;;
"Duwit nda bs mudah
. Jika macet di kopdes, siapa mau byr?";;;;
TEMPO MAJALAH TEMPEEEEEEK....;;;;
asik cair - cair;;;;
"SAYA HIDUP DIDESA...Tolong kasih pencerahan yg paham 🙏
Soal ""koprasi desa "" 
warga kalau mau ngajuin pinjaman harus daftar dlu jd aggota & BAYAR 100 rb...

Entah ini hanya ditempat saya atau emang konsepnya beda2 tiap desa.";;;;
BANGUN FISIK KOPERASI MUDAH, MENJALANKAN KOPERASI ITU SUPAYA MENGUNTUNGKAN, ITU SUSAH SEKALI DINEGARA KONOHA. 🤗🤗🤗;;;;
DIRUT AGRINAS SEKARANG SIAPA YA SETELAH YG LAMA MUNDUR?;;;;
KOPERASI DI NEGARA KONOHA UMUMNYA SELALU RUGI, DIDUGA NANTI DANA PINJAMAN UNTUK KOPERASI TAK KEMBALI, KREDIT MACET DIMANA MANA, SEMOGA TIDAK TERJADI YG DEMIKIAN. 🤔🤔🤔;;;;
Fakta di lapangan,,, setiap desa DI HARUSKAN memiliki Kopdes akan tetapi tidak di kasih modal (uang 💸💸+gedung) justru di suruh ngutang ke bank (notabene utang bank harus di bayar) pertanyaannya: pengurus tidak di gaji oleh pemerintah desa melainkan dari laba kopdes (boro boro dapat laba, mau berdiri aja kopdes begitu rumit persyaratannya(tidak ada gedung, tidak ada laptop dan harus setor 20% ke desa);;;;
selama Kapolri dan org KPK masih geng solo ...maka penyidikan akan sellau terhambat;;;;
"Mnurut gw sbenernya gk jelas juga kalo ngasih modal tapi berupa barang yang koperasi sendiri gk butuhkan. Harganya sama aja sama warung, bukan grosir. Niat mau memonopoli harga didesa, mengurngi tengkulak tapi malah koperasinya dimonopoli BUMN. Hanya sebagai sales barang barang BUMN. 
Koperasi juga butuh biaya operasional. Bukan cuma barang. Butuh menyerap hasil dari masyarakat. Melihat potensi sendiri di desa.
Pemerintah Desa juga sebagai pemilik dana desa, tidak semuanya menyetujui, terkait pinjaman yang diagunkan 30%. Apalagi ini soal bangunan koperasi yang maksimal 3 Milyar. Harus juga pengaturannya dari dana desa. 
Sekarang banyak diantara kepala desa tidak mau memberikan tanah desanya. 

Sehingga aturan terkait program koperasi ini Masih banyak yang cacat aturan. Mulai hak dan wewenang, mekanisme, tidak melihat unsur sosiologis, psikologis, dan kultur masyarakat. Secara hukum pun, ini terkesan memaksakan.

Tolong TEMPO agar bisa menyampaikan kondisi real dimasyarakat ini.";;;;
"Penghancur anggaran, bansos, buat kemenangan Prabowo 
Premanisme kawan Prabowo
Koalisi gendut maunya prabowo
Yang kinerjanya buruk dan korup kroninya Prabowo juga
Program unggulan cuma buang2 duit.
Purbaya cuma patuh sama Prabowo 
Jadi mau ngarep apa dari Purbaya";;;;
pembentukan kmp terlalu tergesa2 & dipaksakan. bahkan pengurusnya rata2 bukan dari profesional. mereka kebanyakan dari ketua rt/rw & tokoh masyarakat. sangat mengkhawatirkan kedepannya. jgn sampai trilyunan duit negara habis begitu saja krn program yg kurang bagus dlm perencanaan & pelaksanaannya.;;;;
Menkeu baru banyak cuap cuap untuk menutupi skenario pembiayaan yang aneh ….mungkin ini yg menyebabkan smi diganti karena smi kekeh tida mau skenario aneh ini…YTTA;;;;
"Kopdes MP dimata mereka yg negatif thinking mungkin mereka temannya oligarki krn gak mau masyarkat bawah jadi maju dan mereka yg belum paham perlu mendalami lgi apa itu koperasi. Usaha bentuk Koperasi merupakan media usaha untuk rakyat kecil agar mendapatan badan hukum yg legal, selama ini rakyat kecil yg merintis usaha sering terhambat perijinan, sedangkan usaha bentuknya PT, Firma dan CV biasa dimiliki org kaya(oligarki), disini keuntungan usaha hanya dirasakan oligarki. Keuntungan koperasi (SHU) akan dirasakan oleh rakyat kecil yg tergabung (menjadi anggota). Kopdes MP anggotanya bisa dari masyarakat yg mau jdi anggota.
UU koperasi sudah tertuang lama di pasal UUD 1945. Prabowo ingin menghidupkan azaz perekonomian rakyat Indonesia.
Koperasi tidak dimodali pemerintah, koperasi hanya dipinjami (hutang modal) yg tetap harus dikembalikan (nyarutang). Sama sebenarnya dgn usaha2 lainnya (PT, firma ataupun CV) yg juga pinjam/hutang modal juga ke bank himbara.";;;;
Dah tau kan kmp blm jalan;;;;
Supermarket menjamur,yang beli nya gak ada,susah duit nya kata rakyat mah uang nya gak ada,susahh;;;;
Jebakan pinjaman, yg penting usahanya;;;;
"Pak Prabowo, anda itu presiden sbg kepala negara dan kepala pemerintahan bkn panglima TNI, jgn gunakan manajemen komando, siap komandan, siap jenderal.
Kami yg bertahun-tahun berhubungan dg Koperasi agak khawatir dg penggunaan dana kpd Koperasi Merah-Putih.";;;;
prog MBG dan KDMP...bagus hanya mekanismenya yang banyak tidak tepat;;;;
"gak ada namanya koperasi  merah putih....
tokonya dimana ?
koperasinya dimana.?
waktu pembentukan ketuanya aja.....
mending langsung kerakyat jelas padat dan berisi";;;;
Koperasi merah putih seperti apa sih tampak mukanya? Jumlahnya 80 rb, alfamart dan indomaret jumalahnya masing2 23 rb tapi keliatan di mana2. Kop merah putih koq sama sekali ga keliatan?;;;;
Psst just info Kopdes di deket Seskoal Jakarta, Alamat Jl. Al Mubarok I No.1, Cipulir, Kebayoran Lama, Jakarta Selatan (Depaan Inomaret). Dulunya itu jualan baju + sepatu bekas (thrifting) bisa lihat history google maps 2024- Juni 2025, perlu diseledikin tuh thrift legaal gak wkwkwkk, nah terus per Agustus, berubaah jadi Koperasi Merah Putih. Tapi SAMPE SEKARANG GAK PERNAAH BUKA, hmmm kenapa yaa ? apa ada yg bisa jelaskan ? apakah mereka gak rugi tuh kalau gak jualan ?;;;;
Tak ada manfaat nya buat rakyat banyak..;;;;
"Kalau mendengar penjelasan Tempo ini..
Betul2 tdk jelas arah nya...
Dan dikelola oleh orang2 yg tdk profesional dan tdk akuntabel...";;;;
Menurut sy untuk karyawan koperasi merah kuning Gajinya rendah, kerjaan dan tanggung jawab banyak.. kemungkinan orang yang berkompeten untuk bekerja di bidang nya mungkin tidak mau..;;;;
Lahan korupsi baru yaitu KMP;;;;
MBG militer. KDMP militer. semua militer.. kalo ada apa2 Pengadilan militer;;;;
"Diduga KPK "" PASTI "" Melindungi si bobby wong SUDAH MENJADI RAHASIA UMUM kalau para - para oknum KPK adalah bawahan alias tawanan jokowi  😢😢😢😢😢😢😢
Biarlah HUKUM TUHAN YANG BERLAKU BUAT MEREKA ( Oknum - oknum KPK karena TUHAN TIDAK PERNAH TERTIDUR DAN LALAI DALAM MENGGENAPI HUKUM TABUR TUAI - NYA 🙏🙏🙏🙏🙏 )
Kalaupun mereka merasa "" AMAN "" diduga Tuhan sedang membiarkan mereka hiporia sampai Tuhan mengeraskan hati mereka seperti Firaun dan setelah itu DIDUGA MEREKA AKAN MENUAI Hasil perbuatan mereka 🙏🙏🙏🙏🙏
Untuk TEMPO terus suarakan kebenaran dan mencerdaskan bangsa melalui informasi - informasi yang akurat...";;;;
Temen guua pinjem duiit koprasi merah putih eh buat modal judol;;;;
Kalo banyak kredit macet di KMP.. Purbaya tar yang tanggung jawab 😂;;;;
Danantara kan bandar himbara jd ya dibikin turun biar pada cutloss terus ditampung. Nanti pas windres langsung dinaikkan dan dapat dividen deh. Akhirnya danantara bisa bilang kita sudah bisa menghasilkan duit besar 😂😂😂😂;;;;
Seminggu lalu aku melewati koperasi merah putih di daerah gw. Njir, yg gede cm banner-nya 😢. Gedungnya mah kek rumah kumuh, pintu coklat kusam, tertutup, ga ada aktifitas. Koperasinya di antara kelurahan dan puskesmas. Duh, duit rakyat dihamburkan 😢;;;;
analisa pengamat ekonomi yanuar rizki sepertinya gak meleset, program utama presiden prabowo terjaga kucuran likuiditasnya, MBG & KMP kudu jalan meski banyak masalah di lapangan... track record mah urusan no sekian... Himbara kudu tunduk sm perintah Menkeu;;;;
Sekelas tempo kena spam komen judejude… ckckckga respect;;;;
Jalan rusak, irigasi rusak malah suruh bikin koperasi...;;;;
Pemerintah HARUS benar2 mengendalikan dan mengawasi koperasi merah-putih. SDM aparat dan rakyat di desa banyak yg blm mumpuni dlm mengelola keuangan. Maksud Presiden Baik tapi klo pengwasan tdk melibatkan masyarakat maka bisa2 modal yg disalurkan k koperasi tsb menguap dan buat bancaan oknum tak bertanggung jawab. Di desa kami blm sosialisasi ttg program koperasi ini ke warga desa. Penggunaan dana desa pun tak meningkatkan kesejahteraan Rakyat di desa kami. Penggunaannya sangat  tertutup di kalangan aparat desa dan warga yg dekat dgn Kades sj. MOHON DIPERHATIKAN Pak Menkop...;;;;
harus dicontohin gua 😩;;;;
Yaa Alloh utang slm 0 th 34.000 T astaghfirullah dipake apa aja yaa Allohu Akbar gmn Pak Pur.. berjuanglah demi NKRI semoga Pak Presiden Prabowo Subianto dan Pak Purbaya Yudhi Sadewa Kemenkeu selamanya sehat panjang umur sukses dimudahkan rezekinya dilancarkan segala urusannya dan sll dlm lindungan Allah SWT aamiin yra 🤲🤲🤲❤❤❤❤❤❤❤❤❤❤❤👍🏼👌😍🌟🇲🇨🤲🙏🏼;;;;
"Duit duit duit ...😂
Mantaf,";;;;
Trus kalo kopdes semua itu berdiri n running..emang yg beli bkl bnyk? Ekonomi indonesia bermasalah jg dr sisi demand. Kalo ga ada yg beli trus koperasinya bangkrut gmn? Ini ga lebih cuma proyek pemburu rente aja.;;;;
Pembangunan Gerai/ gudang itu juga banyak kendala nya... Desa/Kelurahan harus menyediakan Lahan minimal luas 1000m2... rata2 lahan masih dibawah yg ditentukan;;;;
DIMANA ADA KOPRASI DESA   MERAH PUTIH !! JANGAN PETIRNYA  SAJA !! JDGAR JDGSR TAPI GA ADA  UJUDNYA  .;;;;
Hati2...koperasi merah putih rentan bangkrut seperti koperasi2 sebelumnya....Bangkrut lagi negara 😢😢;;;;
Banyak Koperasi Merah Putih dapat Proyek MBG.;;;;
Sebenarnya program ini adalah program yang sangat mulia kalau SDM dari. pelaku koperasi itu bisa menjabarkan niat baik ini menjadi kenyataan tapi Fakta menunjukkan bahwa kwalitas SDM Pengurus koperasi yang ada sekarang sebagian masih relatif rendah. Jadi mereka tidak dapat menyusun program kerja dan arah perjalanan usaha yang mereka jalankan Untuk itu Saran kami Pelatihan pengurus  berbarengan dengan pengembangan usaha;;;;
"Ak tinggal di desa apas.
Kec,Sebuku
Kab,Nunukan
Prov.kalimanta Utara
Izin info
Ak kn pelaku usaha jualan di desaku in.
Dn saya siap jadi koprasi merah putih untk sembako dn alat bangunan... Izin di bantu 🙏";;;;
Kami berharap Pinjaman kepada Koperasi Merah Putih jangan sampai terindikasi kredit Macet maka perlu estimasi Usaha koperasi yang disusun oleh Pengurus kalau layak baru bantuan pinjaman pendanaan Dulu Jaman Pak Harto juga ada Pinjaman  Kredit usaha. Tani (KUT) yang bertujuan kemandirian Pangan saat itu tapi rata rata menjadi kredit Macet dan pada akhirnya di fusokan pada waktu tertentu;;;;
Purbaya mulai melemah APBN ikut menanggulangi whuus, berarti hanya omon omon, takut dengan omongan nya Jkw dan bosnya, mulai kelihatan sensasinya.;;;;
Rakyat miskin tak bisa menikmati wuus,;;;;
Tempo diserang judol.... nggak masalah yang penting kontennya bisa dinikmati penuh;;;;
Bang praga, mending balik ke putar balik aja, menurut gua pas aja kalo di bawa ama dia😅;;;;
Hutang dan pajak rakyat tetap yang ??;;;;
TimanG;;;;
Tempo dari zaman dulu tetap mantap... Semoga tetap sehat semua.. ❤❤❤;;;;
KMP keberatannya ttg invoice,yg tunjuk kerja agrinas yg tanggung jawab adm KMP.soal fisik pembangunan padat karya.pengurus KMP dianggap tdk siap;;;;
Biasa ini bisnis baru untuk di korup hati2 Himbara jgn teriak2 ga untung;;;;
Ya banyak muncul koperasi 2 baru bodong di desa;;;;
Komoditas yang dijual di Kopdes sudah  banyak di pasaran. Mubadzir..!;;;;
Ini proyek sama nih ga ada yg fkan bertanggung jawab jika gagal rakyat lagi yg menanggung hutangnya dgn bayar pajak lagi, ga jelas programnya apa? Rakyat ga tahu;;;;
Kredit koprasi desanya jgn diterapkan di papua.. Uang eg akan balik dijamin 100%;;;;
KMP yang baru lebih sulit mencari jenis bisnis yang mau dijalani daripada permodalannya. Realitanya Pupuk Indonesia dan Pertamina masih menutup diri terkait penyaluran pupuk subsidi dan Gas Elpiji;;;;
BUMDES, KOPDES 🤭;;;;
Yg subur bank EMOK;;;;
Parah ...;;;;
Tapi belum ada rakyat yg pinjem ke koprasi basa kasarnya belum cair ke rakyat;;;;
"Heran Bangsa ini setiap ada program pasti ujung""nya rugi dan rugi.....udh dech mendingan negara diam dan benahi didalam terutama para ASN yg mentalnya sangat korup";;;;
Sebuah proyek besar yang dikerjakan tanpa perencanaan yang matang dengan menggunakan uang rakyat yang sangat besar dimungkinkan akan terjadi penyalahgunaan uang rakyat. Contoh proyek lahan pertanian di kalimantan yang dikerjakan Prabowo (Kemenhan) tanpa ada hasil (Rakyat sampai nungging bayar pajak tapi pemimpin dengan mudah ambur duit).;;;;
Yg penting klau pidato berapi2 menjelaskan kesuksesan programnya,meskipun acak adut😂;;;;
Ngeri 😢.;;;;
Tolong pak Prabowo, banyak orang yang di tugaskan di koodes banyak orang yang tidak kompeten, kayaknya memang di Carikan orang orang bodoh oleh kepala desa dan BPD,;;;;
Kalau mendengarkan omon 2 nya indah tapi hasilnya belum tentu indah ya manusia yg ingin kaya instan k;;;;
"Boleh usul? Pas bilang ""baca di majalah tempo kasih Tau dong edisi yg mana""";;;;
salam saya utk mbak Ghoide dan mas Praga .. suka sm penjelasannya mereka ..;;;;
Koperasi mera puti hanja jadi tempat korupsi;;;;
Trauma kena benang layangan .. akhirnya aku jatuh;;;;
Yaa Allah lindungilah kami dari pejabat yg zholim kepada rakyatnya... mohon ridhoMu utk mendapatkan Pemimpin Indonesia yang amanah;;;;
Banjir air bah bos koruptor nya banyak;;;;
Monoton;;;;
"Bila sdm nya tidak dipersiapkan dengan baik,bisa2 nasibnya seperti KUD jaman dulu.
Tiorinya koperasi itu simple,prakteknya banyak yang gagal.
Semoga tidak terjadi buming korupsi dikoperasi merahputih.😈😆😇😈";;;;
Tidak menarik;;;;
Koperasi...yang sudah2 tidak berkembang..beban apbn...;;;;
aliran dana 200 triliun, di beberapa bank....udah mau habis dan ada yg minta tambah....tolong dijabarkan siapa saja penerimanya dan berapa persen umkm yg menerima..??? dan siapa atau badan usaha yang terbanyak menerima......???;;;;
"15:50 DIRUT AGRINAS bukannya kemaren RESIGN ya?
Gak jadi RESIGN kah ?";;;;
"Msh ingat supermarket ok oce 😂😂😂
Menghabiskan uang apbn dki tp hasilnya NOL besar tp ga ada pertanggungjwban 😂😂😂
Pemimpin bangsa ini Klu abisin anggaran paling pinter dgn study kelayakan ga jelas

MBG aja brantakan ,abisin bnyk duit tp siswa keracunan terus";;;;
Dana desa amburadul ditambah kopdes merah putih bahaya ni;;;;
"Kalau dikasih ke koperasi percuma 
Sudah menjadi rahasia umum kalau koperasi cuma alat untuk memperkaya diri bagi penngurus .Dimanapun banyak  koperasi yg hidup segan mati tak mau karena pengurus koperasi banyak yg menyalah gunakan koperasi untuk kepentingan pribadi kalau tak mau dikatakan korupsi";;;;
kopdes merah putih = KUD = Ketua Untung Duluan;;;;
Sepertinya masyarakat belum mendapatkan manfaat dari dana 200 t. Kredit masih tumbuh stagnan diangka 7.05%.;;;;
Jangan lewat koprasi desa kecenderungan koropsi disetaf  2 desalewat saja bang yg di percaya untuk redit  usaha rakyat langsung;;;;
Siapa saja yg bolih pinjam pak.krn saat ini rakyat bawah terjerat pinjol sampai banyak yg budir;;;;
Koperasi itu jd. Pribadi emang koperasi. Kan bangkrut dananya. Di tilep;;;;
Koprasi BLN scam;;;;
DV2... Ongkos 2029.;;;;
Bohong di Cirebon koperasi merah putih ngga modalin UMKM  malah di kuasai RW dan untuk memperkaya diri;;;;
kopdes crowding out bener sih, setuju wkwkkwk;;;;
Saya ingin pinjam KUR bisa tidak ya;;;;
Hemat saya, kopdes bisa ambil alih franchise alfamart atau indomaret yang ada di desanya (bagi yg ada) untuk langkah awal. Kemudian, setelah itu baru mengembangkan usaha lain sesuai dengan kebutuhan pasar di desa serta produk unggulan desa yang akan dijadikan fokus lanjutan pengembangan usaha kopdes.;;;;
Volumenya gedean lagi dooong ... ❤;;;;
"Tempo, coba bahas dana desa juga dong. Ini saya jadi KPMD, capek kena semprot sana sini soalnya para RT kesel 3 tahun berturut2 ga pernah turun dananya, sekalinya turun cuman 10jt aja itu pun tahun 2022 saja.
Realisasi nol bahkan random aja yg dapat RTnya.
Sama bagaimana pelaksana bankeuseus desa apakah bener dan bisakah kebut semalam pdhl tersisa 2 blm lagi untuk anggaran tahun 2025?


Semoga ini jadi bahan Tempo lagi ya, terserah deh mau di Jelasin Dong, BAP, Bicara Perkara, Cakap2, Omon2, dll.
Terima kasih, semoga Tempo makin jaya!


Ps. Coba yg Jelasin Dong buka super thanks, ini mau ngasih tapi ga bisa😅";;;;
Orang orang Pesimis...... Negatif / kotor ajah pikirannya.....coba berpikir positif;;;;
Semoga sehat mc dan kru jelasing dong;;;;
Semoga berhasil khusus untuk korupsi merah putih, karena pengalaman, koperasi itu hanya buat pengurus. Semoga juga koperasi merah putih ini tdk menjadi saingan bagi koperasi yang sdh ada.;;;;
Lumayan buat latihan korupsi kecil2an untuk wilayah desa;;;;
Tinggal tunggu saja ribuan kasus bakal bermunculan.. yg akhirnya triliunan bakal menguap...;;;;
"era jkw : whoosh adala keputusan berani. (proyek kosmetik)
era prabowo : kopdes, mbg adalah keputusan berani, (proyek rakyat) smoga";;;;
Ternyata gak lebih baik dari Mulyono.... sama saja sami mawon menghambur2kan uang rakyat .... PARAH!;;;;
Dari mandiri,PKS SDH ditanda tangani dgn koperasi;;;;
Blm ada yg cair ke koperasi;;;;
Dulu mah KUD….dari dulu gitu gutu aja…yg gemuk pengurus…mereka banyak yg ngga paham…kalo Yg maju biasanya KOPRASI SUSU…karena terbentuk dari bawah…;;;;
Bener sekali whoos bukan untuk kejar profit tp juga bukan untk mempercepat kebangkrutan negara;;;;
Wkwkwk sdh mulai ngalir cara bawainnya cuma coba lebih smooth lagi biar selevel sama BAP 😂;;;;
Desa di wajibkan utk mengalokasikan anggaran  DD sbesar 6% sbagai jaminan utang kopdes di bank😅😅;;;;
Semoga pengurusnya malaikat smua dan amanah.. dana desa aja banyak dikorupsi sekarang ini lg..;;;;
ok;;;;
Maaf koperasi Indonesia itu aneh kenapa dimodali pemerintah sejak orde Baru juga koperasi dimodali pemerintah ahirnya bangkrut dikorupsi pengurusnya harusnya koperasi dimodali oleh anggotanya Saya yakin koperasi diera Prabowo ini juga akhirnya akan tamat karena dikorupsi oleh pengurusnya terimakasih.;;;;
kcic perusahaan patungan asing dan bumn, apakah boleh di subsidi oleh APBN;;;;
200T gak ada gunanya tampa deregulasi perbankan, sebaiknya purbaya bicara dg OJK ketimbang omon-omon;;;;
Koperasinya aja masih pada tutup n fiktif dikasih dana segitu Gede tar paling juga macet tar ilang gitu aja duit kemana ngalir nya 😂😂😂;;;;
Gas;;;;
Banyak cerita perihal kdkmp berkaitan dg pembangunannya dan efek nantinya jika berdiri/ operasi;;;;
warung warung kecil akan mati, mustinya membuka 19 juta lapangan kerja bukan dzalim dengan mematikan warung warung kecil;;;;
"Bagi yg sering bertanya-tanya tentang kacaunya pengelolaan keuangan negara di era orde Baru 

Kurang lebihnya seperti ini 

Pun militer saat itu";;;;
Kejahatan masak pemerintah;;;;
BUMN yg ada aja yg sdh dikelola puluhan tahun masih byk yg rugi, eh malah bikin usaha baru yg ribet dan pritilan,  dibuat untung gede tuh semua BUMN baru sibuk buat usaha yg baru....trs bikin usaha kok gak mau berkompetisi,  ini kah cara menuju indonesia emas????;;;;
Pokoknya tidak dijalankan pakai todongan senjata, monggo dicoba;;;;
"Apakah mekanisme bisnis proses kmp diatur melalui agrinas?  
Jika ya, positioningnya seperti apa, bagaimana sistem pengelolaannya
Jika Alokasi anggaran apbn apakah sudah termasuk modal? Atau cuman hanya sarana dan prasarana saja";;;;
"Yg untung tetap aja pejabat tinggi dilingkaran pemerintah.
Yg buntung tetap aja rakyat kecil";;;;
sebenarnya ide program pemerintah itu bagus-bagus cuman yang salah itu semua program digarap sama pemerintah;;;;
Tujuan Baik HASIL Nya???????? Semoga Tidak Mengenaskan 🙏;;;;
Setelah Jokowi dan Prabowo lewat, Indonesia memerlukan Presiden yg super sakti, krn kerusakan yg ditimbulkan keduanya sgt parah.;;;;
Yg paling beruntung ialah yg mengurus.;;;;
"Teorinya.. gampang.. pelaksana nol
Yg trjadi didesa banyak masyarakat terjerat pinjaman online, koperasi harian, mngguan, itu tidak ada kontrol pemerintah. 
Pertanyaan; dari mana sumber dana dari pinjol, koperasi harian, mingguan, dll
Kami didesa tau itu, karena kebutuhan... 
Saya setuju koperasi itu dikontrol pemerintah..kami mndukung.

Jagan2 yg bicara belum pernah kedesa..";;;;
karyawan kdmp;;;;
Program gk mutu....gk da fungsinya .  ??;;;;
Kalo koperasi untung pengusaha kecil didesa akan buntung .;;;;
KUD merah putih paling top markotop punya KUD merah putih enak tenan;;;;
Maaf ya ibu2 seharusnya bersyukur ada koperasi merah putih ditempat kami KUD merah putih semoga bisa untung 5 triliun perbulan mantap;;;;
Saran,supaya koperasi merah putih bisa menerima BPKB sebagai jaminan pinjaman dengan bunga serendah rendahnya!😅;;;;
Yg untung pemerintah yg rugi rakyat kecil;;;;
Lah ngga jln sdh bnyk orang jualan. Tmbh di korupsi.;;;;
Semoga pembentukan koperasi Merah Putih gagal karena koperasi Merah Putih hanya menguntungkan para pengurus, pejabat nakal dan para peminjam nakal.;;;;
Terima kasih sharingnya;;;;
RAKYAT MULAI DI BODOH BODOHI  MBG & POKDES MP MELANGGAR KONSTITUSI;;;;
Seribu persen akan gagal!!;;;;
Kopdes merah putih,lahir dari ratas istana( negara) ke rakyat di desa2,pada hal umumnya koperasi yg berjalan selama ini dari anggota ke anggota.;;;;
Semoga cepat bangkrut;;;;
Kopdes itu progam gagal seperti mbg  , semua itu hanya proyek .;;;;
Koprasi untuk sarang korop lihat nanti pasti buat sarang korop 😂😂😂😂;;;;
Pemetintah pusat dah ngasih jalan....tinghal kru desa mampu mengolola ngakkk?????kok selalu presiden yg salah..;;;;
Kalo KDMP rugi dan gak bisa bayar hutang ke Bank,apa pengurus dan anggota koperasinya hrs ikut menanggung beban hutang tsb?;;;;
Polanya persis jaman orba;;;;
Wis to rakyat ramaoi2 ga mau beli di komdes;;;;
Yang untung Trah Prabowo;;;;
negara mau berebut sama umkm kecil di masarakat ya tunggu saja tanggal mainya;;;;
Setiap presiden punya peninggalan ya sby dgn hambalangnya Jokowi dgn ikannya Prabowo MBG dan merah putihnya;;;;
Ini Bukan Koperasi, Tapi BUMN DESA, Kalau Koperasi  pENGURUS dan PENGAWAS serta Miniger DIPILIH OLEH ANGGOTA KOPERASI, dan Honor BERDASAR SISA HASIL USAHA, atau SHU,;;;;
KDMP Proyek hamburin Uang,,, Tidak efektif ...;;;;
Besok itu yg jadi angggotakomdes dipaksa neli dikopitutermasuk warganya ad paksaan beli kop;;;;
Dalam.perkopersian.jangan asal.bentuk harus ada perencanaan matang dahulu dan ingat ya sepanjang masih.banyak warga yang belum mempunyai pekerjsan yang nysta dengan penghasilan yang layak berkoperasi banyak bermasalah contoh tentang.jenis usaha simpan pinjam biasanya akan terjadi pinjaman macet dikarenakan rata2 kurang mampu menyerap produk anggota.utamanya pertanian oleh karena itu perancanaan matang sesuai dengan potensi masing2 desa yang satu dengan lainya tidak sama jadi jalan keluar sebelumnya adalah tersedianya lapangan kerja dengan upah yang yang layak maka para anggotanakan mampu memberi kontribusi majunya koperasi dengan mereka memanfaafkan koperasi demi kemajuan.usahanya artinya antara koperasi dengan para anggota bisa terjadi pola usaha TAKE AND GIVE saling berkontribusi memberi dan menerima dengan WIN2.SOLUTION saling memperoleh keberhasilan keuntungan manfaat dsn timbul saling.memiliki dengan adanya koperasi ingat jangan sebatas slogan karena bisa hsngat2 tahi ayam pahamilah pikirkanlah semoga wasalam !!!;;;;
Beruntung banget pernah praktik bikin koperasi selama satu rahun zaman SMP. Guru ekonomi mengajarkan praktik langsung gimana koperasi bekerja. Kalau anggotanya gak aktif, yasudah wasalam. Kalau yang aktif itu2 aja anggotanya, dia doang yang untung. Yang gak paham, bisa ngerasa gak adil. Apa lagi di sesa,  pasti beda-beda persepsi.;;;;
Bisa pake tanah pemerentah... alias malak tanah atau ubah tanah hijau jdi bangunan sesuai kepentingan;;;;
APBN di kuras habis hingga  sampai ke akar - akar  😢;;;;
🎉mendirikan koperasi gampang yg sulit itu xsaat pengelola main hakim sendiri dg berjemaah saya pesimis koperasi bisa tahan 10 th Krn pengawasannya dan pelaporannya ya begitu;;;;
Oposisi semua ini kah ?? wkwkwk;;;;
"Mei 2025 pembentukan dan aku kepilih jadi sekretaris hihiihh
trus Agustus 2025 diajak suamiku pindah ke kota.. jadi aku bisa mengundurkan diri... 😊";;;;
kocakkk masiih nanya spa yg untung minnn???apa prlu dijawb?? 🥱🥱😂😂😂;;;;
Rakyat bakal tidak dapat bergerak mencari rejeki, gurita KDMP dan BUMDES mematikan mata pencaharian rakyat desa;;;;
Media  subsidi soroz;;;;
saya sepakat, cuma sistemnya perlu diperbaiki dan dipastikan bermanfaat..;;;;
"AKAR persoalan di Konoha adalah masalah INTEGRITAS.

NO  *INTEGRITY*
--> NO  T R U S T
     --> NO  FUTURE
          --> EXTINCTION?

-- j u j u r --";;;;
Tahun kemarin saya ditunjuk oleh kepala desa dijadikan ketua KOPDES melalui MUSDES, saya tidak terafiliasi oleh parpol manapun dan kepala desa saya memang menunjuk saya murni karna saya aktif didesa. Namun, selang beberapa minggu saya mencari cari artikel melalui beberapa sumber. Saya memutuskan untuk mundur ... Saya kurang kompeten dibidang ekonomi, dan ada beberapa faktor lainnya ... Faktor lain nya ndak perlu saya jelaskan. BAHAYA;;;;
Semoga stagnan supaya gedungnya dimanfaatkan jadi gedung olahraga;;;;
"Tapi tengkulak tengkulak bergentayangan
Tapi lintah darat pun bergentayangan
Untuk apa punya pemerintah
Kalau hidup terus terusan susah
Di lumbung kita menabung
Datang paceklik kita tak bingung
Masa panen masa berpesta
Itulah harapan kita semua
Desa harus jadi kekuatan ekonomi
Agar warganya tak hijrah ke kota
Sepinya desa adalah modal utama
Untuk bekerja dan mengembangkan diri
Desa harus jadi kekuatan ekonomi";;;;
"Desa adalah kenyataan
Kota adalah pertumbuhan
Desa dan kota tak terpisahkan
Tapi desa harus diutamakan
Di lumbung kita menabung
Datang paceklik kita tak bingung
Masa panen masa berpesta
Itulah harapan kita semua";;;;
"Desa harus jadi kekuatan ekonomi
Agar warganya tak hijrah ke kota
Sepinya desa adalah modal utama
Untuk bekerja dan mengembangkan diri
Walau lahan sudah menjadi milik kota
Bukan berarti desa lemah tak berdaya
Desa adalah kekuatan sejati
Negara harus berpihak pada para petani
Entah bagaimana caranya
Desalah masa depan kita
Keyakinan ini datang begitu saja
Karena aku tak mau celaka";;;;
"Program Koperasi Merah Putih yang digagas pemerintahan Prabowo-Gibran punya misi besar: menekan inflasi, menurunkan kemiskinan, dan menghapus peran tengkulak. Dengan anggaran jumbo Rp500 triliun, koperasi ini digadang-gadang jadi tulang punggung ekonomi kerakyatan Indonesia.

Tapi... apakah program ini bakal sukses seperti koperasi Italia, yang kontribusinya sampai 30% ke PDB negaranya? Atau justru gagal seperti koperasi Venezuela era Hugo Chávez?";;;;
KOPERASI = SISTIM EKONOMI TERBAIK ❤❤.;;;;
"Ini cirikas oknom sok hebat apa yg diprogramkan presiden salah, pd blm di jalankan sfh komen yg blm ada bukti, hanya omongan bayangan , akan gagal ,dst. Ini ciri oknom sok pinter ,bukti jalan tol di babgin ,vanyak oknom yg komen, ipi rakyat suruh makan jkn tok, setelah jadi ternyata besar manfaatnya, dst  jgn di tanggapi seriun yg diberi waktu komenta, program oresiden ttp di jalankan, krn program presiden, :
PEMBERANTASAN KOPEASI
MENCIPTAKAN PANGAN BERAS, MENGAMVIL HSL BUMI KENEFARA, ERNEGY, AIR, MBF,KOMDES,UNDUSTRI, PENYITAAN ASET HSL KOROPSI, DAN PENGAMBILAN LAHAN TANAH YG DI KUASAI UNTANSI TERTENTU ,YG TDK SYAH KRMBALI KE NEGARA utk rakyat, jadi program baru di runtus bkm verjalan sdh banyak yg komen, i ikarajter oknom rakyat NKRI bila sdh berhadil baru diam tapi cari cara utk menggal galkan. Itu oknom yg sdh menikmati hsl koprasi yg di keloka tapi di kalahkan oleh KOMDES, termasuk kuntah darat ,kprasi swasta,vahkan bank bank dlk.akan mati krn di kuasai KIMDES, 
Kondes hslnya utk eakyat merata,
Bank, koprasi swastmta, litah darat dlk itu hslnya uktuk prubadi yg mendirikan .
Maka dana da. Di potong, dana gaji DPR MOR, ONA TNI PILRI DI PITONG DANA OPRASIONALNYA KRN BYK YG BOCOR. DAN DARI SEMUA PROGEAM PRESISEN KEJAYASN DI GUNSKSN UTK DEVISA NEGARA DAN DI SALURKAN KE RAKYAT TAPI DI JELOLA YG BENAR TDK ADA LAGI DIKOROPSI, OKNOM YG SDH MENIJMATI HSL KOROPSI,DI GANGGU, MAKA SAKIT HATINYA TRUS MUSUHI NEGARA, DEMO DLK, SEPERTI YG SFH TERJADI SAST INI, TAPI NEGARA TDK BOLEH KALAH DGN OKNOM YG MELAWAN BEGARA, TTP DI BRABTAS TUNTAS SD 7  KETURUNANYA SMG DI MUDAHKAN ALKOH AAMIIN.";;;;
Komdes ini bagi 2 Proyek.Polri .tapi sayangproyek Gedungnya ga ada plang biaya bangunanya;;;;
Loo jual serba mahal .pinjam bunga tinggi . Blm jatuh tempo di upret upret 🫣 sopo sing Sg Moro nek ora kpepet hhhj;;;;
Dah ada contahnyasetelah ad mbg ,penjual makanan kecil dilingkungan sekolah  banyak yng mengeluh hasilnya turun drastis;;;;
Klu koperasi merah putih sudah beroperasi  dampakya sangat merugikan warung warung sembako yang dilingkungan masyarakat,;;;;
BUMDES terbukti gagal;;;;
Cacat Konstitusi Pemilu Awal yang Buruk, politik Palsu.;;;;
Ini omong kosong;;;;
Bener2  penguasa bukan  presiden pemimpin rakyat...karna program2nya menyusahkan rakyat...program asal2an.....jangan2 percepatan indo bubar...miris..tnpa sdm tanpa pengkajian;;;;
"Koperadi Merah putih irasional .ini 11 ~ 12 dg BGH MBG.  
Ingat belajar dari KUD.";;;;
Prosentase ketidakberhasilan  tinggi ..;;;;
Usaha yg di kelola pemerintah banyak yg rugi conto PLN DAN PERTAMINA.;;;;
Pejabat yg untung rakyat yg buntung.;;;;
Kapitalis akan berkuasa lagi...pak Prabowo ditunggangi Oligarki..yg meraup keuntungan besar dari proyek KMP ini..;;;;
Berjalan apa tidak koperasi merah putih kalau di kota buat apa mobil dobel gardan didesa boleh tidak semua butuh mobil dobel gardan kalau cuma koperasi merah putih seperti Indomaret Alfamart minimarket tidak butuh mobil sy jamin kalau model sekarang yg sudah ada sy jamin gak jalan bukan 100 persen 1000 persen gak jalan soalnya tidak ada penyuluhan ke desa atau kelurahan apa yang dihasilkan dari desa yg bisa di kelolah koperasi;;;;
YANG ONTONG KETUA & PENGURUS /PEGAWAINYA,INGAT ORDE LALU ADA KUD KOPERASI UNIT DESA.....TANPA KABAR BUYAR;;;;
Waduh bu koprasi merah putih sudah berjalan kok ini baru komentar dulu dulu ke mana Bu, sudah lah Bu , ibu diam saja gak usah cerewet,;;;;
Dari dana  pembikinan gedung nya aja sdh gak masuk akal,1,6M gedungnya cuma seperti itu.....????!!!!!!!;;;;
Program yg hsrus di setop karna akan jadi tempat korupsi uang negara;;;;
LUMBUNG PANGAN INDONESIA SEJAHTERA AAMIIN;;;;
Program ini sangat baik untuk ekonomi rakyat jika dijalankan dengan benar tanpa kong kalikong;;;;
Pasti macet pengurus saja di angkat yg korup kios2 akan mati ahirnja semua mati;;;;
Ini program tidak membelah rakyat dari awal aja sudah kelihatan membeli mobil dari luar negeri India kata Derektur Agrinas harga murah tapi tidak ada manfaatnya buat rakyat uang hilang ke India kalau beli mobil dalam negeri kata Derektur Agrinas mahal tapi manfaatnya banyak sekali produksen mobil dalam negeri dan pabrik sperpat mobil dalam negeri menyerap tenaga kerja banyak sekali dan uang mutar dalam negeri itu untungnya manfaat buat rakyat itu kalau orang pintar;;;;
Negara punya toko sembako toko kelontong .punya kandang ayam kandang sapi .negara macam apa ini;;;;
Sebetulnya jgn menamakan koperasi krn bertentangan dh Ad/Rt koperasi yg murni,;;;;
Hancur2 bangkrut negara ini, akal2an aja buat ngabisin duit rakyat.;;;;
Belum apa apa sudah pesimis, tunggu pelaksanaannya;;;;
Ga bakalan ada yg. Beli ujung2nya bangkrut.;;;;
Duplikasi dgn yg sudah ada d desa... Spt KUD, Bumdes atau usaha bersama milik warga desa..;;;;
Solusinya sinergi antara KDMP dan MBG sebagai bisnis utamanya dengan tata kelolanya diserahkan seluruhnya kepada Desa sebagai Investasi Pemerintah yang berkelanjutan.🙏;;;;
Sebenarnya bagus  dengan adanya kop merah putih .terkait tengkulak...nantinya kalau membeli hasil bumi agar bekerja sama dengan kop tersebut..;;;;
Program KORUP berjibunnn😂😂😂;;;;
"Sepanjang pengetahuan saya,tak pernah yg namanya koperasi berjalan baik di Indonesia ini sejak orde baru.Semua koperasi gagal .Saya pesimis koperasi merah putih bisa berjalan apalagi namanya berhasil.
PROGRAM yg SDH gagal sebelum berjalan.";;;;
Tidak usahlah dipertanyakan siapa yang untung pasti sudah diatur-atur sebelum dilakukan, sebagai contohnya MBG yang pelaksanaannya juga itu orangnya dari pihak pemerintah itu juga!, persyaratan ormas itu hanya sekedar basa-basi, sebagaimana pengakuan Ahok itu banyak dapur MBG yang tidak jelas keberadaannya, tinggal dipanggil saja itu Basuki Tjahaja purnama yang pernah ditawarkan jadi pelaksana MBG?, terimakasih wassalam;;;;
Apa gak pernah nonton bola,,, RI 1...di situ ada istilah BLUNDER...gak tau apa artinya blunder.... koperasi merah putih...itu langkah politik..go to 2029 .udah ke baca....pak Dhe...😊;;;;
Masyarakat yang mana yg dibantu....bukanya tikus2 yg dibantu;;;;
Lebih baik Pemerintah menciptakan banyak pengusaha- pengusaha kecil seperti era awal- awal Orde Baru. Karena Koperasi sudah tidak relevan lagi dijaman modern sekarang ini.;;;;
Jika masyarakat merasa tidak memiliki dan memerlukannya akan Kopdes bisa dipastikan tidak akan berjalan .;;;;
Koprasi merah putih 99% pasti bangkrut Krn modalnya dari hasil hutang, jadi kepala desa bukan untuk dagang, melayani masyarakat dan rakyat desa.;;;;
Sudah pak Prabowo bikin program, program BPK TDK ada yg baik sdh masyarakat sdah muak, lebih baik bapa mengundurkan diri saja;;;;
Program Prabowo gagal total, dana MBG lebih baik diarahkan kesaran jln yg sudah banyak yg rusak, anggaran koperasi merah putih lebih baik untuk anggaran pendidikan😂😂😂❤❤;;;;
Koperasi dikantor saya bisa berjalan karena simpanan wajib dipotong lansung dari gaji. Pengurusnya dikursuskan dan sertifikasi semua. Lha ini kopersi desa? 😂😂😂;;;;
Program korupsi bancaan;;;;
Sudah sangat terang di fepan mata. Yang untung Prabowo dan Keluarga besarya termasuk kroni2 dan kroco2 di sekitarnya. Dengan fokus memenangkan prabowo di 2029. Sementara rakyat/bangsa ini akan buntung dan kecele.;;;;
Masi ingat petani cengkeh ? Yg dikuasai koperasi  jangan seperi itu, dimonopoli harga petani;;;;
Semua ygdi progamkan rasanya malah menjadikan rakyat kecil di gencet ,apakah akan sampai 5thn kalau seperti ini ,ah nanti Tuhan yg akan turun tangan 😢😢;;;;
Ini program KDMP Ngga bener... Masa koperasi DIPAKSA..?  Desa Dikorbankan... Negara apa ini Komunis..? Kerajaan..?? Dimana Titah Penguasa tidak bisa ditolak..? Bisa jadi Kenyataan Perlahan dan Pasti Prabowo akan Menghancurkan Indonesia di 2030;;;;
diaudit scara berkala;;;;
KPK harus ke terjun ke desa2 sbg pengawasan;;;;
sebaik apapaun progrma nya kalo penyakit koruptor tidak di dibersihkan hasilnya bakal runyam;;;;
10 BULAN LALU KOPRASI MERAH PUTIH SIAPA UNTUNGKAN????;;;;
Koperasi merah putih tdk perlu cuman jadi biarkan dan ah desah ajah rakyat tdk adah berdampak lasung ajah pemerintah yg bangun DESA biar orang DESA merasa makan cuman gaji;;;;
"Program kok asal2an 
Gak mau tahu apa itu salah atw salah tetep hrs jalan penting biayanya keluar. (Habis)";;;;
Rakyat tidak butuh MBG dan koperasi merah putih rakyat butuh lapangan kerja program Prabowo aneh2 ... Buang2 anggaran negara ...;;;;
Pemerintah Prabowo meniru2 gaya2 Jokowi pantasan menuai kritikan   dari rakyat Aneh2 aja koperasi yang ada aja sudah tidak jalan di tambah lagi koperasi merah putih tambah amburadul tanpa pemikiran yang matang...;;;;
Mestinya satu kecamatan satu untuk percobaan;;;;
"Ada kemungkinan besar bangkrut 
Ini adalah proyek bagi bagi kue gerombolan Prabowo 
Seperti proyek MBG 
Siapa yg menanggung hutang masyarakat juga kan";;;;
Yang untung ya pendiri,pemilik yang buntung 100 persen rakyat;;;;
Biasanya koprasi klo di dasari  kepentingan politik gak bertahan lama.. karena koperasi itu harus kesadaran sendiri berkumpul untuk membentuk koperasi;;;;
Ada isu...bangun fisik kopmerah putih lebih satu milyar..tapi sisub kontrakkan sembilan ratusjutaan...lebihnya dipungut TNI di daerah...menyedihkan;;;;
Saya berpengalaman puluhan tahun di koperasi bakal mati suri klu top down;;;;
"Koprasi hangat"" Taek ayam pertama antusias pada waktunya zoonk.buang"" uang.";;;;
Pemerintahan rampok;;;;
Semua program ko.sepertinya dipaksakan,baik kopdes merah putih sampai mbg,ingat sesuatu yg dipaksakan hasilnya tidak baik;;;;
Biar rami di desa .ada kegiatan baik di setiap desa.itu sipatnya membuat desa maju ekonomi nya;;;;
Bikin negara kita tercinta ini mau maju dan makmur dari  sisi mana saja yang di buat misal kopdes baik sekali.karena di dalam kopdes ada aturan nya.;;;;
"KOPERASI MODEL APAPUN MASYARAKAT YG PINJAM JUGA GAK SPORTIF MBAYARNYA SULIT PETUGAS KOPERASI NAGIHNYA JUGA GAK TEGAS 
SEHINGGA MUNCUL PARADIGMA BANCAKKAN RAME RAME 
😢😢😢😢😢";;;;
LALU SEKARAN INDO MART ALFA MART ITU SUDAH MEMBUNUH UKM KOK;;;;
Koperasi ini malah bkin warung warung kecil kalah;;;;
Eksekutif;;;;
Setuju faripada pinjam sama bank emok dan lintah darat bunganya besar sekali;;;;
Program si wowo memang sudah terang benderang merupakan proyek pengamanan kekuasaan die...hanya orang2 yg mau menggunakan akal nya yg tahu, proyek wowo ini lebih cenderung utk die tetap berkuasa hingga 2 periode...kalo perlu seumur hidup...😢;;;;
Koperasi merah putih  sungguh tak jelas gelap  supaya duit rakyat susah di antisipasi tak jelas keberadaannya  omon2;;;;
Klu bener untuk kopradi rakyat..jgn membuka usaha yg sm dengan rakyt yg sdh jln..lbh ke alat pertanian terutam pupuk murah..kususnya;;;;
Bumdes aja gak jln, apalagi koperasi bro !!!;;;;
Semua toko toko yg ada didesa harus ambil barang dari KUD merah putih kalau tidak mau harus tutup saja;;;;
Nanti kalau ingin maju KUD merah putih semua toko toko yg ada didesa harus bayar pajak sama KUD merah putih;;;;
Koprasi KUD merah putih sangat membantu sekali bagi rakyat kecil yang ada di desa kami;;;;
Betul Rakyat kecil sangat beruntung sekali adanya KUD merah putih didesa kami ini ada semua kebutuhan rakyat kecil;;;;
"Hati2 ekonomi Londho ,apus apus.
Para pejuang banyak yang diapusi Londho ireng.
Pajak cara belanda golek untalan ojo ditiru.
Riba,pajak cara belanda,,dholim.
Ingat sabda nabi;.
TIDAK MASUK SURGA PENARIK PAJAK.";;;;
Niat baik pemerintah membuat koperasi merah putih ...Luaar biasa ,tetapi sebelum melangkah  lebih lanjut ada  selama ini kegiatan Bumdes di desa saran  agar di evaluasi ..apakah kemampuan masyarakat ad utk menjanlankan Koperasi,dengan Baik;;;;
Saya pesimis..akan maju..justru akan mangkrak..karena bukan tumbuh dari anggota...dan para pemilik warung pasti akan bergejolak apabila harga barang di koperasi lebih murah;;;;
Tak kira  dulu buat gor bulutangkis masal;;;;
TEMPO bin TEMPEK;;;;
Didaeraku tidak berjalan BUMDES GAPOKTAN dll.;;;;
Maaf kepada ketum kopdes merah putih pusat kami hanya bertanta sampai hari ini suda masuk thn 2026 di daera kami BOLAANG-MONGONDOW selatan prof: SULUT belum ada realisasi pelaksanaan. Salam indonesia suka maju.;;;;
Boleh boleh saja koperasi dipoles saja karena koperasi sudah hip mememang mudah mudahan berhasil karena hidup dari rakyat dipantau oleh pemerintah;;;;
Semua berpulang pada mentalitas masyarakat kita mentalnya bobrok ya cepat ombrok koprasi itu.;;;;
Koperasi akan tergoroti/digoroti ole pengurusnya;;;;
Percayalah koperasi merah putih di paksakan di desa desa oleh pemerintah pusat akan KO....minimal layu sebelum di tanam.;;;;
Kaya giant dan matahari lama2😅,,,,saingan warung madura niiii;;;;
Punya modal tapi kenapa KMP selalu mencari tanah hibah sampai tanah sekolah pun dilirik utk bangunan KMP;;;;
Toko sembakonya jadi saingan warung madura;;;;
Belum apa Mentri desa sudah mewajibkan alokas.dana 20 % ke desa rat pun belum;;;;
kaya program julid 😅;;;;
Kita sudah dibuat sangsara sama pemimpin.sudah tidak mau mendengarkan suara rakyat.kita rakyat kecil sudah tidak dianggap.padahal kalau bukan kita2 memilih Prabowo gak mungkin jadi presiden;;;;
Betul...saran agar tidak membunuh retail kecil.. maka harus bergerak di bidang grosir...bukan harga konsumen..;;;;
Musyawarah hnya bersifat formalitas sj jd prosesnya buru² mengikuti tuntutan dr pusat. Sdh ketebak program ini utk siapa,,, 🤮;;;;
"Maaf,kalau menurut saya , PROGRAM - PROGRAM PEMERINTAH saat ini MENGATASNAMAKAN DEMI RAKYAT. , tapi justru MEMBUNUH RAKYAT ..
Seperti MBG , siapa yang untung ? 
Kopdes Merah Putih , siapa yang untung dan rugi ?
Yang jelas yang untung adalah PENGELOLA dan yang rugi adalah USAHA KECIL RAKYAT .
Apalagi koperasi dibebankan ke Dana Desa , berarti mengganggu pembangunan dan operasi  desa ( padahal dulu kampanyenya Dana Desa akan dinaikan 5 M / desa , e.... Sekarang malah dikurangi.
Yeach., mari kita tunggu apa yang akan terjadi di negri ini.
Bila memang pemerintah ini dengan program2nya  adalah baik bagi rakyat , semoga Allah memberkahi.
Namun bila akan menghancurkan kehidupan rakyat , semoga Allah segera menghancurkan dan diganti yang lebih baik.
Aamiin yaa robbal aalamiin";;;;
Kalau di kelola dengan baik dan profisinal koperasi merah putih sudah pasti rakya.yg di untukan.maka tengkulak2 akan menjerit.;;;;
koprasi merah putih ini akan menambah ajang korupsi baru ,dan hanya bermanfaat untuk keluarganya aja nanti akan sama seperti bansos bansos yg sda ada;;;;
koprasi merah putih itu gak perlu untuk Lampung mending buat pabrik singkong biar bisa menjadi saingan pabrik swasta yg saat ini sangat merugikan masyarakat ,;;;;
Sampai sekarang regulasi nya masih tumpang tindih dan terus berubah-ubah;;;;
Bukannya menambah ladang korupsi berbau sembako murah...;;;;
Ini bagus kok kdmp.asal bisa mengelola nya aja. Kami siap dg sistem keamanan yg ketat. Program kerja. Target dan marketingnya. Cuma sayang . Buat ngerjain konsep itu blm ada insentive buat kami.krn buat garap itu butuh waktu;;;;
Betul ini bisa membunuh usaha umkm setempat,kecuali didesa setempat ga ada umkm,atau warung warung kelontong kecil,ada yang diuntungkan,ada juga yang sangat dirugikan,terutama para umkm warung sembako didesa setempat,harusnya dikaji ulang,kalo didesanya udah banyak yang buka warung sembako,ya harusnya ga usah ada koperasi merah lutuh,sama aja mau membunuh umkm di desadesa,;;;;
Namanya koperasi merah putih  jangan campur adukkan dengan lain lain nanti kacau balau.;;;;
Warga desa kena prank, cuma omon2 doang, pelaksanaan pendirian kdmp sulit dan mustahil bisa terlaksana krn modal awal dari uang pangkal dan iuran anggota warga desa tsb, apa mereka percaya begitu saja dimintai duluan uang utk mendirikan koperasi, mana yakin warga masuk jadi anggota, krn kooerasu2 yg pernah ada saja pada bubar, berantakan;;;;
Orang berharap dengan gebyar Koperasi Merah Putih pada umumnya masyarakat berniat untuk meminjam uang, informasi dari koperasi seperti ini : Untuk pengajuan KUKM dan simpan pinjam harus menjadi anggota dulu minimal 1 tahun.. sesuai anjuran pemerintah pusat.. Dengan kata lain jika anggota belum 1 tahun, maka kredit tidak akan di ACC, yang tadinya pinjaman akan beralih ke koperasi ahirnya pada balik lagi ke Bank Emok, kebutuhan masyarakat hari ini atau esok, bukan TAHUN DEPAN;;;;
"Maaf kritik utk PROGRAM pemerintah :
1. Koperasi Desa Merah Putih berpotensi bisa membunuh toko kelontong/toko sembako disekitarnya. Bukan memajukan umkm tapi merontokan

2. Program MBG, 
Yang terkena dampak langsung pedagang kantin, pedagang umkm kecil keliling, harga sembakk jadi naik misal telur dan ayam jadi memberatkan warga malah pada umumnya

Program pemerintah dengan dana besar ini dinilai TIDAK BAGUS DAN TIDAK TEPAT SASARAN, 
Mengingat yang kita butuhkan sekarang ini adalah MEMBERI PEKERJAAN DAN PEMASUKAN PADA WARGA/MENAIKAN DAYA BELI KONSUMEN bukan menyaingi pedagang kecil, menaikan daya beli konsumen bisa dengan program padat karya menyerap tenaga kerja banyak membangun infrastruktur irigasi sawah, jalan, jembatan, bendungan, dll yang nantinya ada manfaat ekonomi petani, pedagang, nelayan dll";;;;
Jangan jadikan Ketua Koperasi orang yang pernah gagal jadi pengusaha (bangkrut terus), mimpin usaha perorangan saja tidak bisa apalagi harus memimpin pengurus dengan banyak kepentingan;;;;
baru kemaren, syok aja, waG kampung , terdapat koperasi merah putih, meyediakan bahan pokok, murah, jam buka 08-12.  Serius, lu mau dagang cari cuan, jam buka seuprit.. semakin menguatkan bahwa yang penting buka, anggaran turun. bagi bagi....;;;;
kalao urusan rskyat yg dibawa kok muter2 tapi kalao pejanat 2 kok lancar dan cepat .;;;;
"jika bpr dan bri saja banyak yg kena risiko kredit macet, bagaimana koperasi bisa lebih baik dlm pengawasan risiko dan syarat  pelepasan kredit daripada bank  ? mengerikan ini.rawan korupsi/pelepasan kredit asal/kredit macet.apalagi 200 T
gila juga para pejabat hari ini masih saja hanya mengerikan soal ide cara mengerogoti duit negara,bukannya fokus menyelamatkan negara dan memperkuat keuangan negara dgn cara yg bijak dan adil.
dari himbaran ke kopdes jelas salah besar.sharusnya utk stimulus ekonomi dgn turunkan pajak dan narik kepercayaan investor dan bantu industri lama dan baru dgn berantas segala hambatan ekonomi.";;;;
password salah;;;;
"Selembar uang alat- negara berputar 20- 25 kali pindah tangan sebagai alat- tukar manfaat, barang, jasa& cicilan humanis fungsi musim-😅 mongso/ lintang- wuku, dhino- pasaran/ 'time- schedule', wethon- horoskop( karakter- emosi ), dan RTRWilayah cs Detail pada sistem aritmathika lakuPandai@ per bank- koperasi- pos- an dalam pembangunan Adab Komunikasi Halal Sosial Budaya Ekonomi, Hukum& Politik/ Geo-( baca: ""Negara Pancasila Jalan Kemaslahatan Berbangsa""- LP3ES, UUD '45 psl. 31- 34, ZEE- zona exclusive economy; ELSI- ethics legalcy social impact ).";;;;
Nyimak;;;;
sarangnya koropsi  dan menguntungkan aparat desa;;;;
"Untuk koprasi mera puti jika ingin sukses, bpk presiden harus membuka ruang kusus untuk rakyat
agar rakyat punya kewenangan melapor ke pihat"" hukum agar rakyat juga bisa mewujutkan program bpk presiden agar bisa sukses.";;;;
Pesta.. pesta.. pesta...;;;;
Masyarakat desa saya ,yakin tidak mengetahui apa itu koprasi,yg di cita²kan dahulu, ya paling tau pinjaman uang bayar harian, berikut bunga, alias bank keliling😂,,;;;;
Top down itu belum tentu jelek;;;;
Ini di sambut baik oleh warga +62 ... Indonesia sudah biasa memberikan Bantuan Langsung Tunai, mereka bahagia sekali ... bisa di manfaatkan harapan nya tanpa harus kembali, itu yang pertama. Selanjutnya, kalau budidaya koruptor masih di pertahankan, ini juga punya image positif bagi calon koruptor receh.  Yang triliunan hanya hitungan tahun ... ya kalau di bawah 5 milya, rasanya ya hitungan bulan lah ... asyik. Selamat bahagia para calon koruptor receh anda pasti dapat cuan fresh ...;;;;
plis pembahasan ya koperasi, jangan masuk ke pembahasan yang lain. apakah ada hubungannya antara mbg dan koperasi? tapi dari semua pembahasan saya sangat setuju, intinya kita harus meng-kritisi dan pengawasan yang konsisten. terima kasih tempo.;;;;
"Klau Zulkifl Hasan udah tau aja kemana diarahhkan nanti salah satu BUMN nanti kwkkwkwkwkw.

Tetap ada pembisik dari luar kepemerintahan dari pihak swasta yg win win dengan Parpol";;;;
"sedangkan Bank saja yg orang orang terdidik dalam Ekonomi masih sussah dalam mengelola rasio rasio yg ada, apalagi diserahkan ke Warga yg belum tau kreditibilitasnya tentang ilmu perbankan karena Koperasi itu hampirsama seperti bank operationalnya terutama Simpan Pinjam, dan harus banyak indikator analisa dalam emnjalankan bisnis, dan saya optimis akan banyak terjadi NPL (kredit macet) kwkwkwkw

ILMU KATAK LOMPAT";;;;
Untuk kabar sementara ini cukup memberi semangat sih ,,bagi pelaku usaha yang mau berkembang,,tapi menjalankan simpan pinjam resiko cukup besar kalo ga,ada pengalaman,dalam usaha yang di jalani.;;;;
Kami bersama rekan di desa sudah 25 tahun mengelola koperasi , sekarang menginjak tahun yang ke memberikan pinjaman tanpa bunga ke anggota , unit usaha menjual sembako  , modal dari anggota bukan dari pemerintah;;;;
Sebaiknya koperasi merah putih berbasis koperasi syariah;;;;
Ga perlu pakai koperasi merah putih, sebenarnya masyarakat desa kalau pandai manajemen bisnis pasti maju tuh UMKM desa, selama ini udah banyak UMKM desa yang udah sukses bahkan produknya disukai di negeri luar, intinya koperasi merah putih ibarat swasembada jaman orde baru yang untung tengkulak atau mafianya sementara buruh tani atau warga desa yang punya usaha kecil bakal merugi;;;;
Amburadulnya KMP menkop (budi A) peratiran2 perkoperasian tdk boleh menghalang keinginannya. Peraturan2 hrs mengikutinya. (Menteri gila) tinggal presiden menilai ucapn nudi Ari;;;;
Koperasi mp jangan sampai mematikan usaha rakyat kecil juga seperti warung kebutuhan sehari hari milik warga;;;;
Amerika Serikat dan antek2 nya yg sok nasionalis sedang memeras rakyat;;;;
"Klo macet Bayar.....rugi....siapa yg dirugikan..klo dari APBN.....waduhhh.....pajak diseretin lagi..dannutang negara tambah banyak ...piyeee......ngeriii...
🥴🥴";;;;
YG HARUS D AGENDAKAN,, BAGAIMANA RAKYAT PNYA PENGHASILAN,, YG SUDAH BERPENGHASILAN BAGAIMANA BSA MENINGKAT PENGHASILANYA,, BARU NGUMUNG KOPRASI, SIMPAN PINJAM,, KALAU RAKYAT TIDAK BERPENGHASILAN BUKANKAH NGANGGUR, KOPRASINYA,, YG LAKU PALING PINJAMANYA UNTUK MENUTUP KEBUTUHAN SEHARI HARI,, AKIRNYA MACET BAYARNYA;;;;
Namanya sesuatu seperti dipaksakan pasti hasilnya kurang baik. Org berlomba lomba buat koperasi krn melihat ada uang takutnya disalahgunakan. Jadi seperti pemberian kredit kepada petani secara besar2an dan hasilnya hampir gagal semua dan yang tidak dikembalikan. Akhirnya banyak org yg masuk bui. 😂😂😂;;;;
Ini bakal bangkrut secepatnya ..kurang yakin ...;;;;
Kalau jenis usaha koprasi itu dari atas ini opini sesat..... Yg betul itu potensi desa yg ada di modali dan di kembangkan melalui koprasi desa bukan dari penerintah, tugas pemerintah memberi kesempatan untuk mengelolah dengan anggaran yg berbentuk pinjaman lunak dari bank yg di tunjuk pemerintah..... Tidak ada usaha tanpa resiko karena penerintah akan mendampingi program ini..... Ini musti di dukung dan dibantu masyarakat ini untuk maju, jangan malah di gembosi.;;;;
Di antisipasi seperti KUT dulu. Gagal total .;;;;
Maaf , saya sih gak yakin bahkan pesimis dgn KMPD ini.;;;;
Koperasi itu ko-operasi. Bekerja bersama. Bukan didirikan dari atas dan semua menggunakan jalur politik. Ya ujungnya seperti KUD yang jadi alatpolitik ordebaru.;;;;
Koperasi didirikan dari atas dan menggunakan anggaran negara ? Hanya untuk bancaan politisi dan pejabat yang bermental kapal keruk.;;;;
Ganti lama sampe ganti baru pemimpin baru jga sama semua tdk ada yng murni kecuwali tuhan;;;;
Bersih kan koruptor  sampe duniya manapun sama kalau kita bilang ganti pemimpin baru sama  semua;;;;
Kalou koprasi resiko tinggi  kenapa mau kasi jalan koprasi untuk mengikat tim koprasi  lebibaik di bagi masyarakat saja supaya aman TDK ada beban  kalau meman mau mensejahterakan masyarakat;;;;
"Akan banyak masalah...lebih baik bunga bank diturunkan ....biar untuk ukm hidup bergairah menuju ekonomi terpuruh menjadi baik...survei Ekonomi JURDIL
pinjam Bank modal 250 jt ...angsuran 84:bulan ( 7 tahun ) tiap bulan 5.600.000 sudah berapakah persen bunganya ? 
Sekarang pinjam modal maksimal 60 bulan/ 5 tahun ...semangat UKM 
Lebih baik modal kecil milik sendiri...kerja dan kerja ...❤❤❤ekonomi ukm maju mandiri";;;;
saya berharap para pakar tidak melihat ini dari perspektif legalnya aja dong, kami di desa sedang bekerja untuk mandiri tanpa hutang yang spekulatif, di desa bisa memanfaatkan program pemberdayaan dari dana desa. kami didesa juga sedang berusaha terus belajar agar berdaya secara kolektif;;;;
Bumdes, gapoktan mana yang msh hidup dan beroperasi sampai hari ini ???tolong tunjukin yang real,,,;;;;
Makan siang bergizi gratis aja GK jelas sampai sekarang ...ini ada lagi .;;;;
Alhamdulillah, di Kelurahan kami sudah terbentuk Koperasi Kelurahan Merah Putih ❤;;;;
Ga paham pembicara2nya;;;;
KMP KALAU D BLANG KEBANGKITAN EKONOMI RAKYAT,, OMONG KOSONG,, KONSEPNYA GIMANA,,;;;;
"Banyak desa yg tdk siap... tdk paham dgn program tersebut...
Saya juga mengajukan...";;;;
Kepala desa beserta koroniya yang untung rakyat kecil buntung;;;;
Izin pendapat dari kla Rt...engk muluk klau mau majukn rakyat indonesia...pemerinta ..cari negara lain yg mau bli hasil perkebunan...harga sawit .kopi  karet..dan yg lain..klau harga tsb naik bagus akn sejhterah...semuah...kena dampaknya...;;;;
Jadi pengin tahu bisa jadi anggota gak ya? simpanan wajibnya berapa ?;;;;
Program Koperasi Merah Putih itu sangat Bagus, jangan terlalu khawatir & Pesimis yg terpenting di Kelola dgn Baik dan Propesional pasti Maju💪🏃;;;;
Kami tetap monitor seluruh info dan ilmu terkait koperasi..semoga apapun itu sbg referensi sbg pengurus koperasi merah putih utk berbenah dan lebih baik;;;;
Koperasa yg sdh ada di Desa atau Kel gagal dikarenakan Pengawasan Tdk ada,tdk ada pendampingan dan yg merusak yaitu org2 yg berduik karena msykt kecil susah dapat bantuan karena tdk punya anggunan dan selalu di persulit.silahkan surfei.TYM.;;;;
Berhasil atau tdknya KMP Tergantung dari Pegawasan yg bagus,pendampingan yg bagus, bidang usaha benar-benar jelas dan benar tdk abal-abal serta tdk boleh interfensi dari pejabat-pejabat yg punya kepentigan di badan Pengurus KMP ,karena itulah yg membuat gagal kalau ada.Msykt pasti sejatra .TYM.;;;;
Koprasi merah putih gak jelas banget malah buat beban untuk pengurusnya, untuk modal awalnya aja gk jelas;;;;
Tujuannya memang bagus tetapi dikuatirkan jangan sampai sebentar pengurusnya di tangkap KPK karena keuangan nya ada yang bersumber dari anggaran negara terutama dari dana desa . Hal ini bisa dapat terjadi karena pembentukan nya bukan berdasarkan kemauan anggota tetapi secara top daun serta integritas dan kapabilitas SDM banyak yang sulit diperoleh.;;;;
Ini ladang kredit macet dan bisa bangkrut negara..pasalnya yg jd anggota dan pengurus adalah tetangga2 sy yg terkena masalah keuangan..😢 fraud sdh tercium.;;;;
Lieeeeerrrr,,,eweuh nu jalan.;;;;
dikit2 make istilah dan bhs negara org.byk org tdk paham bhs inggris,,jd pakai aja bhs indonesia jgn sok pintar gitu;;;;
kota dimonopoli minimarket dan online..desa dimonopoli koperasi..pedagang kampung keleh.dan susah.lalu ribut..sia2 semua;;;;
Ladang maini uang negara di lingkungan paling dasar ....😂;;;;
Desa dipaksa untuk berhutang, dengan modal pinjaman yang besar tanpa di topang dengan SDM yang memenuhi suda pasti akan Hancur..;;;;
Didesa kami pada saat pembentukan didampingi oleh Dinas koperasi langsung, kemudian Pemdes diintruksi oleh dinas koperasi untuk menganggarkan modal awal utk kopdes, modal awal tsb sbg anggaran utk pembiayaan akta notaris dll.;;;;
"Penting nya koprasi mera puti ini
untuk masyarakat yang belumperna
tersentu dengan namanya bumdes itu bpk ibu, untuk itu koprasi koprasi sebelum nya hanya berlaku untuk orang orang terdekat kades dan mentri desa sehingga kami sebagai rakyat Indonesia memohon agar bpk presiden untuk di kroscek langsung
mengenai dana koprasi ini untuk seluruh rakyat yang berkemajuan 
atau untuk orang orang yg tdk berkemampuan pada ahirnya koprasi ini mogok pak presiden
jadi kami rakyat sangat mendukung program bpk presiden namun mohon di priksa rakyat rakyat yang suda melakukan pelanggaran dari koprasi sebalum nya itu harus di priksa agar tdk memogokkan koprasi mera puti ini bpk presiden,, 
masi banya rakyat yang belum perna 
tersentu dengan kupedes bumdes
bahka belum perna tersentu dengan pemberdayaan dana desa yang kemarin itu bpk presiden.";;;;
"Hello.. speak up melulu si yg paling deh... apakah anda telah mensejahterakan ekonomi  masyarakat tentulah jawab nya "" Never "" Pemerintah paati tlh berusaha melakukan kajian yg berkesinambungan, Menurut saya.. contoh nya kajian himbara dan ikut sertanya partai politik tentulah harus ada perintah jelas  kepada pihak2 terkait yg bekerjasama nantinya.. lounching aja belum Bos.. dan pemerintah pasti akan mengumumkan sebelum peresmian program nantinya, jadilah sllu orang2 yg memikirkan kesejateran masyarakat golongan bawah.. jangan negative thingking aja dikemukakan.. ye elahh... jangan tanyakan kpan maju nya bangsa tapi tanyakan ente udah berbuat apa kepada masyarakat ekonomi lemah.  .. wokeh.. cocok? .. cocoklaah ya...😊";;;;
Di kampung ku yg jadi pengurus koperasi nya cucu kades, anak kadus, dan masih bocil2, masih pada kuliah. Nama kampung ku desa Lubuk Saban kec. Pantai cermin kab. Serdang Bedagai, prov Sumatera Utara.;;;;
Pesimis....;;;;
pengurus dituntut paham dasar2 koprasi tapi dari pembentukan hingga aturan sama sekali tidak sesua dengan dasar2 koprasi............. coplak...............;;;;
Pengurusnya sj dipilih kades, yg kompeten skiranya kritis mlh ditolak, 😅;;;;
"Zaman orde baru aja yg mana kondisi benar2 terkendali ..koperasi susah berkembang. ... apalagi sekarang yg kacau balau ... semua saling mengintai dan  berebut bagian.. bahkan menterinya pun sangat2 diragukan kemampuan dan kejujurannya.......
1000% yakin ini akan gagal dan menguap nggak jelas.....😂";;;;
Grup tukang bahas   yng koruptor di bahas orang buat rakyat di perhitungkan duit yng di koruptor blum ada separonya  yng akan di  modalkan buat rakyat kmu rakyat bisanya BHS doang;;;;
Muda2 han dengan program ini bisa meningkst kesejahteraan ekonomi masyarakat dengan adanya pengawasan olrh pemerintah muda2han berjalan sesuai dengan rencana bpk presiden kita;;;;
Maaf ya bpk ibu. Kl kami khudus di pasaman Barat  propinsi sumartera barat untuk pemilihan kepengurusan koperasi merah putih tidak ada unsur politik transparan  sesuai dengan aturan yg telah d buwat alhamdulillah berjalan dg lancar;;;;
Menterinya aja Budi Arie  jangan harap ini program berhasil, siap2 jadi bancakan banyak tangan;;;;
Selalu saja kendalanya di manajemen, apalagi kalau ada campur tangan pemerintah desa, jadi bancakan deh.;;;;
Di kabupaten Flores Timur Provinsi  NTT , biaya untuk pembuatan Akte Koperasi dan lain lain biaya diambil dari dana Desa, mudah mudahan kedepannya tidak membebankan Dana Desa;;;;
Ini SDH ada sosialisasi dari bank BRI, tapi hanya org yg lolos BI cheking, kebanyakan UMKM SDH blacklist di KUR😅;;;;
AdAkah sangsi hukumnya?;;;;
Klo peyerapan sdm apa batas pendidikan..??;;;;
Terimakasih ,dg menonton acara ini,saya semakin optimis kalau kopdes didesa akan berjalan sesuai harapan.🙏;;;;
Omon omon😂😂😂. Bikin modyarrr warung;;;;
semua masyarakat desa menjadi anggotanya jadi semua merasa memiliki...;;;;
untuk awal disarankan jangan menjalankan usaha simpan pinjam.;;;;
Semoga koperasi merah putih maju menaikkan ekonomi masyarakat..Aamiin;;;;
Himbara siap siap saja PANEN KREDIT MACET;;;;
Kalau ngomong desa libatkanlah narsum dr desa;;;;
"Jadi apa jawaban dari pertanyaan ""apa pentingnya program koperasi merah putih ini padahal desa cenderung stagnan dan banyak koperasi yang sudah fraud?'";;;;
makan gratis aja belum semua dapet;;;;
"Sebenarnya program ini bagus jika memang dikelola dengan baik tapi tidak bisa dilakukan dengan waktu yang singkat, namun perlu riset lebih dalam lagi di desa masing"", karena dana yang digunakan sangat banyak yang juga rentan penyimpangan";;;;
Gak ada yang benar kebijakan pemerintah konoha;;;;
"Dikasi.modal 5.milyar..tiap. Koperasi merah.putih .lumayan
Apa. Biasa. Klola.modal.sebesar itu. 
Di jaman jkw.dana.desa yang
Ada. Utk.modal Bumdes. Apa
Masih ada.modalnya";;;;
"Menurut saya, selaku pengurus KKMP yang ditunjuk, saat ini dana kelolaan masih bersumber dari penggalian potensi lokal yang dimiliki oleh para anggota terdaftar. Kami berupaya memanfaatkan aset-aset milik negara secara produktif dan bertanggung jawab. Ke depannya, apabila KKMP berhasil mencetak profit, maka akan disusun mekanisme sewa kepada negara yang tercatat sebagai Penerimaan Negara Bukan Pajak (PNBP).

Usaha utama (default) KKMP saat ini difokuskan pada pendirian gerai atau toko koperasi, pemberdayaan UMKM, serta pengembangan unit-unit bisnis yang mampu mengakomodasi potensi ekonomi lokal. Pembiayaan awal difokuskan untuk melengkapi kebutuhan infrastruktur dasar sebagai fondasi operasional.

Adapun akses permodalan untuk pengembangan usaha anggota akan dipersiapkan dan dibuka secara bertahap, seiring dengan kesiapan kelembagaan KKMP dalam mengelola dana secara berkelanjutan, transparan, dan akuntabel.

Kami menyadari bahwa program ini memiliki potensi untuk berhasil, namun juga tidak menutup kemungkinan mengalami kegagalan. Keberhasilan program ini sangat bergantung pada komitmen, partisipasi aktif, dan niat baik dari masyarakat lokal sebagai penggerak utama.";;;;
Yakin 75% akan gagal, hanya 25% yg bs berhasil;;;;
Dana koperasi mrnguntung orang orang tertentu, pengurusnya bukan untuk masyarakat;;;;
Lihatlah dana desa berpa persen tingkat keberhasilannya??? Yg ada hanya menjadi ajang perebutan oleh kades dan tim2 nya itu fakta..KUD dan Bumdes jadi pelajaran ini di ulang lagi🤦🤦🤦;;;;
Kud ngak ada kabarnya tempet saya kud amburadul ruwet ngak jalan bangkrut karena otaknya kapitalis dan pragmatis,;;;;
Launching aja belum... mulut netizen udah ramai.. ada yg dukung ada yg nyinyir dan kritik..;;;;
Pembentukan pengurus koprasi merah putih terkesan buru2 menurut saya..hari itu rapat .. hari itu pembentukan  dan hari itu jg harus d tentukan brpa kisaran simpanan pokok yg harus di tentukan..simpanan wajib yg harus  di tentukan dan.. sedangkan para pengurus baru blm berkoordunasi dg para anggota  kesan nya dlm hitungan jam sudah harus selesai..memang bisa seperti itu???;;;;
Nanti ada desa yg usahanya gak maju bisa jadi koperasi hitam putih bukan merah putih;;;;
Sya juga kepilih jadi pengurus koperasi desa merah putih masih bingung apa koperasi ini, sangat sangat nyesek dalam dada tidak tahu alurnya ini gimana?;;;;
sehebat apapun program pemerintah.. jika Kades dan apartur desanya OON . tetap ga akan ngefek... . kampung saya tinggal punya dana Desa besar ga jadi apa2. nguap;;;;
Di desa ada KUD  n KUT  tu gmn?;;;;
"Kembali mengatasnamakan membantu masyarakat melalui koperasi tetapi ujungnya memberikan beban pinjaman ke koperasi
Harusnya fokus ke mengembangkan koperasi melalui kerjasama dan menyatukan rantai pasok dan distribusi agar masyarakat menengah ke bawah bisa menikmati turunnya harga
kelompok tani dan umkm juga bisa menikmatinya dan dapat bantuan dari koperasi dan bukan utang

ngga ngerti pemerintah otaknya di mana";;;;
jadi ajang lahan basah korupsi;;;;
Negara harus hadir dalam mengawal koperasi mereh putih ini,,bukan seperti koprasi yang sudah sudah,, negara yang sudah sudah hanya pembiaran tentang penyalah gunaan koprasi ini,,, sehingga koprasi seperti YANG sudah sudah seperti dana hibah saja,,menghabiskan unang negara cuma cuma.. jangan,karena itu;;;;
Keberhasilan koperasi tingkat desa seperti kopdes merah putih bakal menunjukan bagaimana kegotong royongan masyarakat desa itu..semoga bisaa berjalan dg baik...jangan sampai mubazir seperti bumdes...;;;;
Gak setujuh lah...adanya koperasi merah putih cuma jadi ladang 👉KORUPSI;;;;
Tolong pak presiden di kaji ulang LG kebijakan koprasi merah putih karena sangat rawan kkn;;;;
Rentan kkn;;;;
Akurat... Keren bravo Tempo;;;;
Pasti gagal 100000000000000% dari jaman ken arok masih kurus gak pernah berhasil , pemimpin yg tidak faham kondisi ekonomi masyarakat;;;;
Dipaksa berhutang, keuangan desa jaminannya,,, akta notaris diakomodir keuangan desa,, 😅😅;;;;
Program konyol...membahayakan....pasti nanti tahun 2026-2027, ada berita karut marut koperasi merah putih! Remrutment aja hanya orang orang dekat apaarat...;;;;
"Kami ikut koperasi gapoktan dulu tapi gak berjln mulus.
    Dan tadi di desa ada lagi membentuk koprasi merah putih. Gmna tu";;;;
Buttom up br bisa ada klo nkri sdh bubar...;;;;
"Tekniknya sederhana pertama bangun toko koperasi merah putih...lalu kedua survei harga pasar, ketiga tentukan standar harga terjangkau bagi masyarakat masyarakat, keempat target maksimal pelanggan, kelima ciptakan brand usaha untuk masyarakat, keenam kerjasama kontrak promosi periklanan, ketujuh program pengelolaan usaha rakyat kedelapan program proyek skala kecil, kesembilan program proyek skala besar, kesepuluh program lanjutan koperasi merah putih.
Hanya skill pengurus koperasi yg bisa melakukannya.";;;;
"KOPERASI MERAH PUTIH untuk rakyat, jadi pengurus koperasinya menciptakan brand usaha baru untuk kerjasama promosi periklanan...
Tergantung skills dari pada anggota koperasinya untuk mensejahterakan anggota koperasi tersebut.
Ini adalah tantangan masa depan dari desalah pembangunan berasal.";;;;
Bumdes saja sudah bangkrut, apalagi ide basi berkoperasi;;;;
Saya sudah mengelola koperasi muslimat sejak thn 2016 berjalan dengan baik anggotanya ibu ibu tidak butuh pendidikan tinggi yang penting semua jujur dan amanah;;;;
Desaku pengurusnya sistem tunjuk tidak ada seleksi untuk pengurus koperasi 😁;;;;
Sekolah namanya pake garuda, koperasi pake embel2 merah putih, tapi prediksi saya hasilnya entut berut;;;;
"Yg menjadi masalah adalah modal
Kalau status pinjaman bank dan harus diangsur.tidak menjamin berkembang..";;;;
Klo ingin berjalan mulus, gak usah ada lurah, krn klo ada lurah ntar yg di kasih ya pendukung sama keluarga besarnya aja. Contohnya Bansos.;;;;
Menteri nya itu pinter nyari uang... Emg dia mikirin koperasi berjalan. Yg penting pny proyek...;;;;
Ngeri yaa ... 😢;;;;
"Coba dibuat cara rekrutnya melalui tes pengetahuan dulu, karna dikampung-kampung strukturnya tiba2 aja tanpa ada diskusi dulu, tau2 tiba2 udh ada calon yg di ajukan kepdes, malah keluarga kepdes semua lagi .


Kan sayang warga lain yg punya skil di bidang itu malah gak tau kabar sama sekali😢";;;;
Di tempat saya org2 yg kerja di koperasinya keluarga kepdes sulemua😅;;;;
Kenapa anggota kalau mau daftar hrs kumpulin duit uang daptar 100000 yuran pokok nya 50000 perbulan;;;;
Hukumnya harus pasti,jangn nnti koprasi jadi ruma bagi para kkn yg hanya bertopeng masyarakat desa;;;;
"BUMD ( Badan Usaha Milik Daerah)
Kalo untuk Desa, BUMDEs";;;;
Koperasi itu dari anggota jadi modalnya dari iuran anggota dan pengurusnya dari orang2 desa itu sendiri jadi pemerintah hanya memberi kan bimbingan kepada pengurus;;;;
Titipan partai itu di duga  partai politik  PSI, dan gerindra.  Di duga  ya?;;;;
Kalo di kampung, kalo itu duit dr negara, lebih leluasa utk di korupsi !!!!, yang Atas, juga korupsi, yg bawah nggak mau kalah doooong 😮😮😮😮;;;;
Pro kontra koperasi merah putih  harus betul betul kita pahami.   Krn kita tdk tau apakah merugikan masyarakat baik itu pedagang kecil atau merugikan semua unsur masyarakat;;;;
Yg untung ormas;;;;
Hati2 potensi kredit macet membobol Bank Himbara;;;;
Betul.mennsos .berpikir jaman kerajaan.skol sekarang sdh mencakup semuanya;;;;
Betul ..sulit dananya kan itu itu.kan pasti ada yg di kurangi sektor lainya;;;;
Smuanya ada resiko....pastinya harus ada antisipasi mangemen resikonya........ .dan sesuatu harus dimulai agar bisa bergerak. Kalau isu yang ditonjolkan hanya yang membuat pesimis ..... jangan harap kita menjadi bangsa yang maju.;;;;
Apakah ini siasat korupsi APBN secara legal???;;;;
Tempo pemilik sahamnya siapa ya?;;;;
Media tukang nyinyir,enak di dengar tapi tak ada gunanya...;;;;
"Yang dibutuhkan lapangan pekerjaan bukan koprasi.
Klo koperasi hanya merekrut sedikit karyawan, itu pun di desa saya malah pengurusnya yg sudah punya pekerjaan tetap (dobel job).
Yg nganggur msh jdi pengangguran, yg sdh kerja malah dikasi kerjaan baru.";;;;
program nglindur,  kalopun ada desa yg terpaksa membentuk hanya formalitas saja,  sapa tau ada bantuan.  buat masy gak ada dampaknya;;;;
Kami dari masyarakat Lombok Timur.yg penting pengawasan ketat.bila perlu diawasi oleh KPK. Kopdes Merah putih ini. Sebab yg namanya uang.waduh semua ingin jadi pengurus.pengalaman.dulu.KUD.ketua untung duluan.makanya.perlu pengawasan.sebab nanti ada kesempatan. Di dalam kesempitan.;;;;
Chanel Terbaik menyajikan analisis kebijakan;;;;
Tujuannya bagus koperasi merah putih ini tapi sangat di sayangkan persiapan SDM di desa2/kelurahan sangat kurang, msh bingung dan blm paham tentang koperasi;;;;
Di Desa itunklaw ga salah kan ada KUD tp ga tau kemana kelanjutannya, terus di lanjut dgn pembentukan Bumdes tapi lagi lagi koperasi milik desa inj tak berjalan sesuai rencana dan ekspetasi. Sekarang muncul Koperasi Desa Merah Putih...? Apa bisa menjalankan Koperasi sesuai Amanat presiden. Minimal bisa memajukan Koperasi ini..? Seandainya pengurus Koperasi Desa Merah Putih yg terpilih justru orang orang dalam Perangkat Desa. Bisa hancur dan pasti berebut Duit.. bukannya bekerja dan memajukan Koperasi Desa...  itubyg di khawatirkan.;;;;
Sy yakin 100% tdk akn berhasil ini cmn gebrakan politik percylah;;;;
Kenapa pemikiran utk koperasi sampai saat ini kok negatip ya;;;;
Yang buntung pasti rakyat lah, ini politik tebar pesona mimpi di tahun 2029 tapi ini adalah politik konyol kaum serakah, kita lihat aja endingnya seperti apa?  nanti yg jelas ekinomi semakin terpuruk tak terkendali;;;;
Kop desa merah putih saya takut sebagai ajang koropsi 😂😂😂😂😂😂;;;;
Koperasi merah putih, MBG, dan 3 juta rumah adalah program ultra sosialis yg tidak ada buktinya pernah berhasil;;;;
Koperasi merah putih siapa yg utk siapa yg buntung pasti pemerintah desa yg buntung warga yg tidak punya apa2;;;;
Menggerakkan rakyat terjebak riba;;;;
Kalau melihat kebelang jaman oerde baru ada KUD.PMPN dan bantuan hibah lainya semuanya musnah begitu saja,karena rakyat menggap dari pemerintah.nah sekarang ada lagi kopetasi metah putih ini ragu ini akan terjadi seperti dulu.karena secara pakta rakyat didesa ekonominya labil banyak petani ahir ada yg rugi ,pengusaha juga ahirnya rugi ,warung warung toko yoko ahirnya rugi,dan rakyat didesa senangnya jusl jasa dan buruh serabutan .;;;;
"Koperasi merah putih bisa dikatakan berat bagi rakyat di desa yg populasi regulasi ekomonya labil disegal bidang ,lain lagi dg karyawan kalau karyawan mudah fi kendalikan hanya pengurusnya tinggal jujujur .alasanya koperasi karyawan pengurusnya sudah mempunyai gajih tetap dari perusaan atau pemerintah bagi asn,jadi tidak menunggu shu satu tahun kedepan sebagai gajih ,terus kopersi desa sedikt yg tahu tentang koperasi ,juga pengurus anak anak muda yg tak punya penghasilan dia bekerja ingin mempunyai penghasilan.sedang koperasi desa belum tentu berjalan baik dalam satu tahun ,ini akan menjadi kendala bagaimana untuk gajih pegawai .koperasi desa untuk meningkatkan kesejateraan ekonomi rakyat.didesa banyak masyrakat yg terlilit oleh rentenir ,utang jangka pendek misalnya mekar.kemudian seperti petani ,peternak dl itu tidak mungkin tiap bulan ,jadi yg ragu ini adalah untuk gajih pegawai sebelum koperasi berjalan dg baik.
Jadi kalau di desa itu yg lebih dulu diperhatikan gajih buat pegawai koperasi tiap bulan ,mungkin kalau tidak fi gajih dari awal ,saya jamin akan hancur ,karena di desa tabungan wajib pako 20000 dan wajib 10000 coba pikir harus berapa banyak untuk koperasi supaya lancar ,dan kapan oegawai koperasi di gajih apakah mungkin 3 tahun kedepan";;;;
simple aje, menteri koperasi yg skrg rada2 pea ya gezz;;;;
Ini adalah program yg benar benar  sesuai dgn konstitusi uud 45 pasal 33..;;;;
"Sy sedikit urun rembug, pembentukan kop di ds ada bbrp mslah mendasar, al:
1. Mslah kelembagaan
2. Mslah usaha
3. Mslah SDM
Kelembagaan:
Kop adalah kumpulan org, bukan kumpulan modal, shg kop lahir dri satu komunitas, krn kepentingan bersama  shg skupnya terbatas, baik modal, jenis usaha, dan kompetensi pengurusnya.
Mslah usaha:
Sbg salah satu kegiatan usaha  tentunya kop hrs bersaing dg pelaku2 usaha lainnya, spt adanya KUR yg bunganya jauh dibawah bunga kop, begitu juga perdagangan, dg masuknya minimart ke desa2 sulit utk dilawan olh kop, shg anggota lbih memilih belanja di minimart.
3. Mslah SDM,  tdk mudah mendapatkan sdm yg kompeten di ds, krn yg punya kompetensi mrk lbih memilih kerja di luar desa, shg sulit kop utk maju.
Pertanyaannya, apakah tdk salah kop itu dituntut berkembang spt suatu persh yg berbasis modal, pdhal spiritnya kop didirikan hanya terbatas dri anggota utk anggota, shg ceruk pasarnya juga terbatas kpd anggota.";;;;
Iya di desa ku udah jadi anggotanya sodara bpd sama sodara kades;;;;
Di daerah itu banyak KSP apa juga harus lebur ke KMP;;;;
rakyat disuruh mengelola koperasi pemerintah kelola Danatara.  hebatkan 😂;;;;
koperasi yang sukses itu berjalan di SDM tinggi mba, contoh tuh di Jerman, pendanaan petani itu dari koperasi. di kita? artinya koperasi itu bisa berjalan dari anggota yang proaktif, produktif dan kompeten bukan haya pemimpinnya.  saya gak pesimis;;;;
buat apa BUMESA, padahal rawat aja itu;;;;
mubazir sih ini;;;;
Setuju dgn mbak Retno;;;;
Belikan sapi 100 ekor;;;;
Apa ada modal koperasi baru 3M, setahun bisa mengasilkan SHU 1M.  Penggagas ga paham konsep koperasi.;;;;
Nasib agen gas dan pangkalan yg sudah jalan gimana,sembako dll...;;;;
"wajar kalo budi arie yg bilang keuntungannya sebesar itu, karena dia pake parameter bandar judi online 🤣
Jangan2 nanti koperasi merah putih diarahkan jadi bandar judi online untuk mengejar target profit yg budi arie bilang.";;;;
Siap2 jebol APBN..koperasi pertanian perikanan tempat saya udah out tinggal..kopamas,,koperasi masyarakat sejahtera,BPR, BMT,...bunga tinggi... pegawai kaya2...;;;;
Terimakasih infonya teman teman.. Ttg koperasi MP.;;;;
Hari Senin mendatang kami mengada kan pembentukan kofrasi Desa merah putih tapi saya kuatir karna di desa kami juga ada BUMDES ,pertanyaan saya apa kah ini bisa berhasil;;;;
"Ko di tanya gimana sikap tempo sih? Jgn2 ini antek asing benaran nih🤔
Dimana sumber dana dari bank? Prinsipnya tetap prinsip koperasi, modal awalnya tetap dari anggota. Okelah dari bank? Kan sifatnya pinjaman atau bahkan penyertaan modal. Himbara? Ya iya, kan selama ini koperasi tak dikasi ngutang ke BRI, BPD kalau punya unit usaha yg vs dgn bank. Serius nanya, salahnya dimana ya? Dimana uang negara yg dikucur? Keliru mbah😀. Kalau jenis usaha di anjurkan ya wajar biar sinkron dgn program pusat. Tapi kan sesuai kondisi dan usaha di Desa🙏";;;;
Sepertinya aku ragu....betulkah Pemerintah Pusat itu tahu permasalahan di desa.....;;;;
Pengalihan isu....Makan gratis untuk siswa sekolah saja belum deal... KOPERSAI DESA MP menuju KUD part 2;;;;
Pa wowo.kalo mau rakyat senang. Bantuan dialirkan langsung tanpa potongan rt rw lurah 😂 jd bisa digunakan usaha berdgg dsb. Ga usah koprasi2.;;;;
Sesuatu... kalo di pegang bukan pada ahlinya... pasti akan hancur tau nunggu kehancuran nya....;;;;
Riba😂😂😂😂😂 program prabwowo aneh aneh...pasti gaji pegawai nya 6jut jut ke atas😂😂😂 dahlah;;;;
Daerah saya baru di bentuk koprasi ini, dan itu setiap  anggota diwajibkan ada biaya simpan pokok dan simpanan wajib, simpanan pokok itu cuma 1x yaitu nominal 100.000 dan itu akan dikembalikan setelah dana cair. Dan simpanan wajibnya itu tergantung kesepakatan,di sini 10.000 per anggota dlm 1 bulan. Pertanyaan nya apakan langkah yg kami tuju ini sudah benar,dan apakah tiap anggota nya bisa di legalkan. Mohon jawabannya 🙏;;;;
Didesa ambang II kec bolaang timur kab bolaang mongondow dan desa2 lainnya sesuai info masuk hanya di bentuk tiba tanpa sosialisasi swmwntara masyarakat dwsa banyak yg tidak mwngikuti medsos sehingga buta informasi kopdes merah putih;;;;
Terlalu terburu buru....gaji minimal 5 juta mana bisa tanpa lewat tes kemampuan pengetahuan mental dan keswhatan padahal gaji pengurua diatas asn dan bpd desa saja 450 ribu perbulan, terlalu mudah buat musdes dan angkat pengurus lewat rapat 20an orang;;;;
"Di desa saya malah konyol, pemilihan anggota dan ketua koperasi tidak terbuka, tiba tiba keluar info yg jadi ketua adiknya si kepala desa dan teman"" dekatnya.. wkwkkw
Saya sampe heran.. ko bisa ya tanpa ada pemilihan ketua secara terbuka dan yg di pilih tidak kompeten dalam bidangnya 🤣🤣🤣";;;;
Takut yang bisa pinjam banyak pengusaha2 .;;;;
koprasi klo d kelola d bwah pemerintah gk bkal jalan bak sprti BUMN tp klo sdah sklas PT pasti jlan kita lihat koprasi PT bnyak brrjlan;;;;
"bumbes kud gapoktan dan yg lain² 
itu smua mirip sprti usaha koprasi tp nyata nya smua nya mati";;;;
Jebakan untuk kades, nanti banyak kades yang di penjara jika pinjaman banyak yang macet, tau sendiri kan masyarakat banyak yang suka pinjam tapi gak mau bayar angsuran;;;;
Menteri koperasi ny tersangkut gratifikasi judol bgmna mau memajukan koperasi;;;;
Pengurusnya  kebanyakan  perangkat desa dan saudara serta timses kades!!! Walau gk ada keahlian blas;;;;
Klau program koprasi merah putih pengurus tidak ada insentif gajih bulanan yg pasti maka akan terjadi koropsi apa lagi faktor SDM masyarakat yg belum memahami arti dan prinsip koprasi yg hanya mengharapkan Shu.;;;;
Food ested ggl jg diulangi. KUDj jg pd tutup. Palinhg dikurup sm pengurusnya. Terus diancam untuk 29 piliih gibran.;;;;
Selama  para  maling  rakyat  masih  meraja lela  maka  koperasi  merah  putih  sangat  bahaya... karena  apbn  aj defisit, utang  negara  makin membesar.. solusinya  adalah  bentuk  baitul  mal  setiap  kelurahan..atau  desa;;;;
Percuma ,malah nambah lahan korupsi di desa desa,SDM masih sangat serendah..;;;;
"Nurrochim Purnomo Sidik SDN Binangun 01 Bantarsari Cilacap.
Hadir n nyimak";;;;
tempo media anntek asing pemecah belah rakyat;;;;
Yg untung Projudol;;;;
Adaya kprasi merah putih dengan kondisi ekonomi yang minim di taambah gemulut dengan pinjol bank kelili dan ijin bank keliling masih  berjalan bukaya membuat masarakat makin kejepit ekotomi.dengan adaya aturan koprasi  tabungan rutin tabungan wajib  sungguh bikin miris;;;;
Koperasi desa insyaallah akan berhasil di bidang korupsi Bancakan 😂;;;;
Benar, hari2 buat kebijakan, jgn dipaksa membuat koperasi. Koperasi tumbuh dari bawah bukan dipaksa dari atas;;;;
Judulnya saja yg seolah2 cinta Indonesia,hebat,,tp hasil NOOLLLLL;;;;
Kalw gak MuBAZIR ANGGARAN,BKN INDONESIA NAMANYA;;;;
Pinter dikit lah bikin program untuk masyarakat itu,bapak2 ibu2😂😂;;;;
Program gak JELAS;;;;
Bener, kalo' maju tidak nya suatu usaha /koprasi itu tergantung pada pemimpin kepengurusan nya..;;;;
PROGRAM2 MAKIN TAK MAMPU DINALAR   PENGGELONTORAN DANA SAAT MALING2 DUIT RAKYAT LAGI LAPAR2NYA?;;;;
Yg jelas. Koprasi ini ada unsur politik yg tidak menyehatkan...bagi rakyat....;;;;
RUU Perkoperasian kemana?;;;;
Kalau ini fix dilaksanakan dgn dana yg segitu besarnya tp g nampak kemajuan didesa,, gawat la udah 😊😊;;;;
"Kalau niatnya baik, tidak perlu memaksa.
Bikin saja perusahaan raksasa.
Serap potensi rakyat sebanyak-banyaknya.
Ekspor ke negara lain.
Semua rakyat akan menyambut gembira.
Tanpa harus terbebani hutang.";;;;
Beda banget kerja jokowi dengan prabowo. Jokowi kerja nyata tampak mata jelas ada hasilnya prabowo banyak teori ujung-ujungnya cuma buat korupsi;;;;
koperasi tidak ada dalam undang- undang desa;;;;
Ma'af ini cuma masukkan saja. Kalau saya sebagai masyarakat kecil kurang setuju. Sbb sudah bermacam² model koperasi banyak  gagalnya. Akhirnya sama saja dengan menggambur²kan uang negara. 🤭🤭🤭;;;;
MENGAGUMKAN terobosan atau kebodohan ?;;;;
"Kita Rakyat desa cuma mau lihat/ nonton aja lah, biarlah mereka yang pintar "" ngurusin KMP";;;;
Yg namanya usaha siap utung siap rugi lah wong usaha ko;;;;
gedabrus 😵;;;;
kata kuncinya,..ribet dan tak masuk akal..;;;;
Harusnya pake iklan pengumuman pooster atawa di toa masjid, isinya mengajak warga lokal p3muda pemudi isinya loker untuk koperasi, ini mah adem ayem, tahu2 udah ada sekian orang, ya itu mah kerabat lagi aje,;;;;
Serius nanya, kalau koperasi merah putih itu dana awalnya berupa bantuan cuma-cuma dari pemerintah atau pinjaman yang harus dikembalikan? Kalau itu pinjaman apakah ada bunga untuk desa yang mengembalikan  pinjaman tersebut?;;;;
Kalau saya usul jangan merah putih ganti projjo ajah;;;;
Da usah bayak wacana,,UMKM dihapus belum kelar,,sudah buat koprasi merah putih rakyat da perlu yang perlu ekonomi lancar sembako murah,lowongan kerja ada usaha lancar;;;;
Kalau didesa saya, koperasi  nggak bakalan bisa maju, karena org2 yg duduk dipengurusan org2 lama yg haus akan kedudukan dan jabatan, coba saja diaudit keuangan desa pada waktu sebelum kepala desa yg sekarang,;;;;
Yg untung jelas pengelola lah;;;;
Bentuk didesa itu mengembangkan aset dan potensi.. ini insya Alloh sangat membantu masyarakat.;;;;
DARI DULU SAMPAI SEKARANG BELUM ADA YANG SUKSES.;;;;
High Fraud;;;;
Gw udah diminta jadi bagian dr Kopdes..wkwk sdangkan gw pkerjaa jg full bgt;;;;
tujuan koperasi dari dulu sudah benar untuk pengembangan ekonomi masyarakat. cuma pengembangan itu terkendala oleh manusianya. seandainya tujuan koperasi terealisasikan, masyarakat di desa makmur. Namun rusaknya koperasi, karena manusianya. banyak kopersasi yg dikorupsi, tidak boleh maju oleh perbankan. sebab jika simpan pinjam dan program inti koperasi terlaksana. Banyak pesaing koperasi yg bangkrut. oligarki juga ga suka koperasi maju.;;;;
Di desaku sudah terbentuk 9 pendiri /pengurus koperasi desa merah putih.;;;;
Di desa q sdh teebentuk koperasi merah putih malah sdh ada setor simpanan wajibnya;;;;
Koperasi yg dipaksakan dari atas akan menjadi sia siang artinya hanya buang buah dana, karena koperasi yg benar adalah koperasi yang terbentuk dari kesadaran bersama karena ada alasan kwpentingan ekonomi yg sama, maka roh koperasi itu jelas dari rakyat oleh rakyat dqn untuk rakyat.;;;;
kOPERASI, badan usaha sangat mulia, dengan catatan tidak ada, SIMPAN PINJAM bentuk uang dijamin ancur, seharusnya SIMPAN PINJAM nya berbentuk barang, jadi barter antara koperasi dan anggota, nanti timbul selisih ke untungan, baru pasti berjalan;;;;
Noted : Ujung Ujungnya Pemutihan jika gagal  bayar  Koperasi dan muncul transaksi  fiktif. Kecuali bisa menggunakan kecangihan teknoligi IT seperti Qrish, Tokopedia...Dan Penegakan hukum yang tegas !!.;;;;
SDM pengurus harusnya dari pusat jgn warga desa. Beda kualitas. Sdm rendah kelola uang miliaran ya bubar;;;;
Desa 8000 lebih ibumah buka korupsi baru yg dana desa 1m aja banyak yg nilep apa lg 5m cuan dan cuan buat garong2 yg udah gentayangan di kasi daging lebih mpuk;;;;
Pak presiden sedang mempelajari banyak hal yang berhubungan dengan anggaran negara .....whats next?;;;;
Ini  penuh kecurigaan issu2 miring bukan mencari solusi  yg mungkin timbul dari keterbatasan2 sdm  potensi desa dll  penuh pesimistik jual konten aja😅😅😅😅;;;;
Konsep nya harus jelas..jangan sampai jadi ladang korupsi tingkat desa..pemerintah harus lebih berhati2..;;;;
Semoga niat dan tujuan baik akan berhasil dengan baik jua;;;;
hanya membenturkan antara koperasi desa dan BUMDES,,;;;;
"Paling, aparat desa sy yg ambil pinjaman,dgn buat data fiktif 
Klu kredit macet tinggal di putihkan";;;;
"Sepintas terkesan pesimis ide Top down koperasi Merah putih, tapi setelah kita cermati pemeritah juga sangat bijaksana dimana ide Top Down itu hanya sebagi ide kerangka untuk memicu ide2 dari masyarakat, artinya potensial muatan lokalah yang menjadi basis usaha koperasi merah putih ini. Sebagai gambaran tidaklah mungkin suatu daerah yang berada pesisir pantai dipaksakan untuk berwirausaha di bidang yang tidak sesui dengan keadaan dan permintaan daerah pesisir pantai. 
pada hakekatnya koperasi merah putih berpola Bottom Up...terikasih";;;;
Selama konsepnya gotong royong, maka tidak akan kompetitif, lebih baik koperasi hanya wadah utk investasi yg turunannya membuat lagi CV /PT yg bisa berkompetisi secara efisien;;;;
SEMOGA bs memajukan daerah dan desa2.... Kita dukung... Kerenlah;;;;
Koperasi DESA MERAH PUTIH akan berhasil apalagi Bapak dan ibu²yang berbicara ini jadi pengurusnya..🎉;;;;
Jangan terlalu hawatir dàn tdk percaya koperasi merah putih yg tumbuh di desa dan kabupaten hal itu percaya saya dulu daan lihat dulu hasilnya;;;;
Evaluasi dulu lah Pengelolaan keuangan desa .... BUmdes saja pengelolaannya HANCUR BERANTTAKAN.;;;;
Koperasi merah putih itu yakinlah cuma jadi ladang korupsi.sekarang saja di desa desa udah jadi ladang bagi bagi korupsi sama kroni nya.masyarakat umum tdk ada kesempatan utk terlibat.;;;;
Konsep Koperasi Bung Hatta sangat bermanfaat bagi anggotanya, saya menjadi anggota kop dr 1989 s/d sekarang dan masih merasakan manfaatnya. Banyak koperasi yg kolep itu karena pengurusnya tidak becus dlm menjalankan usahanya serta pengawasnya ikut2an memanfaatkan untuk keuntungan pribadi.  YAK OPO REK.......;;;;
terimakasih kak. awalnya masih blank. mendadak harus musdes;;;;
Saya kik pesimis ya,di karnakan org yg memiliki kemampuan di bidang koperasi kalau di desa sangat minim, BUMDES aja gak berjalan,hanya bisa jualan gas sama atk;;;;
Ingat sifst iblis itu selalu ragu dan was was terhadsp sesuatu yang baru,nantinya aka begini,aka bgitu.;;;;
"Kalau di perkampungan bisa di lihat dari produk apa yang menghasilkan,
Kalau daerah saya pelihara sapi,
Kalau setiap kepala rumah tangga di beri bibit sapi minimal 2 ekor,
!!! Untuk kepala rumah tangga yang mau
Kenapa sekarang GK ada program
Ternak";;;;
Koperasinya Alhamdulillah ya. tapi kita harus curiga jangan2 ini merupakan perpanjangan tangan Oligarki utk menjual barang2 mereka, sehingga produk Rumah Tangga UKM bisa mati didaerah2, jgn sampai ini merupakan kata lain dari wara laba pengganti swalayan2 yang menggurita. UKM kita bisa terancam punah... Hayoo Indonesia;;;;
Tidak ada titipan bung...bahwa persun persun pengurus itu saat pemilu menjadi simpatisan slh stu partai politik y mungkin saja..TPI KLO titipan titipan tidak ada.ini.kalo diwilayah kami..dak tau di daerah lain..;;;;
Kalo berpikir positif saja tidak ada gimana negara ini bisa maju...?;;;;
Kasih masukan yg positif Doong...jangan hanya resiko negatifnya yg di sorot...kalian wajib mensuport dan berpikirlah positif .;;;;
Dua menteri di PP itu sebenernya yg ga ada gunanya  cuman nghabisin anggaran Negara. Mesin ATMnya Projo, sudah banyak terindikasi skandal korup dan rusaknya kementerian tapi masih saja dipake. Begitu mirisnya negeri ini;;;;
Yakinlah, bahwa ini hanya sukses di dibibir/diatas kertas dan itu Anget2 tahi ayam. Paling2 yg sukses pengurusnya;;;;
Ini jg dari msyarakat yg jadi anggota di wajibkan bayar 750 rb mbak;;;;
Ini dananya juga dari masyarakat yg jadi anggota di wajibkan bayar 750 RB mbak gmn;;;;
Salah satu lagi program populis yang hanya akan mengahmbur2kan uang rakyat.;;;;
Pengurusnya harus punya SDM yang mumpuni agar program tersebut betul “‘bermanfaat bagi masyarakat Indonesia;;;;
Negara lain lebih aktif dan disiplin tanpa kerja dapat jaminan bantuan dari pemerintah nya’ jika di Indonesia negara memberikan modal usaha untuk rakyatnya itu perlu kita dukung;;;;
Peningkatan SDM salah satunya agar program berjalan sesuai harapan dan memberikan kontribusi besar terhadap kesejahteraan masyarakat ‘;;;;
Peningkatan SDM salah satunya agar program berjalan sesuai harapan dan memberikan kontribusi besar terhadap kesejahteraan masyarakat;;;;
Itu teorinya namun kenyataan koperasi desa akan banyak kendala;;;;
"Secara bisnis, koperasi tidak bisa diandalkan karena dimiliki banyak orang dan bisa banyak konflik. Yang lebih mendasar lagi, koperasi melayani pemilik sebagai konsumen dan mereka sebagai pemilik juga bisa mengganti pengurusnya, ini vested interest, ini konflik.

Contoh, koperasi beli bahan dari anggota harus lebih tinggi dari tengkulak, tapi jual ke anggota harus lebih murah dari tengkulak, nah kalo gini gimana mo untung.

Koperasi harusnya stabilisasi harga untuk melawan kartel, mafia...ini yang diharapkan saat harga dimainkan, koperasi beli di harga yang lemah, tapi bisa jual harga lebih tinggi, dan keuntungannya mensubsidi kerugian anggota karena harga yang melemah. Ini idealnya.

Tapi...anggota2 justru memanfaatkan koperasi untuk kepentingan masing2. Jadi, ya tadi beli mahal...jual murah. Makanya juaaarang banget koperasi itu well-perfomed, well-managed.";;;;
KOPDES...NADIBNYA AKAN SAMA  DENGAN PNPM....BUMDES...KUD....LAMA LAMA LEMYAP  TIDAK BERKEMBANG.....DIKORUPSI PENGURUSNYA.....RAKYAT MAU PINJAM TAPI GAK MAU NYAUR....;;;;
Masih eksis pak didesa kami mulai jaman ORDE BARU sampai sekarang 😂😂😂😂;;;;
Apa hebatnya si koperasi. Kabinet koplak, masalah negara apa solusinya apa.;;;;
Kalau pemerintah Desa cerdas  menguasai potensi di desanya serta berintegritas tinggi, disertai ketaatan dan kejujuran warga, sy yakin Koperasi Desa MP ini akn bisa meningkatkan perekonomian dan kesejahteraan warga Desa itu sendiri.;;;;
ada bumdes, koperasi merah putih itu mewadai apa? apapun alasannya kami yg di desa, koperasi metah putih hanya demi keuntungan pendukung presiden sekarang, nanti ganti presiden ada koperasi lg dengan Departemen dan menteri yg lain ini cuma pemborosan dan membodohi masyarakat koperasi merah putih ini, karena ada bumdes;;;;
Kenyataan masih banyak juga warga desa yg tdk jujur dlm pemgembalian pinjaman koperasi walaupun sebenarnya mereka mendapatkan keuntungan dlm mengelola uang pinjaman.;;;;
"Meragukan 😅

Bumdes bagaimana sekarang?
Muncul kopdes merah putih. Sistemnya gimana ya... Apakah jadi koperasi simpan pinjam? Kalo ada yang pinjam gak ditagih-tagih... 😅

Dulu, konsep koperasi itu seperti ini:
1. Anggota menabung uang, atau menjual barang dengan di pajang di koperasi.
2. Ada anggota yang pinjam uang dengan bungan yang rendah.
3. Ada warga yang berkunjung untuk berbelanja bahan dari petani seperti pisang, kunyit atau bahan lain yang disimpan oleh anggota masyarakat desa tersebut.
4. Jadi, konsep koperasi jaman dahulu adalah ekonomi gotong royong.

Kalau konsep koperasi sekarang seperti sosialis-kapitalis. Sosial artinya berideologi untuk menolong orang. Kapitalis, praktiknya pemerintah punya modal berusaha mengembalikan untung.

Tantangan pada saat ini adalah sangat berat. 
1. Minimarket telah tersebar merata.
2. Korupsi dan tidak kompeten pengurus adalah ancaman serius.
3. Preman dan pemalakan akan memghancurkan koperasi ini 

Seharusnya, pemerintah membuat role model dahulu (1 koperasi) yang konsep penerapannya berhasil. Jika berhasil, baru diterapkan seluruh Indonesia.

Ini kalau gagal, ruginya besar lho. Bukan 1000 rupiah. Tapi ribuan triliun rupiah.

Pergerakan pemerintah seolah tidak menggunakan metode ilmiah. Semoga programnya berhasil 😊";;;;
Baju merah cerdas 😂;;;;
Narasumbernya tidak kompeten dan belum paham koperasi;;;;
😭;;;;
100% yakin koperasi ini akan jadi beban dikemudian hari karena keterlibatan partai....!!!!;;;;
Di desa sudah ada koperasi unit desa.Yang harus diperbaiki itu perkembangan SDM dan Usahanya. KMP itu proyek pemerintah khususnya MENTERI KOPERASI tujuan mendapatkan dana untuk kepentingan dirinya dan kelompoknya. Apalagi KLINIK DESA masuk di Koperasi Desa tidak sesuai dengan kemampuan anggota koperasi Desa yang mana KLINIK Desa biaya operasional,alat medis dan obat obat mahal.Klinik Desa itu dibawah BUMDes dan dibiaya oleh pemerintahan. Klinik Desa dibawah koperasi unit Desa kelihatan pemerintah lepas tangan diserahkan ke anggota koperasi desa. Awal pemerintah membantu Anggaran dan tindak lanjut klinik desa diserahkan ke anggota koperasi desa.;;;;
Kami rakyat sangat setuju asal menterinya bukan Budi Ari yg jls kurang mampu bahkan tak memenuhi sdmnya;;;;
Alangkah indahnya klu tempo memberikan khabar berita yg baik dan mudah diterima masyarakat;;;;
Saya yakin ini program tergesa2?dan kemungkinan gagal itu besar,dan menjadi celah Bancakan politik?cth IDT ,zaman PK Harto? Cobarekut tenaga mantan PNPM pedesaan mendiri dan  x TPP yg di PHK sepihak Kemendes mereka berpengalaman bid pemberdayaan?;;;;
Yha mestinya kita harus tau pengalaman pimpinan yang dulu dulu masalah koperasi ini tidak pernah menguntungkan rakyat yang menikmati pengurusnya bukan rakyatnya seperti KUD ini  dan masih ada lainya yang modelnya seperti koperasi, ini cuma menggendut kan pengurusnya.;;;;
Jelas mau monopoli...betapa serakahnya dari wowo dan pejabatnya...pengadilan di jaga tni.koperasi d utamkan purnawirawan..hati2  rakyat makin di tindas;;;;
"Sejak jaman dulu, semua program program memang sangat bagus tujuanya, tapi selama ini memang masalah utamanya ada di pelaksanaanya, intinya maunya mereka sejauh yg orang awam seperti saya amati adalah kecepatan pelaksanaan, nah Msalahmsalah yg terjadi selanjutnya  akan dicarikan solusinya sembari program berjalan. Saya tidak tahu apakah program kopdes ini merugikan para mafia tengkulak atau tidak tapi saya jelas mendukung.
Sejauh ini juga yg baru terlihat hasilnya mungkin  surplus beras akhirnya terwujud, itu juga tidak terlepas dari kerja keras para jurnalis yg mengkritisi program tersebut sehingga bisa terkawal masyarakat, 
Terimakasih Tempo, dan kawal terus program mbg dan kopdrs ini semoga kedepan hasilnya sesuai dengan tujuan awal";;;;
Koperasi Merah Putih program pemerintah yang sangat Bagus asal pemerintah ikut kooperatif dalam kegiyatan nya contoh memilih petugas/pengurus Koperasi Merah putih harus orang yg punya loyalitas dan jiwa sosial yg tinggi pula ! Karena salah pilih pengurus Koperasi Merah putih di desa akan sirna ! Contoh kecil perangkat desa yg jujur oleh kepala desa tidak mau memakai bahkan perangkat yg jujur di musuhi kepala desa;;;;
untuk penyediaan alat alat perkebunan atau menyediakan sembako murah lebih baik;;;;
kalau menurut sy boleh tapi untuk pinjaman dana dengan bunga rendah tidak efektif, sebab masyarakat kita kebanyakan berfikir, karena dana pemerintah, sumber dari apbn yang mana itu juga merupakan dana darimasyarakat, mereka tahunya hanya pinjam saja, gak ada keinginan untuk bayar kembali, pengalaman di bumdes, di desa kami saja warga meminjam tidak mau mengembalikan,kalau ditagih marah marah, pengurus hanya bisa elus dada saja;;;;
Korupsi merebak di seluruh Indonesia, di bukakan jalan korupsi baru lagi lewat koprasi desa merah putih, mampus APBN.;;;;
"Ga perlu lagi buka lahan ko-perupsi baruuuuuuuyu yaelaaahhhh... Ga ada gunanya. 

Coba Mentri Koperasi jalan2 lah ke desa2 jgn di ibukota aja. Turun dan cek dulu. Banyak koperasi swasta yg udah maju dan dipercaya masyarakat, tingkatkan performa mereka saja. Toh prinsipnya sama : GOTONG ROYONG";;;;
Hati 2 kalau uang sudah di luar sesuh kembali koperasi di Indonesia bukan baru X ini coba lihat kebelakang jaman orba berapa kerugian yg Tanggumg negara siapa bertanggungjawab???;;;;
"KOPERASI YG ADA AJA KALAH SAMA PENGUASA PENGUSAHA,
MO BIKIN KOPERASI ABU ABU LAGI😛😀😀😜🤪🤪😝🤬🤬😁🤬🤬😝😝";;;;
Mau tengkulak..mau koperasi.. dasarnya mental negeri ini sdh ancur 😂😂😂😂😂😂😂😂😂😂;;;;
"Koperasi Merah Putih baiknya berupa Koperasi Serba Usaha utk menghadapi Rentenir Desa termasuk Pinjol dan Kredit Perbankan Berbunga lbh 2% per bln. KMP Simpan Pinjam hrs berbunga rendah setara BI Rate & modalnya dr Dana Desa. Jadi tdk ada dana khusus utk itu. Pengurusnya bisa dr BUM-Des yg digaji oleh BUM-Des. Coba direncanakan dgn cermat shg tdk ""ngasal"" yg ujung2nya dikorupsi spt sebagian Bansos.";;;;
Apa tdk mungkin ada oknun ka des yg memonopoli pinjaman dan macet;;;;
Ke untungan nya dari koprasi merah putih untuk siapa !!;;;;
Sense of belonging anggota kurang jk dari atas ya;;;;
Saya pesimis bisa berhasil dan bisa mengoptimalkan  pertumbuhan ekonomi pedesaan;;;;
"Konsepnya matang kan dahulu... Pengawasan yang penting!!! 

Bedah aja sistem kasus dalam masa ORBA dgn produk nya KUD!!! 

Bedah.. Tuntas... Masukkan sistem yang bagusnya bagaimana. 

Gak usah muluk2...
Yang kurang itu pengawasannya.... Layaknya skrg dana desa.. Apakah pusat tahu riil dari dana desa yang di bagi... Yang ngawasi dan yang di awasi 11/12..😂😂😂

Coba hidupkan sistem intelejen.... Cost besar gpp.. Tapi program pasti jalan.";;;;
Wkwkwkkwkwk ginta ganti nama doang yg di butuhkan itu pengawasan bukan gonta ganti nama program;;;;
selama mindset masy tdk berubah, masy menganggap pinj yg sumber dananya dr pemerintah adlh hibah jd tdk perlu dikembalikan toh nanti diputihkan. di perbankan dulu ada program pendanaan utk rakyat namanya kkp dgn skema pakai agunan, hasil akhirnya tetap aja gagal.;;;;
Rezeki gak ada putusnya makasi T O K E 6 9;;;;
emang terbaik si T O K E 6 9;;;;
Gak nyangka bisa menang segini di T O K E 6 9 Auto senyum lebar!;;;;
Hanya untuk sarang korupsi aja percuma ada koperasi desa untuk memperkaya pribadi;;;;
Tempo jangan membuat  kami tidak semangat kita perlu dukung niat baik pak Prabowo maju terus pak Prabowo.;;;;
Koperasi dulu modalnya dari anggota nah jika berharap modal dari anggota berapa sih besarnya modal yg dari anggota? Tapi koperasi merah putih modalnya yg besar dari pemerintah. Skarang tinggal kita pengurusnya yg harus komitmen jangan main 2 mengololah modal yg di berberikan oleh pemerintah insyaAllah akan sukses koperasi merah putih ini amin. Saya yakin akan sukses.;;;;
Saya kira niat baik pak Presiden perlu kita dukung memang selama ini kami masyarakat bawah mau berusaha tapi kami punya keterbatasan modal terpaksa modal nya seadanya akhirnya keuntungannya tidak bisa menanggulangi kebutuhan kami SE hari.;;;;
Apa sih yg ada uangnya.. Ada proyeknya tp tdk ada hubungan dg parpol.. Semua pasti ada hubungan dg parpol, cb lihat sekarang program makan siang gratis...;;;;
Asal jangan jadi KUPERASI;;;;
Ketika orang kota sok tahu bicara soal desa, inilah gorengan tempo yang sok tahunya hanya sampai di tataran regulasi dan opini pemangku yang di atas.;;;;
Ajang korupsi. Skenario nya, koperasi bangkrut uangnya seolah olah ditangan anggota padahal dikorupsi. Kemudian diputihkan dihapus.;;;;
Rezeki gak ada putusnya makasi T O K E 6 9;;;;
Salah satu pilar koperasi adalah swadaya.....modal sendiri, menolong diri sendiri .....koperasi kuat karena anggotanya, perkuat SDM.nya....;;;;
Sebenarnya koprasi, program2 perekenomian lain sebenarnya hanya sebuah program dan proyeng, semata hanya proyek, toh pada alhirnya manfaat dan tindaklajutnya, apa lagi hasilnya tidak ada.... Sebaiknyaprogram2 yang sudah ada aja tinggal berkelanjutan;;;;
Kenapa pihak DEKOPINDA tidak dilibatkan sebagai pendamping dapam pembentukannya dan seterusnya;;;;
Oh tempo, 😂.;;;;
Koperasi merah putih harus dikelola secara profesional.;;;;
Koperasi ada pengurus dan anggota.  Tdk hanya pengurus.;;;;
Banyak korupsi ya harus banyak sedekah biar dosanya para pejabat itu berkah 😊😊😊😊😊;;;;
Lbh baik BUMDES dievaluasi dan diperbaiki kinerjanya...kemudian bisa di geser prioritasnya utk penguatan modal  usaha Unit Usaha BUMDES ( simpan pinjam, bisnis sesuai potensi desa,dll) . Kl sdh makiin berkembang, pemerintah dapat memberikan tambahan modal usaha utk pengembangan usaha. BUMDES sdh mencukupi sebagai badan hukum dan badan usaha di pedesaan. Pemerintah pusat nggak usah muluk2 dulu deh...kembangkan dulu yg sdh ada tp blm berkembang. Dr puluhan ribu BUMDES, brp persen yg berfungsi dgn baik? Mgkn kurang dr 10%.;;;;
Dulu ada Gapoktan sdh raib danany lalu skrg  BUMDes  di desaq malah tdk pernah ada laporan keuanganny lalu skrg Koperasi Merah Putih smg tdk jd ladang korupsi baru Aamiin YRA;;;;
Program instan, easy came esay go;;;;
Selama program top down sudah dipastikan menuju kehancuran, mereka tidak tahu kebutuhan desa, SDM masih rendah, literasi rendah, saya kepala desa sangat prihatin dengan program ini,;;;;
terimakasih tempo ats impormasinya;;;;
❤🎉 kpk harus mengawal ketat dari kota ke desa...;;;;
❤🎉ya hadirkan KPK dari kita sampai ke desa mengawal APBN DAN APBD jgn di salah gunakan anggaran...terutama kades2 perlu di kawal ketat melAlui KPK dari kita sampai desa..;;;;
❤🎉;;;;
mustshal,,,kop  m  nput,  mo  tumbuhkan  ekonomi  pedesaan,,,,PALING  JUGA  OMON   OMON,,,coba  pikir  apa ntdk  berbenturan  dgn  pedagang  desa🤣🤣🤣;;;;
Logika saja, Kredit Usaha Rakyat (KUR) saja NPL nya tinggi, itu sudah dianalisa loh pemberiannya. Jangan nanti koperasi menjadi cara pencucian uang. Hati-hati, ketidakpercayaan masyarakat terhadap bank dapat membuat Bank Rush.;;;;
Efek kopdes merah putih jika berdiri, kios rumahan akan berhenti, pasar Bs sepi.;;;;
harusnya dimulai dl dr 1 pilot projek di 1 provinsi agar ketika dimasivkan sdh ada acuan, pengalaman dan pembelajaran sblmnya;;;;
Sementara Gapoktan nggak jalan untuk masyarakat di pakai kepala desa gitu juga Bundes masarakat jadi alat kepala desa aja terutama di Lampung Utara kecamatan Abung Surakarta desa tatakarya tolong di priksa dulu DPD nya dan LPM nya dana dd aja banyak yang nggak jelas banyak yang korupsi di desa tolong di tinjau dilokasi;;;;
Dulu ada Koperasi Unit Desa (KUD), penyakitnya sama... Koperasi Hancur Kalo ga KKN ya anggotanya yg tidak konsisten dalam membesarkan koperasi. Semoga niat baik pemerintah ini benar2 bisa mendongkrak ekonomi desa;;;;
Yang jilbab coklat gak paham persoalan dan komunitas desa 😂;;;;
Apa sih yang tidak beresik. Tapi kalo g dilakukan masak mandeg aja bubuk manis.;;;;
"Padahal mudah kalo mau menibgkatkan ekonomi beri jajan pada anak sekolah . . 
Otomatis perekonomian menibgkat . 
Karena ukm terbantu dengan percepata  perputaran uang";;;;
"1 kecamatan berapa desa.
Lebih uangnya bangun pabrik.
1 kecamatan pabrik.
Kurangi saja barang komoditi yg di import lalu bangun pabriknya.
Contoh bangun pabrik pemintalan benang.
Agar dunia tekstil bisa berjaya lagi";;;;
Tempo antitesa Pemerintah sudah terbukti koq;;;;
Koprasi seharusnya,dari anggota oleh anggota dan untuk anggota. lucu sih rasanya kalau semua di atur dan di tetapkan dari atas.;;;;
Sebegitu besarnya dana yg mau di gulirkan, yg harus di kelola oleh orang yg tidak menguasai di bidangnya. Lihat aja nanti, ini salah satu cara untuk mengurangi penduduk dgn memasukkan ke penjara jutaan orang.  Belum di koreksi juga bahwa itu menjadi lahan korupsi lagi buat budi ari;;;;
siapa George Soros, ada yang tau?;;;;
Harusnya KUD itu, bisa di kaji...;;;;
Di desa kami sudah teebentuk masih dalam tahap legalitas antusias pasti ada;;;;
Keberuntungan saya bener-bener gacir di T O K E 6 9 nggak nyangka!;;;;
Rezeki gak ada putusnya makasi T O K E 6 9;;;;
Solusinya agar jalan program swasembada pangan dengan program koprasi merah putih di sejalankan;;;;
Yang UNTUNG PROJO DAN PSI yang BUNTUNG MASYARAKAT DESA;;;;
Apa pun bentuk nya yg pengawasan .;;;;
Selayaknya kalau koperasi merah putih dimaksimalkan, maka sebaiknya BUMDES digabungkan menjadi Koperasi Merah Putih;;;;
5m di utang sama anggota kluarga beserta selingkuhan pengurus koprasi juga masih kurang. Rakyat tetap susah payah berjuang sendiri.;;;;
"⛔BAHAYA.. ⛔RUSAK......
🚩KAMI Sngat tdk PERCAYA...pd  : ZUL.( orang POLITIK ) 
.Dana Negara,:RUSAK :!!!( KOPRASI DESA) tuk kepentingan POLITIK, Partai nya..ZULHAS...";;;;
Prabowo tidak fokus memerintah , ffokusnya kekuasaan periode 2, contoh kop.merah putih,  proyek makan gratis lihatlah siapa dibalik itu semua.Mari Pak Prabowo fokuslah melayani rakyat dengan hati bukan kekuasaan.Tetap sehat pak.presiden;;;;
"Asllmualaikum  wr,wb,

Saya mau tanya.
Bagaimqnq mengatasi jika ada masyaratkat yang menempati tanah desa sudah bertahun lalu di gusur untuk pembngunan gedung KPM.ada kah ad penggantian ganti rugi terhadap masyarakat yang di gusur rumah nya,..tolong di jwb.sekian dan trimah kasih jwban nya saya tunggu sesuai dgn UU no 2 tahun 2012 negara bagaimana mengatasi ny..";;;;
Saya membayangkan akan ada koperasi-koperasi fiktif, atau koperasi yang ada tapi tiada. Lalu pendanaan mengalir ke oknum;;;;
Bikin food estate gagal. Bikin makan siang gratis gagal. Sekarang mau bikin koperasi kalau macet atau gagal lagi gimana ? Mana dana nya gede lagi 400 T;;;;
Apa lgi ada statmen Mentri, bahwa koperasi ini nanti bisa nyerap tenaga kerja...nah dari niatnya saja sdh keliru ...jdi harus dicermati, diawasi...mahasiswa sbg generasi penerus harus peduli dg hal hal begini jangan mbebek saja mahasiswa....mana idealisme mu....;;;;
Betul koperasi merah putih harus diwaspadai oleh masyarakat... Potensi utk hamburkan anggaran dlm pembentukan Nya...terlihat modus nya.;;;;
Mungkin nasibnya akan seperti KUD KUD, uangnya dipakai bancakan oknum.;;;;
Wah Pak Presiden banyak program yg jelas jelas pemborosan duit negara, contoh soal, Dana desa ( ADD) 60% dikorupsi kepala desa, ini mungkin bisa terjadi pada koperasi merah putih salah salah koperasi ambruk karena dikorupsi kepala desa, Indonesia dlm kesulitan keuangan tapi tampak presiden buang buang duit yg nggak tentu bisa menguntungkan kalau terlalu banyak proyek presiden salah salah bangkrut negara, saya nggak setuju;;;;
Lucu gays rencana pembentukan kopdes oleh pejabat negara ditertawkan oleh pakar2 ekonomi 😂😂😂...;;;;
Tumbuh banyak koruptornya😂😂;;;;
"Sepertinya disi kumpulan orang yg pesimis n negatif.. Maaf ya seharusnya pera intlektual itu mensufut program n niat baik pemerintah yg ingin mensejahtrahkan rakyatnya melelui programnya,, 
Mana parah ahli2 teori yg ingin mengabdikan dirnya untuk rakyat,, jangan cuman protes2 aja😊🙏🙏";;;;
"Para menteri apa tdk membaca literasi program/ project yg sdh ada & msh berlangsung di daerah/ desa?
Cenderung pemborosan tp yg digaungkan adalah efisiensi 😂
- Kopdes MP apa mau .membunuh KUD & BUMDES?
- Posyandu 6 SPM apa mau memandulkan kampung KB & pokja PKK?
- MBG diberikan tanpa pandang sekolah miskin atau kaya, sekolah kaya yspt fullday/ boarding school jelas tdk memerlukan
- Sekolah Rakyat kenapa tdk ambil sekolah yg sdh ada?";;;;
Tujuan mulia dari Pak Presiden untuk mensejahterakan masyarakat desa. Apapun usahanya pasti ada risiko. Ra nggagas pengamat dadakan;;;;
Kalau koperasi itu mekanisme sebetulnya dipilih oleh anggota,,, ini sudah ditunjuk oleh kroni kroni nya,,, ini salah, didesa,,, kecamatan saya seperti itu,,,, hancur kalau seperti ini,,,;;;;
daripada uang 400t di korupsi oknum tk bertanggung jawab kan mending di gelontorkan ke desa untuk membantu masyarakat bisa mandiri supaya tak terlalu berharap ke bansos terus,yg penting pengawasanya bagus sy kira akan berjalan dgn baik;;;;
Wowo Omon Omon doang bisanya.;;;;
Koperasi Merah Putih yg akan diuntungkan yg pejabat2 negera yg terlibat dan yg buntung yach rakyat jelata.;;;;
semoga secepatnya media tempo di hapus dr nkri, karna media ini di biayai gerrge soros, yg sedang mengadu domba masyarakai indonesia. amin...;;;;
Abal Abal;;;;
"Koprasi sekarang arahnya pasti ke arah simpan pinjam... Akhirnya programnya ya negara memberi hutang rakyat dan rakyat akan membayar angsuran dan bunganya ke negara... Ayo sukseskan program Riba nasional... Motonya ""Dengan Riba Kita Membangun Bangsa"".... 😂😂😂😂😂";;;;
pada akhirnya semua akn berebut 'suara' rakyat di tingkat desa. 2029, 'pertempurannya' semakin lokal. bersiap2lah.. dan sebelum 2029, pilkades akan jadi 'kompetisi awal';;;;
Semoga tidak menjadi ajang korupsi baru;;;;
Gapoktan.bumdes .kud .nihil.;;;;
Di Desa akan ada pembentukan pengurus Koperasi Desa Merah Putih dan saya ditunjuk untuk jadi ketua akan tetapi banyak yg komplen karena saya Pensiunan dari ASN pormasinya beri kesempatan kepada yg masih belum bekerja padahal saya ingin membangun dan mengembangkan Desaku ingin maju apakah ada aturan yg sudah pensiun itu ga boleh dan ada aturannya mohon solusinya;;;;
Ada dana desa, tapi entah dananya kemana… karena di desakupun ga ada perubahan apapun 😢;;;;
"Sebagai Aparatur di Desa, kami sendiri masih bertanya tanya apa urgensinya program koperasi ini bagi desa? Masih sangat minim informasi yg kami ketahui karena ini adalah program top-down, bukan usulan dari kami calon ""objek"" sendiri.
Kenapa solusinya selalu bikin program baru drpd memperbaiki yg sudah ada, menguatkan Bumdes2 nya?
Di desa sudah penuh dengan UMKM, negara mau bikin koperasi yg terjun di sektor yg sama, saingan kok sama rakyatnya sendiri? Lagipula koperasi itu Badan usaha private, yg menikmati ya cuma anggotanya, bukan seluruh rakyat di desa.
Dan terakhir, bagaimana kami mau membangun & melaksanakan rencana kerja dalam RPJMDes jika anggaran yg ada, dialihkan untuk membiayai program pusat?";;;;
Ayooo partai partai pendukung majuuu.... ada cuan di koperasi nihh 🤣🤣🤣;;;;
Bumdes saja banyak yg gak jalan apalagi desa di bebani pembentukan koperasi merah putih, bisa burn out pemerintah desanya. Kita tahu lah sdm perangkat desanya;;;;
Korupsi merah putih…;;;;
Negara diperas scr sistematis lewat mega program prabowo…danantara, MBG, Koperasi merah-putih dll. Indonesia rawan collapse;;;;
2 kata ... hulunisasi privatisasi .....;;;;
Kopdes ambur adul;;;;
Beda dg bumdes?;;;;
Belum jalan udah ngitung UNTUNG, wkwkwkww lucu. Ladang korupsi iya;;;;
konsep ini sudah dan sedang dilakukan di pesantren alzaytun, pemerintah silahkan datang dan belajar dan berkolaborasi dengan alzaytun;;;;
Terima kasih sharingnya.barokallah;;;;
Ruwet;;;;
"KOPERASI BAGUS DITEORI PRAKTEKNYA KORUPSI YANG ADA NILEP 
 UANG NEGARA";;;;
Wis to le pesen mbah kakung , ojo ono maneh tipu2 uang rakyat wis ceto akeh duwite ngko entek kari catetan2 wae .;;;;
😂😂😂;;;;
Begini kenyataanya, harga pupuk subsidi gak sampai ke rakyat desa, harga subsidi LPJ gak nyampai ke rakyat desa, dll, yg dlolim KA sebenarnya pejabat lah, dg kopdes mudah mudahan itu teratasi. Jangan berpikir koperasi di desa tumbuh dari bawah, sudah 80 THN merdeka juga, ekonomi dikuasai mafia.;;;;
Sejak Indonesia merdeka hingga sekarang yang namanya koperasi TIDAK ADA yang berhasil. Semuanya hanya menguntungkan pengurus koperasi nya saja.;;;;
AGEN AGEN CIA DAN MOSSAD YAHUDI ISRAEL TERUS BERUSAHA MEMECAH BELAH NEGARA INI MELALUI AGEN REKRUTAN LOKAL, SALAH SATU AGENNYA BERNAMA GEORGE SOROS;;;;
Proyek2 trusss;;;;
Memang jahat;;;;
Ternyata pengusaha kecil akan bersaing pemerintah. kasihan pengusaha kecil jika tidak laku akan bangkrut sedangkan pemerintah tidak akan bangkrut jika tidak laku. Trus rakyat apa harus jadi buruh terus menerus, dan tidak bisa mandiri menciptakan usaha.;;;;
PROGRAM PERCEPATAN PENGHAMBURAN UANG RAKYAT.;;;;
Bakalan jadi ajang korupsi lagi aja nih dah ga usah macem2 lah wong kemarin yg do jawa timur aja gagal byr uang nasabahnya hadeuh2 bikin muak;;;;
sdm rata2 masyarakita rendah dan terkadang sulit cari yg berkompoten dan jujur, klu mau dismratakan progrm seperti dikwatirkan ggl😅😅😅;;;;
resep buat kegagalan; ngurus dulu BUMDES ampe sukses baru mikir koperasi atau legal establishment lain-nya. tidak mudah cari orang yang punya mimpi dan leadership belum skill ekonomi dan manajemen di desa;;;
BUMDES yang ada di daerah-daerah malah pada stagnan, mau ditambah lagi Koperasi yang tentunya membuka peluang dan pemerataan korupsi bagi koruptor-koruptor baru di 80 ribu desa🤔😢;;;;
Mafia tanah merajalela, tolong diungkapkan di papua;;;;
Mafia tanah;;;;
"Narasi terlalu dipaksakan dengan program top to bottom tidak semua buruk.
Terbukti program top to bottom seperti PNPM MP sampai saat ini terus berkembang di hampir seluruh pelosok negeri.";;;;
Koprasi. Itu sebagai penguat. Padahal di lingkungan pagiyuban pagiyuban pasti ada koprasi. Ada iuran wajib, sukarela, simpanan jasa, simpanan kesehatan dll itu udah ada di lingkungan. Rwsrga tinggal monitor cuma. Mentrinya kurang tanggap, grup  pagiyuban coba di lacak pasti ada koprasinya.;;;;
Bumdes seperti hanya jadi lahan basah di koperasi merah putih..;;;;
Koprasi merah putih baik. Tp sebelum di laksaakan. Coba audit bumdes yg bakal mengelola..;;;;
Benahi perangkat desanya yg banyak korup arah;;;;
KUD, Ketuanya Pakdenya, pengurusnya,,isttinya, ponakannya,..temenya,adiknya kakaknya,..saudaranya,,tetangganya,...muter2 dia lagi dia lagi,.😂😂;;;;
Koperasi bisa saja menjadi ku perasi. Waspadalah.;;;;
Koperasi merah putih 99% bakal jadi lahan korupsi;;;;
Keuntungan 1thn, 1 m . dari Modal berapa...yg pinjam brp...bunga brp..saya ragu...paling peogram ga sampai ulamg tahun...paling paling ulang bulan KMP tidur pulas😂;;;;
Kopereasi di bentuk dan di kelola di desa hanya memperkaya Pengurus Koperasi yg terafiliasi Parpol tertentu., Rakyat hanya sebagai Objek Cuan ., KOPERASI   Di Kelola Secara AMATIRAN bergaya RENTENIR yg. di LEGALKAN Oleh Pemerintahan.;;;;
"Hukum dulu tegak beridiri dan berani meghukum keluarga, rekan"" dan diri sendiri jika salah & korup hukum terberat

 baru pikirin Koperasi, Invetasi dll.  percuma wir..!! bikin boncoss..aj program"" it";;;;
"Bagus. 7an. Nya ya untuk. Memperluas. 
Korupsi
Contoh. Jaman. Suharto. Orde. Baru
Korerasi nya. Semua. Bangkrut";;;;
Jangan terulang lagi kejadian KUD  zaman Orba. jadi ajang memperkaya diri  oknum;;;;
"Mirip mirip KUT.....1999......
Yang akhirnya uang negara di sikat ma pengurus pengurus koperasi..... anggota nya hanya di minta kan copy KTP .... anggota nya dapat ampas....pengurus....langsung kinclong...... perampok an yg berulang...";;;;
mba iuran koprasi aja brp tuh;;;;
ada sesuatu hehehe;;;;
KMP ....fungsi utamanya melenyapkan rentenir di desa2 ..... penyebaran pu2k yg cepat dan tepat ..... stabilkan harga sembako .....  bidang usaha secara garis besar dari pusat dan detanya diserahkan ke desa .... anggaran apbn .... bisa dlm waktu dekat selanjutnya perbaikan .... notaris di satu titik perkecamatan;;;;
Cari duit via Content;;;;
"Kalian cuma tau melalui kabar mbaca media
Kami yg lebih tau yg tinggal di desa paham kalian sampai di sini... Kalian saya sumbang ya saya tonton nih media kamu..berarti saya punya kontribusi view pada acara ini... Artinya konten kalian cari duit dari view termasuk saya ikut nonton";;;;
Di desa banyak lahan tanah nganggur kang, juga banyak anak muda nganggur.. Paham ngga kalian sampai di sini;;;;
tujuan pembentukan Sembari mengumpulkan massa untuk pilpres 2029,manfaat untuk masyarakat Nol besar, sama seperti BUMDes hanya memperkaya Kades dan direktur BUMDes nya saja.;;;;
program hibah gede-gedean...;;;;
Yang untung MENTRI koperasi...... JUDOL ya kasusnya berhenti;;;;
Amanah ga??;;;;
KMP, plus minus terus dibahas. Di lapangan sosialisasi  pembentukan dg Inpres no. 9/2025 terus jalan.;;;;
Yg buntung msh rakyatttt;;;;
Insya Alloh tujuannya bagus untuk kesejahteraan, koprasi desa paling tidak sudah berjalan dan mampu mengembangkan usahanya, tidak setiap desa bisa;;;;
"Ini koperasi model amat sa ngat tdk sesuai dg ilmu kop.
Apa ya ada : Simp. Pokok, Sim Wajib , simp Sukarela  anggo ta. Kita nantikan  kehancuran nya  Kukira tdk sampai 3 th  kok hancur . Program kerja presiden kok lucu2.  MBG  ter nyata proyek  untuk pengurus n pndukung ..partai tertentu";;;;
Untuk meningkatkan ekonomi masyarakat desa bukan dengan operasikan kopdes merah putih bagaimana mau bayar utang kalau yang ngutang itu kagak gablek pekerjaan yang mengakibatkan kagak ada penghasilan gimana ini berikan lapangan pekerjaan;;;;
Makin rusak;;;;
setuju karena BPR berkedok perkreditan rakyat ternyata bunganya tinggi...;;;;
Bakal jadi proyek gagal kalau tdk didukung oleh SDM Desa yg mumpuni. Krn mhn maaf, secara umum Desa itu lemah pada SDM, sdgkan SDA nya sangatlah memadai dan belum dikelola secara maksimal oleh pemerintah desa masyarakat setempat.;;;;
Skeptis...belajrlah dari pengalaman...Koperasi Unit Desa(KUD)apa kabar??? Masih gak sih..apa bubur?.;;;;
Ya ampun ini buang2 anggaran lagi pemerintah, belum dana MBG yang menghabiskan anggaran yang besar. ini koperasi merah putih di kasih modal 5 M. gede gila... dana itu udah dapat 2 indomaret dan 3 gerai raja susu, 1 toko material dan 1 agen (beras, minyak, telur).  hey para menteri mikir mikro makro ekonomi nggak sih;;;;
bagi2 para pejabat politik untuk ngrampok uang dana desa.....................;;;;
"Koprasi merah putih ini, sangat politis sekali, krn pemerintah menempatkan orang2 parpol dr PAN dan Gerindra.
Utk pengurus koperasi di desa, kita tahu semua bgmn mental masyarakat desa, bancakan dana dr pemerintah yg berakhir dgn tdk jelas kemana alokasi dana tsb.";;;;
Kalau ada partai politik yang ikut jadi masalah nantinya;;;;
"Kalau ada koperasi harus menambah 
Perangkat desa";;;;
Tar pelesrtannya apa ya klu dulu kud jd ketua umtung duluan kut keur urang tiluan tas istilah apa lagi yg baru;;;;
Hebaaat,dunia korupsi makin mmbara.sedang dibuatkn lahannya ,tinggal tunggu tanamnya . Masa panen tiba lahan merana.;;;;
Menurut pemikiran saya sebaiknya Koperasi Merah Putih didirikan bertahap  dgn sistim ujicoba sistim manajemen yg akan diterapkan  apbila didesa yg diujicoba telah berjalan baik sesuai dgn apa yg diinginkan presiden baru kemudian secara setentak di  buka utk seluruh nusantara, jangan lupa kopersi dan BUDES yg ada dan telah berjalan dgn baik jangan dibubarkan tetapi harus disinergikan dgn Kop Merah Puti namun jika BUDES yg ada tdk bagus dpt ditutup dan kegiatan usahanya dialihkan ke Kop Mrah Putih, wassallal;;;;
Sekarang di setiap desa sudah ada BUMDES, kenapa tidak mengembangkan dan memajukan bumdes saja baik permodalannya maupun manajemen organisasinya.;;;;
Sy pelaku koperasi. KMP itu sulit diterima sbg gerakan asli koperasi! Dijamin gagal.;;;;
Yg penting SOROS/AMERIKA Menang;;;;
Koperasi merah putih bertentangan dengan koperasi Hatta..., 😅😅 Kades sebagai ex - officio pengawas koperasi...asssik bisa pakai nih dana koperasi untuk beli mobil baru...😅😅😅 Ancur!!;;;;
LAPANGAN PEKERJAAN BARU UNTUK PARA MALING APBN😅;;;;
Koperasi merah putih sudah bertentangan dengan koperasi Hatta...😅😅;;;;
Sianipar simulut besar viki himpong keren berani krn benar.. melawan hoak;;;;
Semoga cita2 mulia untuk mensejahterakan masyarakat Desa tercapai,;;;;
Bawa2 merah putih tapi mna yg merah putih ,,yg ada rakyat merah darah nangis ,,karena miskin;;;;
Saya masih sulit memahami koperasi merah putih yang dibentuk oleh pemerintah karena   setau saya koperasi itu ada karena adanya anggota yang menghimpun dana melalui simpanan pokok, simpanan wajib dan sukarela dari masing-anggota untuk dikelola menjadi usaha bersama . Kalau koperasi dibentuk atau dimodali pemerintah lalu siapa anggotanya ? .;;;;
Setuju..kalau mau bantu modal usaha, jangan pakai denda harian, bukti pembayaran bunga dan pokok harus dipisah. karena usaha bisa saja hanya bisa bayar bunga bulanan. dan jangan ada denda pembayaran lunas jika blm waktu pelunasan.;;;;
di desa ku kemarin sudah mulai hire orang buat handle nih koperasi, tapi ya belom jelas konsep nya akan gimana, sementara bumdes berjalan tapi ada isu 'fraud' yang masih dicari warga 🙃;;;;
Kenapa perasaan, Indonesia ini cuma berpindah kepengurusannya dari gerombon memperkaya diri dan gengnya yang satu, ke gerombolan lainnya.. kapan mau jadi negara yang sejahtera rakyatnya kalo begini terus..;;;;
Hanya ladang untuk para koruptor 😓;;;;
Koprerasi  ...ujungnya kokmati krn byk itk biaya operaasional pefawainya,blm lg yg dikorup;;;;
masih mending sih zaman Pak Prabowo, tidak seperti zaman Mulyono mengkritik sedikit masuk penjara, didunia Mulyono bisa berkuasa tapi jangan kaget diakherat bukan hanya balasan Allah SWT tapi pasti bertemu dengan orang 2 yg pernah dizolimi;;;;
Koperasi itu lahan basah untuk instansi plat merah;;;;
Bahas pagar laut lagi dong. Belum jelas endingnya;;;;
Kaukuperasi ?;;;;
Ngomong-ngomong program Prabowo ini obsolete semua, mulai dari MBG, Transmigrasi sekarang Koperasi. ini program orba semua, nggak inovatif sekali. bener deh Indonesia gelap 5 tahun kedepan;;;;
SEMUA SAMI MAWON;;;;
TERMASUK JUGA BUMDES JUGA POLITIS ,;;;;
KUD , KOPTAN , KSU , KSP , KOPPAS , GAPOKTAN ,  KPN , PNPM , DAN KOPERASI MERAH PUTIH  DAN SETERUSNYA  SEMUA POLITIS;;;;
Mau kasih ladang kurupsi lagi???. Kalau memang pemerintah ingin membantu rakyat di desa yang mayoritas petani lebih baik pupuk disediakan byk dipasar dijual sama seperti zaman pak harto. Sy orang kampung masi menikmati program pak harto. Disediakan pupuk, sapi dll. Kalau sekarang mau beli pupuk, obat-obatan pertanianya mahal dan susah.;;;;
"BowWo si Macan Circus mengajak seluruh rakyat Nkri untuk BERMIMPI DENGAN Indah...BowWo tidak tahu atau tidak fahami.. Mungkin sengaja pura-pura( nipu diri)  tidak fahami ..
Untuk lelapkan mata, mjoriti rakyat ngak bisa..
Situasi waktu ini, perut kosong, kelaparan..tutup mata tidur nyenyak ngak bisa..TIDUR AJA NGAK BISA...GIMANA UTK BISA BERMIMPI NGAN MIMPI INDAH..
Asalkan kembali kpd reality..natural aja ngak apa me jadi kucing skalipun..manfaat apa selain hiburan, jika anda BowWo kalau pun MACAN bahan tontonan di CIRCUS..😂";;;;
Haadeeh ngurus MBG aja amburadul , apa lagi ngurus koperasi merah putih..!;;;;
Program ga jelas;;;;
Presiden pilihanku aku posing progammu 😂😂;;;;
".. Optimisme Menkop-Budi Ari bhw KopDes MP pasti berjalan di desa mmg patut diacungi JEMPOL. Namun, apakah keyakinan itu sdh didasari oleh data & fakta kehidupan yg ada di desa? 
SDM pengelola koperasi, sdh pasti akan jd persoalan klasik yg blunder, blm lg soal2 lainnya yg bakal wujud & tdk menutup kemungkinan akan terjadi ""repetisi budaya"" koperasi masa lalu.";;;;
".. KopDes Merah Putih merupakan sebuaj wujud ""ego rezim"" yg menggunakan ""power domination"" sehingga mengabaikan segala aturan terkait substansi koperasi.";;;;
Kebijakan yg berskala nasional spt ini seharusnya dibangun bottom up, mapping dulu kondisi obyektif di desa2 kan ngga seragam, belum lagi soal ketrampilan manajerial pengurusnya, apalagi jika melibatkan APBN dan derifatnya, jangan sampai muncul kemubaziran anggaran negara.;;;;
"Penyakit koperasi paling banyak adalah korupsi, gk di desa atau kota sifat manusia sama yaitu rakus. Uang yg datang mudah lebih mudah menguap.
Tdk perlu repot yg KUD nya msh ada tinggal lanjut.";;;;
"Hai Pemerintah rakyat bangsa indonesia termasuk saya sudah kehilangan 8 Triliun Rupiah lebih dari Koperasi Sejahtera Bersama yang sampai saat ini kementerian koperasi diam saja. 
Bagaimana nasib kami nasabah jika satgas Kementrian Koperasi yang dibentuk sejak tahun 2020 mati suri dan tidak ada progress. 
Saya duga apakah ada kesepakatan jahat antara kementrian koperasi dan koperasi sejahtera bersama ??? Kasihan banyak nasabah yg meninggal karena stress. 
Tolong pak Prabowo jangan sampai Koperasi Merah Putih bakal membunuh lebih banyak nasabah untuk itu tolong dipertimbangkan.";;;;
Ada2 aja sih programnya aneh2, sektor2 lain dibikin macet, buat dipaksakan ikut dan tergiring dengan program2 baru , masih mending sektor2 lain masih jalan sambil progres program baru, lah ini sektor2 lain melemah, dan dipaksakan program baru yang masih direncanakan dan lambat,,,;;;;
Bincang2 cuma nak buat kontenan demi RP;;;;
Apa iya dua orang disampul termasuk yang integritas terendah di antara 100 lebih anggota kabinet;;;;
Bikin koperasi kalau modal awal didrop nggak bisa jalan itu mengajari mental ngemis membuat orang nggak produktif sebelum pemerintah menyebar duit dikoperasi tunjukkan koperasi yg sdh sukses mensejahterakan anggotanya;;;;
Harusnya.kopetasi itu dari anggota oleh anggota dan untuk.anggota , bukan dari pemerintah , oleh oemetintah dan untuk pemerintah;;;;
usaha ada BUMN termasuk bank, kl koperasi bisa koperasi milik negara?;;;;
Barangkali lebih baik pemerintah membantu pengembangan koperasi yg sudah ada dengan memberikan ide pengembangan produk ( usaha ) dan menampung produk yg dihasilkan dan pemerinrahlah yg mengeksport produk dari yg disediakan koperasi;;;;
Kalo si budi ular itu ikut nimbrung semuanya akan rusak...;;;;
Tidak usah mmbuat judul baru dengan cerita yang sama. Koprasi yang beredar di desa itu banyak,  itu sdah ada mekar dll. Yang di hutuhkan itu LAPQNGQN KERJA;;;;
Darurat ini brow gmn sikap anda adqnya indomaret dll yg ada desa ada dananya berputarvdi desa itu masalahnya;;;;
Waduhhh bertambah ladang buat korupsi dana desa saja belum beresss;;;;
Baru sadar isinya nyinyir semua ohhh ternyata TEMPO toh. Gak heran....;;;;
Budi Arie selalu mencari cara untuk mendapatkan setoran buat bossnya yaitu Jokowi. setelah judi online trus digeser ke menkop maka skrg minta anggaran 400T buat koperasi..akal2an si BoBI ( botak biadab ) aja itu mah buat rampok duit rakyat..;;;;
nara sumbernya ga berkelas;;;;
Apapun bentuknya dari jaman bejembut sampai sekarang kalau masih tidak ada kejujuran  dan masih ada koropse jangan harap  indonesia makmur jangan mimpi disiang hari bolong rakyay siap2 saja  sengsara  yg senang dari dulu sampai sekarang ya prjabat sudahlah jangan banyak cicong tidak percaya delama achlak pejabat masih munafik jangan harap deh kita merdeka;;;;
HA HA HA TEMPO LAKUKAN PENYESATAN INFORMASI HA HA HA MASALAH KOPERASI DIBENTUK DARI ATAS SELURUH ASPEK ATURAN DAN KEGIATAN DARI ATAS YA GAK ADA MASALAHKAN MISAL DI TEMPO SENDIRI ATURAN DIBUAT MANAGEMEN DARI CEO BUKAN DIBUAT OLEH PEKERJA SENDIRI KARENA MODAL ASET DARI CEO JADI CEO BERHAK BUAT ATURAN HA HA HA BEGITU HAL NYA KOPERASI MERAH PUTIH YANG KUCURKAN DANA DARI PEMERINTAH PUSAT TENTUNYA PEMERI NTAH PUSAT BERHAK BUAT ATURAN UNTUK MENGATUR KESEMUANYA INI MENJAGA ASET KOPERASI BIAR TIDAK DISALAH GUNAKAN HA HA HA MOHON MAAF MBAK MBAK TEMPO JANGAN NEGATIF THINKING JANGAN KAIT KAIT KAN DENGAN POLITIK;;;;
Suatu program tgdipaksakan 😅;;;;
‘Koperasi’ MP berlawanan dengan azas, fungsi & tujuan koperasi…Lha opo tumon?;;;;
Koperasi Merah Putih adalah Cara Presiden Untuk Menguasai Rakyat di Tahun Pelpres di 2029.;;;;
GK di komimfo GK di koprasi masih aja ni orang cari ladang buat korupsi;;;;
Lahan korupsi baru;;;;
Merah semua di wilayahmu sehingga tidak ada yang mendominasi dirimu untuk terkait menjalankan BUMD jika tetap nampung bahan sembako yang di makan dalamnya sudah hilang bersama koperasinya.;;;;
itu sangat mengerikan.., apakah sesuai dengan aturan konstitusi? DPR terus ngapaian diam aja? ngak dikawal? tunggu terjadi planggaran dulu ya?;;;;
Di atur dari atas itu karena level bawah sudah mandul;;;;
CSR lebih baik dinikmati masyarakat desa daripada selama ini hanya dinikmati seelintir orang yang berada di Pemerintahan, baik eksekutif maupun legislatif...;;;;
Koprasi bukan menghapus tengkulak, tapi menggantikan tengkulak...;;;;
Maaf ya kalau saya keliru tentang koperasi maklum adh laamaa sekali ,mungkin sdh ada perbaikan aturan dsb.....seoengetahuan saya ttng kop iru adalah perkumpulan orang, berbeda sengan perusahaan yang merpjan perkumpulan modal, shg tuapa anggauta kop mempunyau  1 suara dalam rapat penentuannya....kop dubentuk usaha dari  masing2 anggta shg ada kop, tertanian, kop para nelayan ,simpan pinjam etc....kl yang saya dengarkan tadi penjelasannya pengurusnya  rata2 dr orang partai tah .....whats  next gitu loh .  .... maaf kl salah krn itu pelaharan koperasi saya thn 69 an 😅😅😅;;;;
Hancur deh BUMN Perbankan ...😢;;;;
Kehawatirannya K M P nantinya menjadi KMPP  ( koperasi Milik Partai Partai );;;;
anehnya  program ini itu mengabaikan koperasi gapoktan dan koperasi wanita di desa harusnya kan di verivikasi dulu yang perlu koprasi merah putih itu yang memang tidak ada koprasi di desanya kalu ada koprasi gapoktan atau koprasi kopwan yang sudah jalan ya evaluasi dulu dong perlu atau tidaknya koperasi merah putih;;;;
Koperasi ditingkat desa bukan konsep baru, sperti halnya Koperasi Unit Desa (KUD) dulu. daripada membuat program baru yang konsepnya selalu gak mateng dan jadi ladang cuan orang-orang tertentu mending maksimalkan kembali BUMDes. Setiap desa ada BUMDes tinggal pengelolaannya saja yang perlu di tata lebih baik.;;;;
Bisa jadi kekuatan suara pd pemilu yg akan datang..... mengatakan mengingat desa jml yg relatif buanyak.;;;;
Isinya mafia semua..haha;;;;
Rakyat akan semakin susah karna banyak utang............................tidak mendorong produktifitas;;;;
Jangan2 jadi tengkulak terstruktur dan penentu harga. Sama seperti badan penyanggah cengkeh;;;;
Koprasi d bentuk untuk kepentingan politic 2029 ketika sudah berjalan jelas simpul2 sudah terbentuk 😂😂;;;;
Yang dibingunkan itu, kenapa menjalankan proyek, eh program flagship barengan di tengah adanya defisit dan hutang yang jatuh tempo ya? Maksudnya, ga bisa apa kalau satu satu dan dibuat contohnya dulu satu dua tahun biar kelihatan dampaknya? Saya bingung...;;;;
dengan maraknya kasus korupsi di negeri ini, bukan kita pesimis dengan kebijakan pemerintah, tp ini bisa menjadi incaran para begundal negeri sebagai ladang baru untuk dikorupsi.;;;;
😢tempo bisa komentar tapi gak bisa memberi solusi;;;;
Mesti ekstra hati-hati;;;;
Setiap Program apapun yang dibuat selalu merugikan rakyat dan selalu menggerus apbn tanpa ada manfaat jelas;;;;
perbaiki dulu UU koperasi, bnyk koperasi (BMT) di kota Pekalongan yg gagal mengembalikan dana nasabah nominal nya puluhan Milyar, smpe skrg ga ada kejelasan;;;;
Pemda saja ngeluh, program Presiden sekarang kesannya buru2, gak ada perencanaan matang jadinya pelaksana di daerah bingung nyiapin ini itu padahal anggaran diperketat;;;;
Ini proyek kim plus tuk memuluskan partai baru si mulyono dgn nebeng duit apbn dan nnt anggotanya diklaim partai ..alibinya tetep rkyt miskin..pdhl koperasi yg ada aja pd bangkrut di korup pengurus atau anggotanya yg nunggak..kpn negeri ini selamat dr org org laknat dan busuk .😢😢;;;;
Sasarannya tdk lain sebagai team sukses pilpres 2029...mana ada mkn siang gratis hr gini...😂😂😂;;;;
Bumdes aja banyak yang gagal, banyak pemdes malah melakukan bumdes abal abal yang penting seperti ada bumdes, tapi anggaran gak masuk akal. Dan itu pun tidak ada pengawas independen, maupun tidak ada laporan keuangan publik... 😂😂😂;;;;
"Berikutnya SR Sekolah Rakyat....

Gimana itu konsepnya?....
@TempoVideoChannel";;;;
setau kita jaman sekolah dulu koerasi di bentuk oleh anggota untuk anggota bagi anggota, rupanya ada juga koperasi dari pemerintah untuk anggota oleh pemerintah;;;;
paling cuan emg di alexis17 modal 100k jd 4jt;;;;
"Saya salah satu yang diajak ikut serta mengelola koperasi merah putih.
Dalam koprasi ini ada 7 point khusus yang dapat digunakan untuk pengelolaan koperasi ini.
Namun dengan 0 suku bunga.

Karena 0 suku bunga 
Agak bingung untuk operasional lapangan nya.";;;;
Selama UU perampasan aset bagi koruptor belum disahkan maka korupsi akan merajalela termasuk Koperasi merah putih akan menjadi bancaan;;;;
dana desa yang besarnya 1 milyar per tahun aja tidak terlihat ada pembangunan di desa;;;;
"BUMDES (Badan Usaha Milik Desa) saja yang berdirinya sudah lama, hanya beberapa persen saja dari keseluruhan desa se-Indonesia yang berjalan dengan baik.
Sisanya hanya formalitas untuk buang2 anggaran saja.";;;;
Klu pendapat saya, utk meminimalisir dana yg digunakan untuk pembentukan koperasi ada baiknya koperasi ini didaftarkan dgn metode pendaftaran BUMDES di kemendes;;;;
mestinya pilot project dulu 1 atau 2 desa dimasing2 kabupaten yang nantinya klo works buat percontohan desa-desa lain;;;;
Yang penting pengawasannya yg ketat uang besar di Desa itu;;;;
Rakyat pedesaan jangan mau dibodohi oleh Prabowo untuk membangun Koperasi sebab uang Anggota bisa lenyap wek wek wek;;;;
Untuk membangun Koperasi Pedesaan harus menunggu pemimin yg Jujur, adil dan amanah jika sekarang uang anggota bisa lenyap dikorupsi🤣🤣;;;;
Seharus yg di bahas, setiap jenis usaha (7 jenis usaha ) di bahas, apakah memang  jenis usaha itu merupakan kebutuhan setiap desa, kalau cuma asumsi asumsi yg engga jelas di bahas, itu cuma omon omon doang;;;;
Hanya hayalan semu para pejabat,;;;;
Remek wowo klo bikin program...;;;;
Ladang korupsi baru ini mah;;;;
Akal2an wowow aja, ntr juga orang2 dia yg ambil proyek2 gini. Atau bahkan tentara yg ngurus, kayak mbg. Program2 aneh buat orang2 titipan;;;;
Rampas aset ga diurus malah bagi bagi project sampe level desa lagi susa kapan lagi bisa nilep kt wong deso;;;;
Percayalah 1000 % , uang yg di kelola desa apapun namanya dari jaman dulu sampai skrg ,hilang musnah gak ada pertanggung jawaban...;;;;
kurang ajar bikin koperasi dan danantara , pembodohanasal;;;;
"Danantara : sentralisasi korupsi yg terintegrasi ....
Koperasi Merah Putih : 
Desentralisasi/pemerataan korupsi di 80 ribu desa😛🤪😉";;;;
"Indomaret sdh sampai didesa2 yg sdh 1 harga. 
Yg diskon tiap akhir pekan. Layanannya payment, debet dan paket. 
Pasti blanja di indomaret atau toko swalayan yg lengkap dan harganya lbh murah. Atau di toko agen sembako yg murah";;;;
Biasanya harga koperasi mahal;;;;
siapapun yang untung tetap rakyat yang buntung dan luntang lantung .;;;;
Bumdes cuman tameng hanya nama saja di desaku ada strukturalnya tapi tidak berjalan dan tak ada fungsi ke masyarakat,harusnya pemerintah di atas harus turun audit memastikan keberjalanan bumdes;;;;
Kakehen Polah..  Mbelek Singa...program ra ana sing gawe sejahtera rakyak kecil....golet gawean tetep sulit....Kopetlah...;;;;
Jadi mirip sosialis komunis ya? Koperasi apa sih ini? Apa mirip yg dibentuk Soekarno? Tapi pada jaman Soekarno, koperasi tidak membebani rakyat, cuma bantuan pemerintah agar bisa membeli sembako lebih murah dp beli di toko. Cuma memang tidak tiap hari bukanya. Hanya buka disaat pemerintah mau bantu masyarakat saja. Ketika membentuk sesuatu janganlah membebani rakyat.  Kalau yg jaman Soekarno yang bekerja adalah perangkat desa. Sehingga pe 12:35 merintah tak perlu menggaji karyawan🎉 dan pos2 nya tidak besar sehingga tak perlu sewa gedung.  Mudah2an  mentrinya Prabowo tidak suka menghamburkan uang pajak rakyat. Ingatlah jaman sukarno membeli sembako tidak dikenakan pajak. Beda dg sekarang. Beli atau bayar sesuatu selalu ditambah pajak 11%. Kasihan bung Karno, dijatuhkan secara tidak hormat. Tapi apapun yg terjadi, Soeharto sudah menuai apapun yang telah dilakukan.;;;;
KUD dl aja blm selesi sampai yg utang2 udah pada mati;;;;
RESIKO GAGALNYA TINGGI MEMANG ITU YG DICARI.. YG PENTING 400T CAIR😂;;;;
program yang tidak ada studi kelayakan sangat sulit untuk diprediksi apa yang akan terjadi, secara bisnis tanpa FS orang pasti tidak mungkin invest;;;;
dulu Ada program KUBE(kelompok usaha bersama) alih alih dianggap sebagai solusi peningkatan ekonomi desa, eh dananya malah dibagikan secara tunai dan jadi produksi komsumtif.😢;;;;
Gak ada guna nya toh ujung ujung nya masih import;;;;
Yg diuntungkan ttp gang nya mulyono....proyek mulyono sbg bentuk perjanjian dgn pemerintahan baru di pilpres kemarin.;;;;
solusinya lengeserin...buat kebijakan ga pke prtimbangan trus..seenak perutnya....coba brp prsen bumdes yg eksis..ga smpe 2%...aplagi kud hanya tinggal cerita...ini cari2 mslah dan buang2 duit aja ...itu lah klo orng yg prnah masalah dngn  negara dikasih kekuasaan;;;;
Besok di desaku akan ada pembentukan koperasi merah putih ini, dan saya harus memimpin rapat, sementara saya sendiri masih bingung dengan konsep koperasi ini yang terkesan dipaksakan, sementara BUMDES yang sudah ada saja tidak berjalan dengan baik, karena sulitnya mencari orang yang benar benar kompeten;;;;
BUAT KOPERASI DI DESA2, SAATNYA PILPRES BISA DIMANFAATKAN UNTUK PASLON TERTENTU;;;;
Anti Koperasi merah putih = ANTEK ASENG hahahahahaha narasi antek aseng memang favorit warga IQ78;;;;
Baru beberapa minggu yg lalu didatengin salah satu perangkat desa yg intinya ngajak saya buat berpartisipasi mengabdi kepada desa melalui jalan jadi pengurus koperasi merah putih. Saya yg baru denger program itu bingung, koperasi yg asalnya dari masyarakat aja seringkali ujungnya mati, apalagi koperasi merah putih yg inisiasi, dana, sampai bidangnya di atur oleh pemerintah pusat. Sampe selesai obrolan saya mikirnya kalo ini program yg sangat riskan karena risiko gagal yg tinggi. 😃;;;;
Padahal baru beberapa bulan di lantik tapi udah bikin gaduh terus dgn progam/proyek yg ga masuk akal,masih harus bersabar 5 tahun kedepan😢;;;;
Sebenernya prabroro itu ngerti ga sih? 😂;;;;
Program = proyek;;;;
awas ada narasi antek2 asing;;;;
"TEMPO DAN BOCOR ALUS GA PUNYA NYALI KALO GA BAHAS PERKEMBANGAN KASUS PERTAMAX OPLOSAN. 
AYO DONG TUNJUKKIN TAJI PERS INDONESIA. JANGAN2 TEMPO.........";;;;
Nyimak;;;;
Mari kita belajar dari gagalnya KUD jaman dulu sedangkan hari ini penegakan hukum masih belum stabil;;;;
Undang Dr. Rismon Sianipar, dong;;;;
Horeee.... Bagi bagi proyek lagi.... Sejarah akan terulang kembali....;;;;
"gapoktan ku juga sudah punya koperasi sendiri, memang tidak bermodal besar, tapi kami sudah berjalan

kabarnya kemarin ada desa merah putih, dan kami sebagai gapoktan akan ada di unit penanganan pendistribusian pupuk untuk petani";;;;
gmna kabar DANANTARA nich ???;;;;
setahu saya koprasi selalu bankrut di korupsi.;;;;
"Gagasannya SIH SELALU BAGUS

PELAKSANAAN NYA???

KORTEX aja belom beres2

Rakyat manut. Meskipun keringat darah air mata bahkan tinggal nafas dan tulang saja yang masih tersisa. Tapi apa daya ketika Indonesia dijajah oleh bangsa nya sendiri

Miris..";;;;
Biasanya gerakan pemerintah urusan nya ribet, kalah sama swasta urusanya simpel dan cepat. Contohnya Pos Indonesia kalah saing sama swasta;;;;
Menurut saya perlu tenaga dari luar negeri untuk menciptakan budaya kerja saat semuanya sudah jalan baru pakai semuanya lokal seperti yang di terapkan oleh kereta cepat.;;;;
Banyak jalan menuju korupsi..;;;;
Yang untung oknum begal, berhasil mengubah Koperasi menjadi KUPERSI. Yang rugi pihak sumber dana Himbara dan Negara ( APBN )😊😊;;;;
Gak di startup, gak di pemerintah idenya cuma minjemin uang;;;;
asik ladang korup lagi nih di tingkat desa;;;;
"Udah pernah dibilang, sama tim Bocor Alus kalau ga salah,
Kalau pengelolaan tambang, juga bisa dikelola sama koperaau

Dan koperasinya bisa dibentuk dari orang parpol

Kesimpulannya?
Ini dari mereka, buat mereka mereka juga
Circle duit duit juga
Circle pejabat pejabat juga

Rakyat dapet apa ? Ga tau dah ... 🗿🗿🗿";;;;
Pokoknya semua proyek buat dikorupsi doang..dahh itu doang;;;;
Duit gede .. jatah Budi Ari lagi....mengalir sampai kemana🎶🕺💰💰💰;;;;
Adanya koperasi ini secara tidak langsung ada peringatan bagi pedagang. Jangan mempermainkan dan getok harga sesukanya bersaing dengan sehat.;;;;
Bisnis lumbung suara. Dan korupsi. Uang rakyat yang ludes. Waspada saudaraku.;;;;
Kita berfikir objektif aja. Selalu ada plus minus, dari sisi positifnya berarti desa akan ada likuiditas, 10M ini akan beredar di desa, dari si peminjam akan terus beredar, ini bisa membuat orang kaya baru di desa & memajukan perekonomian desa. Dari sisi negatifnya, ini akan sangat rawan gagal bayar & korupsi dana nya di desa, so pasti himbara akan sangat dirugikan, jd buat investor kurangin dl pegang saham bank, presiden kita kali ini kurang bersahabat dengan bank.;;;;
Wowo lagi main negara-negara an...  Lol;;;;
_Dana awal dari pemerintah pada tahun berikutnya dana dari anggota koperasi yaitu masyarakat setempat melalui iuran dan tabungan, itulah agenda pendirian koperasi merah putih._ 😂;;;;
Pokoknya payah jika masih bantuan berupa bentuk uang.. tetep mau model apa aja tetap ada jalan untuk korup bagi perangkat.mending kasih bentuk barang langsung ke petani dll, contoh untuk petani  datang kan tim ahli untuk survei daerah kira2  tanaman,ternak apa yg cocok untuk mereka kash bibit,pupuk dll, lalu sediakan pasar untuk membuang hasil tersebut.;;;;
"Koperasi sistem ini bisa berpotensi KKN.
Semoga tdk terjadi.";;;;
Mahu tutup mulut orang sudah tahu bukan kertas yang kita tutup mulut mahu sembunyi mulut mahu sembunyi muka orang sesudah tahu bukan tumpit kau isi duit boleh sembunyi ini video dan ini rekaman dunia ini internet bukan internet sekolah bukan barusan internet internet ini dari jaman masa dulu yang kamu masih budak-bud ingin tahu internet biar kopral bobo ka rusia apa kamu orang mahu untuk tahu kamu belum tahu pelajarannya macam mana benda ni alat-alat dunia pecah rekod punya alat ini dari cina cina dulu cina cina boleh duluan asia ini belum belum belum belumnya;;;;
"MBG aja di ladang korupsi.
Apa lagi ini koprasi..
Akal akalan pejabat aja ini mah buat bikin proyek..
Biar dananya bisa menguap kekantong pejabat";;;;
Berarti apa Yang bisa pinjam yang punya pinjam saja yang gak punya usaha gak bisa pinjam,,, berarti orang orang kaya saja yang bisa merasakan hasil koperasi;;;;
Klasik, itu cuman teori diatas kertas. Sy yakin itu proyek pencitraan aja. Demi Tuhan sy yakin tidak akan mengubah nasib rakyat secara adil dan langgeng. Jangan2 hanys untuk nguras uang negara;;;;
"Ngga ada pilot projek, tanda-tanda ngga mateng, hanya instruksi dan ajang menghabiskan anggaran (yang sebenarnya ngga ada)

Bisa kah bertahan melewati 2030?";;;;
👍;;;;
Yang ngurusnya ketua Pro Jo Kopret. Laaah, bakal disalahgunakan;;;;
"Informasi yg sempat saya dapatkan dr kades di desa saya, bahwa modal pendirian koperasi sebesar max 5M itu merupakan hutang yg dibebankan pada pemdes...
Sudah terpola bahwa dana desa tahun² mendatang, sebagiannya adl utk mengangsur cicilan sampai terhitung lunas dalam tempo 5 tahun 😅";;;;
"Salam semangat untuk jurnalis tempo, saya selaku pendamping koperasi atau Exs PPKL dari berbagai angkatan mulai dari 2012-2019 (penempatan seluruh wilayah indonesia atau tiap kabupaten kota) yang telah di PHK secara sepihak per 1 januari 2025 oleh kemenkop RI dikarenakan efisiensi karena gaji kami sedari awal masuk kategori barang dan jasa, sampai saat ini nasib kami tidak tau bagaimana ujungnya, padahal kami pencari nafkah dan mengabdikan diri selama ber tahun-tahun untuk mendampingi koperasi. Apakah elok ditengah ketidak adilan pada kami, justru pemerintah punya program KDMP dengan biaya yang fantastis dibandingkan gaji kami yang perbulan masih di angka 2.600.000??? Dan apakah elok jika ada program pelatihan besar2 ran bagi calon yang nantinya akan jadi pengawas koperasi desa???
Semoga Allah membuka hati bapak dan ibu pejabat yang terhormat🙏";;;;
Nnti kya BLBI;;;;
wahh itu menkop ketua projo... koperasi mera puti bisa buat penggalangan projo nanti nih... buat gibran nyapres nanti..;;;;
Apakah Judol akan makin membara dengan dana segar baru ini ??;;;;
Pendampingan secara online, pengurus yang bersih scr ideb slik, ada sertifikasi/lolos tes untuk pengurus-baik scr pengetahuan maupun pemahaman visi misi sekaligus surat pernyataan tidak kkn dan memperkaya diri sendiri maupun keluarga.;;;;
Beban berat demokrasi di tengah tengah kebodohan dan kemiskinan rakyat;;;;
"Jumlah Desa 84.000-an wilayah desa (BPS)
Kalau mesti bangun Kantor Koperasi, kurang lebih anggaran 200 jt / kantor, kenapa 200 iya standar PBJ, biar bisa Pengadaan/Penunjukan langsung.

200.000.0000 x 84.000 = Amazing...";;;;
SIAPA UNTUNG SIAPA BUNTUNG ?;;;;
Lahan korupsi baru;;;;
Kalau semua jenis usaha diambil atau di jlnkan pemerintah,, pertanyaannya kemudian bahwa usaha rakyat peluangny dmn,,,, ???;;;;
Koperasi yg dibentuk dari atas, ahirnya akan bernasib seperti KUD... TDK SESUAI DG TUJUAN & DEFINISI KOPERASI ITU SENDIRI. DARI KITA OLEH KITA UNTUK KITA. -> SAYA BERASUMSI NANTINYA TAK LEBIH AKAN JADI TEMPAT UTANG.;;;;
Kan modal awal nya koperasi dari APD dan APBN😂😂😂;;;;
Yang Buntung .. yang ikut nyemplung ke koperasi tsb😂;;;;
10:07 Kalau sistem itu bergantung sama pemimpin terus, berarti sistemnya yg ngk guna. Kenapa para pengadopsi sistem tidak mencari alternatif sistemnya? Ada alternatif sistem mondragon corp di spanyol, mungkin bisa jadi studi banding.;;;;
"Nananya koperasi dimanapun sama yg untung pengurusnya yg buntung anggotanya .
Tak percaya ?
Audit semua koperasi unit desa ( KUD ) petani sawit diseluruh indonesia .";;;;
KORUPSI MERAH PUTIH...;;;;
Ada baiknya niat baik pemerintah untuk memberdayakan warga masyarakat desa melalui pendirian koperasi merah putih, untuk skema dan model koperasi nya diserahkan desa masing masing, pemerintah tinggal mengawasi dan mengaudit saja, kalau ada penyelewengan resiko berhubungan dgn hukum;;;;
Majlis ta'lim tempodotco 😅😂;;;;
"Berpuluh puluh tahun ke belakang koperasi sudah banyak melimpah di negara ini!
Ngapain bikin baru pakai istilah merah putih???
Biar punya brand?
Koperasi ya koperasi sama aja....bahkan sering rentan dikorup!!!";;;;
Setahu saya, bentuk tata kelola terkait koperasi itu harusnya ter-desentralisasi, benar kata para mbak2 ini terkait koperasi yang harusnya bottom-up, bukan ter-sentralisasi diatur oleh aparat negara. Prinsip koperasi itu tata kelola berdasarkan otonomi kemandirian. Ketakutan kita anak muda yang aktif di gerakan koperasi, Koperasi Merah Putih ini dipakai para elit kelas politik di Republik ini buat penyalahgunaan kekuasaan...;;;;
heleh mbel;;;;
Koperasi berasa tengkulak slash rente;;;;
"Informasinya bener akurat, di desa saya memang ada titipan baik dari partai politik maupun dari pihak pemerintah desa 😅
Semangat terus buat tempo untuk menyampaikn informasi seputar dunia indonesi 😅";;;;
Hadehhh truzzz buang2 uang , banjiri desa dengan sogokan2 yg jelas2 ga jelas pertanggungjawabannya dan utk pemenangan pemilu. Mentrinya aja bekas pemain judol makin serem aja deh. Jelas2 bukan trobosan pintar krn hal ini bukan barang baru yg jelas ini bakal jadi ajang korupsi edan2an.;;;;
Mantap Tempo investigasinya, kita lihat saja nanti hasilnya proyek Koperasi Merah Putih.;;;;
Kenapa koperasi yg sudah ada di desa tidak dimanfaatkan saja secara maksimal, malah bikin koperasi baru, yg ujung2nys tidak jalan dan akhirnya pemborosan anggaran negara.;;;;
"Tau gak kalau di desa itu KKN nya juga tinggi? Siapa yg dekat dg perangkat desa, merekalah yg bisa ""kecipratan"" 😅";;;;
Semua untuk rakyat.....(rakyat kader burung emprit dan simpatisannya)😂😂😂😂...trus 2029 kesandera lagi kadesnya kena kasus biar dipalakin buat milih lagi😂😂;;;;
Anggaran besar = ladang mega korupsi;;;;
Koperasi yang beroprasi di tingkat kecamatan saja seperti yang hidup enggan mati tak mau, apalagi ini mau dibuat di tiap desa...😂😂😂;;;;
Coba yang diatas lihat langsung didesa carut marut DD , Add  banyak yang gak dikerjakan mulai 2014 sampai sekarang korup kepala desa aman aman saja;;;;
Untung kepala desanya merah putih (dana desa dikorup tidak ada tindak lanjud sapai saat ini  ) kok malah kop merah putih;;;;
Menteri koperasi yg dulu bikin data nasional jebol yah...;;;;
Koperasi banyak yg berakhir tragis. Trtm yg kredot macet, uang dikorupsi dll. Modal tak balik;;;;
Program koperasi merah putih sdh tumpang tindih dgn Bumdes yg sumber dananya dr dana desa. Koperasi ini bisa jdi lahan baru korupsi sampai didesa-desa dan jdi sarana pencitraan politik rezim (money politik) sampai ke pelosok desa.;;;;
Dear Tempo, terima kasih ngangkat topik Kopdes Merah Putih ini.Namun sebaiknya diseimbangkan juga apa program yang akan diselenggarakan melalui dan oleh Kopdes tsb. Tidak melulu ngarah kepada hal hal penyalah gunaan atau tata kelola yang salah. Menggerakkan ekonomi melalui koperasi kan memang sangat bagus dan mendasar. Tolong berikan inspirasi positif juga terhadap inisiatif ini, dan skaligus hal hal yang mesti dilakukan dan tidak dilakukan sehingga mencapai sasaran. Kita sebagai bangsa harus maju terus.;;;;
"Bagi calon pengurus Koperasi Merah Putih wajar ""berhati-hati"" mengelola keuangan negara di koperasi nantinya. Belajar dari histori era Menteri Koperasi dan UKM are 1990an. Model pembiayaan dan sumber dana koperasi menyerupai kebijakan koerasi era 1990an. Setelah era tersebut, banyak pengurus koperasi, pengurus LSM dan bankir BUMN berurusan dan diadili dengan dakwaan ""penyalahgunaan keuangan negara, merugikan keuangan negara"". Berhati-hati potensi risiko hukum lima tahun akan datang.";;;;
"Kelemahan terbesar dari birokrasi kita adalah mereka selalu reaktif terhadap apa yang disampaikan oleh pimpinan. Sehingga tidak pernah berfikir lebih dalam dalam menyusun kebijakan. 
Bisa saja apa yang terlontar dari pimpinan sesuatu yang tidak benar atau sesuatu yang tidak perlu segera untuk ditindak lanjuti
akibatnya birokrat² yang cenderung kritis tidak terpakai dan disingkirkan..";;;;
IDE BAGUS tp ga yakin bisa NGURUS dan transparan...;;;;
Dana desa saja gak jelas kemana ???;;;;
Niat Koperasi dimulai oleh ketum projo untuk dana dikorupsi guna kampanye gibran melawan prabowo dipilpres mendatang😂😂😂.. udh kebaca maksudnya;;;;
"Koperasi merah putih khn di desa
Pengurusnya orang desa (kalau tidak seleksi terbuka layaknya CASN sangat rawan)";;;;
Seharusnya pemerintah kaji dulu, apa kepala desa dan masyarakat desa setuju, jangan sampai program ini dipaksakan;;;;
Paling pinter memang pejabat konoha kalo soal ngeruk cuan (rakyat);;;;
Koperasi sudah tidak sesui dengan peradaban saat ini.Tiongkok yang komunis sosialis aja sudah tidak menerapkan ekonomi koperasi tapi sudah menerapkan ekonomi kapitilas terkendali;;;;
kalau masyarakat desa, semua dana dari pemerintah dianggap hibah/bantuan. habis dak kembali tu lah;;;;
Kalau mau usaha langsung ke bank saja !;;;;
Koperasi amburadul;;;;
Koperasi itu perkumpulan orang untuk mensejahterakan diri bersama2, sehingga modal dsb juga berasal dari anggota. Eh ini koperasi dibentuk oleh negara jadi gak sesuai dengan prinsip koperasi itu sendiri;;;;
kemarin kabinet gotong royong,, gotong royong makan duit rakyat,, sekarang merah putih,, yg merah merah di putihkan,,konohi;;;;
"*Jadi seperti juga MBG, KOPERASI Merah Putih ini dijadikan PROYEK* (bagi-bagi kerja dan jabatan) *Rp.400 triliun butuh MODAL atau UTANG lagi deh*
*Bank Dunia Proyeksi Utang Pemerintah Capai 40,1 Persen*";;;;
"dr modal total 400T diprediksi leverage menjadi 2000T dlm 2 tahun tuh modelnya kayak gimana ?BUMN aja ""ngakunya"" banyak rugi, atau sengaja dbuat rugi";;;;
Koperasi MP...apa tidak duji coba dulu di beberapa tempat, jika sukses dikembangkan secara bertahap...jangan otak pejabat itu hanya proyek...proyek...proyek 😁🔥;;;;
Koperasi yang bakal ada akan menjadi ladang korupsi bagi pemdes setempat.;;;;
Yg penting rentenir harus tindak inilah selama ini yg mematikan ekonomi masyarakyat bawah;;;;
Sampai saat ini koperasi di Indonesia hampir musnah, karena bangkrut oleh pengurus dan anggota yang nakal. Makanya dijamin koperasi yang bakal ada ini bakal bangkrut.;;;;
Perhitungan untung sekian itu, apa basisnya. Mungkin hanya omon omon...;;;;
Susah buat optimis dari program2 pemerintah.;;;;
"_""koperasi harus nya bottom up, bukan top down""_ , kenapa cara berfikir nya gitu ? mau bottom up or top down ga masalah as long as jalan itu ide
bahkan bagus, karena pemerintah mendorong itu dari pada kapitalis yg menguasai
like always, tempo selalu nyinyir mengambil angle negatif. Media subjective";;;;
"Tak jelas bocor.alus tempo.
Pengawasan rakyat pasti akan bergerak.
Koperasi desa Merah Putih adalah menjadi penggerak kehidupan desa. Dan ini merupakan intervensi pemerintah. Dan menjadi motor penggerak kreativitas kehidupan desa.
Himbara, akan mendapatkan sifat happy karena akan di back up oleh negara. Dan himbara akan mendapatkan imbal hasil yang oke juga.";;;;
Pdpt sy program byk yg aneh2 spt Sekolah Rakyat memangnya sekolah yg ada sekrg bukannya sekolah rakyat. Lbh baik bangun Sekolah Energi Listrik, Sekolah Astronot, Sekolah Nuklir, Sekolah Panas Bumi, maju bukannya mundur.❤❤❤PDIP;;;;
Aslinya semakin banyak ruang ruang korupsi ...itu yg pasti ...menjijikan sekali program program si wo wo woaini;;;;
Ternyata pemerintah ga ngerti konsep  koprasi awalnya ... Konsepnya kan ....parahhhb;;;;
Himbara ketar ketir, ancaman kredit Koperasi Desa MP berpotensi macet...;;;;
kebanyakan program apa ga malah menambah keribetan urusan ya😊.....lebih baik urusan Penegakan HUKUM dulu yang dijalankan bener2, kalo perlu mode GARANG diterapkan. Itu pasti bisa bikin pendapatan negara naik....baru setelah itu bikin program2 populis itu dgn kondisi hukum yang tegak;;;;
"Silahkan sj kl Bank mau kasih  kredit ,tp hrs pertimbangan Bisnis ...Jgn dipaksa , apalagi jk tdk layak..Ingat Krisis 98 diakibatkan oleh Krisis Bank yg saat itu kasih kredit dgn sembarangan ,yg merembet ke politik..Jgn sampai ini terulang lg,Krisis 98 sangat menyakitkan,,Jgn salahkan George Soros,tp salahkan pengelolaan ekonomi saat itu..Dia hanya memanfaatkan Pasar yg ""Overvalued"" utk cari untung segede2 nya..Buktinya Hongkong, Taiwan,China , Singapore aman2 sj meski ikut diserang saat itu,krn fundamental mereka sangat kuat.RI yg sangat parah hancur krn ekonomi yg sangat rapuh.. Malaysia,Philipina, Thailand yg jg kena,tp nggak parah bgt..
Ingat,Semua asalnya dr Perbankan saat itu";;;;
Secara matematis hitung2an slalu untung saja,nnt kenyataannya semoga tdk berbanding terbalik,,,baiknya yg terlantar dilanjutkan dgn dana yg begitu besar ini,shg pembangunannya kelihatannya berjalan dan bisa serap lapangan kerja;;;;
Masak Konglomerat bisa punya Kredit Macet seperti Bos Sritex Triliunan sedang Masyarakat desa tidak bisa???????? Yang benar doooooong.......Ayo semua Desa bangun KMP jangan takut dan ditakut2i.......Kapan lagi Koperasi berdiri........;;;;
koperasi pengawasan dna pembanding kades saat pilkada dan pilpres dn pilwg wkwkwkwkkwk   takut kadesnya dn perangkat digerakan spt mulyono;;;;
salah satu dr segian program konyol.program si gemoy etik etik ndasmu etik qkwkkww;;;;
Kemarin hari Jum'at iseng2 ikut musdes di desaku, yang sebenarnya hanya untuk undangan sedang saya nyelonong saja tanpa undangan. Saya kira musyawarah untuk penunjukan pengurus koperasi dan ternyata lagi2 sudah ada calon yang sudah ditunjuk entah siapa yang nunjuk.;;;;
Yahhh darto helm lagi.. Korup dan ancur dah koperasi😂😂😂;;;;
Umkm2 desa hancur 2029 pasti berbenturan;;;;
Cara cepat dapat duit bisa dari pengesahan RUU perampasan aset dari koruptor. Kan banyak tuh korupsinya.;;;;
Tujuannya hny program omon2 demi peluang merampok.Biar ada pembiayaan pilpres 2029;;;;
Makin amburadul saja realitas di lapangan. Desa sbg pembentuk koperasi merah putih cenderung kejar tayang tanpa koordinasi konsulidasi yg baik. Penunjukan pengurus cenderung personal dan mengabaikan unsur komunitas di desa yg seharusnya sdh ada di sana.;;;;
Koruptor : wah lahan baru ini;;;;
"Masalahnya selama ini program pemerintah itu malah merepotkan desa, karena dalam sistem pemerintah usaha tidak boleh rugi.
Banyak usaha yang dibentuk pemerintah yang tutup seperti:
- gardu taskin jaman Pak Harto (berjalan jaman gus dur dan megawati)
- PNPM mandiri jaman SBY
- lumbung desa
- bahkan bumdes jaman jokowi ga semuanya untung atau berjalan.

Kebanyakan program2 itu berhenti dengan saldo masih mengendap.

Untuk desa pun masih ada koprasi wanita, di kecamatan juga masih ada koperasi yg juga program pemerintah.

Koperasi itu gagasan yang luar biasa dari bung hatta, cuma kenyataaannya setelah puluhan tahun tidak ada yang benar-benar mengembangkan sistem koperasi menjadi sistem yg survive. Cuma koperasi simpan pinjam yang berjalan. Bahkan sekarang banyak rentenir memakai nama koperasi buat mempermudah perijinan, tapi cara kerja sama saja rentenir.

Koperasi tinggal nama dan melupakan tujuan pembentukannya yaitu untuk menyejahterakan anggotanya.";;;;
Koperasi yg dijadikan umpan dan senjata(pertanggungjawaban)untuk 2029🎉;;;;
Yang didalem suka nilep, nanti nasabahnya suka gagal bayar. Cakeup.. 😂😂;;;;
Kata zul hasan, ini bikin indonesia terang 😌;;;;
Badan usaha yang sangat berisiko....selama ini umumnya koperasi dikelola sangat tak profesional...;;;;
Masyarakat tak akan kembalikan pinjaman karna merasa itu uang pajak rakyat;;;;
Maap kenapa wartawan2. Ini tdk mendukung. Kok kenapa ya. Kok bs ya.;;;;
Akan bermunculan kop. Merpati.. , hancur koperasinya klu didirikan dgn sistim Top down, sedangkan sistim bottom up aja sulit, masalah kop masalah mental anggota yg TDK mampu bermental wiraswasta utk pengembangan usaha kop. akhirnya menjadi ajang korupsi seperti koperasi yg berdiri di tahun 1990 S/D 2000;;;;
"uyeeeeee.. : koruptor be like...
ada lahan basah baru untuk di keruk..
aauuuuuuu.... 😂";;;;
Utang negara 8 T, kabinet gendut, MBG, koperasi merah putih, 3 juta rumah APBN jadi boncos. Pajak meleset dari target, korupsi migas & tambang, PHK marak, investor lari APBN tambah boncos. Geelaaap......;;;;
"Lihat aja  program Top-down ( yg tujuannya populis ) Makan Bergizi Gratis .  Bisa2 Koperasi menjadi "" ku  peras-i ""  dan ngurusnya  jadi ""peng-kurus""";;;;
Klo niatnya utk membangun ekonomi desa harusnya gampang, cmn beli saja hasil buminya para petani;;;;
Emang ada Koperasi yg sukses?... sebutkan satu saja kalo ada....👍👍👍🙏;;;;
Niatnya baik..tp gue yakin bakal jadi sumber korupsi baru;;;;
Jurnalis bayaran😂😂😂;;;;
Judi...;;;;
"Koperasi
Ujung-ujungnya
Ku pe rasi";;;;
Bangun koperasi, kasih dana dari APBN,  APBD. Biarkan kepala dan anggotanya korupsi. Catat korupsinya, begitu pemilu panggil kepalanya disamping polisi. Tunjukkan korupsinya, ancam bila anggotanya, RTnya dll tidak pilih pilihan  tertentu untuk berurusan dengan hukum. Logistik partai baru beres deh;;;;
ingin beli langganan TEMPO versi cetak gimana min... help. hatur nuhun;;;;
Trim,s jelasin dong❤;;;;
Ajang korupsi.  Kl punya  banyak uang  lbh baik  hapus aja pajak  pajak spt pajak umkm.;;;;
ujung ujungnya pemerintah ikutan mengumpulkan uang rakyat melalui koperasi.;;;;
"Koperasi merah putih,jika mekanisme sistem subsidi tidak dirubah dari input ke output,maka apapun nama koprasinya jika mekanisme subsidinya masih input jangan harap rakyat akan sejahtera dalam hal pangan.
   Ini kalo di ibaratkan,bangunan lama yg hanya di ganti catnya doang.
   Contoh beras murah kalo hanya murahnya di koprasi sedangkan diluar koprasi harganya masih mahal,maka akan mematikan pengusaha beras di luar koperasi.kaya toko toko beras di pasar,ini akan merembet ke konsumen yg biasa belanja ke pasar otomatis akan mendapatkan harga beras yg mahal,ini bukan  bentuk keadilan, karna mekanisme subsidinya mengunakan sistem input.tapi kalo menggunakan mekanisme subsidi output maka harga beras baik di koprasi maupun di pasar harganya akan sama karna pemerintah yg menetapkan harga berasnya.karna subsidinya di berikan waktu petani menjual padinya ke pemerintah dan pemerintah akan menarik lagi uang subsidinya dari harga padi petani ketika sudah menjadi beras,jadi akan adil akan sama sama untung di semua element.";;;;
Prabowo akan membangun gerai2 sebanyak 80rb diseliruh pelosok tanah air pasti sangat menggembirakan bagi Alibaba dan pengusaha sejenisnya, bakal bisa menguasai gerai2 tersebut untuk diisi dengan produk2 China. Mereka beruntung karena Prabowo sudah membangunkan gerai2 tersebut, tinggal mengisi dagangannya. Kalau koperasi Merah Putih ini berjalan lancar maka toko2 retail semacam Indomaret, Alfamart, warung Madura, warung2 kampung, pasar tradisional akan terlibas, gak mampu bersaing dengan koperasi Merah Putih ini. Tidak akan enterprenuer2 baru di masyarakat, karena masyarakat hanya bisa bekerja sebagai buruh. Pabrik2pun akan tutup karena tidak mampu bersaing dengan produk-produk China yang di bawa tuan Alibaba dan kawan2..;;;;
Hukuman se berat 2nya bagi yg korupsi;;;;
Pemerintah mau menghambur ² kan uang 😢😢😢1 Desa kurleb 5 M beeeeehhh ga dikit ini, untuk DD saja 1 M sudah untuk infrastruktur dll,lha ini apa mau untuk Bancakan 😅😅😅 astaghfirullah halaadzim naudzubillahi mindzalik...pajak kita mau d hambur ² kan😢😢😢;;;;
Kalau negara mundur dari upaya memperkuat koperasi, lalu siapa yang akan memberdayakan ekonomi desa? Kopdes Merah Putih adalah ikhtiar besar untuk menyeimbangkan pembangunan. Bukan koperasinya yang salah, yang perlu diperbaiki adalah cara mengelolanya, dan lagi jangan  takut uang habis di tangan rakyat desa. Yang harus ditakuti itu uang habis di kantong elit, dibawa plesiran ke luar negeri, rakyat tetap sengsara. Koperasi Merah Putih itu peluang membalik keadaan,;;;;
Gampang bacax bang,persiapan periode ke 2 di 2029,inikan cara2 nya Mulyono menjaga buzzer2nya,si murid akan ikuti si guru,liat saja nanti,;;;;
Danantara, MBG dan Koperasi Merah Putih adalah pemborosan luar biasa anggaran negara ini di pemerintahan prabowo.;;;;
Kalau ada Koperasi TOP DOWN ??? Sama aja yang selama ini berjalan dengan Kospin yang cuma beli bendera. Anggota adalah PEMINJAM, yang tidak tahu sama sekali sebagai Anggota.;;;;
Semua diborong pemerintah;;;;
"Jangan mau dibodohi oleh pemerintah rakyat cerdas dan rakyat waras tau ini hanya permainan agar bisa korupsi tuk mengembalikan modal pilpres kemarin. Karna APBN ludes tidak tersisa.
Gagalkan rencana pemerintah adalah solusi nyata buat bangsa ini. Kecuali pemerintah berani mengesahkan hukuman mati dan megesahkan UU perampasan aset bagi para koruptor. Baru kita sukseskan program pemerintah.";;;;
YANG UNTUK YA TETAP PARA KORUPTOR DAN YANG BUNTUNG TETAP MASYARAKAT KECIL, SUDAHLAH TIDAK USAH AKAL2 AN MAU MEMBENTUK KOPERASI INI ITU, KOPERASI YANG ADA SAJA SEKARANG INI BANYAK YANG AMBURADUL/MORAT MARIT, MASYARAKAT SEKARANG SUDAH CERDAS2 DAN PINTAR2.;;;;
sistem y harus di bedakan mbk koprasi merah putih ini segaris y di terapkan untuk petani dan peternak! koprasi bantu petani beli bibit dengan bayar setelah panen penampi agak hasil panen dengan menyiapkan slep membeli gabah petani dan di sebarkan beras untuk instansi kabupaten baru bisa jalan mbk!;;;;
Kenapa harus dirikan koprasi lagi. Ingat gak tentang. PnPm yg sampai sekarang masih beroprasi. Siapa yg di untungkan. Tolong di jawab dgn jujur;;;;
Namanya juga tempo, nggak pernah singkron pemerintah, namanya juga antek asing mencari lubang kesalahan pemerintah;;;;
Ini siapa yg punya ide.... Patut dicurigai, krn koperasi udh pernah ada bahkan dulu sampai ada mentri koperasi dan GAGAL krn pengelolaanya gk proposonal alias kkn bahkan sampai skrgpun byk nunggak ratusan jt, lebih baik tertibkan dulu penegakan hukumnya dan kedisiplinan birokrasi dr pusat sampai daerah.klo kayak skrg sy gk yakin jalan krn pengawasan inspektorat & BPK hanya sebagai pembinaan klo ada korupsinya disiruh perbaiki bukan ditindak, ini nyata pak.!!!!;;;;
Itu membahayakan nanti yg kerja semuanya orang 2 Mulyono;;;;
Pokoknya habislah di rekayasa orang pemerintahan desa;;;;
Jago diprogram tpi rendah di realisasi dan pengawasan itulah kinerja pemerintah negeri wakanda;;;;
"Alah koperasi....waktu jaman baheula ada  KUD koperasi unit desa gimana akhirnya, sudahlah rakyat indonesia itu tidak usah dibuat program2 yang berhubungan dengan kucuran duit :
BLT, KIP 50% nyasar 
Raskin....apalah jadi bancakan semua";;;;
"Jelas salah Kaprah
Ujung2 nya  cuman Proyek Rezim";;;;
"Tempo ini dananya dari mana?
Sepertinya ga ada benarnya prabowo d mata tempo...";;;;
MBG, cuma org yg ga waras...yg ga setuju😅;;;;
Bahaya iki;;;;
paling2 jadi lahan korupsi baru buat menteri dan pejabat2nya...rakyat cuma jadi objek aja..;;;;
"mungkin menterinya lagi mabok waktu bilang kopdes bisa menghasilkan keuntungan 1M per tahun..
BUMN yang pengurusnya udah pro aja masih banyak yang minus..";;;;
Terima kasih 'jelasin dong';;;;
sebelum berdiri koperasi harus ada regulasinya aturan hukum yang jelas dan tegas terhadap para pelaku penyimpang harus ditindak tegas dan pengawasan yang ketat secara berkala;;;;
terlalu provokasi berita ini ... gak lucu🤣🤣🤣🤣;;;;
Akankah ini jadi perangkap untuk pemerintah daerah tingkat bawah agar tahun 2029 nnti mereka harus pilih incumbent atau masuk penjara   ?;;;;
Ujung2 kades beli pajero;;;;
Namaya presiden yang ambisius makanya sekarang udah jadi iya amburadul, ,bisanya cuma gebrak2 meja sama oke gas oke gas sambil jogetan wkwkwkwkk;;;;
Udah pasti habis di korup gak bersisa. Gimana ngawasi nya. Orba aja gagal;;;;
Bumdes sda ada malah bikin lagi koperasi.;;;;
Ya begitulah kisah terjadi program populis d luar nalar ujungnya jd mubazir😢;;;;
Koperasi dana jumbo sampai ke daerah, mentri budi arie? Siap siap judol makin rame.;;;;
proker pemerintah hari ini bikin pondasi untuk 2029, proker 2029 bikin pondasi untuk 2034..begitu seterusnya untuk menutup kebusukan2 sepanjang jaman, sampai cita2 Jan Etes terwujud menjadi seperti Mbahnya;;;;
Bukan menciptakan bagaimana lapangan kerja gaji mapan seperti di Malaysia sana malah entah apa apa program prabowo, peninglah;;;;
tinggal kerja sama dg indomart dan alfamart sja pemerintah apa susahnya pake bikin-bikin infrastruktur 80.000 unit;;;;
"Semua yg direncakan pemerintah selalu niatnya bagus. Tetapi selalu berakhir menjadi project yg dikorupsi. Jd bingung
 Ga bikin program dikira makan gaji buta. Begitu bikin program cuma buat ajang korupsi. Ujung2nya duit rakyat habis sia2";;;;
Bandar judi online siap siap untung besar,;;;;
Secara text book koperasi itu sangat bagus. Tetapi mental pencuri anggota dan pimpinannya membuat koperasi gagal total. Sebenarnya benahi mentalnya terlebih dahulu.;;;;
Pembahasan yang aneh;;;;
Hati hati berkoprasi bagi rakyat kecil  dr jaman orba g berjalan mulus 😂😂😂;;;;
Kopdes merah putih sangat luar biasa akan meningkatkan kesejahteraan masyarakat desa akan tetapi oknum kepala desa nakal, arogan, korupsi, gratifikasi dan pungli harus di bersihkan terlebih dahulu.;;;;
Kok bingung duitnya dari mana. Yakin pasti ada... Indonesia negara besar...lhawong hibah ke Fiji ....,6juta US bisa. Hidup prawowooooo;;;;
Koperasi merah putih, ide hebat....pasti akan memakmurkan .....pejabatnya. Hidup prawowooooo.....;;;;
Kud = ketua untung duluan.;;;;
Lahan baru lagi nih....😂;;;;
Apakah kasus surprise mortgage bakal terjadi?;;;;
"Koperasi model begini sulit berkembang krn skill dan knowledge bakal pengurusnya sangat diragukan kwalitasnya. Akibatnya potensi Fraud setiap koperasi  sangat tinggi. High risk ini...koperasi2 yg ada skg sudah banyak yg salah urus. 
Usul saya ada semacam OJK di perbankan utk urus...spy di audit dan diawasi ketat.";;;;
si Wowo dulu pernah ngomong th.2030  INDONESIA BUBAR. makanya dia bikin program macam macam yang intinya GEROMBOLANnya di suruh MERAMPOK KEKAYAAN NEGARA ini sebelum BUBAR...   Hebat yha program si Wowo ini...;;;;
Bisa diperkirakan utk pengurus koperasi merah putih desa 50% orang titipan parpol dan 50% lg keluarga kepala desa 😂😂😂;;;;
Yang jelas sepertinya ada kaitannya dengan 2029 nieh hehe..;;;;
Koperasi seharusnya dikembangkan dari bawah, modal dari warga desa dan sedikit dari dana desa. Karena modal dari warga desa diharapkan warga lebih aware terhadap koperasinya karena duitnya disitu. Yang pasti sistem dan konsep koperasinya harus terencana dan harus sesuai dengan kebutuhan lokal. Kalau duit pemerintah mh yaa pasti aji mumpung dapat proyek buat dikorupsi dan juga masyarakat gaakan terlalu peduli karena duitnya bukan duit masyarakat setempat;;;;
Setiap program pasti ada plus minusnya. Klo hanya khawatir minusnya saja gak akan maju-maju negeri ini.;;;;
"Koperasi konsepnya adalah untuk kebersamaan / gotong royong yang akan memperkuat masing"" anggota, kok ini Koperasi Merah Putih mau dikasi modal spt mau bikin korporasi.    Sungguh aneh penguasa ini, mana menteri dan parpol ikut campur..";;;;
"KMP sama dengan MBG... kepentingan partai politik dan TKn nya...
Hanya mengusap dada melihat tingkah laku pemerintah omon-omon ini...🤭";;;;
Ah enak nih uang gratis. Kalau dpt 5M nih yg 2M buat operasional, 3M all in SBN. Negara senang , pengurus tinggal ongkang ongkang.;;;;
Pdhl di desa sdh Ada KUD utk hasil pertanian, perkebunan dsbny, ada Bumdes utk simpan pinjam, irt dsbny, tinggal maksimalkn aja apa yg ada, perbaiki sistemny klo ada kekurangan, kenapa sih suka bgt ngamburin duit buat yg baru pdhl fungsiny sama.;;;;
Dan ada juga LPDB UMKM apakah itu konsepnya koperasi juga ?;;;;
Koperasi Zaman dulu, Dari kecil menjadi besar dari iuran wajib dan sukarela  para anggotanya kalau sekarang Dari besar menjadi kecil Di korupsi para pejabatnya dan akhirnya Bubar.;;;;
Koperasi top down ini Koperasi Komando! 😅😅 5 Thn sekali ada program baru terus lenyap dgn kerugian negara Triliunan;;;;
Apakah Koperasi merah putih masih pada konsep koperasi itu sendiri Bukan Konsep Tengkulak yg sudah merusak System koperasi itu sendiri ?;;;;
Cara baru menggarong uang negara. Emang smart pemerintah kita ini.;;;;
apatis....;;;;
Kata Budi Ari FUFUFAFA bukan Gibran lalu siapa ???;;;;
Semua salah semua negatif. Ga jd solusi jg.;;;;
"Memang apa gunanya program koperasi ini bagi desa? Kenapa solusinya selalu bikin program baru drpd memperbaiki yg sudah ada, menguatkan Bumdes2 nya?
Di desa sudah penuh dengan UMKM, negara mau bikin koperasi yg terjun di sektor yg sama, saingan kok sama rakyatnya sendiri.
Lagipula koperasi itu Badan usaha private, yg menikmati ya cuma anggotanya, bukan seluruh rakyat di desa.";;;;
DARI PADA DI NYINYIRIN MUNGKIN ORANG INI LEBIH SETUJU KOSIPA YG TERUS JALAN.YG TIDAK PERNAH DI KOMPLEN ATAU DI BAHAS KERUGIAN MASYARAKAT AKIBAT KOSIPA BANK KELILING BATAK;;;;
"sekedar ngasih info nih   
di kab dan kota pekalongan ada kasus koperasi yg nilep dana nasabahnya dan sampai sekarang blm tuntas kasusnya .";;;;
Kalau Pemerintah pusat akan membentuk Koperasi baru harusnya bekerja sama dengan para Petani, Nelayan dan Peternak bila perlu dengan para Tengkulak di Daerah - daerah.;;;;
Kalau mendirikan koperasi tidak merubah prekonomian di daerah.pengalaman yg lalu lalu hanya orang Ter tentu yg menikmati..masyarakat tetap miskin setelah besar masyarakat kecil di atas namakan padahal pengurusnya saja yg naik mati namanya saja saya masih sekola di SD SAMPAI SEKARANG YG MENIKMATI MULAI KETUA KEBAWA.ANGGOTANYA TETAP TIDAK ADA PENINGKATAN BAYANGKAN ITU SY SEKOLAH SDN SAMPAI SEKARANG SEKARANG SY SUDAH BER UMUR 70 tahun tidak ada gunanya.setelah bubar semua barang barang milik koprasi dia bagi bagi kepada pengurusnya.anggotanya tidak dapat.;;;;
UUD..Ujung Ujungnya Dikorupsi..;;;;
Gagasan bodoh kok dibilang bagus mbak. Itu hanya konsolidasi jaringan eleksi masa di akar rumput utk 5 th kedepan. Semakin banyak yg bisa disandra & dikomando.;;;;
Untuk koperasi merah putih ? BUMDES yang sudah ada saja dikembangkan ... Kok sedikit sedikit mengatasnamakan merah putih ? Padahal kalian kangkangi sumpah jabatan merah putih demi memuaskan hasrat duniawi pejabat pemerintah.;;;;
"JKN aja membingungkan 😅
BPJS juga ruwet 😅
Korup Pertamina 😂mbulet😅
Kapan Indonesia maju 😢";;;;
"punyapresidensudahkake2bikinbingungrakyatataskeputuanyabagaimanaselalutidabisadi
pahamiolehrakyatjadilinglung";;;;
Buset satu koprasi 5.M mantap buat bancakan rezim omon².teruskan abisin uang NEGARA.;;;;
"Ngga pak jokowi ngga pak prabowo.
Keukeuh......kaji ulang pak prrsiden";;;;
Program ko maksa;;;;
Kita harus dukung pemerintah. Indonesia akan jaya ❤;;;;
KUD koperasi unit desa sdh mangkrak beberapa tahun gk jelas...saat ini di desa2 d wilayahku sdh ada bumdes...klu nanti ditambah koperasi merah putih...tambah gk jelas n tumpang tindih trus dr segi hukumnya gimana nich...;;;;
Koperasi desa mesti diteliti apakah bisa didirikan di setiap desa karena kemampuan ekonomi masyarakatnya serta pendapatan penduduknya beragam. Bisa2 lebih banyak membuang uang tanpa hasil drpd yg diharapkan. Lebih baik diuji coba dulu di kecamatan jika jauh dari ibukota kabupaten;;;;
Dengan adanya koperasi merah putih di tiap desa, terus bagaimana dengan nasib kopwan yang di kelola ibu ibu di tiap desa se Jatim jangan sampai tumpang tindih;;;;
Kok rasanya mlh seperti buat bancaan  untk korupsi satu pintu....uang rakyat lagi yg dihambur2 kan...lebih baik semua rakyat Indonesia diberi tambahan dana perbulan perkepala baik kaya dn miskin sama2 merasakan...daripada uang dikorupsi dn dibuat koperasi yg blm jelas arahnya....;;;;
Bilang saja kalian mau join koperasi merah putih... Ajukan LP with me;;;;
"😢😢😢 menurut Pendapat Saya lebih baik , pilih koperasi yang sudah proven dan mendapatkan ISO yang di tetapkan.
Tinggal beri stempel/Stiker 
""KOPERASI MERAH PUTIH INDONESIA"" ❤❤❤";;;;
Tujuan koperasi menghapus tengkulak;;;;
Koperasi atau Koruperasi?;;;;
semangat terus tempo💪💪💪;;;;
"Hal2 kecil spt koperasi sebetulnya tidak mendesak utk saat ini. Pemerintah sebetulnya harus bisa fokus utk memperbaiki distribusi barang2 yg dibutuhkan masyarakat/masyarakat bawah. Pastikan bahwa barang2 yg dibutuhkan masyarakat itu benar2 sampai ke tujuan; terutama, tapi lama2 aku malas utk melanjutkan pikiran2ku krn berdasarkan pengalaman koperasi yg terdahulu, rasanya membuat jadi pesimis. Apalagi kalau ada parpol yg dimasukkan kedalamnya. Paling2 nanti jadi ladang bancakan pengurusnya, ladang baru utk pengembangan korupsi dan manipulasi!";;;;
Koperasi dari bawah, kalau dari atas   bukan koperasi namanya,  belajar dari swedia;;;;
Ide kami masyarakat kecil,bahwa kami apresiasi pembentukan kopdes merah putih di setiap desa di seluruh Indonesia, namun ada beberapa isi hati kami merasakan yg tlh terjadi dari tahun ketahun penggunaan dana desa hingga kami merasa kembali digulirkan dana desa buat kopdes dari dana desa yg begitu luar biasa, pertama bahwa tdk semua desa ketahanan pangannya  memadai khususnya di desa kami ini contohnya GK punya sawah ladang pertanian yg terkoordinir hanya menyadap karet,pinang jadi gimana itu?terus pemilihan pengurus dilibatkan masyarakat desa atau tidak,terus harga pangan di kopdes lebih murah dari warung pengecer lokal?,terus satgas independen atau tidak?soalnya bisa bisa saja kades dan kecamatan ambisi buat kopdes sementara dgn maksud dapat dana di luncurkan,sehingga jadi bulan-bulanan segelintir org yg menikmati dana tsb, dan diakal akalin pembuatan pertanggung jawaban serta kongkanglingkong dgn satgas sehingga masyarakat hanya menonton sebagai topeng demi kepentingan segelintir oknum, mohon ditinjau di setiap desa layak buat kopdes atau tidak, apalagi desa terpencil contoh Pulau Nias, maaf ide kami ini berkesalahan mengutarakan ini, terima kasih 🙏;;;;
UMKM tulang punggung itu kan dimulai dari komunitas-komunitas terkecil dulu+dukungan kebijakan negara, bukan malah dari atas, logika berpikirnya ini gimana sih?;;;;
Pemerintah belajar dulu dr credit union ,,,;;;;
Pengurus koperasi merah putih di wajibkan juga tamatan S1 dan D3 , kalau di desa tersebut tidak ada yang tamatan serjana .siapa kira kira yang menjadi pengurus?;;;;
Kwatiran mulu;;;;
jika koperasi merah putih di gabung dengan bank emas,yang di jamin ojk apa bisa di katakan cara curang mencetak uang gratisan ❓ Kenapa takut korups, dunia sedang berlomba menjadi negara maju. di desa wajib punya orang kaya baru. apapun caranya. ingat 2030 indonesia bubar;;;;
Ladang kotupsi baru !;;;;
"Koperasi dikampung gue ada, tapi dikelola sama sesepuh desa sampai ke anaknya, setiap kali warga mau pinjam dananya selalu egak ada tapi kalo keluarga yahh yang pinjam ada. Aneh banget kan 


Anaknya punya usaha perternakan sapi modalnya dari koperasi desa wkwkwkw 

Udah minta ganti tapi egak pernah diganti wkwkwk";;;;
"Ladang Korupsi baru nih...

Siap² jadi bancakan...";;;;
Akan banyak koperasi yg fiktif.... Ingat jaman KUT???;;;;
Itu bukan koperasi tapi korupsi merah putih. Udahlah pemerintah jangan macem macem dech.;;;;
"Dengan hormat pertayaan koperasi merah putih dari mana moadal dasar yang memodali dan yang mempetgunakan itu yang untung analisa oleh RABRED. Dan bisa membantu rakyat miskin pendapatan karena koperasi merah putih rabred belum tahu program rabred koperasi terpadu nasional indonesia yang tahu rabred bahkan bisa menbuang di TAPERA indonesia maka 
Ketentuan saham dulu SD iapa";;;;
Saat negara lagi dalam keadaan darurat anggaran. Anggaran segara seperti suster ngesot, tp presiden ini otaknya bagaimana merampok negara;;;;
Di awal pemerintahan jokowi dulu ada program pendirian Badan Usaha Milik Desa (BUMDES) disetiap desa yg dibiayai melalui Dana Desa (APBN), hasilnya sampai sekarang gak jelas ...😢;;;;
Cara elegan merampok negara memgatas namakan rakyat....lihat prosesnya ..raja yg naif tdk sadar dikelilingi penjahat;;;;
"Mbak ghoida lagi hamil?
Kok perkembangannya pesat.";;;;
Dulu KUD sekarang koperasi merah putih..... KUD bangkrut di korupsi pengurus nya;;;;
"Datanglah Reporter TEMPO ke Kecamatan Plantungan, sukorejo, Pageruyung, dan Patean, Kabupaten Kendal Jawa Tengah. Karena melalui Surat Edaran Setda Jateng mulai Hari Jumat kemarin 25 April 2025 ada setudaknya 30 KDMP sudah didirikan. 
Kalau mau tahu jadwalnya lebih lengkap bisa ber email ke email saya. Karena saya kemarin jumat juga baru saja menghadiri pendirian KDMP";;;;
Rezim Omon Omon FufuFafa;;;;
Pendampingan itu bebankan pada Pemkot/Pemkab. Hilangkan rapat2 di hotel;;;;
sebenarnya program2 pemerintah itu bagus2, cuma ya dlm implementasinya gak profesional dan akhirnya digerogoti oleh oknum2 pejabat korup;;;;
Program ga ada yg jelas riskan menjadi proyek bancakan dan dikelola orang non kompeten;;;;
apapun program pemerintah, akan dikhawatirkan kalau kpk belum menunjukkan integritas kerja nya, apalagi korupsi di segala lini yg spt bedhol desa;;;;
Waspada rugi;;;;
Belajarlah dengan KUD yg sekarang tinggal kenangan ketika sudah didukung pemerintah;;;;
😂lucunya proyek cuan;;;;
lahan BARU KORUPSI KWKWKWKWKWKKW;;;;
Negeri ini paling pintar buat program kenyataan nya 0..;;;;
koprasi adalah bentuk ihtiar memajukan ikonomi rakyat . bila di lakukan dg cara yg benar maka kita tidak perlu menyimpulkan yang tidak tidak (hal negatip ) kerna bagaemanapun kita brencana tapi tuhan yg menentukan (keyakinan umat islam) kecuali di lakukan dg tidak menggunakan ilmu ,jadi selama usaha itu berilmu maka kita harus tawakal kepada Allah swt .;;;;
Tuh kaann!! Kepentingan politik! Yang namanya segala kepentingan desa dibentuk kementerian desa lah, koperasi desa lah, bank desa lah.. semua itu kedok! Lihat rakyat yg gak gabung koperasi nanti - apa dia akan dikucilkan?? Yg gak dukung koperasi apakah dia tambah sengsara? Astagfirullah.. niatnya si awal² muka²nya baik. Ada iuran rutin - atau hasil pertanian disimpan di koperasi itu, atau juga memesan saprotan kolektif yang agar tujuannya murah (yang gak ikut koperasi tentu a.n. perorangan, tentu akan mahal). Hhrgghh!!! Pasti itu anggota koperasi pasti diistimewakan atau didahulukan!!! Hrrgh. Mau simpan pinjam dll., bahkan ada juga pernah koperasi yang anggota²nya fiktif atau tidak nyata!!! Hhrggghh!! Sudah banyak terjadi kej@hatan uang rakyat uang negara oleh oknum² di koperasi, akan diulang untuk tujuan politik??? Hrgghh. Gila banget Pak Prabowo!!!;;;;
Baiknya uji coba skala terbatas dulu, jgn lgsg 80 ribu;;;;
Rantai korupsi berjamaah akan terjadi;;;;
Jadi nyambung dgn pernyataan Zulhas ttg pencalonan presiden 2029 dan harapan jadi partai 4 besar di 2029. Jadi menegaskan Kop-meput  ini memang hanya sbg alat politik praktis saja sepertinya.;;;;
Mimpi program sundul langit. Omong doang !;;;;
Yang tidak enak itu ujung ujungnya rakyat yang bayar hutang dengan mencekik bayar pajak ya sudahlah pak Anis Uda tidak cari masaalah;;;;
Garing bener nih pembahasan kaya anak Sekolah sekolah setor hafalan, terus pembahasan nya lebih kaya nyinyir kerja kelompok orang lain yang belom siap presentasi;;;;
temen2 inget siapa menteri koperasi nya, udah sih mau komen gitu aja.. selanjutnya kalian bisa menyimpulkan sendiri arah nya kemana;;;;
Tempo ini gak mau Indonesia maju, mangkanya mesti kasih narasi yang kurang baik;;;;
"Typo pertama kali baca "" korupsi merah putih"" wkwk";;;;
Danantara belum ada kabar selanjutnya... sudah ada lagi koperasi merah putih....rakyat semakin bingung mbak...apa kata pejabat2 tinggi negara aja dech...rakyat sih ngikut2 aja....;;;;
uang APBN bakalan kena kasus tipikor klo bermasalah;;;;
Mana ada guna koperasi dari dulu sampai sekarang di gaungkan, kalau berguna negara lain Uda ikut, yg ada APBN terkuras dan jadi ajang baru korupsi. Liat aja berapa byk sih koperasi yg berhasil dr triliyunan uang yg di gelontorkan;;;;
Ketua KOPDES MP harus JUJUR bukan diutamakan PINTAR;;;;
koperasi itu sangat rentan dikorupsi rame2 oleh aparat desa, memangnya ngasih kredit itu gampang? bank saja yang pegawai2nya sudah diseleksi dan dilatih sedemikian rupa masih beresiko kredit macet apalagi karyawan koperasi...ngeri nih resiko sistemik kalo sampe pake dana bank BUMN;;;;
Aku pesimis pd kopdes merah putih,koperasi tujuannya bagus, tp SDM desa g siap, dr pengalaman yll modal,aset habis dipakai pengurus+dipinjam anggota tp susah kembali 😢😢;;;;
Selagi koruptor gk di hukum mati....gk usahlah buat program2 baruu...;;;;
koperasi santapan aktipis '98 yg anti orba ini 😂😂😂😂😂😂😂😂😂😂😂😂;;;;
cara merampok model baru mungkin lo ya;;;;
Ladang korupsi lagi🤑🤗;;;;
Koperasi Uda berdiri Di NKRI tapi selalu ujung-ujungnya bangkrut sebab utama tidak sehat pengurusnya jadi koperasi merah putih sebelum operasi suap kan dulu SDM pengurus;;;;
Koperasi itu sdh banyak di desa2.. itu saja yg dibina dan dimajukan..  tdk usah buat koperasi merah putih yg hanya membuat koruptor2 baru...;;;;
Salah satu strategi memenangi pemilu nnti ketika menjelang pemilu organisasi koperasi yang sudah di bentuk di gerakan untuk menjadi mesin politik. Cara ini yang di pakai pada program Dana Desa untuk bisa mengakomodir APDESI seperti  pada pilpres kemarin APDESi di gerakan utk mendukung calon yang di inginkan penguasa.;;;;
untuk membangun ekonomi di desa2 diseluruh Indonesia jangan berupa uang tunai, ujutkan kalau buat petani beri bibit unggul dn pupuk, setelah panen koprasi yg menapung dengan harga yg layak, dn para tengkulak dilarang membeli langsung dengan para petani, harus melalui koprasi. untuk pengawasan serahkan pada masing2 ketua koprasi, terimakasih TEMPO telah berpartisipasi mengikuti perkembangan pemerintahan pusat sampai desa 👍👍🇮🇩;;;;
✨𝗞𝗢𝗜𝗦𝗟𝗢𝗧🎉 jadi alasan gue gak stres di akhir bulan!;;;;
𝗞𝗢𝗜𝗦𝗟𝗢𝗧💥 ngajarin cara main santai hasil brutal 😤;;;;
✨𝗞𝗢𝗜𝗦𝗟𝗢𝗧🎉 bisa jadi penghasilan tambahan tanpa drama;;;;
𝗞𝗢𝗜𝗦𝗟𝗢𝗧💥 dibuka terus kayak aplikasi kamera;;;;
𝗞𝗢𝗜𝗦𝗟𝗢𝗧💥 itu tempat jari lo jadi penyelamat saldo 🤲;;;;
Bersihkan dulu korupsi dan perbaiki  sistimnya dulu baru bikin Koperasi. dengan pengawasan melekat.;;;;
Scroll boleh, tapi saldo gue scroll di 𝗠𝗜𝗬𝗔𝟴𝟴💥;;;;
kimia Farma? Orang Desa ke Puskesmas Gratis. BPJS. Banyak yg BPI pula.;;;;
Jika pingin buang uang lebih baik kasih bansos karena masyarakat sudah terlatih menerima bansos😂😂😂😂;;;;
"Membangun kok dg duit2 saja...
Klu bangun itu produksi rakyat disuport besar2nya dg beli hasil produksi pangan, ternak dll. Klu dasarnya membangun hanya motif2 terselubung / hanya korupsi, maka akan meningkatkan angka inflasi yg tak wajar krn hanya nambah uang beredar, tapi produksi barang  tak bertambah...";;;;
paling juga pemainnya iwan bule, simon, erwin aksa...yang kaya di indonesia memang politisi busuk;;;;
🎉𝗠𝗜𝗬𝗔𝟴𝟴✨ kasih rasa puas yang gak bisa dijelasin!;;;;
Yg terjadi pengurusnya nepotisme seperti di desa kami;;;;
Yang lain nonton live, gua live WD dari 𝗠𝗜𝗬𝗔𝟴𝟴💥 🔥;;;;
Saya lebih berfikir positif koperasi dibentuk untuk mengorganiasasi masyarakat dipedesaan dalam memperbaiki ekonominya dengan pemerintah sebagai mentor memberikan dukungan baik financial maupun teknologi dalam mengembangkan potensi daerah.;;;;
Sebagai pemilih pak Prabowo kalau soal koperasi merah putih saya tidak setuju, karena koperasi sepatutnya dibangun dari bawah ke atas, bukan sebaliknya. Jangan mengulang kegagalan koperasi era demokrasi terpimpin dan KUD era orde baru. Koperasi tuh harus bebas dari intervensi pemerintah supaya bisa kompetitif dan orientasinya bisnis bersama yang efisien. Pemerintah cukup jadi katalisator dan regulator.;;;;
Dulu di era Orde Baru ada KUD ( Ketua Untung Dulu ).;;;;
"Itu hanya Akal akalan Rezim Koplak , itu hanya sekedar TUNGGANGAN utk 2029 , makanya APBD , APBN sampai HIMBARA dipkasakan utk Menghidupi Koperasi Merah Putih , Endingnya 80 ribu Koperasi WAJJB nyari 1000 anggota yg harus Milih Capres tertentu , 80 ribu x 1000 suara , dapatlah 80 juta suara .. maka jadilah Caprea tersebut Presiden ..
Maish blm lupa KISAH KUD yg rata rata GAGAL , masih dibuat Koperasi baru  Hanya UTK memenuhj syahwat PENGUASA..!!
KOPLAK level akut.";;;;
sangat riskan dan rawan untuk dikorupsi. tapi sepertinya percuma kita bersuara, pemerintah tidak akan mendengarkan.;;;;
𝗠𝗜𝗬𝗔𝟴𝟴💥 itu tempatnya upgrade saldo sambil santai 😌;;;;
🎉𝗠𝗜𝗬𝗔𝟴𝟴✨ tuh kayak rest area buat dompet capek!;;;;
Kadang yang lo butuhin bukan motivasi, tapi buka ✨𝗞𝗢𝗜𝗦𝗟𝗢𝗧🎉 aja dulu.;;;;
Akan kah  11  12  dgn  mbg   masuk  juga  relawan2  08 🎉;;;;
✨𝗞𝗢𝗜𝗦𝗟𝗢𝗧🎉 sekarang udah kayak bahasa baru di sosial media!;;;;
✨𝗞𝗢𝗜𝗦𝗟𝗢𝗧🎉 trending karena yang coba pasti cerita;;;;
✨𝗞𝗢𝗜𝗦𝗟𝗢𝗧🎉 bikin pemainnya senyum karena dapet bukan nunggu!;;;;
Jelas gak bener kl menteri koperasi nya projokowi pasti nanti koperasi nya di korupsi berjamaah;;;;
Dari pusat setor milyaran. Sampe desa tinggal ratusan juta 🤣🤣🤣🤣 yg untung para bandit yg rugi ya rakyatnya dibohongi 😅;;;;
"Selama ini dimanapun dibumi pertiwi yg namanya koperasi yg untung  pengurusnya  yg buntung anggotanya  .
Tak petcaya .
Cek semua koperasi unit desa ( KUD) para petani sawit .";;;;
akan menimbulkan konflik antara pengurus/pemdes dengan masyarakat;;;;
Dr program prabowo program ini yg paling pesimis...😀😀😀.. 1. Orang desa lebih brutal dr orang kota sekarang korupnya, 2. Yg mengelola mentrinya meragukan😀;;;;
Sikap tempo ya gk akan setuju. Tempo pendukung kapitalis murni;;;;
Modus modus gaya baru;;;;
KUD koprasi unit desa yg lama tolong di ivestigasi banyak aset tanah dijual ke perorangan. Koprasi jangan jadi ladang korupsi banyak oknum2 yg memperkaya diri sendiri;;;;
Proyek baru, ladang baru😅;;;;
Thn 2008 konsep ini saya beri nama Koperasi Usaha Terpadu Holistik Lingkungan...dgb modal awal mendapatkan Dana PUAP.(Program Usaha Agribusinis Pertanian/peternakan...seiring waktu..dan stimulus ygdiharapka dari Dana Puap...maka yg tinggal adalah konsep...tapi di Masa President 8..peluang itu muncul..sayangnya sata sdh pensiun dari Dinas Pertanian Kab.Asahan..tdk ada yg melajyjan revitalusasi program iru..tapi saya yakin dgn muncul nya Kooerasi Desa Merah Putih..dgn menjalankannya sesuu azas kooerasi dimana pemiliknya adalah anggota...dan rutin melakukan RAT..dan pembagian devuden ke anggota tanpa rekayasa..maka yg diyntunkan adalah penduduk desa yg ikut mebjadi anggita dan terlibat ...masakahnya SDM Desa yg melek kopersi sangat minim..krn sdh ..apriori dulu dgn koperasii jaman.dulu..KUD(katua Untung Dulu)..krn blm ada internet sehingga msh rumit dan tertutup..tapi zaman ini Kooersi dgn sistim digitalisasi..semua aliean uang bisa dipantau anggta..peluang Katua Untung Dulu..bisa diminimalisasi.;;;;
Pemerintah wajib mensosialisasikan secara rinci kepada publik bagaimana mekanisme pengelolaan operasional koperasi, bagaimana mekanisme pendanaannya sehingga benar benar terpakai sesuai kepentingan dan tujan koperasi ini dibentuk;;;;
Menggerakkan ekonomi para kroni2nya lah 😂;;;;
gagasan dan tujuan pembentukan Koperasi Merah Putih sangat baik untuk rakyat terutama di desa-desa, persoalannya bagaimana mekanisme pengawasannya bisa berjalan dengan sempurna agar sesuai tujuan dibentuknya koperasi Merah Putih ini.;;;;
"Boykot pajak solusi mencegah korupsi. 
Orang kampung berkata buat apa nyetor pajak klo ujungnya buat dikorupsi mending buat menafkahi anak istri dari pada harus wajib pajak🤣🤣🤣🤣";;;;
"Ingat saja KUD jaman orba..
Bumdes juga amburadul..
Bantuan desa juga hanya memperkaya pamong desa";;;;
Jelaslah karena pemerintah punya program swasembada pangan dan dengan itu di didirikan koperasi desa untuk membantu masyarakat yg kekurangan modal;;;;
Banyakan bentuk bentuk korupsi yg Danantara Koperasi Mwrah Putih dah dari duku sudah ada;;;;
"Pemerintah tolong berikan jabatan ke 4 orang ini,bisaga jalankan fungsinya yg baik dan bener,biasanya modelan gini omon omon doang.
Belum tau hasilnya gimana udah di nyinyirin dulu tempe tempe";;;;
"Koperasi merah putih siap dikorupsi kapanpun dan dimanapun. 
Danantara siap untuk dijadikan pesta pora korupsi masal. 
Mereka akan tertawa dan berjoget bersama menikmati bersama janda tuk berfoya foya. 
Ok gas ok gas rakyat miskin. Pejabat Tancap Gass 😂😂😂😂😂";;;;
Siap siap setiap anggota akan dikumpulkan di 2029 harus ke satu suara, jika tidak naaaah…;;;;
YG  JELAS  DANA YG DI  BERIKAN           3 MILYAR.TERNYATA  ADA  PETUGAS  DARI  JAKARTA..BERIKAN  PINJAMAN 1 MILYAT;;;;
Koperasi pelat merah;;;;
Kalo ga nyinyir ga ada konten ini sipaling A1😂;;;;
"Ide dan gagasannya bagus..
tapi.... realisasinya akan seperti apa? atau ada niat niat lain misalnya siapa yang bakal ngawasin? apa tidak akan membuka celah baru untuk .......?";;;;
Mau semangat tp menterinya yg onoh, langsung ngorok aja dah 😴;;;;
"Semua di nyinyirin,jelas adanya koperasi desa karena untuk membantu modalin masyarakat dengan adanya program pemerintah swasembada pangan.
Lu pada yg duduk 4 orang 
Di depan kamera hanya bicara,lu tau ga kesusahan petani di desa,dan lu 4 orang mau pinjamin modal?
Jangan semua program pemerintah di nyiyirin.";;;;
Seperti berbisik suaranya;;;;
Tempo tolong sampaikan kritik saya ke pemanku negara;;;;
Paling2 ntar uangnya buat bancakan rame2...;;;;
Koprasi lawan minimarket punya Oligarki mana tahan;;;;
koperasi di indonesia dalam sejarahnya yg 100 tahun tidak ada yg berhasil... Malah jadi sarang korupsi, karena tidak akuntable, tidak ada yg audit.  sudah lupakanlah ide koperasi...;;;;
nyimak;;;;
ni kayaknya semua program jadi2an mang ommon ujung2nya jadi lahan korupsi deh.... ampuuun dah mang omon;;;;
lebih baik jika perbanyak pertanian, peternakan perkebunan untuk menciptakan lapangan kerja yang banyak;;;;
"Menjadi ladang dan sawah korupsi baru bagi orang yang berkepentingan.
Sudah jamak di Indonesia.
Seperti alokasi dana hibah.";;;;
Sok2an bikin program ribuan koperasi. Lama2 jg jadi Bansos...2029.;;;;
Takutnya cuma proyek bodong....;;;;
ini mah koperasi mekar versi pemerintah;;;;
MODUS  PERAMPOKAN  UANG NEGARA DAN PEMERASAN RAKYAT BY PAJAK !!!;;;;
tempo selalu terdepan.;;;;
moga2 ga jadi ladang basah.. sikon sekarang lg ga jelas harusnya warga 62 bersatu buat lawan sikon dr luar;;;;
Bubar 2030 duit apbn habis;;;;
Badan usaha yg di tunjuk pemerintah sebagai pengelola...jangan pecanda..😂Sejauh ini hanya kementerian pertanian yg terbukti hebat...;;;;
Bener2 high risk sekali pembentukannya aja orang2nya terafiliasi dg parpol ,yg paling ditakutkan bukan tepat sasaran tapi malah nyasar ke orang2nya ( tadi yg terafiliasi dg parpol ) buat logistik pilpres nanti;;;;
Masih ingat pada saat zaman menteri koperasi Adi Suseno di Orde Reformasi. Di era ini semua tokoh-tokoh LSM menjadi pengurus koperasi dan diberi kredit. Apa yg terjadi KREDIT MACET DAN KORUPSI DI KOPERASI MEMBUAT KOPERASI TUTUPPPPPPP;;;;
Ibaraynya loe punya uang, loe  bisa buat beberapa unit bisnis, lah ini APBN aja defisit maksa dengan ide aneh2,,😂😂😂;;;;
Koperasi dari, oleh & untuk rakyat. Bukannya  profesional, pengalaman selama ini sangat jarang koperasi sukses kecuali koperasi-2an.;;;;
Bagi perbankan, sangat high risk untuk memberikan kredit kepada usaha baru, seperti koperasi yg baru masih unyu2, berisiko non performing loan. Dulu ada KUD, lalu bumdes, sampai sekarang yang good perform sangat sedikit. Overall, apapun proyek pemerintah, selama korupsi belum diberantas tuntas, hasilnya tidak maksimal...;;;;
Dulu ada proyek PNPM. Dalam proyek tersebut di desa2 dibentuk kelompok simpan pinjam. Modal diberikan oleh PNPM. Sebagian besar kelompok bubar. Banyak anggota yang meminjam tetapi tidak mengembalikan uang  pinjaman!!! Ini harus jadi bahan pelajaran sebelum Koperasi Merah Putih dibentuk di tiap desa!!!;;;;
Buat koperasi sih gampang, pemeliharaanya sulit. Biasanya pengurus koropsi dan pengurus nggak mau di ganti2;;;;
Akal akalan ketua projo.. 😂;;;;
"Kalo Untuk Desa Saya Saran, Boleh Pemerintah Punya Niat Baik Memajukan Desa"" Dengan Cara Apapun Tapi Tolong Setiap Brapa Tahun Sekali Adakan Survei Dari Pemerintah Pusat Apa Aja Yg Sudah Dibangun Di Desa Karna Kalo Gak Ada Survei Dari Pemerintah Pusat Itu Dana Bantuan Sebesar Apapun Bakal Kalang Kabut Gk Ketemu Jalannya kemana, Ini Salah Satu Contoh Didesa Saya Aja Belom Desa"" Yg Laen, Di Desa Saya 3 Periode Kepala Desa Berkuasa Cuma Periode Pertama Kami Merasakan Jalanan Enak Dua Periodenya Hancur Jalan Sama Skali Gk Diperbaiki, Pertanyaannya Kenapa Pemimpin Yg Tidak Baik Masih Dipilih? Saya Jelaskan, Di Desa Itu Mayoritas Orang Awam Dan Kepala Desa Bermain Politik Amplop Yg Perorang Bisa 300 Sampai 400ribu Bahkan Ada Yg Mencapai 500ribu Tuh, Orang Awam Dapat Uang Sebesar Itu Dah Senang Sekali Mengingat Sulitnya Mencari Uang Didesa, Didesa Kerja Seharian Jadi Buruh Cangkul Kerja Pagi Ampe Sore Full Cuma Dapet 100rebu Gimana Gk Seneng Mereka Dapat Uang Cuma"" Segede Itu Cuma Dengan Mudah, Jadi Pesan Saya Untuk Pemerintah Pusat Tolong Sesekali Survei Lah Desa"" Diseluruh Indonesia Agar Anggaran Dana Desa Yg Turun Kepemerintah Desa Tersalurkan Dengan Benar Bukan Digunakan Untuk Memperkaya Diri Mereka Sendiri";;;;
Rupanya ini podcast tempe 🤣🤣🤣🤣;;;;
Pak prabowo kok percoyo mbek buzzer mulyono seng maling, wkwkwk;;;;
"Kalian jg jangan hanya omon2, tp berikan juga opsi bagi kami masyarakat desa.

Kami di desa ga butuh teori yg banyak basa basi, tp kami butuh aksi";;;;
"Biasa....cari cara baru.,. untuk mengais suara....dengan memanfaatkan uang negara.... untuk kepentingan berkuasa....dan da bisa di lihat orang orang mana aja yg ngotot buat koperasi ini... mereka ini yg berkempentingan...
Ambil uangnya.....dan jangan pilih partai itu....itu juga uang rakyat....bukan milik partai licik...";;;;
Mestinya Bumdes yg SDH berbadan hukum ini dikembangkan/direvitalisasi;;;;
emangnya tempo harus bersikap y, emang ngaruh tah;;;;
Yg untung Badan Usaha Milik Kepala Desa (BumDes);;;;
Dulu kalau gak salah ada KUD (koperasi unit desa), kenapa gak ditingkatkan lebih baik dan menguntungkan rakyat bukan menyejahterakan pejabatnya.;;;;
apapun produk rejim... sudah rusak oleh ketidakpercayaan dan ketidakjujuran;;;;
Program makan gratis dan rumah gratis gagal..ini mau ngecet langit lagi..;;;;
King omon2 Ngomong saham saja blunder apalagi soal2 yang lebih rumit.;;;;
"Yg pasti untung ya menterinya n pejabat terkait. 
Kalau rakyat nya sih embuh, gak tau, sepertinya sih rakyat hidupnya akan sama saja, merangkak hasil banting tulang sendiri.";;;;
Lah gimana, koperasi KUD orde baru saja banyak gagal gulung tikar, kasusnya sama semua, pengurus pengurusnya dan pejabat-pejabatnya berlomba-lomba korupsi, apa mau terulang lagi.;;;;
Menurutku masyarakat Indonesia kurang antusias dengan koperasi karena setiap bulan harus bayar simpanan wajib kalau utang harus ada jaminan karena usaha sejenis sudah banyak;;;;
Dahulu KUD di modali, di beri hibah modal, pinjaman tanpa bunga dan fasilitas fasilitas lainnya. Tapi dari ratusan KUD seluruh Indonesia cuma berapa glintir yang berjalan. Yang jelas pengurusnya yang jadi kaya;;;;
Maling Maling Maling proyek baru;;;;
Jadi agen judol pastilah untung;;;;
"Yg diuntungkn adalh kepdes beserta keluarga besarnya😂
Konoha makin ngelantur nich😂😂😂";;;;
Diapa yg untung. Pasti buat rantai koruuupsssiiii;;;;
Dana desa itu menggiurkan.. masa kementerian ga pengen terlibat 😊;;;;
Tambahan LADANG KORUPSI om wo;;;;
Sptnya Koperasi itu utk bvungkam suara rakyat dipemilu, berkedoknya koperasi merah putih;;;;
Vindry paling ayu ttp juga paling ora lemu. Host wedok lain semua lemu lemu;;;;
Beda mmg, kebutuhan masyarakat, terutama di pedesaan,  dgn tim penguasa😊 yg doyan segala proyek dan memproyekkan segala😂😂😂;;;;
Koperasi  desa  merah putih  ini  harus. Belahar  dari  tahun  tahun yang dulu  dananya  nguap  hak ada juntrungnya  dan..asyarakst banyak yang menjadu pesakitan... Untuk itu  harus.. Betul. Betul di perhitungkan;;;;
Sebetulnya tak perlu buat tinggal teruskan sisa orba atau kud apalagi mentrinya budi ari jls semangat utk vari keuntungan;;;;
ghoida rahma makin glowing, semangat terus yah;;;;
Koperasi mulai dirambah pemerintah waspada jangan sampai justru bikin boncos rakyat. Namanya merah putih nanti yg kerja preman gawat atau malah para koruptor.;;;;
Satu indonesia hancur akibat ulah Budi Arie 😒;;;;
Semua program pemerintah murni untuk bangsa dan negara bukan untuk popularitas presiden,partai politik dan sarang koruptor pasti semua diuntungkan😊😊😊;;;;
Haha... Antek soros;;;;
Koperasi merah putih dan BUMDES sebetulnya sangat baik, namun demikian pemerintah harus menyediakan daya tampung dari hasil olah koprasi dan BUMDES yg mungkin sdh diatur dalam juknis dan juklak;;;;
"Bidang Ini kan orang nya we wok de tok 
Akhhhh,";;;;
Ahhh .. udah jelas, ini bakal hadi 1 proyek bancakan partai2. Ngeri ini mah … 😮;;;;
pemborosan & pembakaran duit negara berkedok Efisiensi. MBG + koperasi merah putih.;;;;
Lancar korupsinya ato apa mbak.😂😂;;;;
Sebaiknya bantu koperasi yg sdh ada di majukan.;;;;
koperasi sekarang semangatnya beda. dan diperlambatan ekonomi seperti ini bakal mempertinggi NPL, karena bukan hutang produktif. apalagi koperasi minim pengawasan dan seleksi;;;;
Ngomong untung si Budi,,,😂 denger dia ngomong untung aja udh ketauan itu gimana akhirnya si koperasi;;;;
"Ytta dan bukan rahasia umum. koperasi dalam birokrasi seperti apa & untuk apa 😌
Ingat, siapa menteri koperasi sekarang";;;;
Jangan-jangan juga dijadikan pemasaran Judol.;;;;
Ada aja akal-akalan perampok uang negara;;;;
Lahan basah;;;;
Ladang pemilu 😂😂😂;;;;
Dikira dapan presiden baru makin maju negara ini. Rupanga makin gelap aja;;;;
makin kesini makin buka-bukaan korupsi dipersilahkan.;;;;
ASTAGA;;;;
Hebat di atas jadi pejabat mailing sekarang ke bawah suruh maling lagi. Gila tua pada ngak tau diri;;;;
Pasti ga berhasil karena akan terjadi konflik kepentingan.;;;;
Nah kan,ujung2nya pasti begini,dapat bancakan baru ( lagi );;;;
Rezeki dari 𝑻𝑶𝑻𝑶𝟑𝟐𝟖 bikin senyum lebar hari ini. Terima kasih banyak!;;;;
🎰 Sensasi jackpot terus menerus, wajib coba di 𝑻𝑶𝑻𝑶𝟑𝟐𝟖! 🤑;;;;
Bikin penasaran banget, dapet jakpot besar cuma dalam sekali coba di 𝑻𝑶𝑻𝑶𝟑𝟐𝟖 !;;;;
🎯 Putar terus, menang terus! 𝑻𝑶𝑻𝑶𝟑𝟐𝟖 luar biasa! 💥🔥;;;;
Ternyata main di  𝑻𝑶𝑻𝑶𝟑𝟐𝟖  bikin rezeki datang begitu saja, langsung gacir!;;;;
🎯 Game yang bikin dompet makin tebal! 𝑻𝑶𝑻𝑶𝟑𝟐𝟖! 🚀;;;;
Modal sedikit, langsung dapet hasil gede! Rezeki datang dari 𝑻𝑶𝑻𝑶𝟑𝟐𝟖 !;;;;
Bahagia banget dapat rezeki berkah dari 𝑻𝑶𝑻𝑶𝟑𝟐𝟖 !;;;;
🎯 Game yang bikin dompet makin tebal! 𝑻𝑶𝑻𝑶𝟑𝟐𝟖! 🚀;;;;
💥 Semua jadi mungkin! 𝑻𝑶𝑻𝑶𝟑𝟐𝟖 bikin hidup lebih happy! 💰📈;;;;
💥Baru main di 𝑻𝑶𝑻𝑶𝟑𝟐𝟖, saldo langsung naik drastis! 🚀💰;;;;
Langsung coba di 𝑻𝑶𝑻𝑶𝟑𝟐𝟖 dan jangan lewatkan kesempatan besar ini!;;;;
Keberuntungan rezeki hari ini datang berkat 𝑻𝑶𝑻𝑶𝟑𝟐𝟖!;;;;
Main di 𝑻𝑶𝑻𝑶𝟑𝟐𝟖 auto good vibes, rezeki emang udah ada yang ngatur!;;;;
🔥 Jackpot lebih dari yang dibayangkan! 𝑻𝑶𝑻𝑶𝟑𝟐𝟖 luar biasa! 🤑;;;;
💎 Dari receh jadi sultan, main di 𝑻𝑶𝑻𝑶𝟑𝟐𝟖 emang worth it! 🎰💥;;;;
💎 Modal kecil bisa jadi sultan di 𝑻𝑶𝑻𝑶𝟑𝟐𝟖! 💰🎰;;;;
Makin hopeless aja;;;;
"Alah hopeless gua.
Udah jabar misah aja deh. Bodo amat sama pusat yang ini.
Kirain 3x kalah jadi making mateng
Ternyata utang budi politiknya jadi 4x lipat";;;;
Kabinet Korup korup 😂;;;;
Lahan basah;;;;
"Koperasi harusnya dihapuskan saja…karena tidak ada badan pemerintah yg menjamin keamanannya.
Sudah banyak korbannya !!!";;;;
Bagi2 uang rakyat kayak uangnya dia ya;;;;
Pemerintah asalanan banget.,.,parah.,.,rezim kajol;;;;
Koperasi limbung korupsi di pelihara biarin aja deh sekalian ancurr indonesia negara ini klo blm revolusi ngga ada yg mau mikir pejabat2 negri ini tinggal tunggu pecahnya,,bwt budi arie kesempatan bikin partai projo dr hasil peras uang2 rakyat desa mumpung presidennya bnyk omon omon cuma gede koar koar doank fakta nihil😅😅😅😅😅;;;;
Astagfirullah... 😢😢😢😢;;;;
Apakah Indonesia kekurangan orang? Khan tidak.. Knapa harus pada merangkap jabatan seakan akan penduduk kita itu sedikit sekali.;;;;
Ya haruslah! Selagi ada kesempatan? Gunakanlah! Kesempatan takkan dtg berulang kali.;;;;
"Klau pemimpin tersandra tak bisa berbuat apa apa,,,, 
Contoh kdm beliau tak tersandra, tak melibatkan pengusaha dlm kampanye untuk Pendanaann, tak melibatkann seseorang yg ada kepentingan, tak melibatkan seseorang untuk mengindorsnya. 
Makanya beliau bebas menjalankan programnya untuk jabar yg 
Untuk kepentingan rakayt jabar. Bahkan mampu membubarkan perusahaan , tempat usaha , dan tempat tnggal    yg menyalahi aturan . 
Beda dengan calon yg melibatkan sembilan naga , dan orang orang yg kemaruk jabatan 
Pasti akan balas budi, 
Contoh aguan dia bisa mempunyai laut, pik 1 &2";;;;
Kader parpol: otw bancakan nich.;;;;
Awokwok 😂😂😂 blas bubar gak sih 😅😅😅;;;;
Calon lahan korupsi baru;;;;
Endingnya demokrasi dan hak pilih rakyat ditekan lewat koperasi yang dipimpin orang parpol. Makin rusak aja ini negara;;;;
Nahhhh akhirnya ketahuan arahnya kemana 😅😅😅;;;;
Nah kan.. Uda ketauan belangnya, jadi proyek bancakan, sarang korupsi baru.. 😂😂😂;;;;
Moal baleg 😂;;;;
Bagi terooossss;;;;
Ladang lagi broo;;;;
Halahhhh wowo mundur lah...muak gw sama drama lu;;;;
Negara tanpa konsep.. keserakahan makin tumbuh dan berkembang;;;;
Arie antek judol;;;;
Rakyatmu kapan dipikirin?;;;;
"permasalahkan itu hutang ugal""an 10 tahun kemarin.

ini lagi bikin masalah, duid mulu otak kalian.";;;;
rusak bangsa ini !;;;;
Fix ini mah strategi si wowo buat menang lagi klo nyapres tahun 2029. Dia tinggal suruh kader nya yang jadi pimpinan di koperasi merah putih itu, buat supaya nasabah/debitur koperasi nyoblos dia. Dana nya dari duit koperasi 🤣😂;;;;
Menteri gagal dikasih jabatan lagi, data rakyat aja mudah dibobol gimana ngurusin koperasi 😊;;;;
Tujuan koprasi adalah untuk mensejahterakan anggotanya. Keanggotaan koprasi bersifat terbuka. Prinsip koprasi: dari anggota oleh anggota untuk anggota. Jangan dikait kaitkan koprasi dengan politik/tokoh politik Krn koperasi itu milik anggota. Keputusan tertinggi adalah rapat anggota. Masyarakat harus cerdas dan paham akan koperasi.;;;;
Udah ketebak. Akal2an penggarongan dana koperasi;;;;
GIMANA KABARNYE NIH JUDOLLLL.... DIEM2 BAE...😁😁😁;;;;
"Sukaa"" hati kalean laaah,,,,itu sama aja bagi komisi buat orang"" partai😂😂😂 kita"" rakyat ini jurusan yg mana yaa???";;;;
Wes toh...wes toh...entek entekan🎶 oleh antek antek..;;;;
"😂😂😂😂😂 ujung"" yg kerja orang partai semua";;;;
Dan disitulah Biang Kerok bakal kehancuran nya, Krn negeri ini punya stick berlimpahnya ruah Koruptor;;;;
makin kelihatan maksud dan tujuan koperasi merah putih...;;;;
Ada indikasi memperkuat kekuatan politik sebuah kelompok kayaknya 😮;;;;
Bagi bagi kue dan ternak kroni kroni 2029;;;;
Ujung2 nya ya gitu deh😅 pesta;;;;
Terserah kalian aja;;;;
"SEKARANG WAKTUNYA ""ORANG DALAM BERKUASA"" cara KKN MERAJA RELA.... PROFESIONALISME & KOMPETENSI NGA LAKU...";;;;
Intinya bagi bagi duit ke keluarga sama kenalan;;;;
🤣🤣🤣;;;;
Coba tebak kira kira ada yang ketangkep kasus korupsi dana koprasi di masa depan apa tidak..??😊😊;;;;
Ujungnya bagi2 kue untuk kader partai pendukung terutama PSI;;;;
Bahaya;;;;
baiknya sih parpol di kurangin aja lah demokrasi2 malah carut marut g jls.. yg enak org yg di parpol😅😅😅;;;;
Persiapan 2029;;;;
*ini nih jalan mulus bagi m4l1ng ngerampok duit koperasi, kek gitu minta dipercaya??*;;;;
"Ngaco 
udah pada tua tobat napa sih";;;;
"Jadi bancakan...
Oke gas oke gas";;;;
Sudah ketebak, yg diuntungkkan ya partai penguasa, tinggal gk bisa diaudit nih biar makin lengkap;;;;
Kamu !!! Iya kamu !!!! Untuk kamu apa sih yang ngak boleh????;;;;
Urus togel sekalian ?;;;;
Artinya akan diisi oleh partai 😅;;;;
Proyek baru dimulai, tar ujung2nya kalo tidak separtai dipersulit oleh koperasi.🤣🤣🤣;;;;
Setelah dipusat pemerintahan digarong, mereka siap2 garong kekayaan rakyat di pedesaan.;;;;
Real mo dirusak ini negara, bedebah!;;;;
dah ketebak dari awal aowwkwk;;;;
Alamak ladang korupsi nih;;;;
Hahaha mantap.;;;;
Makan besar nih buat budi arie cs, glontoran brpa t  kalo tiap desa seluruh ri;;;;
Astaghfirullah;;;;
bener2 mau dibubarin ini negara;;;;
"BANCAKAN

Koperasi Merah Putih
UU BUMN";;;;
saatnya joget bareng. oke gas oke gas;;;;
Pemerintah itu dalam kata lain si pak wowo kan? 😀;;;;
"Awas gagal tuh
Bisa2 dituntut dgn pasal ""menganut sistim ekonomi kapital"" Tom. 😅
Ampun JpU.
Apakabar kereta cepat...";;;;
Gajelas lah.;;;;
Beromon-omon dahulu, hancur kemudian😅;;;;
Naik kelas pak sekarang bukan ketua untung duluan, tapi pejabat di pemerintah pusat yang untung duluan baik dari aspek ekonomi maupun politik 😂;;;;
Didesaku sudah di bentuk pengurus KOPERASI Merah Putih, bersifat dadakan. Ketuanya punya pekerjaan yang lebih pokok sebagai guru. Otomatis tidak bisa bekerja full time untuk memajukan koperasi, menjadi pengurus koperasi hanyalah pekerjaan sambilan saja. KOPERASI Merah Putih yang biayanya sangat besar kalau pengurusnya punya pekerjaan lain yang lebih utama tentu saja tidak begitu menggembirakan buat cita2 memajukan koperasi..;;;;
Ini lah ladangnya para koruptor yakin lah;;;;
Ladang baru utk korupsi;;;;
Nama lain Dr BUMDES, ujung ujungnya modal habis tutup,;;;;
Allahhuakbar;;;;
Kebanyakan omon tp hasil zonk.;;;;
"Selama tidak ada tim Audit Resmi di wilayah kecamatan,Yang tugasnya mengaudit dan memverifikasi pinjaman ke nasabah,Jangan harap kopdes ini akan berhasil dan sukses.
Malah sebaliknya akan menjadi ladang korupsi berjamaah dan membuat Kredibilitas Presiden sebagai pengagas kopdes ini akan tercemar.";;;;
"ada gk kira2 ide...memangkas gaji pejabat...dn menghilangkan tunjangan...
krn mreka pejbat hnya merampas hak rakyat...
mmbuat aturan biar kelihatan krja...pdhal aturan2 itu tdk layak";;;;
Menteri koperasi aja gak beres😂😂😂;;;;
Mba puan gas ketum partai. Selalu ikut prabowo;;;;
ibarat kamu beli barang tapi nyesal. Uang habis dapat kualitas s4mp4h. diganti gak bisa, dipakai pun gak guna. 😂😂;;;;
Ttp aj oknum itu ada, koperasi desa di depan ketua ny sndiri,saat pembentukan rakyat  di mintai KTP, setelah turun yg di PT pinjeman kroni ny aj,alsan gk prcaya sma rakyat jd di pke sndiri, Al hasil koperasi100 JT mandeg dan bangkrut;;;;
Ladang duit bagi pejabat,rakyat jadi tumbal lagi;;;;
😂😂😂😂😂kud gimana kabarnya 😂😂😂😂pokok koperasi produk pemerintah pasti amburadul, cek aja lah semua;;;;
Dulu ada namanya KUD koprasi unit desa. Nasib nya entah bagaimana sekarang dikmpung saya sudah hilang.;;;;
lahan kuropsi...dana segar...malahn ngajarin riba...amit2;;;;
Berarti nanti bakal dapet untung untuk pengurus.;;;;
Preett......... omdong;;;;
Kalo mau bantu jng pilih kasih nyet;;;;
Sebagai contoh Dana Desa tdk dpt dirasakan oleh masyarakat desa khususnya di Kab Nias Barat dan saya kira juga KMP sama nasibnya dgn Dana Desa.;;;;
Di desa2 jangan pada ikut ya;;;;
Omon omon omon 🤮;;;;
Makin hari makin kacau😅😅😅😅;;;;
"Hanya 1 yang merusak indonesia
Maling uang negara,
Teruslah korupsi sebanyak2nya mumpung hukuman ringan.";;;;
Ujung ujungnya korupsi;;;;
KORUPSI MERAH PUTIH;;;;
Sy mau lah jadi pengurus dan mejaga jangan sampai Koperasi Untung duluan;;;;
Koprasi ko uang kita diminta dulu buat ini itu disuruh nabung lah kita mau minjam gmna bingung saya;;;;
Wowwo;;;;
Kl ketua ya harus untung duluan to pak Wo;;;;
Ingat berlaku untuk KETUA, kalo KEPALA/PEMIMPIN boleh😂, secara logika murni didikan konoha, ga akan ada yg mau ngajuin diri klo ga untung;;;;
Bukan lagi ketua untung duluan sekarang untung semua pihak tambah parah  korban si peminjam .. emang kurang ajar semua padq;;;;
AKHIRNYA TERKENA KARMA..,  JADI TUKANG OMON-OMON 🔥;;;;
KOPERASI MERAH PUTIH WADAH BARU KORUPTOR DAN INVESTASI NYA KORUPTOR;;;;
Koperasi merah putih endingnya bubar... cicilan macet dan Pengurusnya korup.;;;;
Nambah lagi kesejahteraan buat pejabat pejabat desa dan rakyat nya pasti ga kesentuh;;;;
Lapangan pekerjaan lagi sulit bapak malah ada aja kerjaan buat menteri yang males;;;;
Entah gerilya aplgi yg direncanakan untuk rakyatnya🤔🤔🤔??;;;;
Omon2 lagi omon2 lagi;;;;
Tidak akan sesuai rencana,akan jadi tambang koruptor terbaru seperti dana desa apalagi menteri nya beking judol;;;;
Pretttt😂;;;;
😂 menteri koperasinya aja ga bersih;;;;
Malah bagus ada ritel modern di desa, nggak kalah dengan kota, bisa tarik tunai, bahan makanan nggak ada yg kadaluarsa, menyerap tenaga kerja;;;;
"ritel di desa perlu diatur benar tapi kopdes sharusnya menjual hasil tani dan alat pendukung tani bukan toko kelontong.pertanyaannya uang hasil keuntungan koperasi desa jika jual kelontong lari kemana ?
pejabat pada mau dijadikan pebisnis.baru tahu rasa kalo seluruh perusahaan pada muak dan pindah ke vietnam.indonesia bangkrut,BEGO.
ini negara sosialis / demokrasi kok pejabat mau jadi pebisnis semua.mending kalo ga pakai uang negara,.";;;;
Sebaiknya nggk usah beli di koprasi ,biar berhenti total, sbb membunuh perlahan- lahan pedagang kecil yg di pasar2;;;;
"Dalam Kajian Geografi Ekonomi:
Dampak positif ada persaingan sehat antara Koperasi Merah Putih dengan Supermarket modern, antara lain: 
1.Timbulnya evaluasi manajemen operasional Koperasi Merah Putih untuk perbaikan dan pengembangan operasional dan pelayanan konsumen Koperasi Merah Putih.
2.Mengembangkan strategis ke usaha lain sehingga membuka lapangan pekerjaan. 
3.Menimbulkan harga barang murah dan berkualitas untuk meningkatkan kepuasan konsumen. 
Dampak negatif Koperasi Merah Putih tidak mau bersaing dengan supermarket modern dan toko kelontongan, antara lain:
1.Memunculkan dugaan adanya oligarki dan oknum pejabat dalam proyek pelaksanaan Koperasi Merah Putih untuk mengambil untung besar pada dirinya sendiri dan kelompoknya. Bilangnya  untuk masyarakat tetapi untuk dirinya sendiri dan kelompoknya. 
2.Munculnya dugaan adanya korupsi pelaksanaan pembangunan gedung KMP yang mana pencairan dana dilapangan dipotong 30%  dengan alasan administrasi tapi perencanaan dan laporan tidak ditulis adanya potongan administrasi sehingga melakukan penutupan swalayan modern dan toko lainya agar bisa menutupi tindakan korupsinya dan dapat untung besar.
😎😎😎🙏🙏🙏";;;;
Bisa. Yg diregulasi mulai dari harga jangan sampai terlalu mahal dari harga yg seharusnya, supply barang jangan ditimbun untuk manipulasi harga, dll;;;;
TAKUT BERSAING....PEMERINTAHAN TOTLOL...;;;;
😂 gak gitu solusinya, makanya belajar , tempatkan pejabatnya sesuai keahlianya, giliran yg joz dan ahli seperti menteri kelautan bu susi di copot, skrg oejabatnya bau kencur aemua nyari kambing hitam. kami masy konoha sudah nyaman sama alfa dan indo, kdmp cari pelanggan barulah yg sesuai sasaran😂😂😂;;;;
Pemerintah beli aja saham Alfamart dan Indomaret paling tidak 60%;;;;
"Semua aja diatur sesuka pemerintahan. 
Jadi macam korea utara sudah.

Cemen kali kalau negara takut saing dengan indo dan alfa...

Liat tuh pln dan pertamina, gaada lawannya, amburadul jadi sasaran main2 proyek aja...";;;;
Berobat lebih baik;;;;
Semua semua mau dimonopoli.... Masih kurang hasil korupsinya;;;;
WOYYYYYY BEERSAING SECARA SEHATTT......;;;;
5 thn setelah menjabat dijamin tutup;;;;
selama ini sdh jalan baik, konsumen bebas mau beli di mana. kalaui nggak bisa kerja, nggak usah ngrecokin yg sdh ada;;;;
Indomaret dan Alfamart menciptakan lapangan pekerjaan. Koperasi Merah Putih menciptakan Korupsi;;;;
Spertinya Lahan korupsi baru nih..;;;;
Gerakkan pemerintah ini selalu terlambat jauh dibelakang pihak swasta. Alfamart & Indomart sudah mulai dari dulu jualan seperti ini. Kalau management koperasi dalam pengadaan barangnya tidak kontinyu ya bakal ga jalan.;;;;
Kayaknya yg perlu diatur ulang otaknya pak meteri deh;;;;
"sdh banyak buka di desa2 br mau diatur..ente bodoh apa kurang setoran..
jd pejabat yg pinter mau dibilang pro rakyat tp beli kendaraan untuk koperasi import dr india..😂
ini yg 1 br ketahuan..jgn2 nanti isi barang ny beli dr indomaret atau alfamart..
itu si indomaret sm alfamart sdh kuasai brg dr ulu sm k ilir..dr pabrik produksi smp k etalase mereka..";;;;
"😂gak percaya gua sama pengurus""nya..yg ada barang hilang minus miliaran.. liat aja MBG berantakan diam aja..
Wo wooo
Klo gak bisa bikin sistem ya minimal jgn byk mimpi lah";;;;
Akal2an yg ga sehat;;;;
Bersaing yang tidak sehat dengan main aturan;;;;
Bantu ukm untuk bersaing, bukan mengatur retail modern yang sudah berjalan;;;;
Dulu ada koperasi vdi era Suharto, byk yg rugi, ASN suka ambil barang tnp bayar. Menkop bacotan, isinya kosong. Gk usah ngotot bikin koperasi.;;;;
"Dalam kajian Geografi Ekonomi:
Menteri Desa merencanakan menutup swalayan swasta jika koperasi merah putih aktif. Ini kebijakan pemerintah hal ekonomi yang tidak tepat. Indomart dan Alfa mart ditutup maka menganggurkan para pekerjanya dan menghambat perluasan lapangan pekerjaan. Seharusnya sistem manajemen pengelolaan dan pelayanan konsumen Koperasi Merah Putih seperti Indomaret dan Alfamart serta belanja on-line supaya bisa bersaing sehat dengan swalayan swasta. Bukan menutup usaha swalayan swasta yang sudah melayani konsumen dengan baik dan puas.";;;;
komdes !....siapa mau beli ?...sarang penjarah uang hasil hutang.;;;;
"Alfamart indomart modal profesionalisme


Kopmerput modal intimidasi

😂😂😂";;;;
Ritel sdh sama sama jaĺan mengapa mau diusik  Cari cara lain dong Buka industri rumahan sesuai kebutuhan masyarakat setempat;;;;
Rotel modern jg menyerap tenaga kerja dg sistem yg sudah rapi sesuai standar akuntansi. Apakah ribuan karyawan di Rotel modern akan di phk massal?;;;;
Kita liat aja, bener nggak omongan penjilat ini;;;;
Jgn pengecut,sekelas menteri koment spt itu???? Hello.. Usaha ritel modern bayar pajak ke negara,mereka punya segmen pasar&konsep,WOY MENTERI BEGO!!! *BELAJAR KE PEDAGANG CILOK MEREKA AKUR,BERSAING SEHAT,BAHKAN DALAM SATU DESA ADA PULUHAN PEDAGANG CILOK,DAN HANYA RASA&SERTA PELAYANAN MEREKA YG JADI TARUHAN EKSISNYA PEDAGANG TERSEBUT.;;;;
Semakin lucu sekali karakter pemerintah negeri ini. Mau ambil alih semua sektor bisnis. 😂😂😂 Klo mau bersaing harusnya koperasi merah putih berani menjual harga grosir. Klo gk berani jual harga grosir mending tutup aja msh banyak yg  lebih murah di warung2 sembako di desa. 😂;;;;
Wkwk.. di tempat w, jarak 200 - 500 m ada indo Alfamart..belum lagii Alfa MIDI. TPI masing masing ada pembelinya. Bersaing yg sehat lah.. 😂;;;;
Urusanya apa juga koperasi sama ritail  saingan itu sama2 koperasi, pegadaian dll kok ritail mungkin pihak ritail dinaikan  pajak tinggi tidak mau lahan cuan;;;;
Dr dulu kemana aja, telat bos mikirnya!!!!;;;;
Lahirnya duluan ritel.  Apa disuruh tutup.    Mikir dong;;;;
Ini menteri ??? Yakin ??? Masa menteri levelnya kayak gini 😂😂😂😂😂😂😂;;;;
Lihat aja SPBU setiap waktu pasti ada maslaha entah bbm bercampur air takarannya kurang apalgi kopdes yg itemnya banyak gitu benahi dulu hukum nya .;;;;
"Dulu ada sebagian rakyat pernah ngeluh soal retail alfa/indo yg terlalu masif, rapat jaraknya, mematikan toko² kelontong kecil, ga digubris...
Skrg pemerintah sendiri yg ngeluh krn pny kepentingan...
Kl dia yg mau, pa aja dilabrak, pembenaran dr sma sisi...
Kl rakyat kecil yg mau, boro² digubris...
Standar samping, tengah, atau ganda nih???";;;;
Niat hati main monopoli;;;;
Monopoli, Pertamina jilid 2;;;;
"Pilih salah satu bos. Mau jadi regulator atau pemain..
Udah jadi regulator jadi pemain juga. Itu pertandingan apa cuma bagi bagi duit..";;;;
Kalian terlambat;;;;
Kok begini sih tujuannya apa sih? Yang ada malah mematikan warung2 milik warga kalo mau jadi seperti Alfa dan indo mart.;;;;
"pengecut takut bersaing
ujung ujungnya pake kekuasaan monopoli 👎🏻";;;;
semua yg ada aliran duitnya pengen dimonopoli biar apa? biar duitnya bisa dikorupsi buat dana pemilu 😂😂😂;;;;
Woe pejabat.. Kelakuak kalian no yg perli diatur tolol.... Ngurusinnegara gak pecus, korup dimana2 pakek ngatur retail....;;;;
Palelo yg diatur;;;;
Padahal minimarket yang dikritik itu selama ini sudah memberikan lapangan kerja bagi banyak orang Indonesia disaat pemerintah sulit membuka lapangan pekerjaan. Ucapannya seperti kurang menghargai. Ibarat lu dulu dibantu sama tetangga sewaktu lu masih susah hidupnya, tetiba lu jadi orang kaya dan lu malah mau bikin rumah gede dan menggusur rumah tetangga lu tadi.;;;;
Nah, ini sinyal Indomaret, Alfamart, warung Madura dan sejenisnya bakal disuntik mati oleh pemerintahan Prabowo. Kalau ada yang ngusik warung Madura bakal ada leher menteri yang digrendel  clurit orang madura..;;;;
Koperasi harus ditata agar tidak merugi. Dari setiap koperasi yang saya jadi anggotanya, semuanya bangkrut.;;;;
jujur saja dengan adanya minimarket di pelosok kampung, toko kelontong warlok kalah bersaing n gulung tikar;;;;
"Apakah hal ini melupakan taktik untuk mengurangi kompetitor koperasimerahputih🤭🤭
Xixixixixixixi";;;;
Bersaing dong, jangan memonopoli,konsumen berhak memilih;;;;
Kok malah diatur semua terus pengurus yg dipilih anggota fungsinya apa;;;;
yg bayar pegawai kopdes siapa jika labanya minim.;;;;
"gila masih maksa aja proyek ga jelas makan duit negara banyak masih dipaksakan jalan ? 
ihsg nyungsep,rupiah anjlok,defisit apbn naik,utang gede,bunga gede masih kurang jelas ? ato pada buta ? koperasi dgn banyak foto presiden itu jelas pencitraan lah.kalo ga segera yg waras hentikan,ni negara akan makin nyunsep sesuai yg diungkap oleh presiden sendiri.";;;;
"Program KOMUNIS. 😂
Sekalian nanti Pemerintah dagang cireng, tahu bulat, dsb. 
Biar semua di kuasai negara.
Rakyatnya nganggur aja gpp 😂😂";;;;
Jadi inget koperasi 212. 😂;;;;
"Casingnya saja yang pakai embel-embel MERAH PUTIH,biar terlihat nasionalis & kebanggaan dalam negeri tapi pembohongan publik, hakekatnya seperti ASING yang ingin menggerogoti & menghancurkan ekonomi & industri dalam negeri,dengan memberikan keuntungan & menciptakan lapangan kerja buat negara lain dengan impor mobil utuh dari luar.
🤣🤣🤣🤣";;;;
Toko kelontong merah putihhhh😂😂😂😂;;;;
bohong aj;;;;
Pemerintah ngajak saingan sama warung toko klontong kecil...;;;;
Nasibnya akan sama kayak BUMDES,program nya si Wiwi mangkrak mending ganti dgn subsidi beras,BBM,listrik,untuk kalangan menengah kebawah;;;;
Gajian nya setahun sekali😂😂😂😂😂;;;;
Terlalu banyak berhayal...pengurus yg ada sampai sekarang aja masih harus banyak berkorban.;;;;
DIJAMIN BANGKRUT..😅;;;;
ujung2nya rugi, kemudian disuntik dari pajak rakyat lagi.;;;;
Di desaku... kopdes ini merekrut warga desa setempat yang minimal lulusan sarjana... maigott... jd untuk yg bukan sarjana jgan mimpi direkrut ya meski anda mampu dan layak dipekerjakan... sekalilagi ini di desaku lho ya😂;;;;
Dak kuat bertahan 5bulan....;;;;
Wong duitnya buat rakyat dan negara ko malah ada yg doain bangkrut apa ga otak tai itu yg bilang;;;;
"Gajih nya brp
Jelas kan dong";;;;
Kopdes dsini adanya d pinggran. Atapnya dr seng.....;;;;
😊klo mau punya uang kerja kerja keras kerjaan banyak tapi yang nge gajihnya gak ada pda pelittt😊😊😊😊;;;;
Bentuk nya aja mewah....lihat aja pastinya rakyat yg akan nanggung, pembangunan desa akan terhambat...ga akan ada bank yg mau menjamin ...ujung2nya cicilan kopdes akan di bebankan rakyat..;;;;
Mantap;;;;
"Warga lokal ❌
Keluarga perangkat desa ✅";;;;
Usaha2 warung kecil utk mwnunjang kehidupan msyarakat lainnya akan terganggu.;;;;
Yg ktrima biasanya hanya orang trdekat saja 😂;;;;
Pasti sepiii yakin lh;;;;
sudah ada 2 program yg merampas paksa oleh maling2 mbg dan kopded dan bodohnya lagi kita hanya dian dan jadi penontok mereka mengahmburkan uang pajak rakyat...;;;;
😂😂😂😂Penyerapan tenaga kerja bawaan kepala desa dan jajarannya....😂😂😂😂saya sudah keliling di KDMP seluruh kabupaten jombang sudah terisi tenaga kerja nya,walaupun masih proses pembangunan....😂😂😂;;;;
Siapa yang bertanggung jawab bila ada penyimpangan;;;;
"Berani taruhan deh gua!
Gak bakal jalan";;;;
Toko kelontong pakai manajer....koplak😂;;;;
Toko toko kecil pada mati..tenaga kerja dari warga setempat.. Percaya?.. Paling paling juga ordal.. Angel angel;;;;
JIKA SEPERTI MINI MARKET .SAMA DENGAN  MEMBUNUH RAKYAT KECIL .BUKAN .MEMPERBANYAK TENAGA KERJA .KOPERASI ITU  HARUSNYA MENGELOLA HASIL TANI SUPAYA HARGA SETABIL ..KOK GOBLOK .WALAOPON SAYA BUKAN OEDAGANG .HANYA TANI SERABUATAN .;;;;
"Proyek dapat cuan dan merekrut keluarga dan kroni kenalan.
Kolusi dan nepotisme di negri ini sangat menjijikan";;;;
"Gila rezim prabowo gak ada yang berani kritik keren.. 
Negara sudah mulai jadi kompetitor warung tetangga kita..";;;;
Fix hnya orang yg  pnya relasi ordal yg bisa krja disitu...😂;;;;
Wooy....itumah gerai penyalur dan wadah yang bisa membunuh usaha perseorangan dan UMKM setempat.......;;;;
Syaratnya mudah cuma gabung partai;;;;
Pemerintah bersaing SMA rakyat sendiri... G mna ni nasib warung2 klontong. Pangkalan lpg pasti kalah;;;;
Kerjasama dengan bni bank 🏦 yang didirikan oleh margono djojohadikusumo leluhur prabowo subianto djojohadikusumo 😂😅😊;;;;
"Casingnya saja yang pakai embel-embel MERAH PUTIH,biar terlihat nasionalis & kebanggaan dalam negeri tapi pembohongan publik, menghancurkan industri dalam negeri,memberikan keuntungan & menciptakan lapangan kerja buat negara lain dengan impor mobil utuh dari luar.
🤣🤣🤣🤣";;;;
"Mau saingan sama toko gua...yg labanya cuman 100-1.000 perak.
Gua jaga sendiri tanpa bayar karyawan, buka dari jam 6-11 malam.
Yakin mampuuu.....dan labanya bisa bayar karyawan koperasi.😂";;;;
Ini membunuh toko yg ada di desa , seharusnya pemerintah membangun pabrik atau home industri;;;;
"Koperasi gak jelas, bangunan belum jadi struktur keanggotaannya sudah jadi di desaku 😅😅 
Ujung2nya lak kadang korupsi 😅😅";;;;
PRETT...;;;;
Progam abal abal pemerintah untuk memperkaya diri.;;;;
Bukan Rekrut Warga Lokal nanti yang ada Sanak Keluarga Perangkat Desa berkecimpung disana. Nepotisme Lagi Saja. Asal ada koneksi keluarga apapun mudah. 😅;;;;
Negara bersaing sama rakyatnya;;;;
Hmmm saingan Toko klontong;;;;
Warung kecil siap siap gulung tikar;;;;
"Persiapan 2029 ntar anggotanya suruh milih yg skr ini. 

Ntar ada audit ga....";;;;
212 mart keok;;;;
dikasih loker di hina, gadikasi loker nyalahin pemerintah. pantes hidup kalian kere;;;;
Ahhh.. yg kerja ujung2nya orangnya pak lurah dan anak2 pak RT😆😆😆;;;;
Gajinya dari mana....;;;;
Yang jadi pegawainya masih keluarga kepala desa, dan jangan tanya kompetensinya. Yang penting masih saudara pasti masuk.. 😂😂😂;;;;
Ini baru Imvestasi;;;;
SIM A   full SKIL siap kerja;;;;
"Yg merasa keluarga kades,,dan perangkat desa,,,Monggo waktu dan tempat dipersilahkan 
😂😂😂😂
Kita tunggu dan kita lihat apa yg terjadi 1 tahun kedepan 😂";;;;
"Mantap kantin2,, warung2,, toko2,, pasar usaha rakyat kecil dah tutup semua,, biar pd nganggur semua,, 😭
Hidup Maling Berkedok Gizi
Hiduuuuppp korporasi berkedok koprasi
Hiduuuuppp prabohooong😭";;;;
Saratnya tidak harus punya ijasah;;;;
"Kopdes jgn lupa jual air keras
Warga yg nggak mau belanja di kopdes jgn di siram air keras ya";;;;
Yg jls buat yg punya ordal;;;;
Paling paling nasibnya serupa dengan komcad dan food estate.;;;;
"Pertanyaannya...
Harga tinggi di demo harga rendah mencekik umkm...di harga yg mana yg akan anda pakai...?";;;;
"Sblm dibangun Kopdes dan terbentuk AHU pengurus Kopdes dibentuk melalui Musdes di desa, sdh bergelut utk membantu pembangunan gedung Kopdes, skrg pengurus Kopdes yg diatas 35th tdk bs berkompetensi (Gmn ini Pak Menteri.......)
Potensi utk pemgabdian real saat ini di masy msh bnyk usia diatas 35 th yg blm pny pelerjaan scr jelas  (D3/D4/S1) umur maks 35 th perlu di evaluasi kinerjanya nanti di masy desa.";;;;
Kemungkinan koprasi belum jadi tapi pekerja sudah penuh😂😂😂;;;;
Alhamdulillah semakin maju dan jayalah bangsaku;;;;
Sekalian pak warung Padang atau warteg,baklor  atau tukang martabak,ternyata hanya sebatas itu kemampuan pemerintah membuka lapangan kerja;;;;
Serap tenaga kerja koprasi  buat bancakan 200 terliun ga nyampe rakyat ke cil;;;;
KDMP nasipmu kini.... SPPI gaji PKWT ... pengurus nasibnya terserah ente ... 🤔🤔;;;;
Rekrut tenaga kerja,Untuk gaji pekerjanya dananya dari mana?..lucu😂😂😂;;;;
Kopdes bisa jalan dengan baik jika Alfamart dan Indomaret ditutup di pedesaan;;;;
LAHAN KORUPSI LAGI TAR DI BELIIN MOBIK MOTOR LISTRIK HARGA PANTASTIS;;;;
Serap apanya semua dipilih orang pilihan paling n kepdes woy;;;;
Pembohong, yg di terima itu antek antek aparat desa dan kelurahan, serta keluarga para pejabat, semoga cepat bangkrut ngak ada yg beli, cuma proyek si dia omon2.😂😂😂😂;;;;
nnti br jln sbulan ....kryawannya lgsung diangkat P3k...ayo buruannn daftar..;;;;
"Ga ngrepo😅😅
dkung ekonomi rakyat kcl sprt warung kelontongan untuk kemajuan kehidupan sehari hari kshan rata rata ssh cari duit 😅😅
Wlo ada koprasi gw tetap blnja d wrg kelontongan kcl aja kshan😅😅";;;;
moga kalau niatnya menyerap tenaga kerja lokal, semoga gajinya g bercanda tp tuntutan kerjanya serius;;;;
"Paham ""KOPERASI"" nggak sih?";;;;
Yakin nih ...;;;;
anjirrrr proyek apalagi ini, apakah nnti bakal pengadaan kaos kaki berlogo kopdes MP senilai milyaran rupiah?;;;;
Ini bukan progam tapi proyek... Emang tololnya gak ada lawan ini wowo;;;;
Kopdes itu koperasi ga jelas Krn TDK ada tanggung jawabnya mau rugi atau untung gpp;;;;
Buktinya apa? Masyarakat di desa TDK tahu menahu program apa itu TDK di libatkan;;;;
Laporan fiktif banyak markup nya;;;;
Tahu dana desa , uangnya juga ga jelas buat perkaya sendiri lairan fiktif;;;;
Untung 2 apa? Belum jelas yg ada rugi nanti rakyatnya yg bayar gitu dari APBN sangat pintar tapi keblinger;;;;
Ini salah lagi sangat luar biasa jadi ladang korupsi jaminanya rakyat yg hrs bayar? Tahu di mana salahnya? Itu orang kelola koperasi TDK bertanggung jawab Krn merasa ada yg jamin rakyat jadi mereka TDK punya tanggung jawab  pada tugas ya Krn ada penjamin APBN ini salah besar dan aja g korupsi Luar biasa , rakyat di bawah TDK tahu apa program kopdes itu , banyak yg TDK tahu itu program doa? Tahu 2 ada koperasi yg tadinya TDK ada jadi proyek korupsi dadakan;;;;
Kt pamong desa..kopdes ini paling dikorupsi..kud jg dikorupsi hancur..pegawai bnyk yg beli g ada..untung drmn..cara orba msh dipake ..otak ceo nya otak jadul..;;;;
Merusak UMKM;;;;
Harus di rolling... karyawannya diusahakan dari desa luar;;;;
Mantap lanjutkan program pro rakyat Indonesia ❤❤❤❤;;;;
yuk omon omon;;;;
Kalau tidak ada pegawai memangnya kementerian koperasi mau jadi pegawai;;;;
Paling jga keluarga kader doang😂😂😂;;;;
ini namanya minimarket bukan koperasi wkwkwkw;;;;
"gk ada lowongannya 😂
maksudnya serap tenga kerja keluarga kader partai gerindra kan ?!
sama kek MBG gk ada lowongan tiba"" ada aja";;;;
MBG 2 INI...DUITNYA BYK😂😂😂😂😂;;;;
Pret;;;;
saingan berat indomrt dan alfamrt;;;;
"gerakan ekonomi secara massif beresiko, krn ini bukan masalah menggerakkan uang besar dalam waktu singkat. coba cermati orang yg tiba2 dapat warisan uang besar, namun ""mindset"" , mental dan sikap belum disiapkan dan belum dibentuk.  akhirnya jatuh miskin lebih miskin daripada sblm punya warisan. coba amati fenomena warga tuban yang mendapat pembebasan tanah mendadakan dpt uang besar, bgmn nasibnya kini. monggo renungkan ..";;;;
Saya sebagai ketua koperasi melihat program ini bagus, tapi kalo modal awal nya saja dari bank yg pusing pasti pengurus, biaya operasional nya tentu tidak sedikit, sedangkan pemasukan dari anggota di desa tidak terlalu banyak, warga hanya melihat unit simpan pinjam nya itupun yg di cari pinjaman nya saja. Sedangkan kalo koperasi ingin membuka gerai unit lain juga butuh modal banyak;;;;
Enak toh gak ada oposisi? Gak ada yg mengkritik dan menghalangi 😂😂😂;;;;
Kenapa  gak  bikin  pusat  perbelanjaan  murah  tiap  kelurahan ?;;;;
Jaminannya  ap ??..;;;;
Harus kolaborasi dgn koperadi primer yg sudah ada, bukan mematikan. Misi Presiden Prabowo membentuk Koperasi Desa Merah Putih adalah untuk memperkuat ekonomi desa dengan prinsip gotong royong dan meningkatkan kesejahteraan masyarakat melalui swasembada pangan penciptaan lapangan kerja serta stabilisasi harga produk pertanian. Koperasi ini bertujuan untuk memperpendek rantai distribusi, menekan inflasi, dan meningkatkan inklusi keuangan sehingga desa dapat lebih mandiri secara ekonomi.;;;;
Apa2an di adakan Kopdes, Dulu jugakan KUD gak dampak positif nya kepada masyarakat, Lebih baik optimalkan BUMDES agar tidak ada korupsi;;;;
5M per desa, suap untuk pemilu 2029 kah? Rasa bau anjir dan busuk.;;;;
ITU KAMPANYE TERSELUBUNG JANGKA PANJANG...KARENA KOPERASI AKAN BERJALAN DENGAN KESADARAN DARI MASYARAKAT BAWAH ...TAPI KALAU DARI ATAS ...AKAN MENJADI PENGUAPAN DANA BERJAMAAH...ITU SUDAH TERBUKTI , DAN MENJADI KEPENTINGAN SATU KELOMPOK...;;;;
Jangan dipaksakan kalo belum siap;;;;
Mantap, maju terus Presiden Prabowo...!!!;;;;
Jika pinjam uang di Kopersai Desa pakai jaminan atau tidak........?;;;;
Rampook...penggalangan dana dan anggota u 2029....penjarahan lewat mbg dan koperasi...;;;;
BISA JADI  MENJADIKAN LAHAN RAWAN KORUPSI.   1:37;;;;
Lahan baru untuk korupsi bersama danantara..indonesia bersiap untuk nyungsep;;;;
"menteri koperasinya dia2 lagi yg dulu ninggalin jejak di komdigi.

UP BUDIE ARIE KASUS JUDOL!!!";;;;
Kasih duit pinjaman ke desa,kalo gagal auto nyalahin kades 😂;;;;
Sangat berbahaya danantara menginjeksi dana ke koperasi desa. Karena hampir semua koperasi dikelola dengan kelola profesional;;;;
Haduhhhh jangan dehhh..... Jalur korupsi tuh 😂;;;;
KOPERASI DESA  kalau di dirikan di DESA  - DESA akan bisa membunuh   ekonomi Rakyat di pedesaan  . Karena di Jaman Orba sudah di hapus  , kena apa Mantan Presiden sebelum nya  dan kroni  - kroninya terlalu RAKUS  ? Miris  . Kalau begitu jangan menggunakan APBN ataupun APBD  ataupun Dana DESA  , karena akan berakibat FATAL  .;;;;
"KOP 🇮🇩 sumber dana dari APBN persis dengan BUMDES yang lebih dahulu ada yang diambil dari dana desa bersumber dari APBN. Unit usaha sama persis dengan usaha usaha BUMDES lalu dengan NGOTOT NGOYOT nya pak Bowo harus ada KOP 🇮🇩, bagaimana nasib BUMDES..? Bagaimana nasib uang rakyat dari APBN yang ada di BUMDES..? Kenapa pak Bowo tidak menguatkan saja permodalan dan pendampingan BUMDES yang pengurusnya orang muda dengan kreativitas luar biasa....? 
Sepertinya pak Bowo ingin BERNOSTALGIA DENGAN KUD di era Suharto yang plek ketiplek sama dengan KOP 🇮🇩. Ada kantor, gudang, lantai jemur dan dryer serta penggilingan padi...Bagaimana penyelamatan aset aset eks KUD di era presiden Suharto.. ? Modal awal KUD pun bersumber dari APBN era Suharto. Bagaimana nasib KOP 🇮🇩 andaikata pak Bowo tidak lagi jadi Presiden RI..?";;;;
Selamat pagi;;;;
Maju terus korupsi indonesia.. Jngn prnah mundur.. Da presidn perang sma korpsi tp kasihan sma anak koruptornya.. Alamak..;;;;
"Ibarat ngasi duit ke orang yg gk bisa dipercaya 😂
Ini sekelas bank mau kalian paksa beri pinjaman 😂😂😂😂😂

Harusnya bikin pilot project dl, ini mah ngawur spt MBG 😂";;;;
Nanti tidak dibayar masyarakat,biasanya dianggap bantuan;;;;
Programnyh bagus ada koprasi,  jadi di harapkan bs mnggerakan preknomian daerah tsb, emamg koprasi di bentuk jg perlu dana,  tpi dananyh jangan dr pihak luar, apa lg dana dr bank,  itu hanya akan mbrikan beban desa tetang cicilanyah.  Trus itu riba,  ga bakal lacar tuk usaha,  trus klo dana dr APBN, yg jgan,krnaAPBN, pusat, lg minim, mding suber dananyah,  dr APBD, daerah masing2, dan ga mesti dananyh di patok 5 m.  Ngukur pnghasilan APBD,  msing2. Klo bener di jalnin dg amanah,  dan tidak di korupsi,  pasti koprasinyah bs berjalan.;;;;
"Wing Solution dari kajian geografi ekonomi untuk koperasi:
Koperasi yang perlu dikembangkan adalah SDM dan peningkatan usahanya. Pengembangan SDM melalui Diklat SDM KOPERASI dan mendirikan SMK PEMBANGUNAN KOTA/DESA. SMK PEMBANGUNAN Desa terdapat di masing kecamatan yang terdiri beberapa jurusan: Administrasi(Administrasi pemerintahan Desa, KUD, BUMDes), Teknik mesin pertanian,Teknik elektronik pertanian, Teknologi Peternakan &perikanan, teknologi perkebunan, Desa Wisata, Permasaran Produk Desa. Pengembangan usaha  KUD seperti melaksanakan simpan tabungan masyarakat desa,peminjaman modal petani&UMKM,penjualan kelengkapan petani kecil dan UMKM, pemasaran hasil penen dan produk UMKM, penyewaan alat berat petani(traktor bajak,pengupas padi) dan perantaran distribusi pemasaran produk petani&UMKM dan armadanya. Koperasi di kota bernama KOPERASI UMKM yang berfungsi simpan pinjam, penjualan kelengkapan UMKM dan pemasaran.";;;;
gerandong mengcopy apa yg dilakukan pohon genderuwo menjadikan lembaga yg ada untuk pengkaderan partenya.;;;;
Bikin juga,, bagian percepatan pembangunan infrastruktur desa.;;;;
Gila emang;;;;
ladang korupsi baru;;;;
Jaring berkuasa,,,;;;;
Sy pribadi mundur dari kabinet merah putih. Karena memberikan tempat untuk pemeran pengganti sy agar dpt peran aslinya😊;;;;
Gak akan untung itu pasti uangnya nanti akan hilang sendiri percuma itu pak Prabowo gak akan sukses.;;;;
Rosak rosaaakkkkk;;;;
Dalam keadaan negara seperti ini program makan gratis, penggelontoran duit koperasi dikebut. Jelas ada udang dibolak baliknya bakwan !;;;;
Wadehhh kebijakan oon ini;;;;
ini baru adil biar rakyat bawah juga bisa korupsi triliunan;;;;
Lumayan satu koperasi 5 milyar buat  Mencari simpati buat Gibran;;;;
Belum kuat undang undang korupsinya malah sudah bagi bagi duit ,,,😂😂😂;;;;
Lahan korupsi dibuka ,,,😂😂😂 horeee  prabowo ,,,anda sangat jenius ,,,;;;;
"Masarakat desa terpencil ,be lum bisa ngurusi koperasi. Pa ling macet dan korupsi oke
Kalo koperasi betul ya, simpa nan pokok,wajib,sukarela dari anggota.  Bisa juga koperasi cari modal usaha, ya pinjam ke Bukopin...";;;;
Presiden dari militer yang pintar Ekonomi adalah Pak Harto dan SBY.;;;;
Siap2 saja kredit macet,wong dulu program pnpm di desa2 pada gak jalan karna pinjaman g di angsur;;;;
"Koperasi desa sedot uang 400T... Banyak idea gak punya uang meminta bantuan dari himbara...Koperasi dari dulu juga hancur..
modal dikorupsi pengurusnya...iya..uang himbara bakal lenyap..kapan2 kembali..
.Kok kita cepat lupa kejadian2 berapa tahun yl..Memory gak pernah disimpan di museum
.hilang memory percuma....


..";;;;
Jadi ingat KUT uangnya dikorupsi;;;;
Calon dana yang bisa dikorupsi untuk 2029;;;;
"Bahaya...
Penuh resiko..

Ingat tahun 1998 sd tahun 2000, ada program pemerintah dengan alasan untuk memulihkan ekonomi krisis 1998 dibentuk koperasi..

Tenyata koperasi yang dibentuk fiktif dan dana yang dikucurkan tidak jelas..

Apapun pembentukan usaha koperasi saat ini tidak diperlukan karena masyarakat saat ini juga sdh bayak dibiayai oleh perbankan swasta..";;;;
Nti di bagi2 ke kades dan RT biar mengatur memenangkan mreka 2029;;;;
koperasi....;;;;
Groge Soros...ni...tahu salah aj pemerintah aj...;;;;
Udah bisa dipastikan akan ambyar ga akan jalan berani kasih jaminan 100%;;;;
Tak ada koperasi yang bener.  Hanya modus korupsi dan nasabahnya busuk' semua.;;;;
Ide yang gak masuk akal jadi lahan korupsi bagi pejabat di desaa yang akan sulit untuk meng auditnya biarlah urusan kredit di urusi yang berpengalaman  kokngak berfikir meniru negara cina bangun pabrik yang bisa menyerpa tenaga karrja dll;;;;
BAHAYANYA DI KORUPSI BESAR2AN OLEH PEMERINTAH;;;;
HARUS DI AWASI KALAU KORUPSI DI RAMPAS HARTA NYA, DI SEBERAT BERAT NYA,;;;;
Seharusnya prabowo dan gibran di lengserkan saja krna dia tidak becus ngatur negara,😛;;;;
Udah kita tunggu saja sebentar lagi negara ini benar benar gelap,;;;;
Udah ngaco program program prabowo ngaco contoh MBG ,Bumdes,dan sekarang koprasi merah putih,ini hanya di jadikan bancakan para kroni prabowo dan jokowi,,😛😛😛;;;;
buru2 amat sih bikin koperasi koq gitu amat? gak mengakar ! siap2 mangkrak wo;;;;
Adn. Jika Pemerintah RI SANGAT SERIUS dg PROGRAM KMP pasti DIAPRESIASI apalagi MAMPU WUJUDKAN KESEJAHTERAAN Masyarakat n Masyarakat yg Dikawal Barisan Sang Saka n Korannya 17.01.2025 juga SUARA BARISAN SANG SAKA ; 03.11.2024 serta UNDANGAN FINAL .. ; ..02.2025 n WARTA BSS ; 25.02 - 17.04 n SUARA BSS ; 21.04.2025 guna Menjaga KONSTITUSI yg Disetujui Rakyat RI - PANCASILA - SANG MERAH PUTIH Uk. 100x150 Milik Kantor Pusat SEKRETARIAT Barisan Sang Saka yg Didukung 3 PATAKA LNM RI n BENDERA PUSAKA : PERLU BAHAS n EKSEKUSI terkait SUPERVISI KETAT n PENGAWALAN atas PENGGUNAAN KEUANGAN NEGARA baik dari SUMBER PERBANKAN maupun SUMBER LAINNYA oleh KOPERASI MERAH PUTIH hingga MAMPU WUJUDKAN Masyarakat ses AMANAT PEMBUKAAN UUD 1945 Modern yg SEJAHTERA BERKEADILAN BERKELANJUTAN hingga ANAK CUCU MEMILIKI KEPASTIAN MASA DEPAN.
rakyat harus berinisiatif untuk membentuk koperasi sendiri, gunakan SDM Dari anak2 daerah sendiri, Ayo segera bangkit!!;;;;
Himbara di peres lg kerja proyek ga komersil;;;;
"Dikembangkan saja Bumdes ( bagi bumdes yang sudah ada dan berjalan baik) 
Koperasi harus murni dari rakyat buat kesejahteraan rakyat sendiri...";;;;
Bentuk kontrol po lit ik penguasa , system kerajaa  kekinian;;;;
Program korupsi terbaru;;;;
Koperasi akan jadi lahan Kuperasi sbg strategi 29.;;;;
Kalianlah disitu...;;;;
Korasi hutang mencekek leher.. itu tak akan menyelesaikan masalah kemiskinan. Yang bisa usaha/pinjam hanya yg punya nama baik di bank. Sedangkan yg namanya buruk tak di kasih pinjaman lagi. Ya udah mau buru/ baik di bank tetap aja kecekek kemiskinan;;;;
sy hanya nebak saja ..bahaya !;;;;
KALAU KOPERASI SIMPAN PINJAM DI JAMIN BANGKUT,..LIHAT SEMUA KUD PADA TUTUP....COBA LIHAT SENDIRI..;;;;
Awas di korupsi ah menteri nya pegawai Mulyono harus di ganti;;;;
Banyak Koperasi yg Mandeg dan punah karena  PERENCANAAN, PEMBINAAN, PENGELOLAAN, dan PENGAWASAN  yang TIDAK mengikuti  standar operasi kerja yg BENAR , DISIPLIN  TEGAS , OBYEKTIF, JUJUR , TRANSPARAN !!!, belum lagi rekruitmen SDM pengurusnya , termasuk  kepala daerah yg dapat mandat pemerintah  ( belajar  dari kasus dana desa yg nggak benar penggunaannya)  hal tsb HARUS jadi perhatian kontrol PEMERNTAH dan MASYARAKAT agar Koperasi MAJU  !!!;;;;
Ide kelompok gank solo inisiatif budi arie pasti...;;;;
jamanya udah e comerce bos,jgn jadi ashabul kafi;;;;
Program yg tidak realistis;;;;
Proyek baru ni. Segelintir org yg menikmati nya bosss;;;;
"tergantung kebijikan desa yg pasti harus dikawal jgn smapai dipakai diluar aturan/bisnis pribadi,buka sorung, proyek, bagun btn.beli mobil pemotong padi dll/memperkaya diri. dana koprasi ini judul nya membangun bertumbuhan prekonomian masyrakat desa( kebutuhan pertanian). pemerintah desa harus bekerjasma dipusat mencarikan pasaran tanam jangka pendek apa petani yg harus tanam selain padi. sebab rata"" petani kita bukan cuma urusin padi.  setidak nya bisa di export, paling tidak selama ini indonesia import terus kedelai dari luar negeri.begini saja pak dari pada bpk bawa uang keluar negeri beli kedelai 26M/ tahun. mending bpk arahkan petani tanam kedelai dalam negeri tapi harganya sesuai jgn begitu panen harga anjlok. sebab selama ini kami merasa sedih kepada tukan import hanya mementikan segilintir orang sementara petani menjerit & petani pak kalau di hitung"" gajin perharinya. klau menghasilkan padi 4,-5ton/H gaji kita kurang lebih/hari 100rb. kl tdk gagal panen";;;;
"Koperasi dari dulu tdk menguntungkan anggotanya
Kl dibentuk pemerintah...trs anggotanya siapa ?
Akhirnya ya semrawut";;;;
Ujung2x di korupsi liat aj;;;;
prabowo terlalu bernafsu....;;;;
Ini niat nya.... hanya untuk 2029;;;;
Bos judi online.....  Makin berkibar 😂😂😂;;;;
Ingat banyak uang orang Indonesia masuk ke kamboja atau Thailand main slot makanya lebih bagus jangan kasih ke sebarangan orang uang koperasi nya;;;;
SAYA PASTIKAN KOPERASI MERAH PUTIH AKAN MENJADI LADANG KORUPSI, SEPERTI PNPM, MANA ADA JEJAKNYA SAMPAI SEKARANG;;;;
Tahukah Admin pekerjanya berasal dari mana...? 😅😂 please call me....😊;;;;
Indonesia bakal menderita di tangan prabowo, pengangguran membumi negara korup bisa perang sesama bangsa sendiri;;;;
"Ladang korupsi lagi.... Realita dilapangan yg ditunjuk sbgai pegawai koperasi nanti biasanya orang2 yg berjasa
 buat kades saja..  dan tdak kompeten.....";;;;
"Start Up Business mana bisa langsung bayar cicilan...? Siap Rugi lebih cocok, sblm bisa BERHASIL ...🙏
Seperti Pohon..., tanah harus digarap..., benih di semai..., ilalang harus dibersihkan..., sebagian benih tumbuh berakar kuat dan muncul batang..., terus berproses melewati banyak Tantangan Tantangan..., ada yg bertahan dan ada yg tersingkirkan..., Yg Bertahan akan menjadi Koperasi Merah Putih yg sesungguhnya..., Amati..., Tiru..., Modifikasi..., Copy Paste..., minimum 5 Tahun untuk tumbuh menjadi Remaja..., 10 Tahun menjadi Dewasa... dengan catatan ""Semua Faktor Penentu, ""Khususnya PEMIMPIN KOPERASI yg Berkomitmen, Amanah Melayani, Pekerja Keras, Tangguh, Kreativ & Inovativ  ""...""TERSEDIA""...atau ""DISEDIAKAN""...
Kecuali mau buat ""Dorongan Perputaran Ekonomi"" di Desa...., ya pasti ""terbelanjakan""...., Balik modal dari pungutan Pajak juga mungkin..., tinggal hitung hitungan...🤔🤔🤔
SEMOGA SUKSES & AMANAH...🙏🙏🙏🙏🙏";;;;
"Waadoh.... 
Belum pinjaman tanggung renteng serta koperasi mingguan aja udah pusing rumah tanggaaahh";;;;
Ini bank bank negara jgn kayak mau di buat jadi sapi perah baru, bahaya pak ini ada uang jutaan masyarakat kalau ada apa apa efek nya bisa kemana mana.;;;;
Koperasi dibentuk dari anggota pengurus juga dari anggota, nggak bisa ketuanya didrop bukan pengurus Koperasi;;;;
😂ini masih model baju dahulu.. ujungnya untuk mendapatkan hasil korupsi Mulu..🧐🫢;;;;
Lahan korupsi baru niih.,;;;;
Buat Lambung Kurupsi doang 😂😅;;;;
Ladang korupsi di ciptakan lg.program makan sehat,jg udah di korupsi😅😅😅konoha ne bos😅;;;;
Ada parcok-nya ? 😮;;;;
Prawowo prawowo🤦‍♂️🤦‍♂️🤦‍♂️🤦‍♂️ bikin lubang cuan buat korupsi lg🤦‍♂️. Makin ancur indonesia ditangan prawowo, tapi ya kita bisa apa?? Jogetin aja dlu😅😅😅😅;;;;
Hancur hancur hancur hancur.;;;;
1 kopdes 5 M;;;;
"Akal"" an  mulai dijalan kan 😂😂😂";;;;
Bagi kami rakyat program apapun tidak akan sampai ke rakyat, karena di desa itu kebangakan dinasty, jadi nyampe ke orang itu2 saja. 1 orang bahkan jd ptugas desa, jd guru, jd petugas pemilu seumur hidup, jd ktua usaha milik desa, jd pngurus mesjid, dll;;;;
Lagi di kadalin pembantu2nya mumpung bos oon 😅😅😅;;;;
Nambah jalur korupsi monggo silahkan;;;;
Kacauuu, segerombolan 😩;;;;
Para kades dan lurah ketar ketir ga dpt jatah 😂;;;;
Perampokan duit negara besar2an, brutal tapi resmi dan sah.😮😮;;;;
Konsepnya di matengin dulu, mau bikin usaha apa, dianalisa, diseleksi,  baru dibina / dipandu, supaya resiko  lebih terkontrol dan terukur pemerintah/ pemodal bisa sertakan kepemilikan saham di tiap koperasi;;;;
Tempo ini tidak ingin melihat indonesia jaya,tidak ingin melihat rakyat makmur,,,hancurkan tempo;;;;
"Ini JEBAKAN BATMAN untuk Prabowo.
Hati-hati Pak Presiden. Kalau gagal (dan rasanya demikian), nama Bapak yang dipertaruhkan.";;;;
Pesimis..;;;;
Malu sebagai anak bangsa melihat d membaca komen ....malu g d asli g sedih ...kok bisa punya sikap d mental kaya gitu😢;;;;
Ayo yg bilang g ternak/buzzer Wowo/Wiwi...bangga g lawan para penghianat d penjual bangsa...macan loreng harus dilawan❤!!!;;;;
Negara kita sedang bertahan menghadapi dampak global ...eee bisa bisa nya dri dalam propaganda media+ para tim hore(komen) ikut menghujat mencaci maki pemerintah mmg mental penghianat d para penjual diri ke kapitalis Aseng...enggak malu mental jongos aseng❤;;;;
Coba tanya ke tempe apa yg kamu buat u bangsa ini ...narasi adu domba...narasi pecah belah...narasi membully pemimpin negara mu...narasi penegak hukum vs rakyat...narasi ketakutan....narasi pisimistis...narasi  bahwa media anda terintimidasi...akhirnnya playing victim😂. Itu kan bisa nya...;;;;
biar aman sisihkan DANA POLES BUAT TEMPO 😂😂😂;;;;
Di masa orde Baru pernah ada KUD hampir semuanya koperasi bangkrut,mode ini akan di coba lagi...;;;;
Waspada korupsi😂;;;;
Koruptor tingkat desa senyum senyum;;;;
Msh Geng mulyono😂😂😂;;;;
wow,, tikus trsenyum lebar,, keju gratis mau datang;;;;
Yg ada dana kopersi habis si pinjam anggotanya sendiri dengan ataz nama orang lain... Sdh berapa banyak koperasi di kelurahan yg sujses sich ???;;;;
Koperasi Desa merah putih bagus .. Back Up nya untuk Himbara adalah Dana Desa berapa persen nya begitu;;;;
Jadi ajang korupsi.;;;;
Jalur korupsi lgi mirip MBG;;;;
dikoropsi ,paling ! . ini adalah kesempatan rakyat makan duwit Negara .;;;;
Ini sangat berbahaya...kita tahu dilapangan bawah kondisinya bagaimana....SDM nya gak siap..sistem gak siap....peluang fraud bisa 80 persen lebih...;;;;
tuk lebih manfaat.. sebaiknya prabowo..sahkan uu pengambilan ASET negara..  UTAMAKAN yg lebih Utama.. Utang pemerintah banyak..Jgn sampai Rakyat ikut Bayar utang..;;;;
Saya kira ini bagus agar rakyat dibawah tidak terjerat Pinjol dan Rentenir, era Pak Harto dulu juga ada BUUD dan KUD dan berhasil.;;;;
Hati2 koperasi desa pak. Manajemen nya harus siap. Nanti malah di korupsi;;;;
Kalau uang dari pemerintah masyarakat gak mau mengembalikan, contohnya bumdes yg d bentuk desa aja pada bangkrut;;;;
Mafia Kabeh.;;;;
Kalau pengawasannya bagus, org2nya amanah dan bertanggung jwb maka hasilnya akan bagus. Tp apakah msh ada org jujur di negara kita utk bs mengelola koperasi? Krn korupsi telah terjadi semua lini😅;;;;
"Cepat dibentuk.
cepat dimainkan.
cepat Cair.
bukan begitu bapak ibu. Cair2 Masuk kantong bab1 lagi😂";;;;
Koperasi nggak maju lagi, sudah kalah dengan indomart dan alpamart yang merasuk masuk ke desa desa,;;;;
"Sepertinya gak ada bahayanya kalau himbara beri dana ke koperasi... Kan suntikan dana untuk ekonomi kerakyatan.. Apalagi untuk kepentingan rakyat banyak, kelas bawah yang banyak sekali jumlahnya...
Dana talangan bank aja sudah berapa banyak di kucurkan untuk kasus BLBI.. Di kemplang sama orang kaya dan konglomerat hitam... Kok di bilang gak bahaya...???";;;;
Koruptor dan calon koruptor mulai menyusun strategi bgmn dan brp yg bisa dikorup dr 400T;;;;
"*DAFTAR LIGA KORUPSI DANA KUR TINGKAT NASIONAL* 
*Solo, Jawa Tengah*
Dua tersangka, mantan pegawai BRI Cabang Pasar Kembang dan seorang calo, merekayasa data 271 debitur fiktif dari total 397 pengajuan KUR pada tahun 2021. Akibatnya, negara mengalami kerugian sebesar Rp3,9 miliar.
*Jembrana, Bali*
pada April 2025. Seorang mantan pegawai BRI Unit Ngurah Rai Negara, Sayu Putu Rina Dewi (36), ditetapkan sebagai tersangka atas dugaan korupsi yang merugikan negara sekitar Rp1,7 miliar.
*Soppeng, Sulawesi Selatan*
Empat tersangka, termasuk pegawai bank dan calo, ditetapkan dalam kasus korupsi penyaluran KUR tahun 2024. Mereka menggunakan identitas orang lain untuk mengajukan pinjaman, menyebabkan kerugian negara sebesar Rp2,8 miliar.
*Mataram, Nusa Tenggara Barat*
Mantan Kepala Cabang Bank Syariah Indonesia (BSI) Mataram ditangkap atas dugaan korupsi dana KUR sebesar Rp8,2 miliar. Kasus ini juga melibatkan mantan anggota DPRD Lombok Tengah yang dijemput paksa oleh Kejaksaan Tinggi NTB.
*Padang, Sumatera Barat*
Seorang tersangka ditetapkan dalam kasus korupsi dana KUR dengan kerugian negara lebih dari Rp1,9 miliar. Kasus ini terungkap setelah terjadi tunggakan pinjaman pada periode Januari hingga Juli 2024. ​
*Riau*
Kasus korupsi KUR dengan kerugian negara mencapai Rp46 miliar terungkap, di mana tersangka menggunakan dana tersebut untuk membeli kendaraan, membuka tambak udang, dan membeli perkebunan kelapa sawit atas nama pribadi.";;;;
Rame Rame Gali Lobang Nutup Jurang;;;;
Resiko penyelewengan dana sgt besar. Di desaku hampir 1M lenyap, banyak yg sdh angsur 1 th gak di setorkan. Akhirnya zonk lenyap dgn sendirinya;;;;
Pinjaman adalah solusi yg keliru ,ada yg sukses karena pinjaman tapi banyak juga yg mlarat krna pinjaman ,krna pnjaman bukan solusi jangka panjang,sokusinya negara membuka lowongan kerja pelatihan mesin bahan baku sehingga desa desa bisa meembuat barang untuk pasar Globalll;;;;
Sangat berbahaya,,;;;;
Koperasi utk pemilu yg datang .;;;;
"Koperasi ""merah putih"", sebaiknya koperasi ""simpan pinjam"" saja. Anehnya koperasi dibentuk dari kebutuhan masyarakat ,,,, ini dibentuk dari ""top to botom"", kalau modal pinjaman, mampu gk bayar cicilan dan bunga kepemerintah, pengurusnya profesional ?";;;;
ga jelas ni program kek gini;;;;
"Koperasi desa untuk kepentingan siapa ?? 
 Harusnya setiap Rp dari Anggaran yg dikeluarkan bs di publish ke public sbg bentuk Clean government & transparansi publik.";;;;
Ngeri dipimpin presiden yg nggak paham ekonomi... Koperasi desa merah putih dananya 400 trilyun.. MBG pertahun butuh 300 trilyun, negara bangkrut 😢;;;;
"Jangan diteruskan ini baru angan"" khawatir tengah perjalanan banyak mslh.";;;;
Koperasi itu kan dari anggota dan untuk anggota ? Kalau yg membentuk koperasi itu pemerintah, apakah itu bisa dikatakan koperasi ? Kalau usaha baru tentu tidak masuk target market, risiko kredit bank ?;;;;
5 tahun lagi, tinggal sisa masalahnya ....;;;;
Juragan judol dng koperasi mana bisa jalan bareng .;;;;
Program ngawur;;;;
Ingat...riwayat koperasi unit desa..(KUD);;;;
BUAYE GILE !!!;;;;
Koperasi desa cenderung gk jln ...pinjaman pinjam rentan gk pd bayar ... KUD dulu pernah ada nyatanya gulung tikar semua di seluruh wilayah;;;;
Yakin lah kopdes ini akan bnyak korupsi di daerah bahkan di desa , sama sprti dana desa yg bnyak di selewengkn tapi tidak di tindak.;;;;
Koperasi merah putih smoga bisa mebjadi mtr penggerak ekonomi masyrkt d luar perbank kan😂;;;;
Di Indonesia ini koperasi mana yg sukses😂😂😂😂😂;;;;
Pemerintah bukannya nutup korupsi malah sengaja buka keran korupsi. Kacauuuuuuu;;;;
Dulu ada BUMDes sekarang kopdes bedanya gimana? Jangan nanti ambrol lagi.;;;;
Buang2 uang lagi.ngurus ADD saja sdh tdk mampu.apalagi koperasi yg dari jaman Soeharto sampe sekarang pada bangkrut;;;;
JOGETIN AJA 58 %;;;;
Ladang korupsi klo manajemen pusat sampe daerah tidak bagus.;;;;
Lihatlah orang2 yg bicara di video ini, apa yg anda pikirkan?? 😄;;;;
"KADES DLL BAHAGIA NIEH

ADA PROYEK BARU 😂😂😂";;;;
RONTOK HIMBARA 😂;;;;
"400T buat proyek konyol bikin koprasi di 80.000 desa...
Bayar utang jatuh tempo thn ini saja ngos ngosan .
Koperasi itu sama seperti badan usaha lainnya macam pt cv , cuma kalau ini dikelola ramai² . 
Nggak ada sejarah nya koperasindi desa bisa maju tumbuh berkembang !
Kebanyakan ya kolaps";;;;
"MBG belum lancar, sdh mau 400T lagi utk koperasi Desa Merah Putih?! Lalu apakabar IKN...jdi kota hantu aj?!
Kita bayar pajak utk mereka korupsi habis?! Negara malah nambah hutang. Kacau nih Negara. 
Ekonomi dunia sdg kacau, Indonesia malah menerus pemborosan. Ampuun!";;;;
Koperasi itu badan usaha berasas keanggotaan, yg berarti datang dan bergeraknya dari bawah. Ini kok malah dibikinin dari atas? Siapa yg mau jadi anggota dan gerakin klo gtu? Secara fundamental koperasi aja udh salah. Aneh bgt😒;;;;
❤;;;;
Sektor konstruksi bumn aja uda amburadul, klo sektor keuangan jg amburadul krn mmprioritaskan proyek pemerintah ya habis sudah.;;;;
Kalo mau maju, korupsi berkurang, buat penjara koruptor dipulau terpencil, korupsi 1 m, penjara 10 tahun, tinggal dikalikan😅;;;;
Wooow real red flag dari awalnya udah kaya gini;;;;
Orang bermasalah berjejer, harusnya foto depan, foto hadap kiri, foto hadap kanan;;;;
Duit nasabah Himbara;;;;
Awas pak Wo jng masuk jebakan itu mentri dr mantan lho.;;;;
Fix ganti presiden bae;;;;
Parah;;;;
Haduh ancor2 kalo koperasi merah putih jadi, yang ada didalamnya org yg ga kompeten;;;;
"pasang jerat lagi, tampung tawanan politik lagi, next pilpres dlm genggaman.
mulyono bgt!";;;;
2:26 1 frame orang yang bermasalah semua..;;;;
Apa gak pada mikir ya ...rencana terburu2...nt boncos lg;;;;
"400 Triliun brooo.........!!!! 
BUM Des ga' jalan truss ganti nama jadi merah putih...rencana yg diburu....Payung hukum ga' jelas,... Tata kelola ga' jelas,.. Yg ada jadi ajang korupsi...!";;;;
Orangnya mulyono semua njirrr;;;;
Tidak berbahaya hambara memberi modal ke koporasi karna yang menikmati pejabat,kami rakyat menunggu di pilpres 2029 pemimpin benar2 bisa mensejahterakan raakyatnya kedaulatan di tangan rakyat bukan di menteri pak;;;;
Negara banyak pengeluarannya ya..  hhhfff.. makin kesini makin pengen ganti presiden, boleh g sih?😂;;;;
Ini apa lagi, heuuuuh. Saatnya anak anak muda memperbaiki kekacauan ini;;;;
Tolong banget bapak Presiden jangan buat LADANG KORUPSI BARU...;;;;
Wow;;;;
Niat prabowo baik tapi membayangkan endingnya bikin ngeri2 sedap..sekelas BPR aja banyak yg tumbang, padahal dikelola secara profesional dan diawasi ketat oleh OJK.;;;;
Uang boncos... Udah kita sama sama tau.. Dan yang menderita dimulai dari yang paling bawah;;;;
"Hehehe
Ga perlu bikin koperasi desa merah putih kl ga ada duit !!!

Beri sj BRI tugas penyaluran kredit spt relaxsasi covid 2020, dijamin kredit macet NPL dibawah 3% !!! Itupun kebanyakan krn yg kredit meninggal saat covid. 

Apa jaminanya koperasi merah putih lbh baik dr BRI dlm menangani pembiayaan mikro ? Blm pernah teruji, BRI sdh teruji 100th lbh";;;;
Yang pasti keberadaan koperasi merah putih ini BUMDES bakal bubar, dan bila koperasi berjalan lancar peran pasar tradisional juga meredup. Namun demikian koperasi merah putih masih harus bersaing dengan toko2 retail yang berjualan langsung produk2 China yang sudah menjamur di Indonesia. Belum lagi koperasi merah putih akan menjadi lahan baru korupsi buat pejabat desa, kecamatan dan kabupaten/kota..;;;;
Dikelola orang2 yg tersandra kasus..;;;;
Sangat luar Biasa tentu akan semakin maju desa, oknum kepala desa yg nakal dan tidak amanah sambil dibersihkan.;;;;
Kalo gini terus rupiah jadi terancam harganya kali ya soalnya negara ngutang terus utk program populis;;;;
Ambyarrrrrrr...kembali jaman bansos versi kuparasi 😂😂😂😂😂;;;;
Pak wo besuk umkm berbenturan sama pemerintah ,, toko2 kecil besuk jadi sepi trs yang di salahkan pemerintah jadi bomerang 2029;;;;
Coba dari ribuan koperasi yang ada di wakanda, brp yang hidup dan benerr, ini kembali ke jaman 80an lagi😂;;;;
Rakyat sudah gak percaya pada kinerja pemerintah;;;;
"Bank bumn bnyak penugasan, nasibnya bisa spt bumn karya, collapse.. resiko kredit macet, investasi rugi.
Nnti giliran nasabah perlu duit, gak ada uangnya.";;;;
"Yg bumdes desa aja gak jalan
Wkwkkk malah modalnya habis gak jelas😅";;;;
"PROYEK:
DANANTARA BUTUH DUIT
KOP MERAH PUTIH BUTUH DUIT
MAKAN BERGIZI GRATIS BUTUH DUIT
IKN BUTUH DUIT

DARIMANA KAS NEGARA:
POTONG GAJI PARA ASN? GA MUNGKIN
DEVIDEN BUMN? BISA JADI
NAIKKAN PAJAK LAGI? BISA JADI
HAPUS SUBSIDI BBM? BISA JADI";;;;
Potensi kredit macet sgt tinggi;;;;
KAU KUPERASI ?;;;;
KUR saja digarong....Yth Presiden Mohon bangun penjara2 baru dulu seblm koperasi ini dijalankan...negri konoha ini butuhnya PENJARA semacam di Kolombia....takutnya penjara yg sekarang sudah penuh dan nyaman kaya hotel bagi koruptor2...;;;;
Mau komentar capek 😮;;;;
Bancakan.. lihat wajah2 pejabat yg kehausan,, ngeriii !!!;;;;
Menurut saya ini mirip KUD ( koperasi unit desa ) jaman orde baru dulu, setahu saya tidak ada yg selamat (tutup semua) sampai sekarang, uangnya dikorupsi pengurus semua,,;;;;
Koperasi desa ditangani menteri Budi Arie yg disebut ikut terlibat judol bahkan dia sdah pernah diperiksa polisi dia pernah mengatakan butuh 400 triliun? presiden Prabowo harus hati² jangan sampai uang sebanyak itu akan menyimpang.;;;;
Menuju indonesia korup😂;;;;
Ngapain bentuk koprasi. Kan dah ada tiap kecamatan. Tinggal siapkan gudang bsar tinggal nyalurkan dan didata kan bres.;;;;
Menteri judi online loyalis mulyono;;;;
Calon Diktator;;;;
"Pinjaman diangsur dari dana desa yg 2M pertahun jadi ngak ada kredit macet, langsung potong saat pencairan dana desa.
Aman";;;;
"banyakin program ujung"" nya hanya jadi proyek korupsi harap di ingat di konoha koruptor di pelihara kasihani istri dan anaknya agar anak cucu kita kelak masih dapat merasakan korupsi sebagai warisan budaya dunia konoha";;;;
Aduh ada ahli judol disana...;;;;
Lagi2 APBD yg harusnya digunakan utk kepentingan masyarakat, diutak atik utk memenuhi keinginan pusat.;;;;
"Kalau melihat secara positif, cita-cita mulia beliau memang bagus sekali..
Tapi kalau melihat SDM dan kebiasaan serta riwayat SDM di nehara ini, cita-cita mulai yg dijalankan selalu tumbang.";;;;
Kan udah bri buat pendanaan KUR, nambah masalah lagi ini pemerintah.;;;;
Ini mentri muka jokowi;;;;
Satu lagi lahan basah sedang di garap;;;;
saya menunggu revolution dari TUHAN    untuk pejabat negri ini sangat sudah melampui batas😢😢;;;;
Jangan nabung di bank plat merah;;;;
ya resiko ada di banknya kalo kreditnya nunggak besar-besaran, maka sistem perbankan di negara ini bisa hancur lebur;;;;
Menitip uang kpd manusia di Konoha seperti menitip pisang kpd monyet;;;;
Himbara lagi Bleeding..... Disuruh talangi pembiayaan 😂😂😂  kocak ini cara ngurus negara;;;;
Pesta besar😂😂😂;;;;
Sumber dana partai baru;;;;
400T itu sebesar dana gentong babi kemarin;;;;
Para koruptor lagi bikin lahan buat di korup;;;;
Korupsi berjamaah;;;;
Zulkifli Ki muyek ora tau beres;;;;
cek saja bumdes, yg nikmati hanya orang terdekat kepala desa;;;;
Enak nih lahan basah buat korup 😅;;;;
Seperti yg sudah2......program mentah di eksekusi ujung2 nya mangkrakkkk;;;;
korupsi korupsi korupsi;;;;
Haduuh mohon jangan sampai deh,semoga. Aset negara bisa habis lama2.;;;;
Lahan baru nih;;;;
Liat tim nya juga mengkwatirkan ,wajah2 rezim lama...tahu lah maksud dan tujuan nya utk 5th kedepan🤔🤫;;;;
Hanyalah Tuhan dan revolusii yang dapat menghancurkan kebusukan mereka;;;;
"1) Prabowo ASAL MINTA & PERINTAH! Gak paham kondisi APBN dng ruang fiskal yg sempit! 
2) Koperasi Desa Merah Putih butuh Rp400T menurut Zulhas.  Duit dr mana? APBN saja hidupnya dari Gali Lubang Tutup Lubang.
3) Danantara cuma punya ASSET, GAK PUNYA DUIT CASH! 
4) Belum lagi rencana Prabowo utk Evakuasi 1000.Warga Gaza ke Indonesia. Biayanya siapa yang tanggung?.
5) Ngeri! Indonesia dipimpin oleh Presiden yg GAK NGERTI Ekonomi & Prioritas!";;;;
"99% bakal macet... apalagi nanti koperasi di gunakan untuk Simpan-Pinjam... 
kalau mekanisme penyaluran merujuk ke sistem Perbankan... ya sama aja ga bakal Jalan itu... sama aja sperti yg sudah berjalan di bank itu sendiri.. 

indikator yg paling gampang nanti kita lihat dalam beberapa waktu kedepan apakah Saham2 Himbara ini akan berguguran atau terbang... 
dari sini kita bs melihat sentiment bagi pelaku pasar sperti apa...???
Penghapusan kredit dari Perbankan saja mendapat sentiment negatif dari pihak investor... karena ini buruk bagi bank itu sendiri...";;;;
Sudah fenomena umum jika koperasi yang dibuat-buat bukan atas dasar kesadaran anggota akan hancur...!!!;;;;
Menuju 2030 kata pororo;;;;
Ngembaliin dana kampamye 20 tahun;;;;
Jadi inget indosurya...;;;;
Saham Himbara pasti terjun bebas kalau kasih pinjaman bunga rendah untuk koperasi;;;;
Hancur;;;;
Dana desa aja penggunaannya gak jelas sekarang ditambah koperasi desa,biar budi ari kelihatan kerja,dan kasus judol makin hilang;;;;
Paling jadi Bancakan oknum oknum di desa😂;;;;
Siap2 digarong koperasi berjamaah 🤔;;;;
RAKYAT TIDAK PERCAYA KARENA DAPAT MEMPERSULIT RAKYAT.;;;;
Bumdesnya gmn nasibnya??;;;;
Ini Dinamakan Negara Berbisinis Dengan Rakyatnya;;;;
dapur MBG aja ada ga dibayar mau utang buat biayain koperasi.. budi ari lg yg pegang 😢;;;;
Bagus lah bakalan ada 1juta lapangan pekerjaan, baguslah bisa pinjam dari bank bumn dan dari damantara dan patungan kongomerat yang bertemu kemarin;;;;
Makin Gelap terus Indonesia... Para koruptor sibuk nyari sumber dana buat dikorup 😂;;;;
PROGRAM BAIK UANG BANYAKPUN GA MASALAH. JIKA MENTRI TITIPAN SUDAH DI GANTI DENGAN PROPESIONAL;;;;
Pemimpin kolot idenya kolot semua ga nyesuain jaman kocak;;;;
MBG dulu itu gmna blom di bayar dapurnya woi!;;;;
LADANG KORUPSI BARU !;;;;
Yang MBG aja udah bermasalah apalagi ini yang ada kaitannya dengan bupati/walikota. Fiks, saatnya pindahkan tabungan dari bank plat merah;;;;
Investor dah males..., klo begini...;;;;
Bahaya sih enggak. Tapi tambah didorong tambah cepat melahirkan 3 negara baru.;;;;
Si budi makin mampu Galang dukungan buat 2029 dong 😂;;;;
Negara banyak koruptornya dibikinin beginian... 😅;;;;
"Woooow....
Persiapan pembentukan jalur korupsi 
Dari level tertinggi 
Sampai level terendah 

Kemiskinan terstruktur dan sistematis 
Harus terus dipertahankan 
Sebagai lumbung suara 
Pada saat dibutuhkan";;;;
jika manusianya diperbaiki hukum2 diperbaiki sebenarnya sangat baik tapi undang2 perampasan aset aja gk jadi2 atau gk bakal jadi. mau buat gudang basah koruptor;;;;
Negara ini pelan-pelan akan menuju krisis dan kehancuran kalau seperti ini;;;;
Potensi kegagalan untuk pengembalian uang modal besar sekali karena barang yang laku tidak sebanding dengan bunga modal utama.;;;;
Keran korupsi semakin byk dan legal.;;;;
Banyak koperasi simpan pinjam modalnya dari pengusaha banyak yg gagal total malah bangkrut apalagi modal pemerinta, orang pinjam tp ogah bayar;;;;
"Rusak kronis,

terus begitu kredit cair, desa dibebankan dana tsb, proyek blm jalan meanwhile cicilan tetep jalan, come on make sense lah kocak!!!";;;;
Bagus itu, koperasi merah putih mantap;;;;
Wowo ini programnya absurd semua, mulai dari MBG, Food Estate, masukin TNI ranah sipil / revisi UU TNI, sekarang koperasi merah putih;;;;
Berdirinya koperasi adalah ke😊sadaran para anĝgota, percaya atau tdk banyak yg gagal;;;;
Menteri nya aja banyak yg terlibat korupsi tapi nggak di usut...;;;;
Koperasi yang sehat skrg sangat sdikit. Yg sehat2 itu aja di dorong lebih maju, ga usah bangun baru..yg ga sehat sikat semua... repot ini caranya gini;;;;
Hati hati pegawai koperasi siap untuk di tumbal kan....karena yg korupsi adalah pengurus nya....;;;;
tujuan nya nyebarin duit negara kah?;;;;
Negara berbisnis dengan rakyat nya😅😅;;;;
Enak nih skema nya : kasih duit > dapat ceperan > rugi > bailout > kasih duit > dapat ceperan. Korbanya pengurus tingkat bawah tinggal ditumbalin > diancem > harus dukung X .;;;;
Speechless;;;;
Cara lain mulyono cari dana lewat ternaknya si budi, sekaligus kampanye utk 2029 lewat blusukan ke desa2;;;;
"Lagian, testing itu gk harus serwntak

Coba proyek percontohan 1T, itu apa benar jd 4T 😂😂";;;;
Ladang korupsi baru ,mantap sedap;;;;
Gak punya duit tapi maunya banyak 😂;;;;
Ini ngeri ga sih!! Kalo bank suruh danain koprasi.;;;;
PARA MALING DUIT RAKYAT DAH SIAP2 NIH.....ADA LAHAN BASAH;;;;
BUMDES saja hanya sdikit yg terwujud 😊 itu hanya skitaran 100 juta ....🤭;;;;
Kok malah nyusahin pihak lain ya jadinya? Ini ekonomi lagi bermasalah loh, otw penerus mbg juga ini keknya;;;;
haha, ladang basah lagi;;;;
Salam sehat selalu semuanya❤;;;;
Ngak heran sama proyek negara Konoha yg sudah di setting 😂;;;;
Ada banget buzzernya, ada yg gajinya gede kayanya sampe beberapa komen dibalesin. Ada yg gaji standar cuma komen sekali. 😂;;;;
Lagi dan lagi.. TNI disibukkan cuan korupsi.;;;;
Ha ha ha .....TENTARA LAGI LAH KEMENTRIAN KOPERASI RI KEMANA INI YA;;;;
Koperasi merah putih sepertinya akan menjadi Hiu bagi UMKM warung kelontong.;;;;
"ah ini cuma untuk politik, gk jelas byk iming""...pake batasan usia lgsg janjin manager pula";;;;
Gak masalah yang penting fair dan terbuka . Semoga kami gen z yang mendaftar diterima menjadi menager KOPDES. Pekerjaan impian kami para gen z ❤ .terima kasih pak Prabowo Gibran yang telah membuka loker buat para gen z;;;;
Kinerja pemerintah sekarang benar-benar bawa perubahan yang dinanti masyarakat;;;;
Kinerja pemerintah sekarang benar-benar bawa perubahan yang dinanti masyarakat;;;;
Program digitalisasi dari pemerintah bikin hidup makin praktis dan efisien;;;;
Pemerintah sekarang selalu siap kasih solusi cepat buat masalah yang dialami masyarakat;;;;
Kebijakan pemerintah bikin layanan perpustakaan makin mudah diakses;;;;
Dengan kebijakan pemerintah, peluang kerja semakin terbuka lebar;;;;
Semangat buat pemerintah yang terus dengerin suara rakyat dalam setiap kebijakannya;;;;
Kebijakan pemerintah buat wujudkan transportasi murah dan aman bener-bener terasa manfaatnya;;;;
Ini yang disebut adaptasi zaman;;;;
Keren banget liat pemerintah konsisten hadir bantu masyarakat tanpa pandang bulu;;;;
Pemerintah nggak setengah-setengah bantu masyarakat, buktinya programnya makin banyak yang tepat sasaran;;;;
Bayar dong .. wkwkwk;;;;
😂😂😂😂😂😂😂😂😂😂😂😂 speachlessss dah;;;;
TNI tau apa soal bisnis 😂😂;;;;
Perlu terus dipantau, tapi sejauh ini positif;;;;
Nyesal banget udah pilih Prabowo dulu. Sekarang negeri ini jadi negeri para TNI 😢;;;;
Keinginan mendahului rencana;;;;
Gak berpikir gizi..... Cuma mikirin komisi dan korupsi;;;;
"Mana buatan Indonesia.. rakyat di suruh ❤ buatan Indonesia, pejabat ❤ buatan impor..sampe lebaran kuda Indonesia ga bakalan maju """;;;;
"No comen kak,
yg pasti untuk jalan2 perangkat desa
Klo di desa nya tidak ada hasil bumi gmn 😂";;;;
Kok keburu buru Bozzx,,;;;;
Mobil ni jadi besi tua ya kan Jing mm;;;;
Hasil karya presiden omon omon😂😂😂;;;;
Mobil gak jelas kualitasnya... Buang2 anggaran negara.... Gimana ini wowo....😇😇😇 Pikunkah..😇😇😇;;;;
Mubazir...apa gk dipikirkan terlebih dahulu;;;;
Negara ampas. 🤭🤭🤭;;;;
REZIM PROYEK;;;;
Bukan terlanjur...;;;;
"Saya hanya bisa tertawa saja..
😂😂😂";;;;
Malu pada warga miskin yang hak nya di rampas untuk biaya koperasi 😢;;;;
"Salah satu program yang menjanjikan
Untuk di KORUPSI BERJAMAAH  😂";;;;
Teringat kata2 seseorang :  Nanti kau pakai sandal, sandal buatan Indonesia. Nanti kau pakai mobil, mobil buatan Indonesia.;;;;
Uang negara hasil hutang hanya untuk digunakan untuk hal hal ngak berfaedah.;;;;
Tdk usah dibayar itukan uang negara, suruh pejabat yg impor yg bayar pakai sj semuanya sesuaknya;;;;
Tidak ada anak buah yg salah yg salah itu pimpinannya yaitu Prabowo sendiri;;;;
Beda sama Jokowi ... Mau aja dikadalin bawahan😂😂;;;;
Konoha mmg aneh ..;;;;
Ada koperasi di daerahku sangat janggal sekali ,buka hanya seminggu sekali dua kali itupun kadang pintunya dibuka separo padahal ada dagannnya didalam ,pengelola cuma duduk ngobrol itupun hanya sebentar lalu tutup lagi saya kok tidak yakin ini bisa mensejahterakan rakyat 🙂;;;;
Sjarah kelam;;;;
tidak pecus kerja.tidak pecus kelola negara.lanjutkan program keliling dunia.lanjutkan perbanyak belanja luar negri.;;;;
"Kualitas terbukti untuk medan jalan yang sesuai untuk Afrika, Indonesia dan India.

Kebetulan defisit dengan India juga sangat besar sehingga pembelian yang lebih murah 50 jt dari harga produk domestik dengan kualitas jauh lebih rendah ini menguntungkan Indonesia juga dengan mengurangi trade imbalance antara kedua negara.

Semoga servis dan after-sales support di fasilitasi dengan baik supaya ketergantungan kepada Cina yang geram terhadap kompetisi ini bisa mendongkrak kualitas dan harga pasar di Indonesia.";;;;
Sekarang tambang batu bara besar2 hasilnya utk siapa,membela boss batu bara,rakyat yang sakit;;;;
Kas daerah utk beli mobil koprasi merah putih,dasar koplak,apbd utk pembangunan daerah lleee,yg pinter jadi bupati jgn o on.;;;;
PRABOWO SEMAKIN TIDAK MAMPU MENGURUS NEGARA BESAR;;;;
"para proyek terus untuk ngabisin orang rakyat.
makin hancur aja negri ku.";;;;
Mahasiswa juga diam seribu membisu;;;;
Rakyat terlalu sabar akhirnya d bodohi;;;;
Gembar gembor bisa buat maung. Masa buat mobil pickup aja ga bisa. Omon2;;;;
awas tempo ini media antek asing, sukanya profokasi membuat kegaduhan;;;;
Ide2 gila keterlaluan mikir;;;;
Mobil  tanpa  tersedia  sama  dengan  tanpa  garam;;;;
Bukannya menaikan taraf hidup rakyat malah sibuk beli mobil pick up yg tidak jelas peruntukannya sama dgn program MBG yg tidak tersalur dengan baik dan benar, jadi hanya untukembuka peluang korupsi uang negara. Semakin tidak jelas arah dan tujuannya....salam akal sehat;;;;
Lha kata Bahlil kita suruh hemat energi.kok Mlah impor mobil itu gimana;;;;
Oollvy lah;;;;
Paling habis setahun buat angkut pasir tu 😂,mobil2 mbg aja udah pada di jual kok di prabu motor;;;;
"plecidennya omon omon,pemerintahannya otomatis juga omon omon..
MBG sudah jelas ladang korupsi baru,koperasi merah putih juga..
Masih di tambah (korupsi/mark up) impor Mahindra..memang sudah rusak,korupsinya negri ini ..";;;;
Orng kecil slah dkit di besar2kan smpai msuk penjara orng bsar slah besar uang besar resiku bsar entengnya terlanjur nanti stlah jlan sperpatnya impor lagi proyek lagi;;;;
Maaf itulah pengimppor ilmu maling skrng terlanjur otak dmna mkir anak cucu ahirat mnanti itu uang rkyat skalian jd perampok yg ahli skalian kl jd pejabat ketahuan maksudnya;;;;
Punya si wowo tuh;;;;
Mau dibilang ada perbuatan korupsi di proyek ini, tapi jaksa dan kpk serta bpk/bpkp masih anteng2 aja, seolah ini proyek loos stroom,;;;;
Jual semua fasilitas dpr mobil nya pake mibil esemka 6000 unit, keuntungan nya buat nambahin embege;;;;
Ganti aja merk nya mobil esemka 6000 unit beres deh...;;;;
Udah cukup 1x aja ga usah nyalon lagi dah, emang dari awal nyapres bikin ribet sih;;;;
Import secepat kilat cari cuan untuk setoran ke big bos buat persiapan modal 2029;;;;
Kelakuan prababi;;;;
Padahal mobil pick up produksi dlm negri kwalitasnya SDH teruji, grand max, carry dsb, ko mlh milih import yg kwalitasnya blm jls, parah😢;;;;
"Ada kalimat/kata ""terlanjur"", artinya apa  ?";;;;
"prinsip pemerintah sekarang yaitu ""Lebih baik minta maaf, dari pada minta izin"", klo minta maaf duit dah ngalir duluan, klo izin duit belum tentu keluar.";;;;
Bukannya diteliti, disidik, yg bertanggung jawab dikenai sanksi, eeh malah bilang terlanjur .. Jadi wajarlah kalau indonesia punya gelar baru:  negara terkorup di asia ..;;;;
Pemerintah ga tahu malu, mental korupsi kronis. Rakyat lagi susah malah enak2an bagi2 kue. Anggaran di buang2. Semoga kalian segera dapat azab Allah...Aamiin Yaa Rabbal Alamiin......🤲🤲🤲;;;;
Yang penting cuan masuuuuuk;;;;
Mabuk kekuasaan, aji mumpung 😮;;;;
Ketika pejabat sudut pandang kacamata kuda. Tidak melihat permasalahan secara komprehensif integral. Dana investasi asing ( utang negara ) danantara ini , Bila memang ingin memakmurkan rakyat kecil, momentum pengadaan puluhan ribu unit mobil ini bisa jadi saat tepat membangkitkan produksi mobil rakyat nasional , secara terkoordinasi dan terkontrol disebar ke setiap daerah untuk produksi part pritilan , dan digabungkan untuk menjadi satu unit yang digunakan bersama : sesuai prinsip koprasi = dari kita oleh kita untuk kita.;;;;
Mau buat angkut apa coba ? Mangkrak iyaa. Usaha klu sdh dari awal nggak jelas  , lihat aja !?;;;;
Akibat keseringan nonton film INDIA;;;;
MBG, dan kopdes  merah putih itu program pemerintah yang mubazir yang cuma menghamburkan uang . Program yang gagal;;;;
"koperasi merah putih ada di mana""
kalau sistem nya kaya alfa/indomaret apakah akan berjalan? mengingat banyak toko ritel yg udah gede namanya pun bankrut pdhal dg pengelolaan sdm yg mumpuni dan tau ilmu nya.. ini kalo koperasi modelnya kaya toko ritel bgaimana sdm dan tata kelolanya?
malah ketambah import mobil ribuan unit yg belum tau durabilitas dan ketersediaan sparepart nya.. akankah nanti kalau ada yg rusak jadi mangkrak dan menumpuk gt aja?";;;;
Audit;;;;
Terkesan buru2, kondisi rakyat lagi kesulitan kok beli mobil ribuan unit.biayanya dari mana?;;;;
ugal-ugalan ga sih?;;;;
Semua prog wowo kesannya kran korupsi yaaa;;;;
Letak geografis beda2, tdk semua harus 4 x 4;;;;
Bocor dah mobil indihe;;;;
Ambil positipnya: peluang utk buka bengkel merek2 itu.;;;;
Pasti di korupsi;;;;
Kop merput ini mau nyaingin usaha toko kecil rakyat atau gimana.;;;;
Menyedihkan berlomba-lomba masuk rekening;;;;
saya KAGET....;;;;
Emang udah berjalan kegiatan koperasinya butuh mobil segala? Serius nanya?;;;;
Hore hambur²an uang lagii;;;;
Buset perkoprasi dapet truk pik up dan motor. Usahanya aja belum tentu jalan;;;;
"Ya yang pesen kamarin suruh bayar Pelunasan nya  !!! 
Jangan pakai uang Negara  !!!!!";;;;
Sdh 17.000 prrdolar siap2 sengsara;;;;
"ASU...ASUNAN
SAYA PERAJIN KECIL JELAS JELAS TIDAK ADA SEDIKITPUN MATERIAL IMPORT..MAU DPT KERJAAN DG DANA APBN/APBD HARUS NGURUS TKDN SNI DLL 
ASUU...ASUUUU";;;;
"Kalo KDMP seperti Indomart / Alfamaret di tiap desa maka GAK perlu satu KDMP satu mobil pick up.
Coba studi banding ke Alfamart - Indomaret apakah tiap tokonya punya kendaraan operasional ??";;;;
PEMIMPIN DAN ANAK BUAHNYA OTAKNYA SAMA...BERBUAT DULU MIKIR KEMUDIAN...ITU KENDARAAN MAU BUAT NGANGKUT APA...? USAHANYA SAJA BELUM JELAS..HASILNYA BELUM JELAS...MALAH KORUPSINYA YG SDH JELAS..;;;;
Buatan jepang yg bagus;;;;
Kenapa ga pesen mobil esemka aja, slain murah juga cinta produk dlm negeri produksi asli bngsa sendiri & menambah pemasukn pula buat negara, serius nih saya.;;;;
Punya presiden cuma omon omon;;;;
Buat polantas polri boleh lah setiap.polsek ada 5 unit;;;;
Atas dasar apa program MBG & koperasi merah-putih ????? Undang2 nya aja ga ada kok ujug2 dikeluarga dana begitu besar buat program ini ?????????;;;;
Wowo...wowo...gk heran;;;;
Wkwkw serius terlanjur? Kan memang sengaja;;;;
😢 tiap hari sesek bgt dada baca berita;;;;
Cuan cuan cuan🎉🎉;;;;
Heran KPK BPK BPKP pada diem. Audit lah. Program Negara pake statement terlanjur sungguh keterlaluan.;;;;
DPR sebagai pengawas seakan tidak berguna;;;;
Daripada bikin koperasi ga jelas... mending dananya buat akuisisi 40 persen saham indomaret sama alfamaret.... seperti dichina. Negaranya membuat aturan, bagi perusahaan swasta yang maju, wajib jual 40 persen sahamnya ke negara.;;;;
Bisa kridit nomer kontak;;;;
Koperasi vrindavan 😂;;;;
Oo ini waktu pak Budi arie jadi Mentri koperasi ya;;;;
Usaha gak jelas...yg sdh ada KUD sja banyak yg kolaps..;;;;
"Wowo anti aseng, bocor2 😂😂😂
Hidup sawit
Maju terus MBG

2029 mau nyalon lagi 😂😂😂😂

Pea pea";;;;
Duit rakyat itu, digunakan asal2an, kita rakyat bisa nuntut pemerintah gak sih??;;;;
Mau ditunggu masih 3 tahun lagi, dibiarin tambah parah, gulingkan aja yok,itung2 juga buat melemahkan kekuatan oligarki dan geng solo supaya mereka gagal di 2029;;;;
Koperasi paling ujung ujungnya rugi... dikorupsi rame rame;;;;
Bebas pemeriksaan🤪🤪🤪;;;;
Negriku semkin hancur😢;;;;
mau di buat apa negri ini;;;;
Mana nih mobil nasional 😄;;;;
"Emang ada yang bener sih negara kita dari dulu di aparatnya?? Polisi, Jaksa, Hakim, KPK, Bea Cukai, Pajak, DPR, yang berbau uang terutama..... 😂😂😂
Simak kata Wowo saat wawancara sama Mata Najwa yang marah-marah hanya pertahanan supaya bisa nyapres lagi 2029...
Keganjilan yang biadab dari pemimpin negara atas nama rakyat
1. Dana nya dipakai buat MBG dan KDMP supaya tidak dikorupsi
2. Demo aspirasi rakyat kalo dukung wowo, demo makar ke negara kalo menentang dia
3. Alibi selalu dibohongin laporan palsu anak buahnya
Belum sampai ke pertanyaan ke kebun sawit dan bantuan yang dihambat ke Aceh dan Sumut saat bencana banjir dan tanah longsor November 2025 bisa teriak ga karuan dia.... Emosian sampai detik ini Sandiaga Uno kapok ke politik karena pernah ditampol ini orang karena menolak deklarasikan presiden tv one....";;;;
Mobil nasional aja ada, gara gara komisinya besar mobil dari India ya bagian nyari mobil lah yg untung, ujung ujungnya mobil belum dipakai udah rusak semua paling yg bisa operasional beberapa aja, yg begini terulang dan terulang, gak ngerti pikiran yg nyari mobil, negara ujungnya yg rugi rakyat pulang yg rugi, pada kemaruk duit komisi gak mikir kwalitas mobil, ampun dah;;;;
Buang duit;;;;
Pemerintahan busuk! Paling ga ada setahun udah hancur tuh mobil......;;;;
kasian prabowo, dikerjain sana sini;;;;
Mabil nasional gimana kabarnya woy 😂.;;;;
Saya yakin ini mobil tdk bertahan lama karena tdk akan dirawat dgn baik  akhirnya jd rongsokan;;;;
Lumayan 3 bulan bisa di daur ulang.;;;;
HABIS MBG TERBITLAH BISNIS PARTAI POLITIK KOPRASI MERAH PUTIH 😊😊😊HANCUR LAH APBN😊APA REZIM TIDAK BISA MENGELOLA NEGARA😊 MUNDUR LEBIH KSATRIA;;;;
Video utk org bisu,  tuli, kan ciang;;;;
Sangat yakin.... Prabowo 2026 end the game;;;;
Rezim bobrok, Arogan ga ada otak!;;;;
Kenapa sih anda2 itu suka sekali impor sesuatu yg sebenarnya ddlm negeri sendiri itu ada & bisa.ayolah diubah pola pikir yg dari konsumen menjadi ke produsen,bekerjalah dengan otak & hati untuk negara & rakyat jadilah pemimpin yg amanah,cerdas ,visioner & revolusioner;;;;
Gak ada kata terlanjur sebelum impor ada proses panjang pengadaan barang dan jasa dan waktunya tidak cukup sebulan dua bulan memang ada permainan dibalik ini, kalau lu beli kacang atau tempe boleh ada kata2 terlanjur beli;;;;
Kenapa gak mesan ke pindah kan lebih oke atau cari komisi  dari India;;;;
Ya Allah;;;;
gegabahnya.kita tunggu diakhir cerita,siapa yg akan jadi tumbal kerangkeng KPK;;;;
"Sudah tidak ada kata² lagi
Terlalu";;;;
Sini kubeli 50 JUTA aja buat bantu2 ITU para pemainnya😅;;;;
Gila... Gila... Uang rakyat dihambur2kan tidak jelas padahal disisi lain rakyat dalam keadaan kesulitan ekonomi.;;;;
Emang di Indonesia g ada mobil lagi malah di import tuh Gibran kenapa ga mobil Ayahnya Mobil Esemka? Import mobil yg g ada pabriknya atau Show Roomnya di sini ntar rusak masal suku cadang noh import lagi Hadew korupsi Legal bau-bsunya nie, ini persiapan kumpul dana 2029 nie;;;;
Next presiden yg jujur amanah tdk korup maka hrs dihukum mati semua pelaku terlibat mulai dr atas sd kroco !!;;;;
Dikira gampang mengelola koperasi agar sukses dan bisa mensejahterakan anggotanya..;;;;
I;;;;
Ya begitulah kalau pejabat tidak kompeten dan hasil jilat menjilat 😅;;;;
Indonesia jago impor bukan ekspor produk sendiri;;;;
Seharusnya ada kejadian telanjur impor ada juga telanjur dipenjara;;;;
Indonesia emas..... Makasih begini² aja polah dan konsepnya 😂... Ada ahli teletubis urus ijazah, ada arahan gunakan produk dlm negri malah impor produk India.....;;;;
Pak presiden suruh gunakan produk dalam negeri, ini malah pesan produk luar negri.... Banyak loh itu ... Unit nya, komisi nya juga banyak dooooonk.... 4jt x sekian - sekian sekian 😂😂😂😂😂;;;;
Coba aja deh ntr ujung ujungnya korupsi juga.;;;;
Bukn bodoh tp kelewt pintr sp melewati garis jd kmbali lg ...jd ...;;;;
MAHINDRA produk india.  Aku bangga pada presiden ini prestasi luar biasa oke gas oke gas oke gas🎉🎉🎉🎉🎉🎉🎉🎉🎉🎉🎉🎉🎉🎉🎉🎉🎉🎉🎉🎉🎉;;;;
Wahhh....bagi2 donk korupsinya ❤;;;;
prabowo harus tau..gak sesuai saat kampanye..;;;;
bisa ceos ini .... 😢😢ngeri;;;;
mumettt ora kowe😂😂😂;;;;
Gila bisa menentukan pembelian tanpa persetujuan presiden dpr dan mentri terkait bener2 kacau cara pemerintah indonesia;;;;
indikasi korup !!!;;;;
Ini setelah Prabowo berakhir jabatannya, Bakal banyak Pejabatnya  masuk KPK. 😂😂😂. Oposisi tinggal catetin semua.;;;;
Kopdes 🤣🤣🤣;;;;
Pemerintah Prabowo keterlaluan 😢;;;;
"Salah 1 untuk jalan nya bisa Korupsi pengadaan Mobil... 😮😮
Ukung2 nya juga Koperasi merah putih jadi tempat Korupsi dan setalh itu Kopdes nya  tutup dan Mangkrak....";;;;
kalau koprasi mera puti tdk brjaln/ bangkrut mohon jaminannya wowo wiwi dn kaum 58;;;;
HEIIIII ANTEK ANTEK ASING !!!!!!!! KITA HARUS CINTA PRODUK DALAM NEGERI !!!!!  (tae ... );;;;
Yg penting proyek bodo amat  rakyat mau susah , mau dililit hutang..yg penting pejabat dulu..senang hura hura duit berlimpah...😅;;;;
Bukannya buka lapangan pekerjaan malah buka koperasi ..;;;;
Kalau cuan masuk kantong bagi bagi ,PEJABAT2 Indonesia jd anjjg rela😂;;;;
1 unit 5jt untungnya x ribuan unit bisa dong uangng buat tabungan beli peti;;;;
Terlanjur diimpor 😂 2 kalimat KOCAK! TOYOTA SAMPE BUAT PABRIK DI INDO NGEHASILIN , HILUX, RANGGA, dan LUXIO  lu pikir kurang tangguh pres ? 😂1 sisi bilang hemat anggaran dan efisien lah di sisi yg lain lu malah egois hamburin anggaran intuk MBB dan KOPLAKDES 😂 tp gpp yg pnting MAKAN MAKAN MAKAN mau Jd pengangguran kek rakyat lu mau jd begok kek karna jujur di bawah mnu2 nya bukan daging sapi 🤣  cuma kacang sukro susu dan apel , mati dalam keadaan bergizi pnting makan makan makan;;;;
Dikit2 nyiksa rakyat .. dikit2 ngajakin riba .. siapa yg d untungkan? Tau sendiri lah ..;;;;
Program ingin berbisnis dgn masyarakat sndri tujuan ya buka ladang korupsi baru..;;;;
Kebijakan yg antah berantah....ngibul siang bolong....;;;;
Pejabat bodoh tak tau diri  🤮🤮🤮;;;;
Wowo memang hebat, dulu pernah berkata kalau wowo jadi presiden 2030 indonesia bubar...🤣🤣🤣;;;;
Terlanjur tidak bertanggung jawab?;;;;
bkn terlanjur, emng sdh di bidik;;;;
Program Prabowo gak ada yg bagus dilihat lihat;;;;
Semoga ban nya gak pada bocor alus,,, seperti anggaran yg sering bocor alus  juga😅;;;;
UANG HASIL HUTANG LUAR NEGERI......CUMA DI BUAT NGGAK JELAS...;;;;
"Kalo di konfirmasi ke pejabat 
Tenang saja ada uangnya Indonesia itu kaya😅😅";;;;
Rezim paling koruptor di negeri ini;;;;
Ayo kpk psruksa  tuh mentri koprasii samaa menhan dan dirut agistra🎉;;;;
Memang Derektur Agrinas mau menghancurkan uang rakyat jadi seenaknya sendiri tidak mikir untung ruginya manfaatnya buat rakyat alasan dalam negeri mahal tapi manfaatnya banyak sekali buat rakyat bisa kerja di produksen mobil dalam negeri dan pabrik sperpat mobil dalam negeri dan uang mutar dalam negeri kalau beli luar negeri India uang hilang ke India tidak ada manfaatnya buat rakyat tolong dipikirkan itu bapak Derektur Agrinas;;;;
Semakin nggak terkontrol......;;;;
ternyata jadi WN Zimbabwe gak buruk2 amat;;;;
"MBUANG  MBUANG DUIT
SEDANGKAN  RAKYAT  MASIH BANYAK YG  KEKURANGAN.";;;;
Amburadul semua mendadak dan gak jelas...*negara apa ini*?????;;;;
Gebleg memang para pejabat konoha ini. Otak nyabpd nggak dipakai, hanya syahwat korupsi yg dikedepankan.;;;;
Hancurnya Bangsaku;;;;
Perintah Presiden?;;;;
Uang rakyat dihambur2kan, saatnya rakyat balas ke pejabat korup, minimal. Hukum g*ntung/tembK m*ti;;;;
Proyek paling konyol.. kebanyakan koperasi merah putih bahkan sepi.. tapi negara harus sudah menggaji pekerjanya. Belum lagi mobil dan motor mau di kemanakan nantinya;;;;
Koperasi Merah Putih  akan sia-sia membuang - buang modal dan akan berhenti ditengah jalan, dan tunggu saja.;;;;
Ada apa dengan pejabatku....;;;;
Negara kok jd kek bgini ya makin kesini pemimpinya, ya allah apa salah dan dosa negri ini hingga dikaruniai pemimpin yg dzalim;;;;
Terlanjur , ngeles;;;;
Direktur danantara.. Naik pangkat dan banyak dapet proyek.. Siapa yang di untungkan? Rakyat???;;;;
Bsk klo ganti rezim...pada rombongan kena kasus korupsi ya;;;;
Terlanjur... Kayak lu bilang gak sengaja makan 1piring di warteg pas puasa abis itu pesen teh manis dingin 2 😂😂😂;;;;
Berpotensi korupsi, apakah Indonesia tdk bisa menyediakan mobil pick up?;;;;
sangat bertentangan dengan program baru nya.. konversi kendaraan bbm ke kendaraan listrik.. yg di impor malah kendaraan bbm;;;;
Fee....yg ada di kepala buka. rakyat dikepala...itu pemimpin negara ini... terserah lah...;;;;
Usut;;;;
Ngga mungkin ah indonesia ngga bisa memenuhi permintaan pick up;;;;
Bakalan kaya mendadak 😂;;;;
Pada awalnya di berpidato, pada saatnya nanti kita akan menggunakan produk kita sendiri, sepatu kita sendiri, mobil produk kita sendiri, tp kenapa sekarang malah impor mobil dari India, sementara didlm negeri masih banyak pabrikan yg bisa buat pickup seperti itu.;;;;
Yang penting komisi sudah diterima dimuka duluan.. 😁😁;;;;
"CUKUP SATU RAJA JANGAN ADA RAJA2 AN LAGI. 
KALO NYUSAHIN RAKYAT SURUH TURUN";;;;
Tinggal Tempel Logo dan Merek Maung atau logo dan merek Esemka pasti para orang pulau Jawa diam.;;;;
😂😂😂😂😂;;;;
Proyek TNI..😂😂;;;;
"pemerintahan terburuk dalam sejarah...
banyak kebijakan yg menguntungkan kroninya";;;;
Kok gak pakai produksi MAUNG ..sebenarnya kalau memang benar Bapak President ingin mendukung program mobil nasional seperti yang disampaikan pas kampanye,ini adalah moment yang pas, untuk mengenalkan ke masyarakat tentang mobil nasional. Kok malah pakai mobil produk prindavan, mungkin sebagian masyarakat juga merasa kecewa😢😢;;;;
Cm ngabisin anggaran, koplak2;;;;
Kenapa tidak di buat jalan untuk memajukan industri otomotif di dalam negeri,,, kenapa?;;;;
Terlanjur duit sogokannya dipake....repot klo gak jadi...jadi temuan...😂😂😂;;;;
Terlanjur apah... Katnya mau pake prodak dalam negri.. ini buktinya impor dari luar...;;;;
Gak mau uang pajak kita di pakai buat menguntungkan negara lain;;;;
Kenapa harus impor;;;;
Belum ada rencana kerja yg jelas, sudah impor mobil.  Masalah koperasi di Indonesia selama ini adalah pembentukan yg Top Down. Dibentuk dari Atasan, bukan atas dasar kebutuhan para anggota koperasi.;;;;
Contoh kebijakan pemerintah yg menabrak aturan tatacara pengadaan barang untuk  negara;;;;
Duit APBN menguap ke mana mana;;;;
Mau heran tapi fakta😅;;;;
Kebijakan tolol yg harus diaudit dan dihitung potensi kerugiannya.. Telusuri semua aliran dananya sampai ke produsen;;;;
"Komisi kenceng nih.. makanya kenceng sampainya ke indonesia.. kadang heran, indo kan produksi mobil2 niaga dan bahkan bs sampai ekspor ke tetangga, kenapa ga dimanfaatkan maksimal sih sama pemerintah dan malah impor dr luar?

Sebuah logika sederhana yg mungkin bs bantu dijelaskan dengan cara yg sederhana?";;;;
"Yg penting sudah caer ya kan
Mo jadi bangkai atau dikiloin ga urus eh haha";;;;
😎;;;;
"Saya pernah jadi kerja di program pemberdayaan masyarakat, saya yakin koperasi merah putih banyak yg gagal ...karena buat koperasi di desa itu tidak gampang perlu *pilot project* dulu tidak ujug2 kaya apa saja...

Harus melibatkan semua komponen masyarakat untuk bermusyarawah..
Untuk PNPM yg di uji coba dari PROYEK DESA TERTINGGAL ( jaman pak Suharto sampai jaman SBY ) Itu perlu uji coba baru  jaman SBY kelihatan hasilnya.

Coba kmrin itu lihat potensi daerah apa yg perlu di kerjakan tinggalan SBY itu sudah banyak klo di Jawa Tengah terutama daerah di desa saya uang itu numpuk sampai tidak ada yg pinjam...";;;;
Susahnya pemimpin2 di indo tidak menghargai buatan dalam negeri sendiri ini bisa disebut penghianat bangsa.;;;;
Gerindra lagi Gerindra lagi. Bertahun2 gagal berkuasa di pemerintahan, giliran menang Pilpres dan berkuasa, langsung merajalela jor2an meraup anggaran;;;;
Perusahaan di Indonesia sdh bisa buat pick up Kenapa harus impor😢, pdhl. Mendukung usaha dlm. Negeri;;;;
Sembrono gak punya visi;;;;
Soalnya sayang ada komisi dari tuang Takur singh😂😂😂;;;;
Lihat saja bulan Juni besok.....koperasi tsb mau menjalankan usaha apa?  Sampai hari ini belum ada kejelasan bisnis apa yg akan dijalankan;;;;
Kenapa gak pake Esemka aja???? Apa jangan kalian jg tau kalo itu ngibull??;;;;
Usahanya apaan seh? Kok ribet amat kendaraannya truk segala.....ya kalee koperasi simpan pinjam butuh truk;;;;
Apa untungnya program KMP itu? Serius nanya;;;;
L 300 TETEP PALING SAKTI.....;;;;
Amburadul wo😮;;;;
Ngomongnya seorang presiden produksi mobil lokal,tiba tiba keluar impor, dableknya nauzubillah 😂😂😂😂😂😂;;;;
Itu  namanya anak kecil.... gk dipikirkan terlebih dahulu, gk cerdas.;;;;
"terlanjur? 🤨
retur aja,bisakan? 😒";;;;
Wowo emang tipu² teruss!;;;;
Kenapa sih ga dijalanin dulu koperasinya,tar kalo untung baru beli mobil;;;;
"""Terlanjur""
Berarti ada yg salah dong 😂";;;;
Import aja dulu ntar juga disetujui, semua bisa diatur;;;;
Buru2 boss, kalo ga gitu cuan lepas;;;;
Cintailah produk INDIA🤣🤣🤣🤣;;;;
Bikin keputusan pake ego;;;;
"Kenapa pemerintah tidak menghemat devisa 
Kenapa tidak membeli dari industri dalam negeri yang menggunakan max komponen lokal
Rakyat diminta berhemat tapi pejabat malah menghamburkan uang negara yang dikutip dari hasil alam juga masyarakat Indonesia";;;;
Semua tanpa perencanaan matang terkesan buru buru kami sj oengusaha kecil mau buat sesuatu dipikirn baik baik  ya semoga sj negara ini baik baik di tangan kalian maaf sy bukan anak abah tapi sy rakyat yg inginkan perubahan dan kemajuan maaf klw sy sdkit kritis karena banyak fenomena aneh akhir2 ini aneh;;;;
Disaat presiden bilang harus hilirisasi dri bbm ke listrik dan bbm biar ikut harga dunia dan org2 kaya yg beli trnyata ini mksdnya;;;;
Ini baru pick up kawan2!!! Kayaknya ada juga pengadaan TRUK DAN SEPEDA MOTOR!! KITA PANTAU AJA NANTI DARI NEGARA MANA LAGI;;;;
"Program nafsu ugal2an tanpa kompromi dan pemikiran matang...!
Pemerimtah menggebu dg program ini...tapi
kenapa kopdes merah putih tidak memakai uang negara???
Siapa yg bayar mobil impor???
RAKYAT JANGAN MAU DIKIBULIN JADI ANGGOTA...NANTI DIPALAK TERUS...!";;;;
Mayan Mark up 😂;;;;
Proyek.MELIENG REPOKM,,😮;;;;
Bau2 korupsi;;;;
"Program gak jelas
buang buang anggaran tanpa hasil apapun buat rakyat dan bangsa ini";;;;
Diduga ada penyalahgunaan jabatan dan keputusan yg kebablasan dan tetap diteruskan ke dongoan nya...  kalau nanti ada korupsi nya siapa yg harus diseret ke penjara..? Semua orang dan pemimpin yg membuat impor ini terjadi dan dibayar... mereka yg harus masuk penjara, setuju?;;;;
P a r a h  non prosedural😂;;;;
Program dungu;;;;
"menambah proyek gagal lg..
sblmnya MBG sdh gagal... wowo hrs tanggung jawab ini😢";;;;
Dapat juga sepeda motor ? dapatnya sekalian sepeda motor Royal Enfield;;;;
Pemerintah sibuk efisiensi  untuk membiayai program² sampah seperti MBG, pembelian pickup India. CPNS ntar dlu kagak ada dana, p3k MBG paling utama dan tambahan p3k kopdes menyusul😂😂. Soalnya ini harus segerakan menyangkut kepemimpinan 2 periode agar karyawan² MBG, kopdes, dan pihak terkait yang mendapatkan keuntungan dan mencoblos demi keberlanjutan keuntungan pribadi😂😂;;;;
Lihat dengan seiringnya waktu bisa jadi besi Rongsok.;;;;
Kok terlanjur....emang sudah direncanakan....;;;;
Ni ibarat orang jualan belum tentu laku, tapi modalnya udah gede2an jor2an, dari bangunan dan kendaraan udah gede biayanya..ibarat kalo orang pribadi usaha pasti mikir teliti..ni mentang2 pake duit orang lain (baca : duit rakyat) enak aja eksekusinya;;;;
Kenapa tidak sekalian merk mobilnya dinamakan GERINDRA saja????????;;;;
Kalau mau ganti oli, service rutin, ganti sparepart mobil, dll harus ke mana ?;;;;
Trus kalo rusak, service nya kemana itu mobil ?;;;;
"Jelas ini korupsi!
Apbn defisit
Hutang bertambah
Industri dalam negeri memburuk
Banyak perusahaan ttutup
Phk bertambah pengangguran gak teratasi
Jadi perlu Impor untuk mensejahterakan negara lain dengan membeli produk mereka";;;;
Bukan terlanjur tapi dipaksakan untuk import. Kalau pakai produk lokal kan pada nggak bisa korupsi berupa komisi, mark up harga dan cahs back. Udah kebal kita dibodohi pejabat dan penguasa jadi terserah mereka mau apa kita cuma bisa diam.;;;;
Pengelolaan negara yg kalah jauh dari pengelolaan dana satu kelas SMP;;;;
Patut dicurigai sbg program yang sangat rawan korupsi;;;;
SEMUA SARAT AKAN KEPENTINGAN POLITIK;;;;
Mungkin merasa semua parpol bersatu, tida ada partai oposisi.Akhirnya bebas melakukan apa saja;;;;
Presiden kita di bilang omon2 marah tuduh rakyatnya antek asing padahal yg antek Donal tram siapa, dulu Prabowo promosi pradak dalam negri di utamakan mobil maung prodak pindat bandung malah impor mobil India padahal mobil lokal lagi lesu rakyat suruh ganti atap rumah pake genteng eh atap gedung kopdes pake atap apa kok gak pakai genteng di bilang omon2 marah lalu rakyatnya suruh bilang apa kenyataan dan fakta presidenya pagi bilang a sorenya bilang b lalu yg dipercaya omonganya siapa haduh haduh pusing deh punya presiden kayak gini, kopdes merah putih per kopdes 3 mil kali 80 ribu kopdes brapa trilyun bisa jalan gak jualanya apa kopdes ikut jual sembako nyaingi warung2 di desa mau kasih modar warung di desa2 di kritik marah lagi;;;;
Sumber daya alam berlimpah,SDM jutaan tapi semua produk diimpor,memang enak si jadi pejabatnya punya banyak bisnis yg menguntungkan pejabat yg berwenang,sementara rakyatnya hanya gigit jari menyaksikan kehidupan Hedon para pejabatnya;;;;
Lagu lama;;;;
garong;;;;
Indonesia kalau ingin maju ganti RAKYAT saja. Presidennya sih sdh bagus😎👍.;;;;
Ini instansi baru yg dibentuk di era pak prabowo.pembelian kendaraan tidak melalui kajian kebijakan,sangat sembrono!!! se akan akan ingin jadi pahlawan,tidak tahunya mencoreng nama baik presiden prabowo.kita berharap hal2 seperti ini jangan sampai ter ulang lagi.;;;;
Ngak sampe 3 THN mbl ini bisa bikin cuan pembeli besi tua di beli  timbang perkilo..itu artinya sdh menghidupkan sektor usaha jual beli besi tua.;;;;
Klo  di suruh import pejabat ini cepatnya ngalahin  teknik pesulap😂😂😂;;;;
Cintailah produk-produk India;;;;
Gini kalo pilih pemimpin kepala batu😂;;;;
Kebijakan yg ngawur mentingin komisi pribadi drpd industri dan employment dalam negeri;;;;
Hmm, jdul beritanya 'menggiring' sekali yah..;;;;
Industri dlm negeri jadi stagnan, biasanya  kpk 2 thn lagi akan bahas case mobil ini...;;;;
Sengaja kale....😂😂😂;;;;
Import buang-buang uang dolllar demi dapat fee impor saja sementara negara butuh pemasukkan uang dollar.;;;;
Yg penting abisin anggaran, rakyat ga butuh kopdes butuhnya lapangan kerja, duit susah ko disuruh belanja mulu.;;;;
Sepertinya akan kena kpk??;;;;
Pengadaan tidak melalui proses lelang, bisa kena pasal korupsi tuh, kalau mo diproses tapi, kalau ga ya  dinikmati aja bareng bareng cuannya.;;;;
Kpk DPR mentang2 sesama golongan uda ga ada tajinya sama sekali, coba ada oposisi, sudah digoreng abis pasti yg kaya gini;;;;
Yang penting proyek gol dlu;;;;
Motor nya juga harus made in india dong. Aca3x .;;;;
4x4 lagi 😂 waw. Mark-up berapa T itu?? Ku pikir carrie / L300;;;;
"Ini konsepnya gimana koperasi merah putih ini......apa sekedar bagi bagi proyek buat para pendukung setia.......INILAH AWAL KONOHA BANGKRUT.
Akibat salah urus😅😅😅";;;;
Blum rapat udah impor..berarti lebih parah dri kasus korupsi Nadim donk;;;;
Mangkrak tu mobil kaga ada BBM .....;;;;
Ingin buru buru dpt  seseran;;;;
Mau bilang ayo KPK turun... tapi jadi inget KPK sekarang isinya termul semua... gak jadi;;;;
"Baru tau kebijakan pembelian impor ada istilah terlanjur 😂

Nanti kalau ada korupsi ketauan pakai kata terlanjur bisa kali ya 🙃";;;;
Yg membuat keputusan import harus dihukum sebagai pengkhianat negara, siapapun itu, industri lagi lesu malah import barang yg sebenarnya bisa dibuat sendiri dg lebih baik;;;;
Kata Wowo mau bikin mobnas malah impor gerobak india😂;;;;
Pabriknya MAUNG bagaimana? Dapat order nggak? Apa cuma produksi satu mobil saja  buat presiden habis itu tutup?;;;;
Terlaanjuuur 😂😂😂😂😂;;;;
terlanjur;;;;
KAN BISA PAKE MOBIL ESEMKA, KENAPA HARUS IMPOR, ESEMKA JUARA;;;;
"Koperasi Desa Merah Putih (kdmp) dibangun atas INPRES.
Desa wajib siapkan lahan, TNI yg bangun, brp % potongan anggaran yg DI TILEP? Setelah selesai desa bingung mau buat apa?
Dana bangun dan modal usaha dari pemerintah, yg ternyata DANA DESA yg dipotong 58%, utk kredit bank 6 thn, tersisa hanya utk gaji staf kantor desa.
6 Thn kedepan, DESA  tdk ada dana utk bangun jalan, perbaikan rumah dan bantuan orang miskin.
Akhirnya KDMP jadi semak belukar. Ditipu lagi rakyat. Itulah Konoha.";;;;
Lagu india, kawane sudah setoreee, jogetin saja.;;;;
Lha napa..ngak ESEMKA...aja...dalam negeri..sudah dipesan..ratusan..bahkan...harus  indent..saking larisnya......bisa hubungi yang terhormat bpk Jokowi....hadeuhhh;;;;
Akibat ngefans sama Tuan Takur😂😂😂😂mobilnya aja dibeli😅😅😅😅;;;;
"Padahal klo beneran niat bikin koprasi ni momen pas untuk bikin pabrik mobil asli buatan Indonesia bukan kerjasama asing, ESEMKA.
Tapi emang udah niat korupsi, otak gak d pake, belom lagi spareparts juga harus impor....‼️🫰🤑📉

Emang pemerintahan Prabowo ni paling lemah & gobIok sepanjang sejarah Indonesia...‼️🫵🤣";;;;
Lanjutkan , mudh2 menjadi solusi bagi perkembangan ekonomi didesa , dan seluruh indonesia , optimis,,, sejahtera, dg ruh kerjsama dan gotong royong ,,;;;;
Masih percaya dengan kepemimpinan si Omon ? masih mau dilanjut ?;;;;
Akankah ada yang di penjara nantinya? Kan prabowo gak selamanya presiden;;;;
Klo misal puluhan ribu kopdes merah putih pada gk sanggup bayar cicilan sehingga bank rugi puluhan triliun kira2 dampak terhadap ekonomi gmn ya? Trus dampak thdp APBN seperti apa kedepan?;;;;
Prabowo lengser nih metri bakal kena kpk , yakin dah gw;;;;
"Drama aja sih... Pura2 kaget/protes ada impor mobil.

Kita menitipkan pd mereka utk ngurus negara ini... Bukan menyerahkan negara ini! 
Negara ini milik rakyat Indonesia.";;;;
Koperasi desa yang belum beroperasi sudah dibebani gaji sopir dan operasional 2 mobil. Kalau sepeda motor sih bisa dimaklumilah, walau juga ada biaya operasionalnya. Inilah negeri bangsat yang pejabat publiknya cuma nyusahin rakyat saja, gaya hidup pejabat bangsat jadi beban rakyat..;;;;
Pelanggaran Undang-undang TKDN?;;;;
negara lawak dan tipu tipu panggung jenaka😂😂😂;;;;
Kalau rusak komponennya bagaimana ?;;;;
"Salah satu cara menghemat BBM versi pemerintahan prabowo adalah dgn impor ribuan 
mobil utk koperasi merah putih pakai dana apbn 😂😂😂😂";;;;
"""Korupsi tidak apa-apa asal tidak seberapa""

NB: Teriak seorang capres dalam debat pilpres 2019 lalu";;;;
Orang cuma pinter joget dijadiin pemimpin.;;;;
PIKup nya buaya India 😂😂😂😂😂😂😂😂😂biasa ada proyek besar untung juga besar😂😂😂😂;;;;
Layak diusut;;;;
nanti apa hak khawatir jadi kayak kasus chromebook di kementerian pendidikan? dibeli trus gak kepake.. semoga enggak sih..;;;;
Dimana mana mobil logistik itu ya truk box. Beli mobil model begini buat apa coba.;;;;
"apakah akibat ""terlanjur"" bisa masuk dalam ranah kerugian negara.";;;;
Bakal jadi rongsokan beberapa tahun kemudian..karena sparepart zonk...😂😂;;;;
biar prabowo yang bayar pake duit dia sendiri. nanti kalo ditanya kesinggung lagi;;;;
Pengen produksi mobil listrik... mimpi 😂😂😂;;;;
Bukannya diberesin dulu urusan birokrasinya, malah maen saluirin aja.. j;;;;
Maksudnya terlanjur gmn coba?;;;;
PRABOWO CUMA OMON2 SAJA 😅;;;;
Kopdes MP counternya cuman warung Madura 24 jam. Malah g pakai pick up2 an😂;;;;
Impor terus impor terus emang Wowo koalisi Barat;;;;
Terlanjur 😂;;;;
pemasoknya ketar ketir , ada potensi kerugian negara .;;;;
Negara tambah ancur;;;;
Satu lagi program kedok,;;;;
Kerja tanpa mikir kerja yg gap2an asal liat uang.;;;;
Saya sebagai kaum rakyat jelata hanya bisa berdoa hilangkan keberkahan kebaikan bagi pemrintahan yg tidak memikirkan rakyatnya...;;;;
CAIR CAIR CAIR 😂😂😂;;;;
Sumpah sih program ga jelas malah impor mobil banyak. Gue prediksi bakalan gagal ini program, harus siap tanggung jawab kalian wahai pemerintah;;;;
Pemerintahan Rezim Prabowo merusak Tatanan di segala bidang. Dan rakyat bertambah Miskin, karena Korupsi proyek MBG.;;;;
Apa kabar esemka??;;;;
Whats going on negaraku....kembalilah ke jalan yang seharusnya...;;;;
Waspada Lonjakan Desa Miskin !!!😢;;;;
Refund aja, tp komisi dah masuk kantong😂;;;;
Jangan dibayar pakai apbn krn ga ijin sama rakyat.;;;;
bukan pakai need analysis, tapi komisi analysis;;;;
"Bertindak dahulu, mikir kemudian. 
Mau bilang bodoh, nanti dikatain antek antek asing dan mau makar. 
Susahnya berhadapan dengan kebo.";;;;
kalo terlanjur ibarat nasi udah jadi bubur trus jd ta i;;;;
pemerintahan paling korup dalam sejarah konoha😢;;;;
🗿.;;;;
Hahh dn ada jg koprasi yg SDH prgi bisa pak Mentri mndamaiknnya.. sprti BLN dll uang rakyat bnyak .. dibntu segera sngt brarti..  spya bisa krjasama dgn koprasi merah putih .. Rahayu bhalaju🎉🎉😊;;;;
warung2 siap sepi....;;;;
Proyek apa lagi ini 😂😂juga 😂;;;;
Gebrakan yang luar biasa buat bulan Maret nanti! Dengan 30 ribu koperasi baru, ekonomi kerakyatan pasti bakal makin hidup. Ini bukti nyata kalau pemerintah memang fokus memperkuat ekonomi dari akarnya. Nggak sabar lihat perkembangannya di lapangan.;;;;
Alhamdulillah mantap ❤;;;;
Kl semua yg bersubsidi di jual di Kopdes,spt gas,pupuk,bibit dll. Pasti lebih tepat sasaran n harganya pasti murah;;;;
KDMP Mart versus indomaret alfamart warung2 siapa pemenangnya nih 🤔;;;;
Ini seperti bersaing dg rakyat sendiri, yg punya usaha toko kelontong kecil2an siap2 aja lah;;;;
Ini sepertinya hanya pencitraan semata. Yang realistis sajalah. Mana ada orang mau taruh uang di koperasi. Terlebih bank BRI sudah masuk ke desa-desa kecamatan dg Simpedes-nya.  Kalau kita hiduo di 60-an barangkali cocok.;;;;
yakin koperasi bakal bertahan sampe 5 tahun ?;;;;
Ya jangan ngomong seluruh Indonesia lah.. Ini sama saja nipu masyarakat lagi.. Karna kalau aku cek di wilayah Randublatung blora jawa Tengah, kantor koprasi merah putih itu juga nggak ada... Tambah yg mati matian berjuang memberi pinjaman masyarakat itu tambah bank pencit/ bank titil ,bank suwasta.. ? Bank yg berbau pemerintah, seperti BRI, mandiri, BNI.. Di Randublatung juga cuma buat pajangan saja.. Masyarakat mengajukan pinjaman kalau tak punya jabatan dan tak punya sertifikat tanah juga di tolak mentah mentah... Lebih baik ngomong apa adanya dari pada bohongin masyarakat..;;;;
"koprasi : ❌ 
korupsi : ✅😒";;;;
Mbg dan koprasi bersaing dengan pembayar pajak.. dan yang menikmati adalah orang yang digaji dengan pajak... Sungguh tololnya;;;;
setelah MBG mengulung para pedagang kecil di sekolah sekarang KMP akan menutup   alfa dan indo beroperasi ini;;;;
"Gw yakin, 90% orang dewasa di Indonesia gak ngerti itu koperasi.

Klo masyarakatnya aja gak ngerti, ya gak jalan lah boy 😂";;;;
Korupsi dimulai... Graaaak...;;;;
Desa, tapi koq lokasinya diperkotaan... bukannya malah matiin usaha rakyat kecil??;;;;
bakal jadi meme baru nihh🗿🗿;;;;
Skeptis dan apatis;;;;
Bagi2 jatah.. liat aja ntar lahan basah korupsi.. udh hapal lah kan qt udh lama jd warga indonesia😅;;;;
Dan peluit tanda program bermasalah di bunyikan. Nafsu menggerogoti anggaran lebih terasa dibanding mensejahterakan rakyat kebanyakan. Skeptis sekaligus apatis.;;;;
Kapling-kapling Bancakan.;;;;
Penghamburan dana APBN belaka;;;;
